model,day,row_index,snapshot_id,candidate_id,label,score
base_rate,2026-06-03,63,329,BEAR_CALL_NF_23400_23550_W150,0,0.9206349206349206
base_rate,2026-06-03,64,335,BEAR_CALL_NF_23400_23550_W150,0,0.9206349206349206
base_rate,2026-06-03,65,380,BEAR_PUT_NF_23150_23300_W150,0,0.9206349206349206
base_rate,2026-06-03,66,391,BEAR_CALL_NF_23550_23700_W150,1,0.9206349206349206
base_rate,2026-06-03,67,392,BEAR_CALL_NF_23550_23700_W150,1,0.9206349206349206
base_rate,2026-06-03,68,393,BEAR_CALL_NF_23600_23750_W150,1,0.9206349206349206
base_rate,2026-06-03,69,394,BEAR_CALL_NF_23550_23700_W150,1,0.9206349206349206
base_rate,2026-06-03,70,395,BEAR_CALL_NF_23550_23700_W150,1,0.9206349206349206
base_rate,2026-06-03,71,396,BEAR_CALL_NF_23600_23750_W150,1,0.9206349206349206
base_rate,2026-06-03,72,397,BEAR_CALL_NF_23600_23750_W150,1,0.9206349206349206
base_rate,2026-06-03,73,398,BEAR_CALL_NF_23600_23750_W150,1,0.9206349206349206
base_rate,2026-06-03,74,399,BEAR_CALL_NF_23600_23750_W150,1,0.9206349206349206
base_rate,2026-06-03,75,400,BEAR_CALL_NF_23550_23700_W150,1,0.9206349206349206
base_rate,2026-06-03,76,401,BEAR_CALL_NF_23550_23700_W150,1,0.9206349206349206
base_rate,2026-06-03,77,402,BEAR_CALL_NF_23550_23700_W150,1,0.9206349206349206
base_rate,2026-06-03,78,403,BEAR_CALL_NF_23550_23700_W150,1,0.9206349206349206
base_rate,2026-06-03,79,404,BEAR_CALL_NF_23550_23700_W150,1,0.9206349206349206
base_rate,2026-06-04,80,413,BEAR_PUT_NF_23150_23400_W250,0,0.9
base_rate,2026-06-04,81,414,BEAR_PUT_BNF_53200_54200_W1000,0,0.9
base_rate,2026-06-04,82,415,BEAR_PUT_NF_23200_23400_W200,0,0.9
base_rate,2026-06-04,83,416,BEAR_PUT_NF_23150_23450_W300,0,0.9
base_rate,2026-06-04,84,417,BEAR_PUT_NF_23150_23450_W300,0,0.9
base_rate,2026-06-04,85,424,BEAR_PUT_NF_23100_23400_W300,0,0.9
base_rate,2026-06-04,86,425,BEAR_PUT_NF_23100_23400_W300,0,0.9
base_rate,2026-06-04,87,426,BEAR_PUT_BNF_53400_54200_W800,0,0.9
base_rate,2026-06-04,88,427,BEAR_PUT_NF_23150_23450_W300,0,0.9
base_rate,2026-06-04,89,428,BEAR_PUT_NF_23150_23450_W300,0,0.9
base_rate,2026-06-04,90,429,BEAR_PUT_BNF_53400_54400_W1000,0,0.9
base_rate,2026-06-04,91,430,BEAR_PUT_BNF_53300_54300_W1000,0,0.9
base_rate,2026-06-04,92,457,BEAR_PUT_BNF_53100_54100_W1000,0,0.9
base_rate,2026-06-04,93,458,BEAR_PUT_BNF_53100_54100_W1000,0,0.9
base_rate,2026-06-04,94,459,BEAR_PUT_NF_23150_23350_W200,0,0.9
base_rate,2026-06-04,95,460,BEAR_PUT_BNF_53100_54100_W1000,0,0.9
base_rate,2026-06-04,96,471,BULL_PUT_BNF_54000_53600_W400,1,0.9
base_rate,2026-06-04,97,472,BULL_PUT_BNF_54000_53600_W400,0,0.9
base_rate,2026-06-04,98,473,BULL_PUT_BNF_54000_53600_W400,0,0.9
base_rate,2026-06-04,99,474,BULL_PUT_BNF_54000_53600_W400,0,0.9
base_rate,2026-06-04,100,476,BULL_PUT_BNF_54000_53600_W400,1,0.9
base_rate,2026-06-04,101,478,BULL_PUT_BNF_54000_53600_W400,0,0.9
base_rate,2026-06-04,102,479,BULL_PUT_BNF_54000_53600_W400,0,0.9
base_rate,2026-06-04,103,480,BULL_PUT_BNF_54000_53600_W400,0,0.9
base_rate,2026-06-04,104,481,BULL_PUT_BNF_54000_53600_W400,0,0.9
base_rate,2026-06-05,105,497,BEAR_PUT_BNF_53900_54700_W800,1,0.7047619047619048
base_rate,2026-06-05,106,498,BEAR_PUT_BNF_53800_54600_W800,1,0.7047619047619048
base_rate,2026-06-05,107,499,BEAR_PUT_NF_23200_23450_W250,1,0.7047619047619048
base_rate,2026-06-05,108,500,BEAR_PUT_NF_23200_23350_W150,0,0.7047619047619048
base_rate,2026-06-05,109,501,BEAR_PUT_BNF_53300_54300_W1000,0,0.7047619047619048
base_rate,2026-06-05,110,502,BEAR_PUT_BNF_53600_54400_W800,0,0.7047619047619048
base_rate,2026-06-05,111,503,BEAR_PUT_NF_23150_23400_W250,0,0.7047619047619048
base_rate,2026-06-05,112,504,BEAR_PUT_BNF_53700_54500_W800,0,0.7047619047619048
base_rate,2026-06-05,113,505,BEAR_PUT_NF_23250_23500_W250,1,0.7047619047619048
base_rate,2026-06-05,114,506,BEAR_PUT_BNF_54000_54800_W800,1,0.7047619047619048
base_rate,2026-06-05,115,507,BEAR_PUT_NF_23250_23450_W200,1,0.7047619047619048
base_rate,2026-06-05,116,508,BEAR_PUT_BNF_53800_54600_W800,1,0.7047619047619048
base_rate,2026-06-05,117,509,BEAR_PUT_NF_23200_23450_W250,1,0.7047619047619048
base_rate,2026-06-05,118,510,BEAR_PUT_BNF_53800_54600_W800,1,0.7047619047619048
base_rate,2026-06-05,119,511,BEAR_PUT_NF_23250_23400_W150,1,0.7047619047619048
base_rate,2026-06-05,120,512,BEAR_PUT_BNF_53800_54600_W800,1,0.7047619047619048
base_rate,2026-06-05,121,523,BEAR_PUT_BNF_53500_54500_W1000,0,0.7047619047619048
base_rate,2026-06-05,122,534,BEAR_PUT_BNF_53200_54200_W1000,0,0.7047619047619048
base_rate,2026-06-05,123,535,BEAR_PUT_NF_23100_23300_W200,0,0.7047619047619048
base_rate,2026-06-05,124,542,BULL_PUT_BNF_54000_53600_W400,1,0.7047619047619048
base_rate,2026-06-05,125,543,BEAR_PUT_BNF_53400_54400_W1000,0,0.7047619047619048
base_rate,2026-06-05,126,544,BEAR_PUT_BNF_53500_54300_W800,0,0.7047619047619048
base_rate,2026-06-05,127,545,BEAR_PUT_NF_23150_23350_W200,0,0.7047619047619048
base_rate,2026-06-05,128,546,BEAR_PUT_BNF_53900_54500_W600,1,0.7047619047619048
base_rate,2026-06-05,129,547,BEAR_PUT_NF_23150_23400_W250,0,0.7047619047619048
base_rate,2026-06-05,130,548,BEAR_PUT_BNF_53700_54500_W800,0,0.7047619047619048
base_rate,2026-06-05,131,549,BEAR_PUT_NF_23150_23350_W200,0,0.7047619047619048
base_rate,2026-06-05,132,550,BEAR_PUT_BNF_53700_54500_W800,0,0.7047619047619048
base_rate,2026-06-05,133,551,BEAR_PUT_BNF_53700_54500_W800,0,0.7047619047619048
base_rate,2026-06-05,134,554,BEAR_PUT_BNF_53700_54500_W800,0,0.7047619047619048
base_rate,2026-06-08,135,578,BEAR_PUT_NF_22950_23200_W250,1,0.6444444444444445
base_rate,2026-06-08,136,612,BEAR_CALL_NF_23300_23450_W150,1,0.6444444444444445
base_rate,2026-06-08,137,613,BEAR_CALL_NF_23300_23450_W150,1,0.6444444444444445
base_rate,2026-06-08,138,614,BEAR_CALL_NF_23300_23450_W150,1,0.6444444444444445
base_rate,2026-06-08,139,615,BEAR_CALL_NF_23300_23450_W150,1,0.6444444444444445
base_rate,2026-06-08,140,616,BEAR_CALL_NF_23350_23500_W150,1,0.6444444444444445
base_rate,2026-06-08,141,617,BEAR_CALL_NF_23300_23450_W150,1,0.6444444444444445
base_rate,2026-06-08,142,618,BEAR_CALL_NF_23350_23500_W150,1,0.6444444444444445
base_rate,2026-06-08,143,619,BEAR_CALL_NF_23350_23500_W150,1,0.6444444444444445
base_rate,2026-06-08,144,620,BULL_PUT_NF_23000_22850_W150,0,0.6444444444444445
base_rate,2026-06-08,145,621,BEAR_CALL_NF_23300_23450_W150,1,0.6444444444444445
base_rate,2026-06-08,146,622,BEAR_CALL_NF_23250_23400_W150,0,0.6444444444444445
base_rate,2026-06-08,147,623,BEAR_CALL_NF_23300_23450_W150,0,0.6444444444444445
base_rate,2026-06-08,148,624,BEAR_CALL_NF_23300_23450_W150,0,0.6444444444444445
base_rate,2026-06-08,149,625,BEAR_CALL_NF_23250_23400_W150,0,0.6444444444444445
base_rate,2026-06-08,150,626,BEAR_PUT_NF_22950_23100_W150,0,0.6444444444444445
base_rate,2026-06-09,151,654,BEAR_PUT_BNF_53500_54500_W1000,0,0.6423841059602649
base_rate,2026-06-09,152,655,BEAR_PUT_BNF_53600_54600_W1000,0,0.6423841059602649
base_rate,2026-06-09,153,656,BEAR_PUT_BNF_53600_54600_W1000,0,0.6423841059602649
base_rate,2026-06-09,154,659,BEAR_PUT_NF_23000_23200_W200,0,0.6423841059602649
base_rate,2026-06-09,155,660,BEAR_PUT_NF_23050_23200_W150,0,0.6423841059602649
base_rate,2026-06-09,156,661,BULL_PUT_BNF_54500_54100_W400,1,0.6423841059602649
base_rate,2026-06-09,157,662,BEAR_PUT_NF_23100_23200_W100,0,0.6423841059602649
base_rate,2026-06-09,158,663,BEAR_PUT_NF_23050_23200_W150,0,0.6423841059602649
base_rate,2026-06-09,159,664,BEAR_CALL_BNF_55300_55800_W500,0,0.6423841059602649
base_rate,2026-06-09,160,665,BULL_PUT_BNF_54500_54100_W400,1,0.6423841059602649
base_rate,2026-06-09,161,666,BULL_PUT_BNF_54500_54100_W400,1,0.6423841059602649
base_rate,2026-06-09,162,667,BULL_PUT_BNF_54500_54100_W400,1,0.6423841059602649
base_rate,2026-06-09,163,668,BEAR_PUT_BNF_54000_55000_W1000,0,0.6423841059602649
base_rate,2026-06-09,164,670,BULL_PUT_BNF_54500_54100_W400,1,0.6423841059602649
base_rate,2026-06-09,165,673,BULL_PUT_BNF_54500_54100_W400,1,0.6423841059602649
base_rate,2026-06-09,166,685,BULL_PUT_BNF_54600_54200_W400,1,0.6423841059602649
base_rate,2026-06-12,167,876,BEAR_PUT_NF_23150_23350_W200,0,0.6227544910179641
base_rate,2026-06-12,168,877,BEAR_PUT_NF_23150_23350_W200,0,0.6227544910179641
base_rate,2026-06-12,169,928,BULL_PUT_NF_23450_23300_W150,1,0.6227544910179641
base_rate,2026-06-15,170,1000,BEAR_CALL_NF_24000_24150_W150,1,0.6176470588235294
base_rate,2026-06-15,171,1001,BEAR_CALL_NF_24050_24200_W150,1,0.6176470588235294
base_rate,2026-06-15,172,1002,BEAR_CALL_NF_24050_24200_W150,1,0.6176470588235294
base_rate,2026-06-15,173,1003,BEAR_CALL_NF_24050_24200_W150,1,0.6176470588235294
base_rate,2026-06-15,174,1004,BEAR_CALL_NF_24050_24200_W150,1,0.6176470588235294
base_rate,2026-06-15,175,1005,BEAR_CALL_NF_24050_24200_W150,1,0.6176470588235294
base_rate,2026-06-15,176,1006,BULL_PUT_NF_23800_23650_W150,0,0.6176470588235294
base_rate,2026-06-15,177,1007,BULL_PUT_NF_23750_23600_W150,0,0.6176470588235294
base_rate,2026-06-15,178,1008,BULL_PUT_NF_23750_23600_W150,0,0.6176470588235294
base_rate,2026-06-15,179,1009,BULL_PUT_NF_23750_23600_W150,0,0.6176470588235294
base_rate,2026-06-15,180,1010,BULL_PUT_NF_23750_23600_W150,0,0.6176470588235294
base_rate,2026-06-15,181,1011,BEAR_CALL_NF_24000_24150_W150,1,0.6176470588235294
base_rate,2026-06-15,182,1012,BEAR_CALL_NF_24000_24150_W150,1,0.6176470588235294
base_rate,2026-06-15,183,1013,BEAR_CALL_NF_24000_24150_W150,0,0.6176470588235294
base_rate,2026-06-15,184,1014,BEAR_CALL_NF_24000_24150_W150,1,0.6176470588235294
base_rate,2026-06-15,185,1015,BEAR_CALL_NF_24000_24150_W150,1,0.6176470588235294
base_rate,2026-06-15,186,938,BEAR_CALL_NF_24100_24250_W150,1,0.6176470588235294
base_rate,2026-06-15,187,939,BEAR_CALL_NF_24100_24250_W150,1,0.6176470588235294
base_rate,2026-06-15,188,940,BEAR_CALL_NF_24100_24250_W150,1,0.6176470588235294
base_rate,2026-06-15,189,941,BEAR_CALL_NF_24100_24250_W150,1,0.6176470588235294
base_rate,2026-06-15,190,942,BEAR_PUT_NF_23750_23950_W200,1,0.6176470588235294
base_rate,2026-06-15,191,943,BEAR_CALL_NF_24100_24250_W150,1,0.6176470588235294
base_rate,2026-06-17,192,1105,BEAR_PUT_BNF_56500_57500_W1000,0,0.6302083333333334
base_rate,2026-06-17,193,1106,BEAR_PUT_NF_23800_24100_W300,0,0.6302083333333334
base_rate,2026-06-17,194,1107,BEAR_PUT_BNF_56500_57500_W1000,0,0.6302083333333334
base_rate,2026-06-17,195,1108,BEAR_PUT_NF_23800_24100_W300,0,0.6302083333333334
base_rate,2026-06-17,196,1109,BEAR_PUT_NF_23800_24100_W300,0,0.6302083333333334
base_rate,2026-06-22,197,1393,BEAR_CALL_NF_24250_24400_W150,1,0.6142131979695431
base_rate,2026-06-22,198,1394,BULL_PUT_NF_24000_23850_W150,0,0.6142131979695431
base_rate,2026-06-22,199,1395,BULL_PUT_NF_24000_23850_W150,0,0.6142131979695431
base_rate,2026-06-22,200,1396,BEAR_CALL_NF_24250_24400_W150,1,0.6142131979695431
base_rate,2026-06-22,201,1397,BEAR_CALL_NF_24250_24400_W150,1,0.6142131979695431
base_rate,2026-06-22,202,1398,BULL_PUT_NF_24000_23850_W150,0,0.6142131979695431
base_rate,2026-06-22,203,1399,BEAR_CALL_NF_24250_24400_W150,1,0.6142131979695431
base_rate,2026-06-22,204,1400,BEAR_CALL_NF_24250_24400_W150,1,0.6142131979695431
base_rate,2026-06-22,205,1401,BEAR_CALL_NF_24250_24400_W150,1,0.6142131979695431
base_rate,2026-06-22,206,1402,BEAR_CALL_NF_24250_24400_W150,1,0.6142131979695431
base_rate,2026-06-22,207,1403,BEAR_CALL_NF_24250_24400_W150,1,0.6142131979695431
base_rate,2026-06-22,208,1404,BULL_PUT_NF_24000_23850_W150,1,0.6142131979695431
base_rate,2026-06-22,209,1405,BULL_PUT_NF_24000_23850_W150,1,0.6142131979695431
base_rate,2026-06-22,210,1406,BEAR_CALL_NF_24200_24350_W150,0,0.6142131979695431
base_rate,2026-06-23,211,1411,BEAR_CALL_BNF_58400_58800_W400,1,0.6208530805687204
base_rate,2026-06-23,212,1441,BEAR_PUT_NF_23900_24100_W200,1,0.6208530805687204
base_rate,2026-06-23,213,1442,BEAR_PUT_BNF_57200_57600_W400,1,0.6208530805687204
base_rate,2026-06-23,214,1443,BEAR_PUT_BNF_57300_57600_W300,1,0.6208530805687204
base_rate,2026-06-23,215,1444,BEAR_PUT_NF_23900_24000_W100,1,0.6208530805687204
base_rate,2026-06-23,216,1445,BEAR_PUT_BNF_57100_57500_W400,1,0.6208530805687204
base_rate,2026-06-23,217,1446,BEAR_PUT_BNF_57100_57500_W400,1,0.6208530805687204
base_rate,2026-06-23,218,1447,BEAR_PUT_BNF_57100_57500_W400,1,0.6208530805687204
base_rate,2026-06-23,219,1448,BEAR_CALL_BNF_58000_58400_W400,1,0.6208530805687204
base_rate,2026-06-23,220,1449,BEAR_CALL_BNF_57900_58300_W400,1,0.6208530805687204
base_rate,2026-06-23,221,1450,BEAR_CALL_BNF_57900_58300_W400,1,0.6208530805687204
base_rate,2026-06-23,222,1451,BEAR_CALL_BNF_57900_58300_W400,1,0.6208530805687204
base_rate,2026-06-23,223,1452,BEAR_CALL_BNF_57900_58300_W400,1,0.6208530805687204
base_rate,2026-06-23,224,1453,BEAR_CALL_BNF_57900_58300_W400,1,0.6208530805687204
base_rate,2026-06-23,225,1454,BEAR_CALL_BNF_58000_58400_W400,1,0.6208530805687204
base_rate,2026-06-23,226,1455,BEAR_CALL_BNF_58000_58400_W400,1,0.6208530805687204
base_rate,2026-06-23,227,1456,BEAR_CALL_BNF_57900_58300_W400,1,0.6208530805687204
base_rate,2026-06-23,228,1457,BEAR_CALL_BNF_57900_58300_W400,1,0.6208530805687204
base_rate,2026-06-23,229,1458,BEAR_CALL_BNF_57900_58300_W400,1,0.6208530805687204
base_rate,2026-06-23,230,1459,BEAR_CALL_BNF_57900_58300_W400,1,0.6208530805687204
base_rate,2026-06-23,231,1460,BEAR_CALL_BNF_58000_58400_W400,1,0.6208530805687204
base_rate,2026-06-23,232,1461,BEAR_CALL_BNF_57900_58300_W400,1,0.6208530805687204
base_rate,2026-06-23,233,1462,BEAR_CALL_BNF_57900_58300_W400,1,0.6208530805687204
base_rate,2026-06-23,234,1463,BEAR_CALL_BNF_58000_58400_W400,1,0.6208530805687204
base_rate,2026-06-23,235,1464,BEAR_CALL_BNF_57900_58300_W400,1,0.6208530805687204
base_rate,2026-06-23,236,1465,BEAR_CALL_BNF_57900_58300_W400,1,0.6208530805687204
base_rate,2026-06-23,237,1466,BEAR_CALL_BNF_57900_58300_W400,1,0.6208530805687204
base_rate,2026-06-23,238,1467,BEAR_CALL_BNF_57900_58300_W400,1,0.6208530805687204
base_rate,2026-06-23,239,1468,BEAR_CALL_BNF_57800_58200_W400,1,0.6208530805687204
base_rate,2026-06-23,240,1469,BEAR_CALL_BNF_57800_58200_W400,1,0.6208530805687204
base_rate,2026-06-23,241,1470,BEAR_CALL_BNF_57800_58200_W400,1,0.6208530805687204
base_rate,2026-06-23,242,1471,BEAR_CALL_BNF_57800_58200_W400,1,0.6208530805687204
base_rate,2026-06-23,243,1472,BEAR_CALL_BNF_57800_58200_W400,1,0.6208530805687204
base_rate,2026-06-23,244,1473,BEAR_CALL_BNF_57800_58200_W400,1,0.6208530805687204
base_rate,2026-06-23,245,1474,BEAR_CALL_BNF_57800_58200_W400,1,0.6208530805687204
base_rate,2026-06-23,246,1475,BEAR_CALL_BNF_57800_58200_W400,1,0.6208530805687204
base_rate,2026-06-23,247,1476,BEAR_CALL_BNF_57800_58200_W400,1,0.6208530805687204
base_rate,2026-06-23,248,1477,BEAR_CALL_BNF_57800_58200_W400,1,0.6208530805687204
base_rate,2026-06-23,249,1478,BEAR_CALL_BNF_57900_58300_W400,1,0.6208530805687204
base_rate,2026-06-23,250,1479,BEAR_CALL_BNF_57800_58200_W400,1,0.6208530805687204
base_rate,2026-06-23,251,1480,BEAR_CALL_BNF_57900_58300_W400,1,0.6208530805687204
base_rate,2026-06-23,252,1482,BEAR_CALL_BNF_57800_58200_W400,1,0.6208530805687204
base_rate,2026-06-23,253,1483,BEAR_CALL_BNF_57800_58200_W400,1,0.6208530805687204
base_rate,2026-06-23,254,1484,BEAR_CALL_BNF_57900_58300_W400,1,0.6208530805687204
base_rate,2026-06-23,255,1485,BEAR_CALL_BNF_57900_58300_W400,1,0.6208530805687204
base_rate,2026-06-23,256,1486,BEAR_CALL_BNF_57900_58300_W400,1,0.6208530805687204
base_rate,2026-06-23,257,1487,BEAR_CALL_BNF_57900_58300_W400,1,0.6208530805687204
base_rate,2026-06-23,258,1488,BEAR_PUT_NF_23650_23850_W200,0,0.6208530805687204
base_rate,2026-06-23,259,1489,BEAR_PUT_NF_23650_23850_W200,1,0.6208530805687204
base_rate,2026-06-23,260,1490,BEAR_PUT_NF_23600_23850_W250,0,0.6208530805687204
base_rate,2026-06-23,261,1491,BEAR_CALL_BNF_57500_57900_W400,0,0.6208530805687204
base_rate,2026-06-23,262,1492,BEAR_CALL_BNF_57500_57900_W400,0,0.6208530805687204
base_rate,2026-06-24,263,1496,BEAR_PUT_NF_23700_23850_W150,0,0.6806083650190115
base_rate,2026-06-24,264,1497,BEAR_PUT_NF_23700_23850_W150,0,0.6806083650190115
base_rate,2026-06-24,265,1498,BEAR_PUT_NF_23650_23900_W250,0,0.6806083650190115
base_rate,2026-06-24,266,1499,BEAR_PUT_NF_23700_23850_W150,0,0.6806083650190115
base_rate,2026-06-24,267,1500,BEAR_PUT_NF_23600_23900_W300,0,0.6806083650190115
base_rate,2026-06-24,268,1501,BEAR_CALL_BNF_58000_58400_W400,0,0.6806083650190115
base_rate,2026-06-24,269,1502,BEAR_PUT_BNF_56800_57400_W600,0,0.6806083650190115
base_rate,2026-06-24,270,1503,BEAR_PUT_NF_23550_23850_W300,0,0.6806083650190115
base_rate,2026-06-24,271,1504,BEAR_PUT_NF_23600_23850_W250,0,0.6806083650190115
base_rate,2026-06-24,272,1505,BEAR_PUT_NF_23650_23900_W250,0,0.6806083650190115
base_rate,2026-06-24,273,1506,BEAR_PUT_NF_23700_23900_W200,0,0.6806083650190115
base_rate,2026-06-24,274,1507,BEAR_PUT_NF_23700_23900_W200,0,0.6806083650190115
base_rate,2026-06-24,275,1508,BEAR_PUT_NF_23700_23900_W200,0,0.6806083650190115
base_rate,2026-06-24,276,1509,BEAR_PUT_NF_23750_23950_W200,0,0.6806083650190115
base_rate,2026-06-24,277,1510,BEAR_CALL_BNF_58200_58600_W400,0,0.6806083650190115
base_rate,2026-06-24,278,1511,BEAR_CALL_BNF_58200_58600_W400,0,0.6806083650190115
base_rate,2026-06-24,279,1512,BEAR_CALL_BNF_58200_58600_W400,0,0.6806083650190115
base_rate,2026-06-24,280,1513,BEAR_CALL_BNF_58200_58600_W400,0,0.6806083650190115
base_rate,2026-06-24,281,1514,BEAR_CALL_BNF_58200_58600_W400,0,0.6806083650190115
base_rate,2026-06-24,282,1515,BEAR_CALL_BNF_58200_58600_W400,0,0.6806083650190115
base_rate,2026-06-24,283,1516,BEAR_CALL_BNF_58200_58600_W400,0,0.6806083650190115
base_rate,2026-06-24,284,1517,BEAR_CALL_BNF_58300_58700_W400,0,0.6806083650190115
base_rate,2026-06-24,285,1518,BEAR_PUT_NF_23750_24000_W250,0,0.6806083650190115
base_rate,2026-06-24,286,1519,BEAR_PUT_NF_23750_24000_W250,0,0.6806083650190115
base_rate,2026-06-24,287,1520,BEAR_PUT_NF_23800_23950_W150,0,0.6806083650190115
base_rate,2026-06-24,288,1521,BEAR_PUT_NF_23700_24000_W300,0,0.6806083650190115
base_rate,2026-06-24,289,1522,BEAR_CALL_BNF_58400_58800_W400,0,0.6806083650190115
base_rate,2026-06-24,290,1523,BEAR_CALL_BNF_58400_58800_W400,0,0.6806083650190115
base_rate,2026-06-24,291,1524,BEAR_CALL_BNF_58500_58900_W400,0,0.6806083650190115
base_rate,2026-06-24,292,1525,BEAR_CALL_BNF_58500_58900_W400,0,0.6806083650190115
base_rate,2026-06-24,293,1526,BEAR_CALL_BNF_58600_59000_W400,1,0.6806083650190115
base_rate,2026-06-24,294,1527,BEAR_CALL_BNF_58600_59000_W400,1,0.6806083650190115
base_rate,2026-06-24,295,1528,BEAR_CALL_BNF_58600_59000_W400,1,0.6806083650190115
base_rate,2026-06-24,296,1529,BEAR_CALL_BNF_58600_59000_W400,1,0.6806083650190115
base_rate,2026-06-24,297,1530,BEAR_CALL_BNF_58600_59000_W400,0,0.6806083650190115
base_rate,2026-06-24,298,1531,BEAR_CALL_BNF_58500_58900_W400,0,0.6806083650190115
base_rate,2026-06-24,299,1532,BEAR_CALL_BNF_58600_59000_W400,1,0.6806083650190115
base_rate,2026-06-24,300,1533,BEAR_CALL_BNF_58600_59000_W400,1,0.6806083650190115
base_rate,2026-06-24,301,1534,BEAR_CALL_BNF_58600_59000_W400,0,0.6806083650190115
base_rate,2026-06-24,302,1538,BEAR_CALL_BNF_58500_58900_W400,0,0.6806083650190115
base_rate,2026-06-24,303,1539,BEAR_CALL_BNF_58500_58900_W400,0,0.6806083650190115
base_rate,2026-06-24,304,1541,BEAR_CALL_BNF_58500_58900_W400,0,0.6806083650190115
base_rate,2026-06-24,305,1542,BEAR_CALL_BNF_58500_58900_W400,0,0.6806083650190115
base_rate,2026-06-24,306,1551,BEAR_CALL_BNF_58700_59100_W400,1,0.6806083650190115
base_rate,2026-06-29,307,1668,BULL_PUT_NF_24000_23850_W150,0,0.6058631921824105
base_rate,2026-06-29,308,1669,BULL_PUT_NF_24000_23850_W150,0,0.6058631921824105
base_rate,2026-06-29,309,1671,BULL_PUT_NF_24000_23850_W150,0,0.6058631921824105
base_rate,2026-06-29,310,1692,BEAR_CALL_NF_24100_24250_W150,1,0.6058631921824105
base_rate,2026-06-29,311,1693,BEAR_CALL_NF_24100_24250_W150,1,0.6058631921824105
base_rate,2026-06-29,312,1694,BEAR_CALL_NF_24100_24250_W150,1,0.6058631921824105
base_rate,2026-06-29,313,1695,BEAR_CALL_NF_24100_24250_W150,1,0.6058631921824105
base_rate,2026-06-29,314,1696,BEAR_CALL_NF_24100_24250_W150,1,0.6058631921824105
base_rate,2026-06-29,315,1697,BEAR_CALL_NF_24100_24250_W150,1,0.6058631921824105
base_rate,2026-06-29,316,1698,BEAR_CALL_NF_24100_24250_W150,1,0.6058631921824105
base_rate,2026-06-29,317,1699,BEAR_CALL_NF_24100_24250_W150,1,0.6058631921824105
base_rate,2026-06-29,318,1716,BULL_PUT_BNF_57400_57000_W400,0,0.6058631921824105
base_rate,2026-06-29,319,1717,BULL_PUT_BNF_57400_57000_W400,0,0.6058631921824105
base_rate,2026-06-29,320,1718,BULL_PUT_BNF_57400_57000_W400,0,0.6058631921824105
base_rate,2026-06-29,321,1719,BEAR_CALL_BNF_58400_58800_W400,1,0.6058631921824105
base_rate,2026-06-29,322,1720,BULL_PUT_BNF_57400_57000_W400,0,0.6058631921824105
base_rate,2026-06-29,323,1721,BULL_PUT_BNF_57400_57000_W400,0,0.6058631921824105
base_rate,2026-06-29,324,1722,BULL_PUT_BNF_57400_57000_W400,0,0.6058631921824105
base_rate,2026-06-29,325,1723,BEAR_CALL_BNF_58400_58800_W400,1,0.6058631921824105
base_rate,2026-06-29,326,1724,BULL_PUT_BNF_57400_57000_W400,0,0.6058631921824105
base_rate,2026-06-29,327,1725,BULL_PUT_BNF_57400_57000_W400,0,0.6058631921824105
base_rate,2026-06-29,328,1726,BEAR_CALL_BNF_58300_58700_W400,1,0.6058631921824105
base_rate,2026-06-29,329,1727,BULL_PUT_BNF_57300_56900_W400,1,0.6058631921824105
base_rate,2026-06-29,330,1728,BULL_PUT_BNF_57200_56800_W400,1,0.6058631921824105
base_rate,2026-06-29,331,1729,BEAR_CALL_BNF_58200_58600_W400,1,0.6058631921824105
base_rate,2026-07-01,332,1817,BEAR_CALL_BNF_58100_58500_W400,0,0.6024096385542169
base_rate,2026-07-01,333,1818,BEAR_CALL_BNF_58000_58600_W600,0,0.6024096385542169
base_rate,2026-07-01,334,1819,BEAR_CALL_BNF_58000_58500_W500,0,0.6024096385542169
base_rate,2026-07-01,335,1820,BEAR_CALL_BNF_58100_58500_W400,0,0.6024096385542169
base_rate,2026-07-01,336,1821,BEAR_CALL_BNF_58200_58700_W500,0,0.6024096385542169
base_rate,2026-07-01,337,1822,BEAR_CALL_BNF_58200_58600_W400,0,0.6024096385542169
base_rate,2026-07-01,338,1823,BEAR_CALL_BNF_58100_58600_W500,0,0.6024096385542169
base_rate,2026-07-01,339,1824,BEAR_CALL_BNF_58200_58600_W400,0,0.6024096385542169
base_rate,2026-07-01,340,1825,BEAR_CALL_BNF_58100_58500_W400,0,0.6024096385542169
base_rate,2026-07-01,341,1826,BEAR_CALL_BNF_58200_58700_W500,0,0.6024096385542169
base_rate,2026-07-01,342,1827,BEAR_CALL_BNF_58200_58800_W600,0,0.6024096385542169
base_rate,2026-07-01,343,1828,BEAR_CALL_BNF_58300_58900_W600,0,0.6024096385542169
base_rate,2026-07-01,344,1829,BEAR_CALL_BNF_58300_58900_W600,0,0.6024096385542169
base_rate,2026-07-01,345,1830,BEAR_CALL_BNF_58300_58900_W600,0,0.6024096385542169
base_rate,2026-07-01,346,1831,BEAR_CALL_BNF_58300_58900_W600,0,0.6024096385542169
base_rate,2026-07-01,347,1832,BEAR_CALL_BNF_58200_58600_W400,0,0.6024096385542169
base_rate,2026-07-01,348,1833,BEAR_CALL_BNF_58200_58600_W400,0,0.6024096385542169
base_rate,2026-07-01,349,1834,BEAR_CALL_BNF_58200_58600_W400,0,0.6024096385542169
base_rate,2026-07-01,350,1835,BEAR_CALL_BNF_58200_58600_W400,0,0.6024096385542169
base_rate,2026-07-01,351,1836,BEAR_CALL_BNF_58200_58800_W600,0,0.6024096385542169
base_rate,2026-07-01,352,1837,BEAR_CALL_BNF_58300_58900_W600,0,0.6024096385542169
base_rate,2026-07-01,353,1838,BEAR_CALL_BNF_58300_58900_W600,0,0.6024096385542169
base_rate,2026-07-01,354,1839,BEAR_CALL_BNF_58400_59000_W600,0,0.6024096385542169
base_rate,2026-07-01,355,1840,BEAR_CALL_BNF_58400_59000_W600,0,0.6024096385542169
base_rate,2026-07-01,356,1841,BEAR_CALL_BNF_58400_58800_W400,0,0.6024096385542169
base_rate,2026-07-01,357,1842,BEAR_CALL_BNF_58400_58800_W400,0,0.6024096385542169
base_rate,2026-07-01,358,1843,BEAR_CALL_BNF_58300_58900_W600,0,0.6024096385542169
base_rate,2026-07-01,359,1847,BEAR_CALL_BNF_58300_58800_W500,0,0.6024096385542169
base_rate,2026-07-01,360,1848,BEAR_CALL_BNF_58400_58900_W500,0,0.6024096385542169
base_rate,2026-07-01,361,1849,BEAR_CALL_BNF_58400_59000_W600,0,0.6024096385542169
base_rate,2026-07-01,362,1850,BEAR_CALL_BNF_58400_59000_W600,0,0.6024096385542169
base_rate,2026-07-01,363,1851,BEAR_CALL_BNF_58500_59000_W500,0,0.6024096385542169
base_rate,2026-07-01,364,1852,BEAR_CALL_BNF_58500_59000_W500,0,0.6024096385542169
base_rate,2026-07-01,365,1853,BEAR_CALL_BNF_58500_59000_W500,0,0.6024096385542169
base_rate,2026-07-01,366,1854,BEAR_CALL_BNF_58500_59000_W500,0,0.6024096385542169
base_rate,2026-07-01,367,1855,BEAR_CALL_BNF_58500_59000_W500,0,0.6024096385542169
base_rate,2026-07-01,368,1856,BEAR_CALL_BNF_58500_59000_W500,1,0.6024096385542169
base_rate,2026-07-01,369,1857,BEAR_CALL_BNF_58500_59100_W600,1,0.6024096385542169
base_rate,2026-07-01,370,1860,BEAR_CALL_BNF_58500_59000_W500,1,0.6024096385542169
base_rate,2026-07-01,371,1861,BEAR_CALL_BNF_58500_59000_W500,1,0.6024096385542169
base_rate,2026-07-01,372,1862,BEAR_CALL_BNF_58500_59000_W500,0,0.6024096385542169
base_rate,2026-07-01,373,1863,BEAR_CALL_BNF_58500_59000_W500,0,0.6024096385542169
base_rate,2026-07-01,374,1864,BEAR_CALL_BNF_58500_59000_W500,0,0.6024096385542169
base_rate,2026-07-01,375,1865,BEAR_CALL_BNF_58500_59000_W500,0,0.6024096385542169
base_rate,2026-07-01,376,1866,BEAR_CALL_BNF_58500_59000_W500,0,0.6024096385542169
base_rate,2026-07-01,377,1867,BEAR_CALL_BNF_58400_59000_W600,0,0.6024096385542169
base_rate,2026-07-01,378,1868,BEAR_CALL_BNF_58500_59000_W500,0,0.6024096385542169
base_rate,2026-07-01,379,1869,BEAR_CALL_BNF_58500_59100_W600,0,0.6024096385542169
base_rate,2026-07-01,380,1870,BEAR_CALL_BNF_58500_59000_W500,0,0.6024096385542169
base_rate,2026-07-01,381,1871,BEAR_CALL_BNF_58500_59000_W500,0,0.6024096385542169
base_rate,2026-07-01,382,1872,BEAR_CALL_BNF_58500_59000_W500,0,0.6024096385542169
base_rate,2026-07-01,383,1894,BEAR_CALL_BNF_58400_59000_W600,0,0.6024096385542169
base_rate,2026-07-01,384,1895,BEAR_CALL_BNF_58500_59000_W500,0,0.6024096385542169
base_rate,2026-07-01,385,1896,BEAR_CALL_BNF_58600_59000_W400,1,0.6024096385542169
base_rate,2026-07-01,386,1897,BEAR_CALL_BNF_58600_59000_W400,1,0.6024096385542169
base_rate,2026-07-01,387,1898,BEAR_CALL_BNF_58500_59000_W500,0,0.6024096385542169
base_rate,2026-07-01,388,1899,BEAR_CALL_BNF_58500_59000_W500,1,0.6024096385542169
base_rate,2026-07-01,389,1900,BEAR_CALL_BNF_58500_59000_W500,0,0.6024096385542169
base_rate,2026-07-02,390,1907,BEAR_CALL_BNF_58700_59200_W500,1,0.5307692307692308
base_rate,2026-07-02,391,1908,BEAR_CALL_BNF_58600_59200_W600,1,0.5307692307692308
base_rate,2026-07-02,392,1909,BEAR_CALL_BNF_58700_59200_W500,1,0.5307692307692308
base_rate,2026-07-02,393,1910,BEAR_PUT_NF_24000_24150_W150,0,0.5307692307692308
base_rate,2026-07-02,394,1911,BEAR_PUT_NF_24000_24150_W150,0,0.5307692307692308
base_rate,2026-07-02,395,1912,BEAR_PUT_NF_23950_24150_W200,0,0.5307692307692308
base_rate,2026-07-02,396,1913,BEAR_CALL_BNF_58700_59200_W500,1,0.5307692307692308
base_rate,2026-07-02,397,1914,BEAR_PUT_NF_24000_24100_W100,0,0.5307692307692308
base_rate,2026-07-02,398,1915,BEAR_PUT_NF_23950_24100_W150,0,0.5307692307692308
base_rate,2026-07-02,399,1916,BEAR_PUT_BNF_57700_58100_W400,1,0.5307692307692308
base_rate,2026-07-02,400,1917,BEAR_PUT_NF_23900_24100_W200,0,0.5307692307692308
base_rate,2026-07-02,401,1918,BEAR_CALL_BNF_58600_59000_W400,1,0.5307692307692308
base_rate,2026-07-02,402,1919,BEAR_CALL_BNF_58600_59000_W400,1,0.5307692307692308
base_rate,2026-07-02,403,1920,BEAR_CALL_BNF_58600_59000_W400,1,0.5307692307692308
base_rate,2026-07-02,404,1921,BEAR_CALL_BNF_58700_59200_W500,1,0.5307692307692308
base_rate,2026-07-02,405,1922,BEAR_CALL_BNF_58700_59200_W500,1,0.5307692307692308
base_rate,2026-07-02,406,1923,BEAR_CALL_BNF_58700_59200_W500,1,0.5307692307692308
base_rate,2026-07-02,407,1924,BULL_PUT_BNF_57700_57300_W400,0,0.5307692307692308
base_rate,2026-07-02,408,1925,BEAR_CALL_BNF_58600_59000_W400,1,0.5307692307692308
base_rate,2026-07-02,409,1926,BEAR_CALL_BNF_58600_59200_W600,0,0.5307692307692308
base_rate,2026-07-02,410,1927,BEAR_CALL_BNF_58600_59100_W500,0,0.5307692307692308
base_rate,2026-07-02,411,1928,BEAR_CALL_BNF_58600_59000_W400,0,0.5307692307692308
base_rate,2026-07-02,412,1929,BEAR_CALL_BNF_58500_59100_W600,0,0.5307692307692308
base_rate,2026-07-02,413,1930,BEAR_CALL_BNF_58600_59000_W400,0,0.5307692307692308
base_rate,2026-07-02,414,1931,BEAR_CALL_BNF_58500_58900_W400,0,0.5307692307692308
base_rate,2026-07-02,415,1932,BEAR_CALL_BNF_58500_59000_W500,0,0.5307692307692308
base_rate,2026-07-02,416,1933,BEAR_CALL_BNF_58500_59000_W500,0,0.5307692307692308
base_rate,2026-07-02,417,1934,BULL_PUT_BNF_57600_57200_W400,1,0.5307692307692308
base_rate,2026-07-02,418,1935,BEAR_CALL_BNF_58500_59000_W500,0,0.5307692307692308
base_rate,2026-07-02,419,1936,BEAR_CALL_BNF_58500_59000_W500,0,0.5307692307692308
base_rate,2026-07-02,420,1937,BEAR_CALL_BNF_58500_59000_W500,0,0.5307692307692308
base_rate,2026-07-02,421,1938,BEAR_CALL_BNF_58500_59000_W500,0,0.5307692307692308
base_rate,2026-07-02,422,1939,BEAR_CALL_BNF_58500_59000_W500,0,0.5307692307692308
base_rate,2026-07-02,423,1940,BEAR_CALL_BNF_58500_59000_W500,0,0.5307692307692308
base_rate,2026-07-02,424,1941,BEAR_CALL_BNF_58600_59100_W500,0,0.5307692307692308
base_rate,2026-07-02,425,1942,BEAR_CALL_BNF_58600_59000_W400,0,0.5307692307692308
base_rate,2026-07-02,426,1943,BULL_PUT_BNF_57700_57300_W400,0,0.5307692307692308
base_rate,2026-07-02,427,1944,BEAR_CALL_BNF_58600_59000_W400,1,0.5307692307692308
base_rate,2026-07-02,428,1945,BULL_PUT_BNF_57700_57300_W400,0,0.5307692307692308
base_rate,2026-07-02,429,1946,BEAR_CALL_BNF_58600_59000_W400,0,0.5307692307692308
base_rate,2026-07-02,430,1947,BEAR_CALL_BNF_58600_59100_W500,0,0.5307692307692308
base_rate,2026-07-02,431,1948,BEAR_CALL_BNF_58600_59000_W400,0,0.5307692307692308
base_rate,2026-07-02,432,1949,BULL_PUT_BNF_57600_57200_W400,0,0.5307692307692308
base_rate,2026-07-02,433,1950,BEAR_CALL_BNF_58600_59200_W600,0,0.5307692307692308
base_rate,2026-07-02,434,1951,BEAR_CALL_BNF_58600_59000_W400,0,0.5307692307692308
base_rate,2026-07-02,435,1952,BEAR_CALL_BNF_58600_59000_W400,0,0.5307692307692308
base_rate,2026-07-02,436,1953,BEAR_CALL_BNF_58600_59000_W400,0,0.5307692307692308
base_rate,2026-07-02,437,1954,BEAR_CALL_BNF_58600_59000_W400,1,0.5307692307692308
base_rate,2026-07-02,438,1956,BULL_PUT_BNF_57600_57200_W400,0,0.5307692307692308
base_rate,2026-07-02,439,1957,BEAR_CALL_BNF_58600_59000_W400,0,0.5307692307692308
base_rate,2026-07-02,440,1958,BEAR_CALL_BNF_58500_59000_W500,0,0.5307692307692308
base_rate,2026-07-02,441,1959,BEAR_CALL_BNF_58500_59000_W500,0,0.5307692307692308
base_rate,2026-07-02,442,1960,BEAR_CALL_BNF_58500_59000_W500,0,0.5307692307692308
base_rate,2026-07-02,443,1961,BEAR_CALL_BNF_58500_59000_W500,0,0.5307692307692308
base_rate,2026-07-02,444,1962,BEAR_CALL_BNF_58500_59100_W600,0,0.5307692307692308
base_rate,2026-07-02,445,1963,BULL_PUT_BNF_57600_57200_W400,0,0.5307692307692308
base_rate,2026-07-02,446,1964,BEAR_CALL_BNF_58500_59000_W500,0,0.5307692307692308
base_rate,2026-07-02,447,1965,BEAR_CALL_BNF_58400_58800_W400,0,0.5307692307692308
base_rate,2026-07-02,448,1966,BEAR_CALL_BNF_58400_59000_W600,0,0.5307692307692308
base_rate,2026-07-02,449,1967,BEAR_CALL_BNF_58400_59000_W600,0,0.5307692307692308
base_rate,2026-07-02,450,1968,BEAR_CALL_BNF_58400_59000_W600,0,0.5307692307692308
base_rate,2026-07-02,451,1969,BEAR_CALL_BNF_58400_59000_W600,0,0.5307692307692308
base_rate,2026-07-02,452,1970,BEAR_CALL_BNF_58500_59000_W500,0,0.5307692307692308
base_rate,2026-07-02,453,1971,BEAR_CALL_BNF_58500_59000_W500,0,0.5307692307692308
base_rate,2026-07-02,454,1972,BEAR_CALL_BNF_58500_59000_W500,0,0.5307692307692308
base_rate,2026-07-02,455,1973,BEAR_CALL_BNF_58500_59000_W500,0,0.5307692307692308
base_rate,2026-07-02,456,1974,BEAR_CALL_BNF_58600_59000_W400,0,0.5307692307692308
base_rate,2026-07-02,457,1975,BULL_PUT_BNF_57600_57200_W400,0,0.5307692307692308
base_rate,2026-07-02,458,1976,BULL_PUT_BNF_57600_57200_W400,0,0.5307692307692308
base_rate,2026-07-02,459,1977,BEAR_CALL_BNF_58500_59000_W500,0,0.5307692307692308
base_rate,2026-07-02,460,1978,BEAR_CALL_BNF_58500_59000_W500,0,0.5307692307692308
base_rate,2026-07-02,461,1979,BEAR_CALL_BNF_58500_59000_W500,0,0.5307692307692308
base_rate,2026-07-03,462,1984,BULL_PUT_BNF_57600_57200_W400,0,0.4805194805194805
base_rate,2026-07-03,463,1985,BEAR_CALL_BNF_58600_59000_W400,1,0.4805194805194805
base_rate,2026-07-03,464,1986,BEAR_CALL_BNF_58600_59000_W400,1,0.4805194805194805
base_rate,2026-07-03,465,1992,BEAR_CALL_BNF_58600_59000_W400,1,0.4805194805194805
base_rate,2026-07-03,466,1993,BULL_PUT_BNF_57600_57200_W400,0,0.4805194805194805
base_rate,2026-07-03,467,1994,BEAR_CALL_BNF_58600_59000_W400,1,0.4805194805194805
base_rate,2026-07-03,468,1995,BULL_PUT_BNF_57700_57300_W400,0,0.4805194805194805
base_rate,2026-07-03,469,1996,BEAR_CALL_BNF_58600_59000_W400,1,0.4805194805194805
base_rate,2026-07-03,470,1997,BEAR_CALL_BNF_58600_59000_W400,1,0.4805194805194805
base_rate,2026-07-03,471,1998,BEAR_CALL_BNF_58600_59000_W400,1,0.4805194805194805
base_rate,2026-07-03,472,1999,BULL_PUT_BNF_57600_57200_W400,0,0.4805194805194805
base_rate,2026-07-03,473,2000,BEAR_CALL_BNF_58600_59000_W400,1,0.4805194805194805
base_rate,2026-07-03,474,2001,BEAR_CALL_BNF_58500_59000_W500,1,0.4805194805194805
base_rate,2026-07-03,475,2002,BEAR_CALL_BNF_58500_59000_W500,1,0.4805194805194805
base_rate,2026-07-03,476,2003,BEAR_CALL_BNF_58500_59000_W500,1,0.4805194805194805
base_rate,2026-07-03,477,2004,BULL_PUT_BNF_57500_57100_W400,0,0.4805194805194805
base_rate,2026-07-03,478,2005,BULL_PUT_BNF_57500_57100_W400,0,0.4805194805194805
base_rate,2026-07-03,479,2006,BEAR_CALL_BNF_58400_59000_W600,1,0.4805194805194805
base_rate,2026-07-03,480,2007,BEAR_CALL_BNF_58400_59000_W600,1,0.4805194805194805
base_rate,2026-07-03,481,2008,BEAR_CALL_BNF_58500_59000_W500,1,0.4805194805194805
base_rate,2026-07-03,482,2009,BEAR_CALL_BNF_58500_59000_W500,1,0.4805194805194805
base_rate,2026-07-03,483,2010,BEAR_CALL_BNF_58500_59000_W500,1,0.4805194805194805
base_rate,2026-07-03,484,2011,BULL_PUT_BNF_57600_57200_W400,0,0.4805194805194805
base_rate,2026-07-03,485,2012,BULL_PUT_BNF_57600_57200_W400,0,0.4805194805194805
base_rate,2026-07-03,486,2013,BEAR_CALL_BNF_58500_59000_W500,1,0.4805194805194805
base_rate,2026-07-03,487,2014,BEAR_CALL_BNF_58500_59000_W500,1,0.4805194805194805
base_rate,2026-07-03,488,2015,BEAR_CALL_BNF_58500_59000_W500,1,0.4805194805194805
base_rate,2026-07-03,489,2016,BEAR_CALL_BNF_58500_59000_W500,1,0.4805194805194805
base_rate,2026-07-03,490,2017,BEAR_CALL_BNF_58500_59000_W500,1,0.4805194805194805
base_rate,2026-07-03,491,2018,BEAR_CALL_BNF_58500_59000_W500,1,0.4805194805194805
base_rate,2026-07-03,492,2019,BEAR_CALL_BNF_58500_59000_W500,1,0.4805194805194805
base_rate,2026-07-03,493,2020,BULL_PUT_BNF_57500_57100_W400,0,0.4805194805194805
base_rate,2026-07-03,494,2021,BULL_PUT_BNF_57500_57100_W400,0,0.4805194805194805
base_rate,2026-07-03,495,2022,BULL_PUT_BNF_57500_57100_W400,0,0.4805194805194805
base_rate,2026-07-03,496,2023,BULL_PUT_BNF_57500_57100_W400,0,0.4805194805194805
base_rate,2026-07-03,497,2024,BULL_PUT_BNF_57500_57100_W400,0,0.4805194805194805
base_rate,2026-07-03,498,2025,BEAR_CALL_BNF_58400_58900_W500,1,0.4805194805194805
base_rate,2026-07-03,499,2026,BULL_PUT_BNF_57400_57000_W400,1,0.4805194805194805
base_rate,2026-07-03,500,2027,BULL_PUT_BNF_57400_57000_W400,1,0.4805194805194805
base_rate,2026-07-03,501,2028,BULL_PUT_BNF_57400_57000_W400,1,0.4805194805194805
base_rate,2026-07-03,502,2029,BULL_PUT_BNF_57400_57000_W400,1,0.4805194805194805
base_rate,2026-07-03,503,2030,BULL_PUT_BNF_57400_57000_W400,1,0.4805194805194805
base_rate,2026-07-03,504,2031,BULL_PUT_BNF_57400_57000_W400,1,0.4805194805194805
base_rate,2026-07-03,505,2032,BEAR_CALL_BNF_58300_58700_W400,0,0.4805194805194805
base_rate,2026-07-03,506,2033,BEAR_CALL_BNF_58300_58700_W400,0,0.4805194805194805
base_rate,2026-07-03,507,2034,BULL_PUT_BNF_57400_57000_W400,1,0.4805194805194805
base_rate,2026-07-03,508,2035,BULL_PUT_BNF_57400_57000_W400,1,0.4805194805194805
base_rate,2026-07-03,509,2036,BULL_PUT_BNF_57400_57000_W400,1,0.4805194805194805
base_rate,2026-07-03,510,2037,BULL_PUT_BNF_57400_57000_W400,1,0.4805194805194805
base_rate,2026-07-03,511,2038,BEAR_CALL_BNF_58300_58700_W400,0,0.4805194805194805
base_rate,2026-07-03,512,2039,BULL_PUT_BNF_57400_57000_W400,1,0.4805194805194805
base_rate,2026-07-03,513,2040,BEAR_CALL_BNF_58400_59000_W600,0,0.4805194805194805
base_rate,2026-07-03,514,2041,BULL_PUT_BNF_57400_57000_W400,1,0.4805194805194805
base_rate,2026-07-03,515,2042,BULL_PUT_BNF_57400_57000_W400,1,0.4805194805194805
base_rate,2026-07-03,516,2043,BEAR_CALL_BNF_58400_58900_W500,0,0.4805194805194805
base_rate,2026-07-03,517,2044,BEAR_CALL_BNF_58400_59000_W600,0,0.4805194805194805
base_rate,2026-07-03,518,2045,BEAR_CALL_BNF_58400_58900_W500,0,0.4805194805194805
base_rate,2026-07-03,519,2046,BEAR_CALL_BNF_58400_59000_W600,0,0.4805194805194805
base_rate,2026-07-03,520,2047,BEAR_CALL_BNF_58400_59000_W600,0,0.4805194805194805
base_rate,2026-07-03,521,2048,BEAR_CALL_BNF_58400_59000_W600,0,0.4805194805194805
base_rate,2026-07-03,522,2049,BULL_PUT_BNF_57500_57100_W400,0,0.4805194805194805
base_rate,2026-07-07,523,2136,BULL_PUT_BNF_58000_57600_W400,0,0.49521988527724664
base_rate,2026-07-07,524,2137,BULL_PUT_BNF_58000_57600_W400,0,0.49521988527724664
base_rate,2026-07-07,525,2138,BULL_PUT_BNF_57900_57500_W400,0,0.49521988527724664
base_rate,2026-07-07,526,2139,BULL_PUT_BNF_58000_57600_W400,0,0.49521988527724664
base_rate,2026-07-07,527,2140,BEAR_CALL_BNF_58900_59300_W400,1,0.49521988527724664
base_rate,2026-07-07,528,2141,BEAR_CALL_BNF_58900_59300_W400,1,0.49521988527724664
base_rate,2026-07-07,529,2142,BEAR_CALL_BNF_58900_59300_W400,1,0.49521988527724664
base_rate,2026-07-07,530,2143,BEAR_CALL_BNF_58900_59300_W400,1,0.49521988527724664
base_rate,2026-07-07,531,2144,BEAR_CALL_BNF_58900_59300_W400,1,0.49521988527724664
base_rate,2026-07-07,532,2145,BEAR_CALL_BNF_58900_59300_W400,1,0.49521988527724664
base_rate,2026-07-07,533,2146,BEAR_CALL_BNF_58900_59300_W400,1,0.49521988527724664
base_rate,2026-07-07,534,2147,BULL_PUT_BNF_58000_57600_W400,0,0.49521988527724664
base_rate,2026-07-07,535,2148,BEAR_CALL_BNF_58900_59300_W400,1,0.49521988527724664
base_rate,2026-07-07,536,2149,BEAR_CALL_BNF_58900_59300_W400,1,0.49521988527724664
base_rate,2026-07-07,537,2150,BEAR_CALL_BNF_58900_59300_W400,1,0.49521988527724664
base_rate,2026-07-07,538,2151,BEAR_CALL_BNF_58900_59300_W400,1,0.49521988527724664
base_rate,2026-07-07,539,2152,BULL_PUT_BNF_58000_57600_W400,0,0.49521988527724664
base_rate,2026-07-07,540,2153,BEAR_CALL_BNF_58900_59300_W400,1,0.49521988527724664
base_rate,2026-07-07,541,2154,BULL_PUT_BNF_58000_57600_W400,0,0.49521988527724664
base_rate,2026-07-07,542,2155,BULL_PUT_BNF_58000_57600_W400,0,0.49521988527724664
base_rate,2026-07-07,543,2156,BULL_PUT_BNF_58000_57600_W400,0,0.49521988527724664
base_rate,2026-07-07,544,2157,BEAR_CALL_BNF_58900_59300_W400,1,0.49521988527724664
base_rate,2026-07-07,545,2158,BEAR_CALL_BNF_58900_59300_W400,1,0.49521988527724664
base_rate,2026-07-07,546,2159,BULL_PUT_BNF_57900_57500_W400,0,0.49521988527724664
base_rate,2026-07-07,547,2160,BEAR_CALL_BNF_58900_59300_W400,1,0.49521988527724664
base_rate,2026-07-07,548,2161,BEAR_CALL_BNF_58900_59300_W400,1,0.49521988527724664
base_rate,2026-07-07,549,2162,BEAR_CALL_BNF_58900_59300_W400,1,0.49521988527724664
base_rate,2026-07-07,550,2163,BEAR_CALL_BNF_58900_59300_W400,1,0.49521988527724664
base_rate,2026-07-07,551,2164,BEAR_CALL_BNF_58900_59300_W400,1,0.49521988527724664
base_rate,2026-07-07,552,2165,BEAR_CALL_BNF_58900_59300_W400,1,0.49521988527724664
base_rate,2026-07-07,553,2166,BULL_PUT_BNF_58000_57600_W400,0,0.49521988527724664
base_rate,2026-07-07,554,2167,BULL_PUT_BNF_58000_57600_W400,0,0.49521988527724664
base_rate,2026-07-07,555,2168,BULL_PUT_BNF_58000_57600_W400,0,0.49521988527724664
base_rate,2026-07-07,556,2169,BULL_PUT_BNF_58000_57600_W400,0,0.49521988527724664
base_rate,2026-07-07,557,2170,BEAR_CALL_BNF_58900_59300_W400,1,0.49521988527724664
base_rate,2026-07-07,558,2171,BULL_PUT_BNF_57900_57500_W400,0,0.49521988527724664
base_rate,2026-07-07,559,2172,BULL_PUT_BNF_58000_57600_W400,0,0.49521988527724664
base_rate,2026-07-07,560,2173,BEAR_CALL_BNF_58900_59300_W400,1,0.49521988527724664
base_rate,2026-07-07,561,2174,BEAR_CALL_BNF_58800_59200_W400,1,0.49521988527724664
base_rate,2026-07-07,562,2175,BEAR_CALL_BNF_58800_59200_W400,1,0.49521988527724664
base_rate,2026-07-07,563,2176,BEAR_CALL_BNF_58800_59200_W400,1,0.49521988527724664
base_rate,2026-07-07,564,2177,BEAR_CALL_BNF_58800_59200_W400,1,0.49521988527724664
base_rate,2026-07-07,565,2178,BEAR_CALL_BNF_58800_59200_W400,1,0.49521988527724664
base_rate,2026-07-07,566,2179,BEAR_CALL_BNF_58800_59200_W400,1,0.49521988527724664
base_rate,2026-07-07,567,2180,BULL_PUT_BNF_57800_57400_W400,0,0.49521988527724664
base_rate,2026-07-07,568,2181,BEAR_CALL_BNF_58700_59100_W400,1,0.49521988527724664
base_rate,2026-07-07,569,2182,BEAR_CALL_BNF_58700_59100_W400,1,0.49521988527724664
base_rate,2026-07-07,570,2183,BEAR_CALL_BNF_58700_59100_W400,0,0.49521988527724664
base_rate,2026-07-07,571,2184,BULL_PUT_BNF_57800_57400_W400,0,0.49521988527724664
base_rate,2026-07-07,572,2185,BULL_PUT_BNF_57800_57400_W400,0,0.49521988527724664
base_rate,2026-07-07,573,2186,BULL_PUT_BNF_57800_57400_W400,0,0.49521988527724664
base_rate,2026-07-07,574,2187,BULL_PUT_BNF_57800_57400_W400,0,0.49521988527724664
base_rate,2026-07-07,575,2188,BULL_PUT_BNF_58000_57600_W400,0,0.49521988527724664
base_rate,2026-07-07,576,2189,BEAR_CALL_BNF_58700_59100_W400,1,0.49521988527724664
base_rate,2026-07-07,577,2190,BULL_PUT_BNF_58000_57600_W400,0,0.49521988527724664
base_rate,2026-07-07,578,2191,BULL_PUT_BNF_57800_57400_W400,0,0.49521988527724664
base_rate,2026-07-07,579,2192,BEAR_CALL_BNF_58800_59200_W400,1,0.49521988527724664
base_rate,2026-07-08,580,2213,BEAR_PUT_BNF_57100_57700_W600,1,0.5017241379310344
base_rate,2026-07-08,581,2214,BEAR_PUT_BNF_56800_57800_W1000,1,0.5017241379310344
base_rate,2026-07-08,582,2215,BEAR_PUT_BNF_57000_57800_W800,1,0.5017241379310344
base_rate,2026-07-08,583,2217,BEAR_PUT_BNF_57100_57900_W800,1,0.5017241379310344
base_rate,2026-07-08,584,2218,BEAR_PUT_BNF_56900_57900_W1000,1,0.5017241379310344
base_rate,2026-07-08,585,2219,BEAR_PUT_BNF_57200_57800_W600,1,0.5017241379310344
base_rate,2026-07-08,586,2226,BEAR_PUT_BNF_57400_58000_W600,1,0.5017241379310344
base_rate,2026-07-08,587,2227,BEAR_PUT_BNF_57400_58000_W600,1,0.5017241379310344
base_rate,2026-07-08,588,2228,BEAR_PUT_BNF_57400_58000_W600,1,0.5017241379310344
base_rate,2026-07-08,589,2264,BEAR_PUT_BNF_57000_57600_W600,1,0.5017241379310344
base_rate,2026-07-08,590,2265,BEAR_PUT_BNF_56600_57400_W800,1,0.5017241379310344
base_rate,2026-07-08,591,2266,BEAR_PUT_BNF_56400_57200_W800,1,0.5017241379310344
base_rate,2026-07-08,592,2267,BEAR_PUT_NF_23700_24000_W300,1,0.5017241379310344
base_rate,2026-07-08,593,2268,BEAR_PUT_NF_23750_23850_W100,1,0.5017241379310344
base_rate,2026-07-08,594,2269,BEAR_PUT_NF_23600_23900_W300,0,0.5017241379310344
base_rate,2026-07-08,595,2270,BEAR_PUT_NF_23650_23900_W250,1,0.5017241379310344
base_rate,2026-07-08,596,2271,BEAR_PUT_NF_23600_23900_W300,1,0.5017241379310344
base_rate,2026-07-08,597,2272,BEAR_PUT_NF_23600_23850_W250,0,0.5017241379310344
base_rate,2026-07-08,598,2273,BEAR_PUT_NF_23600_23900_W300,1,0.5017241379310344
base_rate,2026-07-08,599,2276,BEAR_PUT_NF_23550_23850_W300,0,0.5017241379310344
base_rate,2026-07-08,600,2277,BEAR_PUT_NF_23600_23800_W200,0,0.5017241379310344
base_rate,2026-07-08,601,2278,BEAR_PUT_NF_23450_23850_W400,0,0.5017241379310344
base_rate,2026-07-09,602,2288,BULL_CALL_NF_24400_24000_W400,0,0.5116279069767442
base_rate,2026-07-13,603,2498,BEAR_CALL_BNF_58500_59000_W500,1,0.5107794361525705
base_rate,2026-07-14,604,2518,BEAR_PUT_BNF_56500_57500_W1000,0,0.5115894039735099
base_rate,2026-07-14,605,2529,BEAR_PUT_BNF_56600_57600_W1000,1,0.5115894039735099
base_rate,2026-07-14,606,2580,BEAR_PUT_BNF_56700_57500_W800,1,0.5115894039735099
base_rate,2026-07-14,607,2581,BEAR_PUT_BNF_56500_57500_W1000,1,0.5115894039735099
base_rate,2026-07-14,608,2582,BEAR_PUT_BNF_56500_57500_W1000,0,0.5115894039735099
base_rate,2026-07-16,609,2659,BEAR_PUT_NF_23900_24150_W250,1,0.5123152709359606
base_rate,2026-07-16,610,2660,BEAR_PUT_NF_23850_24150_W300,1,0.5123152709359606
base_rate,2026-07-16,611,2661,BEAR_PUT_NF_23950_24100_W150,1,0.5123152709359606
base_rate,2026-07-16,612,2662,BEAR_PUT_NF_23900_24100_W200,1,0.5123152709359606
base_rate,2026-07-16,613,2678,BEAR_PUT_NF_24050_24150_W100,1,0.5123152709359606
base_rate,2026-07-16,614,2679,BEAR_PUT_NF_24050_24150_W100,1,0.5123152709359606
base_rate,2026-07-16,615,2680,BEAR_PUT_NF_24000_24150_W150,1,0.5123152709359606
base_rate,2026-07-17,616,2736,BEAR_PUT_NF_24000_24200_W200,0,0.5178571428571429
base_rate,2026-07-17,617,2737,BEAR_PUT_NF_24000_24200_W200,0,0.5178571428571429
base_rate,2026-07-17,618,2738,BEAR_PUT_NF_24000_24200_W200,0,0.5178571428571429
base_rate,2026-07-17,619,2739,BEAR_PUT_NF_23950_24250_W300,0,0.5178571428571429
base_rate,2026-07-17,620,2740,BEAR_PUT_NF_23950_24250_W300,0,0.5178571428571429
base_rate,2026-07-17,621,2746,BEAR_PUT_NF_24000_24300_W300,0,0.5178571428571429
base_rate,2026-07-17,622,2747,BEAR_PUT_NF_24050_24250_W200,0,0.5178571428571429
base_rate,2026-07-17,623,2748,BEAR_PUT_NF_24000_24300_W300,0,0.5178571428571429
base_rate,2026-07-17,624,2749,BEAR_PUT_NF_24000_24300_W300,0,0.5178571428571429
base_rate,2026-07-17,625,2750,BEAR_PUT_NF_24050_24250_W200,0,0.5178571428571429
base_rate,2026-07-20,626,2821,BEAR_PUT_NF_24050_24250_W200,0,0.5095846645367412
base_rate,2026-07-20,627,2822,BEAR_PUT_BNF_57000_57800_W800,0,0.5095846645367412
base_rate,2026-07-21,628,2879,BEAR_PUT_NF_24150_24250_W100,1,0.5079617834394905
base_rate,2026-07-21,629,2880,BEAR_PUT_BNF_57500_58100_W600,1,0.5079617834394905
base_rate,2026-07-21,630,2881,BEAR_PUT_NF_24100_24250_W150,1,0.5079617834394905
base_rate,2026-07-21,631,2882,BEAR_PUT_NF_24100_24250_W150,1,0.5079617834394905
base_rate,2026-07-21,632,2883,BEAR_PUT_NF_24150_24250_W100,1,0.5079617834394905
base_rate,2026-07-22,633,2954,BEAR_PUT_NF_23800_24100_W300,1,0.5118483412322274
base_rate,2026-07-22,634,2955,BEAR_PUT_NF_23800_24050_W250,1,0.5118483412322274
base_rate,2026-07-22,635,2956,BEAR_PUT_BNF_56800_57300_W500,1,0.5118483412322274
base_rate,2026-07-23,636,3029,BEAR_PUT_NF_23750_23950_W200,1,0.5141509433962265
frozen_deployed,2026-06-03,63,329,BEAR_CALL_NF_23400_23550_W150,0,0.684729004234802
frozen_deployed,2026-06-03,64,335,BEAR_CALL_NF_23400_23550_W150,0,0.6834467495927194
frozen_deployed,2026-06-03,65,380,BEAR_PUT_NF_23150_23300_W150,0,0.7398867729131415
frozen_deployed,2026-06-03,66,391,BEAR_CALL_NF_23550_23700_W150,1,0.7392093903226182
frozen_deployed,2026-06-03,67,392,BEAR_CALL_NF_23550_23700_W150,1,0.7397511479819943
frozen_deployed,2026-06-03,68,393,BEAR_CALL_NF_23600_23750_W150,1,0.739212871865973
frozen_deployed,2026-06-03,69,394,BEAR_CALL_NF_23550_23700_W150,1,0.7398390795167188
frozen_deployed,2026-06-03,70,395,BEAR_CALL_NF_23550_23700_W150,1,0.740076937242196
frozen_deployed,2026-06-03,71,396,BEAR_CALL_NF_23600_23750_W150,1,0.7384046166691101
frozen_deployed,2026-06-03,72,397,BEAR_CALL_NF_23600_23750_W150,1,0.7394792160770491
frozen_deployed,2026-06-03,73,398,BEAR_CALL_NF_23600_23750_W150,1,0.7397984474181577
frozen_deployed,2026-06-03,74,399,BEAR_CALL_NF_23600_23750_W150,1,0.7390734977676396
frozen_deployed,2026-06-03,75,400,BEAR_CALL_NF_23550_23700_W150,1,0.7398169991173327
frozen_deployed,2026-06-03,76,401,BEAR_CALL_NF_23550_23700_W150,1,0.7399670636589499
frozen_deployed,2026-06-03,77,402,BEAR_CALL_NF_23550_23700_W150,1,0.7388080511666577
frozen_deployed,2026-06-03,78,403,BEAR_CALL_NF_23550_23700_W150,1,0.7387192189285553
frozen_deployed,2026-06-03,79,404,BEAR_CALL_NF_23550_23700_W150,1,0.7391896201570405
frozen_deployed,2026-06-04,80,413,BEAR_PUT_NF_23150_23400_W250,0,0.747885129805878
frozen_deployed,2026-06-04,81,414,BEAR_PUT_BNF_53200_54200_W1000,0,0.7485322503583374
frozen_deployed,2026-06-04,82,415,BEAR_PUT_NF_23200_23400_W200,0,0.746220728069273
frozen_deployed,2026-06-04,83,416,BEAR_PUT_NF_23150_23450_W300,0,0.7484500093796742
frozen_deployed,2026-06-04,84,417,BEAR_PUT_NF_23150_23450_W300,0,0.7483977520902838
frozen_deployed,2026-06-04,85,424,BEAR_PUT_NF_23100_23400_W300,0,0.7483256657682023
frozen_deployed,2026-06-04,86,425,BEAR_PUT_NF_23100_23400_W300,0,0.748401633307772
frozen_deployed,2026-06-04,87,426,BEAR_PUT_BNF_53400_54200_W800,0,0.7485322503583374
frozen_deployed,2026-06-04,88,427,BEAR_PUT_NF_23150_23450_W300,0,0.7484930590214502
frozen_deployed,2026-06-04,89,428,BEAR_PUT_NF_23150_23450_W300,0,0.7485105003352254
frozen_deployed,2026-06-04,90,429,BEAR_PUT_BNF_53400_54400_W1000,0,0.7485322503583374
frozen_deployed,2026-06-04,91,430,BEAR_PUT_BNF_53300_54300_W1000,0,0.7485322503583374
frozen_deployed,2026-06-04,92,457,BEAR_PUT_BNF_53100_54100_W1000,0,0.7485322503583374
frozen_deployed,2026-06-04,93,458,BEAR_PUT_BNF_53100_54100_W1000,0,0.7485322503583374
frozen_deployed,2026-06-04,94,459,BEAR_PUT_NF_23150_23350_W200,0,0.7462229153071278
frozen_deployed,2026-06-04,95,460,BEAR_PUT_BNF_53100_54100_W1000,0,0.7485322503583374
frozen_deployed,2026-06-04,96,471,BULL_PUT_BNF_54000_53600_W400,1,0.7485322503583374
frozen_deployed,2026-06-04,97,472,BULL_PUT_BNF_54000_53600_W400,0,0.7485322503583374
frozen_deployed,2026-06-04,98,473,BULL_PUT_BNF_54000_53600_W400,0,0.7485322503583374
frozen_deployed,2026-06-04,99,474,BULL_PUT_BNF_54000_53600_W400,0,0.7485322503583374
frozen_deployed,2026-06-04,100,476,BULL_PUT_BNF_54000_53600_W400,1,0.7485322503583374
frozen_deployed,2026-06-04,101,478,BULL_PUT_BNF_54000_53600_W400,0,0.7485322503583374
frozen_deployed,2026-06-04,102,479,BULL_PUT_BNF_54000_53600_W400,0,0.7485322503583374
frozen_deployed,2026-06-04,103,480,BULL_PUT_BNF_54000_53600_W400,0,0.7485322503583374
frozen_deployed,2026-06-04,104,481,BULL_PUT_BNF_54000_53600_W400,0,0.7485322503583374
frozen_deployed,2026-06-05,105,497,BEAR_PUT_BNF_53900_54700_W800,1,0.7485322503583374
frozen_deployed,2026-06-05,106,498,BEAR_PUT_BNF_53800_54600_W800,1,0.7485322503583374
frozen_deployed,2026-06-05,107,499,BEAR_PUT_NF_23200_23450_W250,1,0.7485322503583374
frozen_deployed,2026-06-05,108,500,BEAR_PUT_NF_23200_23350_W150,0,0.746605569756984
frozen_deployed,2026-06-05,109,501,BEAR_PUT_BNF_53300_54300_W1000,0,0.7485322503583374
frozen_deployed,2026-06-05,110,502,BEAR_PUT_BNF_53600_54400_W800,0,0.7485322503583374
frozen_deployed,2026-06-05,111,503,BEAR_PUT_NF_23150_23400_W250,0,0.7485322503583374
frozen_deployed,2026-06-05,112,504,BEAR_PUT_BNF_53700_54500_W800,0,0.7485322503583374
frozen_deployed,2026-06-05,113,505,BEAR_PUT_NF_23250_23500_W250,1,0.7485322503583374
frozen_deployed,2026-06-05,114,506,BEAR_PUT_BNF_54000_54800_W800,1,0.7485322503583374
frozen_deployed,2026-06-05,115,507,BEAR_PUT_NF_23250_23450_W200,1,0.74733673581927
frozen_deployed,2026-06-05,116,508,BEAR_PUT_BNF_53800_54600_W800,1,0.7485322503583374
frozen_deployed,2026-06-05,117,509,BEAR_PUT_NF_23200_23450_W250,1,0.7485322503583374
frozen_deployed,2026-06-05,118,510,BEAR_PUT_BNF_53800_54600_W800,1,0.7485322503583374
frozen_deployed,2026-06-05,119,511,BEAR_PUT_NF_23250_23400_W150,1,0.7465574554130328
frozen_deployed,2026-06-05,120,512,BEAR_PUT_BNF_53800_54600_W800,1,0.7485322503583374
frozen_deployed,2026-06-05,121,523,BEAR_PUT_BNF_53500_54500_W1000,0,0.7485322503583374
frozen_deployed,2026-06-05,122,534,BEAR_PUT_BNF_53200_54200_W1000,0,0.7485322503583374
frozen_deployed,2026-06-05,123,535,BEAR_PUT_NF_23100_23300_W200,0,0.7476131144048547
frozen_deployed,2026-06-05,124,542,BULL_PUT_BNF_54000_53600_W400,1,0.7485322503583374
frozen_deployed,2026-06-05,125,543,BEAR_PUT_BNF_53400_54400_W1000,0,0.7485322503583374
frozen_deployed,2026-06-05,126,544,BEAR_PUT_BNF_53500_54300_W800,0,0.7485322503583374
frozen_deployed,2026-06-05,127,545,BEAR_PUT_NF_23150_23350_W200,0,0.7475985810874787
frozen_deployed,2026-06-05,128,546,BEAR_PUT_BNF_53900_54500_W600,1,0.7485322503583374
frozen_deployed,2026-06-05,129,547,BEAR_PUT_NF_23150_23400_W250,0,0.7485136711952216
frozen_deployed,2026-06-05,130,548,BEAR_PUT_BNF_53700_54500_W800,0,0.7485322503583374
frozen_deployed,2026-06-05,131,549,BEAR_PUT_NF_23150_23350_W200,0,0.7474100993476629
frozen_deployed,2026-06-05,132,550,BEAR_PUT_BNF_53700_54500_W800,0,0.7485322503583374
frozen_deployed,2026-06-05,133,551,BEAR_PUT_BNF_53700_54500_W800,0,0.7485322503583374
frozen_deployed,2026-06-05,134,554,BEAR_PUT_BNF_53700_54500_W800,0,0.7485322503583374
frozen_deployed,2026-06-08,135,578,BEAR_PUT_NF_22950_23200_W250,1,0.7441898799252848
frozen_deployed,2026-06-08,136,612,BEAR_CALL_NF_23300_23450_W150,1,0.6956937921526976
frozen_deployed,2026-06-08,137,613,BEAR_CALL_NF_23300_23450_W150,1,0.6961079089444637
frozen_deployed,2026-06-08,138,614,BEAR_CALL_NF_23300_23450_W150,1,0.695548182315216
frozen_deployed,2026-06-08,139,615,BEAR_CALL_NF_23300_23450_W150,1,0.6952783335435399
frozen_deployed,2026-06-08,140,616,BEAR_CALL_NF_23350_23500_W150,1,0.6897566748924218
frozen_deployed,2026-06-08,141,617,BEAR_CALL_NF_23300_23450_W150,1,0.6954405567675387
frozen_deployed,2026-06-08,142,618,BEAR_CALL_NF_23350_23500_W150,1,0.6942456201924869
frozen_deployed,2026-06-08,143,619,BEAR_CALL_NF_23350_23500_W150,1,0.6920525522620979
frozen_deployed,2026-06-08,144,620,BULL_PUT_NF_23000_22850_W150,0,0.6959073214238163
frozen_deployed,2026-06-08,145,621,BEAR_CALL_NF_23300_23450_W150,1,0.6961725824140186
frozen_deployed,2026-06-08,146,622,BEAR_CALL_NF_23250_23400_W150,0,0.6951688074313738
frozen_deployed,2026-06-08,147,623,BEAR_CALL_NF_23300_23450_W150,0,0.685639154514927
frozen_deployed,2026-06-08,148,624,BEAR_CALL_NF_23300_23450_W150,0,0.6896309291690628
frozen_deployed,2026-06-08,149,625,BEAR_CALL_NF_23250_23400_W150,0,0.6957783197021697
frozen_deployed,2026-06-08,150,626,BEAR_PUT_NF_22950_23100_W150,0,0.7321202153386993
frozen_deployed,2026-06-09,151,654,BEAR_PUT_BNF_53500_54500_W1000,0,0.7485322503583374
frozen_deployed,2026-06-09,152,655,BEAR_PUT_BNF_53600_54600_W1000,0,0.7485322503583374
frozen_deployed,2026-06-09,153,656,BEAR_PUT_BNF_53600_54600_W1000,0,0.7485322503583374
frozen_deployed,2026-06-09,154,659,BEAR_PUT_NF_23000_23200_W200,0,0.7325915281996429
frozen_deployed,2026-06-09,155,660,BEAR_PUT_NF_23050_23200_W150,0,0.7340509349399424
frozen_deployed,2026-06-09,156,661,BULL_PUT_BNF_54500_54100_W400,1,0.7484326923328414
frozen_deployed,2026-06-09,157,662,BEAR_PUT_NF_23100_23200_W100,0,0.7113255139719521
frozen_deployed,2026-06-09,158,663,BEAR_PUT_NF_23050_23200_W150,0,0.7328616186550536
frozen_deployed,2026-06-09,159,664,BEAR_CALL_BNF_55300_55800_W500,0,0.7485322503583374
frozen_deployed,2026-06-09,160,665,BULL_PUT_BNF_54500_54100_W400,1,0.7483425432291044
frozen_deployed,2026-06-09,161,666,BULL_PUT_BNF_54500_54100_W400,1,0.7483269545424645
frozen_deployed,2026-06-09,162,667,BULL_PUT_BNF_54500_54100_W400,1,0.7483140871707172
frozen_deployed,2026-06-09,163,668,BEAR_PUT_BNF_54000_55000_W1000,0,0.7485322503583374
frozen_deployed,2026-06-09,164,670,BULL_PUT_BNF_54500_54100_W400,1,0.748282821725299
frozen_deployed,2026-06-09,165,673,BULL_PUT_BNF_54500_54100_W400,1,0.7482943009055414
frozen_deployed,2026-06-09,166,685,BULL_PUT_BNF_54600_54200_W400,1,0.7482497192405004
frozen_deployed,2026-06-12,167,876,BEAR_PUT_NF_23150_23350_W200,0,0.7470613955449973
frozen_deployed,2026-06-12,168,877,BEAR_PUT_NF_23150_23350_W200,0,0.7470956353985636
frozen_deployed,2026-06-12,169,928,BULL_PUT_NF_23450_23300_W150,1,0.7440570167823081
frozen_deployed,2026-06-15,170,1000,BEAR_CALL_NF_24000_24150_W150,1,0.7330174046576221
frozen_deployed,2026-06-15,171,1001,BEAR_CALL_NF_24050_24200_W150,1,0.7293690487971731
frozen_deployed,2026-06-15,172,1002,BEAR_CALL_NF_24050_24200_W150,1,0.727969342497893
frozen_deployed,2026-06-15,173,1003,BEAR_CALL_NF_24050_24200_W150,1,0.7293551160107481
frozen_deployed,2026-06-15,174,1004,BEAR_CALL_NF_24050_24200_W150,1,0.7293683739356296
frozen_deployed,2026-06-15,175,1005,BEAR_CALL_NF_24050_24200_W150,1,0.7303377442611239
frozen_deployed,2026-06-15,176,1006,BULL_PUT_NF_23800_23650_W150,0,0.7339068687062846
frozen_deployed,2026-06-15,177,1007,BULL_PUT_NF_23750_23600_W150,0,0.725927030183497
frozen_deployed,2026-06-15,178,1008,BULL_PUT_NF_23750_23600_W150,0,0.725911251059006
frozen_deployed,2026-06-15,179,1009,BULL_PUT_NF_23750_23600_W150,0,0.7290853222492243
frozen_deployed,2026-06-15,180,1010,BULL_PUT_NF_23750_23600_W150,0,0.7324990928740742
frozen_deployed,2026-06-15,181,1011,BEAR_CALL_NF_24000_24150_W150,1,0.7296780567276822
frozen_deployed,2026-06-15,182,1012,BEAR_CALL_NF_24000_24150_W150,1,0.7279761715297763
frozen_deployed,2026-06-15,183,1013,BEAR_CALL_NF_24000_24150_W150,0,0.7260586033112113
frozen_deployed,2026-06-15,184,1014,BEAR_CALL_NF_24000_24150_W150,1,0.7279164376940318
frozen_deployed,2026-06-15,185,1015,BEAR_CALL_NF_24000_24150_W150,1,0.7265415554632547
frozen_deployed,2026-06-15,186,938,BEAR_CALL_NF_24100_24250_W150,1,0.7279638472680428
frozen_deployed,2026-06-15,187,939,BEAR_CALL_NF_24100_24250_W150,1,0.7282492071635553
frozen_deployed,2026-06-15,188,940,BEAR_CALL_NF_24100_24250_W150,1,0.727910605196767
frozen_deployed,2026-06-15,189,941,BEAR_CALL_NF_24100_24250_W150,1,0.7278615791644021
frozen_deployed,2026-06-15,190,942,BEAR_PUT_NF_23750_23950_W200,1,0.7459378358748742
frozen_deployed,2026-06-15,191,943,BEAR_CALL_NF_24100_24250_W150,1,0.7295437391301614
frozen_deployed,2026-06-17,192,1105,BEAR_PUT_BNF_56500_57500_W1000,0,0.7485322503583374
frozen_deployed,2026-06-17,193,1106,BEAR_PUT_NF_23800_24100_W300,0,0.7461503976277997
frozen_deployed,2026-06-17,194,1107,BEAR_PUT_BNF_56500_57500_W1000,0,0.7485322503583374
frozen_deployed,2026-06-17,195,1108,BEAR_PUT_NF_23800_24100_W300,0,0.7461996181547648
frozen_deployed,2026-06-17,196,1109,BEAR_PUT_NF_23800_24100_W300,0,0.746199860678548
frozen_deployed,2026-06-22,197,1393,BEAR_CALL_NF_24250_24400_W150,1,0.6573017545012032
frozen_deployed,2026-06-22,198,1394,BULL_PUT_NF_24000_23850_W150,0,0.6715909974184968
frozen_deployed,2026-06-22,199,1395,BULL_PUT_NF_24000_23850_W150,0,0.6715506571712561
frozen_deployed,2026-06-22,200,1396,BEAR_CALL_NF_24250_24400_W150,1,0.678278698080217
frozen_deployed,2026-06-22,201,1397,BEAR_CALL_NF_24250_24400_W150,1,0.6780161806425739
frozen_deployed,2026-06-22,202,1398,BULL_PUT_NF_24000_23850_W150,0,0.662235153623147
frozen_deployed,2026-06-22,203,1399,BEAR_CALL_NF_24250_24400_W150,1,0.6779618802448157
frozen_deployed,2026-06-22,204,1400,BEAR_CALL_NF_24250_24400_W150,1,0.687698502590284
frozen_deployed,2026-06-22,205,1401,BEAR_CALL_NF_24250_24400_W150,1,0.6775835084063007
frozen_deployed,2026-06-22,206,1402,BEAR_CALL_NF_24250_24400_W150,1,0.6782420276090193
frozen_deployed,2026-06-22,207,1403,BEAR_CALL_NF_24250_24400_W150,1,0.6535921351127643
frozen_deployed,2026-06-22,208,1404,BULL_PUT_NF_24000_23850_W150,1,0.6849912885804883
frozen_deployed,2026-06-22,209,1405,BULL_PUT_NF_24000_23850_W150,1,0.6648897471338819
frozen_deployed,2026-06-22,210,1406,BEAR_CALL_NF_24200_24350_W150,0,0.6948165008917289
frozen_deployed,2026-06-23,211,1411,BEAR_CALL_BNF_58400_58800_W400,1,0.7459877466181863
frozen_deployed,2026-06-23,212,1441,BEAR_PUT_NF_23900_24100_W200,1,0.712314366613626
frozen_deployed,2026-06-23,213,1442,BEAR_PUT_BNF_57200_57600_W400,1,0.7472573586918494
frozen_deployed,2026-06-23,214,1443,BEAR_PUT_BNF_57300_57600_W300,1,0.7452973607820795
frozen_deployed,2026-06-23,215,1444,BEAR_PUT_NF_23900_24000_W100,1,0.7119126909938635
frozen_deployed,2026-06-23,216,1445,BEAR_PUT_BNF_57100_57500_W400,1,0.74677397737188
frozen_deployed,2026-06-23,217,1446,BEAR_PUT_BNF_57100_57500_W400,1,0.7468176049974549
frozen_deployed,2026-06-23,218,1447,BEAR_PUT_BNF_57100_57500_W400,1,0.7467900312012862
frozen_deployed,2026-06-23,219,1448,BEAR_CALL_BNF_58000_58400_W400,1,0.7465581056102746
frozen_deployed,2026-06-23,220,1449,BEAR_CALL_BNF_57900_58300_W400,1,0.7485322503583374
frozen_deployed,2026-06-23,221,1450,BEAR_CALL_BNF_57900_58300_W400,1,0.7485241707521217
frozen_deployed,2026-06-23,222,1451,BEAR_CALL_BNF_57900_58300_W400,1,0.7484777845867867
frozen_deployed,2026-06-23,223,1452,BEAR_CALL_BNF_57900_58300_W400,1,0.7484777845867867
frozen_deployed,2026-06-23,224,1453,BEAR_CALL_BNF_57900_58300_W400,1,0.7485322503583374
frozen_deployed,2026-06-23,225,1454,BEAR_CALL_BNF_58000_58400_W400,1,0.7455362187623938
frozen_deployed,2026-06-23,226,1455,BEAR_CALL_BNF_58000_58400_W400,1,0.7480841340438267
frozen_deployed,2026-06-23,227,1456,BEAR_CALL_BNF_57900_58300_W400,1,0.7485322503583374
frozen_deployed,2026-06-23,228,1457,BEAR_CALL_BNF_57900_58300_W400,1,0.7485322503583374
frozen_deployed,2026-06-23,229,1458,BEAR_CALL_BNF_57900_58300_W400,1,0.7485322503583374
frozen_deployed,2026-06-23,230,1459,BEAR_CALL_BNF_57900_58300_W400,1,0.7485322503583374
frozen_deployed,2026-06-23,231,1460,BEAR_CALL_BNF_58000_58400_W400,1,0.7483010901994425
frozen_deployed,2026-06-23,232,1461,BEAR_CALL_BNF_57900_58300_W400,1,0.7485322503583374
frozen_deployed,2026-06-23,233,1462,BEAR_CALL_BNF_57900_58300_W400,1,0.7485322503583374
frozen_deployed,2026-06-23,234,1463,BEAR_CALL_BNF_58000_58400_W400,1,0.7485322503583374
frozen_deployed,2026-06-23,235,1464,BEAR_CALL_BNF_57900_58300_W400,1,0.7485322503583374
frozen_deployed,2026-06-23,236,1465,BEAR_CALL_BNF_57900_58300_W400,1,0.7485322503583374
frozen_deployed,2026-06-23,237,1466,BEAR_CALL_BNF_57900_58300_W400,1,0.7485322503583374
frozen_deployed,2026-06-23,238,1467,BEAR_CALL_BNF_57900_58300_W400,1,0.7485322503583374
frozen_deployed,2026-06-23,239,1468,BEAR_CALL_BNF_57800_58200_W400,1,0.7485322503583374
frozen_deployed,2026-06-23,240,1469,BEAR_CALL_BNF_57800_58200_W400,1,0.7485322503583374
frozen_deployed,2026-06-23,241,1470,BEAR_CALL_BNF_57800_58200_W400,1,0.7485322503583374
frozen_deployed,2026-06-23,242,1471,BEAR_CALL_BNF_57800_58200_W400,1,0.7485322503583374
frozen_deployed,2026-06-23,243,1472,BEAR_CALL_BNF_57800_58200_W400,1,0.7485322503583374
frozen_deployed,2026-06-23,244,1473,BEAR_CALL_BNF_57800_58200_W400,1,0.7485322503583374
frozen_deployed,2026-06-23,245,1474,BEAR_CALL_BNF_57800_58200_W400,1,0.7485322503583374
frozen_deployed,2026-06-23,246,1475,BEAR_CALL_BNF_57800_58200_W400,1,0.7485322503583374
frozen_deployed,2026-06-23,247,1476,BEAR_CALL_BNF_57800_58200_W400,1,0.7485322503583374
frozen_deployed,2026-06-23,248,1477,BEAR_CALL_BNF_57800_58200_W400,1,0.7485322503583374
frozen_deployed,2026-06-23,249,1478,BEAR_CALL_BNF_57900_58300_W400,1,0.7485322503583374
frozen_deployed,2026-06-23,250,1479,BEAR_CALL_BNF_57800_58200_W400,1,0.7485322503583374
frozen_deployed,2026-06-23,251,1480,BEAR_CALL_BNF_57900_58300_W400,1,0.7485322503583374
frozen_deployed,2026-06-23,252,1482,BEAR_CALL_BNF_57800_58200_W400,1,0.7485322503583374
frozen_deployed,2026-06-23,253,1483,BEAR_CALL_BNF_57800_58200_W400,1,0.7485322503583374
frozen_deployed,2026-06-23,254,1484,BEAR_CALL_BNF_57900_58300_W400,1,0.7481864535588245
frozen_deployed,2026-06-23,255,1485,BEAR_CALL_BNF_57900_58300_W400,1,0.7481132647201504
frozen_deployed,2026-06-23,256,1486,BEAR_CALL_BNF_57900_58300_W400,1,0.7456193077020496
frozen_deployed,2026-06-23,257,1487,BEAR_CALL_BNF_57900_58300_W400,1,0.7480558589214925
frozen_deployed,2026-06-23,258,1488,BEAR_PUT_NF_23650_23850_W200,0,0.7159184252984314
frozen_deployed,2026-06-23,259,1489,BEAR_PUT_NF_23650_23850_W200,1,0.7034593642334985
frozen_deployed,2026-06-23,260,1490,BEAR_PUT_NF_23600_23850_W250,0,0.7008177710758963
frozen_deployed,2026-06-23,261,1491,BEAR_CALL_BNF_57500_57900_W400,0,0.7485322503583374
frozen_deployed,2026-06-23,262,1492,BEAR_CALL_BNF_57500_57900_W400,0,0.7485322503583374
frozen_deployed,2026-06-24,263,1496,BEAR_PUT_NF_23700_23850_W150,0,0.7440752565273271
frozen_deployed,2026-06-24,264,1497,BEAR_PUT_NF_23700_23850_W150,0,0.7440327176601722
frozen_deployed,2026-06-24,265,1498,BEAR_PUT_NF_23650_23900_W250,0,0.7477472455042099
frozen_deployed,2026-06-24,266,1499,BEAR_PUT_NF_23700_23850_W150,0,0.7442866962933017
frozen_deployed,2026-06-24,267,1500,BEAR_PUT_NF_23600_23900_W300,0,0.7483891360763364
frozen_deployed,2026-06-24,268,1501,BEAR_CALL_BNF_58000_58400_W400,0,0.7485322503583374
frozen_deployed,2026-06-24,269,1502,BEAR_PUT_BNF_56800_57400_W600,0,0.7485322503583374
frozen_deployed,2026-06-24,270,1503,BEAR_PUT_NF_23550_23850_W300,0,0.7484677443846383
frozen_deployed,2026-06-24,271,1504,BEAR_PUT_NF_23600_23850_W250,0,0.7477456266424675
frozen_deployed,2026-06-24,272,1505,BEAR_PUT_NF_23650_23900_W250,0,0.7476530276987643
frozen_deployed,2026-06-24,273,1506,BEAR_PUT_NF_23700_23900_W200,0,0.7457381380879391
frozen_deployed,2026-06-24,274,1507,BEAR_PUT_NF_23700_23900_W200,0,0.7451835163512948
frozen_deployed,2026-06-24,275,1508,BEAR_PUT_NF_23700_23900_W200,0,0.7452025654192516
frozen_deployed,2026-06-24,276,1509,BEAR_PUT_NF_23750_23950_W200,0,0.7456154543114117
frozen_deployed,2026-06-24,277,1510,BEAR_CALL_BNF_58200_58600_W400,0,0.7485322503583374
frozen_deployed,2026-06-24,278,1511,BEAR_CALL_BNF_58200_58600_W400,0,0.7485322503583374
frozen_deployed,2026-06-24,279,1512,BEAR_CALL_BNF_58200_58600_W400,0,0.7485322503583374
frozen_deployed,2026-06-24,280,1513,BEAR_CALL_BNF_58200_58600_W400,0,0.7484678157626052
frozen_deployed,2026-06-24,281,1514,BEAR_CALL_BNF_58200_58600_W400,0,0.7485322503583374
frozen_deployed,2026-06-24,282,1515,BEAR_CALL_BNF_58200_58600_W400,0,0.7485322503583374
frozen_deployed,2026-06-24,283,1516,BEAR_CALL_BNF_58200_58600_W400,0,0.7485322503583374
frozen_deployed,2026-06-24,284,1517,BEAR_CALL_BNF_58300_58700_W400,0,0.7480886021847271
frozen_deployed,2026-06-24,285,1518,BEAR_PUT_NF_23750_24000_W250,0,0.7470928819877022
frozen_deployed,2026-06-24,286,1519,BEAR_PUT_NF_23750_24000_W250,0,0.7471877170591228
frozen_deployed,2026-06-24,287,1520,BEAR_PUT_NF_23800_23950_W150,0,0.7438531048992345
frozen_deployed,2026-06-24,288,1521,BEAR_PUT_NF_23700_24000_W300,0,0.7483916683787011
frozen_deployed,2026-06-24,289,1522,BEAR_CALL_BNF_58400_58800_W400,0,0.7484516092518221
frozen_deployed,2026-06-24,290,1523,BEAR_CALL_BNF_58400_58800_W400,0,0.7485322503583374
frozen_deployed,2026-06-24,291,1524,BEAR_CALL_BNF_58500_58900_W400,0,0.7475273695298771
frozen_deployed,2026-06-24,292,1525,BEAR_CALL_BNF_58500_58900_W400,0,0.7481762394616187
frozen_deployed,2026-06-24,293,1526,BEAR_CALL_BNF_58600_59000_W400,1,0.747587754979794
frozen_deployed,2026-06-24,294,1527,BEAR_CALL_BNF_58600_59000_W400,1,0.7479016421246929
frozen_deployed,2026-06-24,295,1528,BEAR_CALL_BNF_58600_59000_W400,1,0.7476570114610186
frozen_deployed,2026-06-24,296,1529,BEAR_CALL_BNF_58600_59000_W400,1,0.7478640207742573
frozen_deployed,2026-06-24,297,1530,BEAR_CALL_BNF_58600_59000_W400,0,0.7478164264654841
frozen_deployed,2026-06-24,298,1531,BEAR_CALL_BNF_58500_58900_W400,0,0.7485322503583374
frozen_deployed,2026-06-24,299,1532,BEAR_CALL_BNF_58600_59000_W400,1,0.7479860505720436
frozen_deployed,2026-06-24,300,1533,BEAR_CALL_BNF_58600_59000_W400,1,0.7485264478831128
frozen_deployed,2026-06-24,301,1534,BEAR_CALL_BNF_58600_59000_W400,0,0.7475786010303576
frozen_deployed,2026-06-24,302,1538,BEAR_CALL_BNF_58500_58900_W400,0,0.7485031065859324
frozen_deployed,2026-06-24,303,1539,BEAR_CALL_BNF_58500_58900_W400,0,0.7485322503583374
frozen_deployed,2026-06-24,304,1541,BEAR_CALL_BNF_58500_58900_W400,0,0.7485322503583374
frozen_deployed,2026-06-24,305,1542,BEAR_CALL_BNF_58500_58900_W400,0,0.7481220573554193
frozen_deployed,2026-06-24,306,1551,BEAR_CALL_BNF_58700_59100_W400,1,0.7455022923171722
frozen_deployed,2026-06-29,307,1668,BULL_PUT_NF_24000_23850_W150,0,0.7137361886391924
frozen_deployed,2026-06-29,308,1669,BULL_PUT_NF_24000_23850_W150,0,0.7153235117406178
frozen_deployed,2026-06-29,309,1671,BULL_PUT_NF_24000_23850_W150,0,0.7136436331288114
frozen_deployed,2026-06-29,310,1692,BEAR_CALL_NF_24100_24250_W150,1,0.7295062797553465
frozen_deployed,2026-06-29,311,1693,BEAR_CALL_NF_24100_24250_W150,1,0.7282312380540499
frozen_deployed,2026-06-29,312,1694,BEAR_CALL_NF_24100_24250_W150,1,0.7288259767149463
frozen_deployed,2026-06-29,313,1695,BEAR_CALL_NF_24100_24250_W150,1,0.7283063580762839
frozen_deployed,2026-06-29,314,1696,BEAR_CALL_NF_24100_24250_W150,1,0.7270827323018291
frozen_deployed,2026-06-29,315,1697,BEAR_CALL_NF_24100_24250_W150,1,0.724885885642433
frozen_deployed,2026-06-29,316,1698,BEAR_CALL_NF_24100_24250_W150,1,0.7267231937914365
frozen_deployed,2026-06-29,317,1699,BEAR_CALL_NF_24100_24250_W150,1,0.7268259412931094
frozen_deployed,2026-06-29,318,1716,BULL_PUT_BNF_57400_57000_W400,0,0.7430586083338155
frozen_deployed,2026-06-29,319,1717,BULL_PUT_BNF_57400_57000_W400,0,0.7429071728843539
frozen_deployed,2026-06-29,320,1718,BULL_PUT_BNF_57400_57000_W400,0,0.7460827313311073
frozen_deployed,2026-06-29,321,1719,BEAR_CALL_BNF_58400_58800_W400,1,0.7399927499225849
frozen_deployed,2026-06-29,322,1720,BULL_PUT_BNF_57400_57000_W400,0,0.7450737251116033
frozen_deployed,2026-06-29,323,1721,BULL_PUT_BNF_57400_57000_W400,0,0.7430695980401871
frozen_deployed,2026-06-29,324,1722,BULL_PUT_BNF_57400_57000_W400,0,0.7427285068088398
frozen_deployed,2026-06-29,325,1723,BEAR_CALL_BNF_58400_58800_W400,1,0.7393119195135733
frozen_deployed,2026-06-29,326,1724,BULL_PUT_BNF_57400_57000_W400,0,0.7425378098506057
frozen_deployed,2026-06-29,327,1725,BULL_PUT_BNF_57400_57000_W400,0,0.7429942503082745
frozen_deployed,2026-06-29,328,1726,BEAR_CALL_BNF_58300_58700_W400,1,0.7413333016197039
frozen_deployed,2026-06-29,329,1727,BULL_PUT_BNF_57300_56900_W400,1,0.7461353598897161
frozen_deployed,2026-06-29,330,1728,BULL_PUT_BNF_57200_56800_W400,1,0.7427919020503723
frozen_deployed,2026-06-29,331,1729,BEAR_CALL_BNF_58200_58600_W400,1,0.7406658815186357
frozen_deployed,2026-07-01,332,1817,BEAR_CALL_BNF_58100_58500_W400,0,0.7485322503583374
frozen_deployed,2026-07-01,333,1818,BEAR_CALL_BNF_58000_58600_W600,0,0.7485322503583374
frozen_deployed,2026-07-01,334,1819,BEAR_CALL_BNF_58000_58500_W500,0,0.7485322503583374
frozen_deployed,2026-07-01,335,1820,BEAR_CALL_BNF_58100_58500_W400,0,0.7485322503583374
frozen_deployed,2026-07-01,336,1821,BEAR_CALL_BNF_58200_58700_W500,0,0.7485322503583374
frozen_deployed,2026-07-01,337,1822,BEAR_CALL_BNF_58200_58600_W400,0,0.7485322503583374
frozen_deployed,2026-07-01,338,1823,BEAR_CALL_BNF_58100_58600_W500,0,0.7485322503583374
frozen_deployed,2026-07-01,339,1824,BEAR_CALL_BNF_58200_58600_W400,0,0.7485322503583374
frozen_deployed,2026-07-01,340,1825,BEAR_CALL_BNF_58100_58500_W400,0,0.7485322503583374
frozen_deployed,2026-07-01,341,1826,BEAR_CALL_BNF_58200_58700_W500,0,0.7485322503583374
frozen_deployed,2026-07-01,342,1827,BEAR_CALL_BNF_58200_58800_W600,0,0.7485322503583374
frozen_deployed,2026-07-01,343,1828,BEAR_CALL_BNF_58300_58900_W600,0,0.7485322503583374
frozen_deployed,2026-07-01,344,1829,BEAR_CALL_BNF_58300_58900_W600,0,0.7485322503583374
frozen_deployed,2026-07-01,345,1830,BEAR_CALL_BNF_58300_58900_W600,0,0.7485322503583374
frozen_deployed,2026-07-01,346,1831,BEAR_CALL_BNF_58300_58900_W600,0,0.7485322503583374
frozen_deployed,2026-07-01,347,1832,BEAR_CALL_BNF_58200_58600_W400,0,0.7482137024689792
frozen_deployed,2026-07-01,348,1833,BEAR_CALL_BNF_58200_58600_W400,0,0.7472325690530979
frozen_deployed,2026-07-01,349,1834,BEAR_CALL_BNF_58200_58600_W400,0,0.7485322503583374
frozen_deployed,2026-07-01,350,1835,BEAR_CALL_BNF_58200_58600_W400,0,0.7482223901704388
frozen_deployed,2026-07-01,351,1836,BEAR_CALL_BNF_58200_58800_W600,0,0.7485322503583374
frozen_deployed,2026-07-01,352,1837,BEAR_CALL_BNF_58300_58900_W600,0,0.7485322503583374
frozen_deployed,2026-07-01,353,1838,BEAR_CALL_BNF_58300_58900_W600,0,0.7485322503583374
frozen_deployed,2026-07-01,354,1839,BEAR_CALL_BNF_58400_59000_W600,0,0.7485322503583374
frozen_deployed,2026-07-01,355,1840,BEAR_CALL_BNF_58400_59000_W600,0,0.7485322503583374
frozen_deployed,2026-07-01,356,1841,BEAR_CALL_BNF_58400_58800_W400,0,0.7471916588862584
frozen_deployed,2026-07-01,357,1842,BEAR_CALL_BNF_58400_58800_W400,0,0.7472671664668293
frozen_deployed,2026-07-01,358,1843,BEAR_CALL_BNF_58300_58900_W600,0,0.7485322503583374
frozen_deployed,2026-07-01,359,1847,BEAR_CALL_BNF_58300_58800_W500,0,0.7413638898778505
frozen_deployed,2026-07-01,360,1848,BEAR_CALL_BNF_58400_58900_W500,0,0.7485322503583374
frozen_deployed,2026-07-01,361,1849,BEAR_CALL_BNF_58400_59000_W600,0,0.7485322503583374
frozen_deployed,2026-07-01,362,1850,BEAR_CALL_BNF_58400_59000_W600,0,0.7485322503583374
frozen_deployed,2026-07-01,363,1851,BEAR_CALL_BNF_58500_59000_W500,0,0.7485322503583374
frozen_deployed,2026-07-01,364,1852,BEAR_CALL_BNF_58500_59000_W500,0,0.7485322503583374
frozen_deployed,2026-07-01,365,1853,BEAR_CALL_BNF_58500_59000_W500,0,0.7485322503583374
frozen_deployed,2026-07-01,366,1854,BEAR_CALL_BNF_58500_59000_W500,0,0.7485322503583374
frozen_deployed,2026-07-01,367,1855,BEAR_CALL_BNF_58500_59000_W500,0,0.7485322503583374
frozen_deployed,2026-07-01,368,1856,BEAR_CALL_BNF_58500_59000_W500,1,0.7485322503583374
frozen_deployed,2026-07-01,369,1857,BEAR_CALL_BNF_58500_59100_W600,1,0.7485322503583374
frozen_deployed,2026-07-01,370,1860,BEAR_CALL_BNF_58500_59000_W500,1,0.7485322503583374
frozen_deployed,2026-07-01,371,1861,BEAR_CALL_BNF_58500_59000_W500,1,0.7485322503583374
frozen_deployed,2026-07-01,372,1862,BEAR_CALL_BNF_58500_59000_W500,0,0.7485322503583374
frozen_deployed,2026-07-01,373,1863,BEAR_CALL_BNF_58500_59000_W500,0,0.7485322503583374
frozen_deployed,2026-07-01,374,1864,BEAR_CALL_BNF_58500_59000_W500,0,0.7485322503583374
frozen_deployed,2026-07-01,375,1865,BEAR_CALL_BNF_58500_59000_W500,0,0.7485322503583374
frozen_deployed,2026-07-01,376,1866,BEAR_CALL_BNF_58500_59000_W500,0,0.7485322503583374
frozen_deployed,2026-07-01,377,1867,BEAR_CALL_BNF_58400_59000_W600,0,0.7485322503583374
frozen_deployed,2026-07-01,378,1868,BEAR_CALL_BNF_58500_59000_W500,0,0.7485322503583374
frozen_deployed,2026-07-01,379,1869,BEAR_CALL_BNF_58500_59100_W600,0,0.7485322503583374
frozen_deployed,2026-07-01,380,1870,BEAR_CALL_BNF_58500_59000_W500,0,0.7485322503583374
frozen_deployed,2026-07-01,381,1871,BEAR_CALL_BNF_58500_59000_W500,0,0.7485322503583374
frozen_deployed,2026-07-01,382,1872,BEAR_CALL_BNF_58500_59000_W500,0,0.7485322503583374
frozen_deployed,2026-07-01,383,1894,BEAR_CALL_BNF_58400_59000_W600,0,0.7485322503583374
frozen_deployed,2026-07-01,384,1895,BEAR_CALL_BNF_58500_59000_W500,0,0.7485322503583374
frozen_deployed,2026-07-01,385,1896,BEAR_CALL_BNF_58600_59000_W400,1,0.7459876914276147
frozen_deployed,2026-07-01,386,1897,BEAR_CALL_BNF_58600_59000_W400,1,0.7459315023546627
frozen_deployed,2026-07-01,387,1898,BEAR_CALL_BNF_58500_59000_W500,0,0.7485322503583374
frozen_deployed,2026-07-01,388,1899,BEAR_CALL_BNF_58500_59000_W500,1,0.7485322503583374
frozen_deployed,2026-07-01,389,1900,BEAR_CALL_BNF_58500_59000_W500,0,0.7485322503583374
frozen_deployed,2026-07-02,390,1907,BEAR_CALL_BNF_58700_59200_W500,1,0.7485322503583374
frozen_deployed,2026-07-02,391,1908,BEAR_CALL_BNF_58600_59200_W600,1,0.7485322503583374
frozen_deployed,2026-07-02,392,1909,BEAR_CALL_BNF_58700_59200_W500,1,0.7485322503583374
frozen_deployed,2026-07-02,393,1910,BEAR_PUT_NF_24000_24150_W150,0,0.738658892472799
frozen_deployed,2026-07-02,394,1911,BEAR_PUT_NF_24000_24150_W150,0,0.7377081965069527
frozen_deployed,2026-07-02,395,1912,BEAR_PUT_NF_23950_24150_W200,0,0.7400862272608191
frozen_deployed,2026-07-02,396,1913,BEAR_CALL_BNF_58700_59200_W500,1,0.7485322503583374
frozen_deployed,2026-07-02,397,1914,BEAR_PUT_NF_24000_24100_W100,0,0.7067185633228433
frozen_deployed,2026-07-02,398,1915,BEAR_PUT_NF_23950_24100_W150,0,0.7387023096491641
frozen_deployed,2026-07-02,399,1916,BEAR_PUT_BNF_57700_58100_W400,1,0.7479311318629664
frozen_deployed,2026-07-02,400,1917,BEAR_PUT_NF_23900_24100_W200,0,0.7397490296364244
frozen_deployed,2026-07-02,401,1918,BEAR_CALL_BNF_58600_59000_W400,1,0.7476132248873008
frozen_deployed,2026-07-02,402,1919,BEAR_CALL_BNF_58600_59000_W400,1,0.7476313238752446
frozen_deployed,2026-07-02,403,1920,BEAR_CALL_BNF_58600_59000_W400,1,0.747614140537479
frozen_deployed,2026-07-02,404,1921,BEAR_CALL_BNF_58700_59200_W500,1,0.7485322503583374
frozen_deployed,2026-07-02,405,1922,BEAR_CALL_BNF_58700_59200_W500,1,0.7485322503583374
frozen_deployed,2026-07-02,406,1923,BEAR_CALL_BNF_58700_59200_W500,1,0.7485322503583374
frozen_deployed,2026-07-02,407,1924,BULL_PUT_BNF_57700_57300_W400,0,0.7464420127487932
frozen_deployed,2026-07-02,408,1925,BEAR_CALL_BNF_58600_59000_W400,1,0.7476157995990189
frozen_deployed,2026-07-02,409,1926,BEAR_CALL_BNF_58600_59200_W600,0,0.7485322503583374
frozen_deployed,2026-07-02,410,1927,BEAR_CALL_BNF_58600_59100_W500,0,0.7485322503583374
frozen_deployed,2026-07-02,411,1928,BEAR_CALL_BNF_58600_59000_W400,0,0.7475658025100027
frozen_deployed,2026-07-02,412,1929,BEAR_CALL_BNF_58500_59100_W600,0,0.7485322503583374
frozen_deployed,2026-07-02,413,1930,BEAR_CALL_BNF_58600_59000_W400,0,0.7475653961464106
frozen_deployed,2026-07-02,414,1931,BEAR_CALL_BNF_58500_58900_W400,0,0.748038228086435
frozen_deployed,2026-07-02,415,1932,BEAR_CALL_BNF_58500_59000_W500,0,0.7485322503583374
frozen_deployed,2026-07-02,416,1933,BEAR_CALL_BNF_58500_59000_W500,0,0.7485322503583374
frozen_deployed,2026-07-02,417,1934,BULL_PUT_BNF_57600_57200_W400,1,0.7464739803303662
frozen_deployed,2026-07-02,418,1935,BEAR_CALL_BNF_58500_59000_W500,0,0.7485322503583374
frozen_deployed,2026-07-02,419,1936,BEAR_CALL_BNF_58500_59000_W500,0,0.7384971813056829
frozen_deployed,2026-07-02,420,1937,BEAR_CALL_BNF_58500_59000_W500,0,0.7485322503583374
frozen_deployed,2026-07-02,421,1938,BEAR_CALL_BNF_58500_59000_W500,0,0.7485322503583374
frozen_deployed,2026-07-02,422,1939,BEAR_CALL_BNF_58500_59000_W500,0,0.7485322503583374
frozen_deployed,2026-07-02,423,1940,BEAR_CALL_BNF_58500_59000_W500,0,0.7485322503583374
frozen_deployed,2026-07-02,424,1941,BEAR_CALL_BNF_58600_59100_W500,0,0.7485322503583374
frozen_deployed,2026-07-02,425,1942,BEAR_CALL_BNF_58600_59000_W400,0,0.7475826769272309
frozen_deployed,2026-07-02,426,1943,BULL_PUT_BNF_57700_57300_W400,0,0.7464172640056073
frozen_deployed,2026-07-02,427,1944,BEAR_CALL_BNF_58600_59000_W400,1,0.7476120297819429
frozen_deployed,2026-07-02,428,1945,BULL_PUT_BNF_57700_57300_W400,0,0.7466586269722559
frozen_deployed,2026-07-02,429,1946,BEAR_CALL_BNF_58600_59000_W400,0,0.7475816584546633
frozen_deployed,2026-07-02,430,1947,BEAR_CALL_BNF_58600_59100_W500,0,0.7485322503583374
frozen_deployed,2026-07-02,431,1948,BEAR_CALL_BNF_58600_59000_W400,0,0.7475672981901667
frozen_deployed,2026-07-02,432,1949,BULL_PUT_BNF_57600_57200_W400,0,0.7464132236455954
frozen_deployed,2026-07-02,433,1950,BEAR_CALL_BNF_58600_59200_W600,0,0.7485322503583374
frozen_deployed,2026-07-02,434,1951,BEAR_CALL_BNF_58600_59000_W400,0,0.7475740518423439
frozen_deployed,2026-07-02,435,1952,BEAR_CALL_BNF_58600_59000_W400,0,0.7475752730460945
frozen_deployed,2026-07-02,436,1953,BEAR_CALL_BNF_58600_59000_W400,0,0.7475812740753076
frozen_deployed,2026-07-02,437,1954,BEAR_CALL_BNF_58600_59000_W400,1,0.7475882504140068
frozen_deployed,2026-07-02,438,1956,BULL_PUT_BNF_57600_57200_W400,0,0.7464218002750374
frozen_deployed,2026-07-02,439,1957,BEAR_CALL_BNF_58600_59000_W400,0,0.7475475390689662
frozen_deployed,2026-07-02,440,1958,BEAR_CALL_BNF_58500_59000_W500,0,0.7485322503583374
frozen_deployed,2026-07-02,441,1959,BEAR_CALL_BNF_58500_59000_W500,0,0.7485322503583374
frozen_deployed,2026-07-02,442,1960,BEAR_CALL_BNF_58500_59000_W500,0,0.7485322503583374
frozen_deployed,2026-07-02,443,1961,BEAR_CALL_BNF_58500_59000_W500,0,0.7485322503583374
frozen_deployed,2026-07-02,444,1962,BEAR_CALL_BNF_58500_59100_W600,0,0.7485322503583374
frozen_deployed,2026-07-02,445,1963,BULL_PUT_BNF_57600_57200_W400,0,0.7466517827198209
frozen_deployed,2026-07-02,446,1964,BEAR_CALL_BNF_58500_59000_W500,0,0.7485322503583374
frozen_deployed,2026-07-02,447,1965,BEAR_CALL_BNF_58400_58800_W400,0,0.7475864792097167
frozen_deployed,2026-07-02,448,1966,BEAR_CALL_BNF_58400_59000_W600,0,0.7485322503583374
frozen_deployed,2026-07-02,449,1967,BEAR_CALL_BNF_58400_59000_W600,0,0.7485322503583374
frozen_deployed,2026-07-02,450,1968,BEAR_CALL_BNF_58400_59000_W600,0,0.7485322503583374
frozen_deployed,2026-07-02,451,1969,BEAR_CALL_BNF_58400_59000_W600,0,0.7485322503583374
frozen_deployed,2026-07-02,452,1970,BEAR_CALL_BNF_58500_59000_W500,0,0.7485322503583374
frozen_deployed,2026-07-02,453,1971,BEAR_CALL_BNF_58500_59000_W500,0,0.7485322503583374
frozen_deployed,2026-07-02,454,1972,BEAR_CALL_BNF_58500_59000_W500,0,0.7485322503583374
frozen_deployed,2026-07-02,455,1973,BEAR_CALL_BNF_58500_59000_W500,0,0.7485322503583374
frozen_deployed,2026-07-02,456,1974,BEAR_CALL_BNF_58600_59000_W400,0,0.7475462836055299
frozen_deployed,2026-07-02,457,1975,BULL_PUT_BNF_57600_57200_W400,0,0.7466275436122627
frozen_deployed,2026-07-02,458,1976,BULL_PUT_BNF_57600_57200_W400,0,0.7466512911261092
frozen_deployed,2026-07-02,459,1977,BEAR_CALL_BNF_58500_59000_W500,0,0.7485322503583374
frozen_deployed,2026-07-02,460,1978,BEAR_CALL_BNF_58500_59000_W500,0,0.7485322503583374
frozen_deployed,2026-07-02,461,1979,BEAR_CALL_BNF_58500_59000_W500,0,0.7485322503583374
frozen_deployed,2026-07-03,462,1984,BULL_PUT_BNF_57600_57200_W400,0,0.7473716970110489
frozen_deployed,2026-07-03,463,1985,BEAR_CALL_BNF_58600_59000_W400,1,0.7475963253588612
frozen_deployed,2026-07-03,464,1986,BEAR_CALL_BNF_58600_59000_W400,1,0.747602349363296
frozen_deployed,2026-07-03,465,1992,BEAR_CALL_BNF_58600_59000_W400,1,0.7476075833958491
frozen_deployed,2026-07-03,466,1993,BULL_PUT_BNF_57600_57200_W400,0,0.7473781606836111
frozen_deployed,2026-07-03,467,1994,BEAR_CALL_BNF_58600_59000_W400,1,0.7475897046012934
frozen_deployed,2026-07-03,468,1995,BULL_PUT_BNF_57700_57300_W400,0,0.7471651658919047
frozen_deployed,2026-07-03,469,1996,BEAR_CALL_BNF_58600_59000_W400,1,0.7476097234636718
frozen_deployed,2026-07-03,470,1997,BEAR_CALL_BNF_58600_59000_W400,1,0.7475950435275149
frozen_deployed,2026-07-03,471,1998,BEAR_CALL_BNF_58600_59000_W400,1,0.7475908788017087
frozen_deployed,2026-07-03,472,1999,BULL_PUT_BNF_57600_57200_W400,0,0.7473582127685905
frozen_deployed,2026-07-03,473,2000,BEAR_CALL_BNF_58600_59000_W400,1,0.7475946678890297
frozen_deployed,2026-07-03,474,2001,BEAR_CALL_BNF_58500_59000_W500,1,0.7485322503583374
frozen_deployed,2026-07-03,475,2002,BEAR_CALL_BNF_58500_59000_W500,1,0.7485322503583374
frozen_deployed,2026-07-03,476,2003,BEAR_CALL_BNF_58500_59000_W500,1,0.7485322503583374
frozen_deployed,2026-07-03,477,2004,BULL_PUT_BNF_57500_57100_W400,0,0.7473491808187558
frozen_deployed,2026-07-03,478,2005,BULL_PUT_BNF_57500_57100_W400,0,0.7473907826363495
frozen_deployed,2026-07-03,479,2006,BEAR_CALL_BNF_58400_59000_W600,1,0.7485322503583374
frozen_deployed,2026-07-03,480,2007,BEAR_CALL_BNF_58400_59000_W600,1,0.7485322503583374
frozen_deployed,2026-07-03,481,2008,BEAR_CALL_BNF_58500_59000_W500,1,0.7485322503583374
frozen_deployed,2026-07-03,482,2009,BEAR_CALL_BNF_58500_59000_W500,1,0.7485322503583374
frozen_deployed,2026-07-03,483,2010,BEAR_CALL_BNF_58500_59000_W500,1,0.7485322503583374
frozen_deployed,2026-07-03,484,2011,BULL_PUT_BNF_57600_57200_W400,0,0.7473762594080231
frozen_deployed,2026-07-03,485,2012,BULL_PUT_BNF_57600_57200_W400,0,0.7473861121943753
frozen_deployed,2026-07-03,486,2013,BEAR_CALL_BNF_58500_59000_W500,1,0.7485322503583374
frozen_deployed,2026-07-03,487,2014,BEAR_CALL_BNF_58500_59000_W500,1,0.7485322503583374
frozen_deployed,2026-07-03,488,2015,BEAR_CALL_BNF_58500_59000_W500,1,0.7485322503583374
frozen_deployed,2026-07-03,489,2016,BEAR_CALL_BNF_58500_59000_W500,1,0.7485322503583374
frozen_deployed,2026-07-03,490,2017,BEAR_CALL_BNF_58500_59000_W500,1,0.7485322503583374
frozen_deployed,2026-07-03,491,2018,BEAR_CALL_BNF_58500_59000_W500,1,0.7485322503583374
frozen_deployed,2026-07-03,492,2019,BEAR_CALL_BNF_58500_59000_W500,1,0.7485322503583374
frozen_deployed,2026-07-03,493,2020,BULL_PUT_BNF_57500_57100_W400,0,0.7473418083487338
frozen_deployed,2026-07-03,494,2021,BULL_PUT_BNF_57500_57100_W400,0,0.7473314679563046
frozen_deployed,2026-07-03,495,2022,BULL_PUT_BNF_57500_57100_W400,0,0.7473501589844274
frozen_deployed,2026-07-03,496,2023,BULL_PUT_BNF_57500_57100_W400,0,0.7473512884963764
frozen_deployed,2026-07-03,497,2024,BULL_PUT_BNF_57500_57100_W400,0,0.7473680677345824
frozen_deployed,2026-07-03,498,2025,BEAR_CALL_BNF_58400_58900_W500,1,0.7485322503583374
frozen_deployed,2026-07-03,499,2026,BULL_PUT_BNF_57400_57000_W400,1,0.7473577985543283
frozen_deployed,2026-07-03,500,2027,BULL_PUT_BNF_57400_57000_W400,1,0.7473880957344883
frozen_deployed,2026-07-03,501,2028,BULL_PUT_BNF_57400_57000_W400,1,0.7473826586003733
frozen_deployed,2026-07-03,502,2029,BULL_PUT_BNF_57400_57000_W400,1,0.7473683665912092
frozen_deployed,2026-07-03,503,2030,BULL_PUT_BNF_57400_57000_W400,1,0.7473599229492656
frozen_deployed,2026-07-03,504,2031,BULL_PUT_BNF_57400_57000_W400,1,0.7473615432589436
frozen_deployed,2026-07-03,505,2032,BEAR_CALL_BNF_58300_58700_W400,0,0.7476006807468285
frozen_deployed,2026-07-03,506,2033,BEAR_CALL_BNF_58300_58700_W400,0,0.7476155949809713
frozen_deployed,2026-07-03,507,2034,BULL_PUT_BNF_57400_57000_W400,1,0.7473581371902867
frozen_deployed,2026-07-03,508,2035,BULL_PUT_BNF_57400_57000_W400,1,0.747352796925756
frozen_deployed,2026-07-03,509,2036,BULL_PUT_BNF_57400_57000_W400,1,0.7473606523315222
frozen_deployed,2026-07-03,510,2037,BULL_PUT_BNF_57400_57000_W400,1,0.7473759212022435
frozen_deployed,2026-07-03,511,2038,BEAR_CALL_BNF_58300_58700_W400,0,0.7475961737003711
frozen_deployed,2026-07-03,512,2039,BULL_PUT_BNF_57400_57000_W400,1,0.7473626833773166
frozen_deployed,2026-07-03,513,2040,BEAR_CALL_BNF_58400_59000_W600,0,0.7485322503583374
frozen_deployed,2026-07-03,514,2041,BULL_PUT_BNF_57400_57000_W400,1,0.7473809899449739
frozen_deployed,2026-07-03,515,2042,BULL_PUT_BNF_57400_57000_W400,1,0.747357091721623
frozen_deployed,2026-07-03,516,2043,BEAR_CALL_BNF_58400_58900_W500,0,0.7485322503583374
frozen_deployed,2026-07-03,517,2044,BEAR_CALL_BNF_58400_59000_W600,0,0.7485322503583374
frozen_deployed,2026-07-03,518,2045,BEAR_CALL_BNF_58400_58900_W500,0,0.7485322503583374
frozen_deployed,2026-07-03,519,2046,BEAR_CALL_BNF_58400_59000_W600,0,0.7485322503583374
frozen_deployed,2026-07-03,520,2047,BEAR_CALL_BNF_58400_59000_W600,0,0.7485322503583374
frozen_deployed,2026-07-03,521,2048,BEAR_CALL_BNF_58400_59000_W600,0,0.7485322503583374
frozen_deployed,2026-07-03,522,2049,BULL_PUT_BNF_57500_57100_W400,0,0.7473622076848438
frozen_deployed,2026-07-07,523,2136,BULL_PUT_BNF_58000_57600_W400,0,0.7473287491631109
frozen_deployed,2026-07-07,524,2137,BULL_PUT_BNF_58000_57600_W400,0,0.7473540305412354
frozen_deployed,2026-07-07,525,2138,BULL_PUT_BNF_57900_57500_W400,0,0.7473204850011903
frozen_deployed,2026-07-07,526,2139,BULL_PUT_BNF_58000_57600_W400,0,0.7472093612509842
frozen_deployed,2026-07-07,527,2140,BEAR_CALL_BNF_58900_59300_W400,1,0.7481170481183774
frozen_deployed,2026-07-07,528,2141,BEAR_CALL_BNF_58900_59300_W400,1,0.7481248335663885
frozen_deployed,2026-07-07,529,2142,BEAR_CALL_BNF_58900_59300_W400,1,0.7481009984800815
frozen_deployed,2026-07-07,530,2143,BEAR_CALL_BNF_58900_59300_W400,1,0.7481335206786679
frozen_deployed,2026-07-07,531,2144,BEAR_CALL_BNF_58900_59300_W400,1,0.7481506226277561
frozen_deployed,2026-07-07,532,2145,BEAR_CALL_BNF_58900_59300_W400,1,0.7481112886281526
frozen_deployed,2026-07-07,533,2146,BEAR_CALL_BNF_58900_59300_W400,1,0.7481184082084666
frozen_deployed,2026-07-07,534,2147,BULL_PUT_BNF_58000_57600_W400,0,0.7473700197825062
frozen_deployed,2026-07-07,535,2148,BEAR_CALL_BNF_58900_59300_W400,1,0.7481156420268262
frozen_deployed,2026-07-07,536,2149,BEAR_CALL_BNF_58900_59300_W400,1,0.7481253430013853
frozen_deployed,2026-07-07,537,2150,BEAR_CALL_BNF_58900_59300_W400,1,0.7481187890406831
frozen_deployed,2026-07-07,538,2151,BEAR_CALL_BNF_58900_59300_W400,1,0.7481324392941593
frozen_deployed,2026-07-07,539,2152,BULL_PUT_BNF_58000_57600_W400,0,0.7471854610353087
frozen_deployed,2026-07-07,540,2153,BEAR_CALL_BNF_58900_59300_W400,1,0.7481282229403532
frozen_deployed,2026-07-07,541,2154,BULL_PUT_BNF_58000_57600_W400,0,0.7471912501312323
frozen_deployed,2026-07-07,542,2155,BULL_PUT_BNF_58000_57600_W400,0,0.7472216644793559
frozen_deployed,2026-07-07,543,2156,BULL_PUT_BNF_58000_57600_W400,0,0.7472186432729362
frozen_deployed,2026-07-07,544,2157,BEAR_CALL_BNF_58900_59300_W400,1,0.7481276028752184
frozen_deployed,2026-07-07,545,2158,BEAR_CALL_BNF_58900_59300_W400,1,0.748122812765238
frozen_deployed,2026-07-07,546,2159,BULL_PUT_BNF_57900_57500_W400,0,0.7473153725212147
frozen_deployed,2026-07-07,547,2160,BEAR_CALL_BNF_58900_59300_W400,1,0.7480800131943759
frozen_deployed,2026-07-07,548,2161,BEAR_CALL_BNF_58900_59300_W400,1,0.7481002090456896
frozen_deployed,2026-07-07,549,2162,BEAR_CALL_BNF_58900_59300_W400,1,0.7480972817379385
frozen_deployed,2026-07-07,550,2163,BEAR_CALL_BNF_58900_59300_W400,1,0.7481272489021447
frozen_deployed,2026-07-07,551,2164,BEAR_CALL_BNF_58900_59300_W400,1,0.7481485669810006
frozen_deployed,2026-07-07,552,2165,BEAR_CALL_BNF_58900_59300_W400,1,0.7481282229403532
frozen_deployed,2026-07-07,553,2166,BULL_PUT_BNF_58000_57600_W400,0,0.747331700262889
frozen_deployed,2026-07-07,554,2167,BULL_PUT_BNF_58000_57600_W400,0,0.7473332666281431
frozen_deployed,2026-07-07,555,2168,BULL_PUT_BNF_58000_57600_W400,0,0.7473663661210204
frozen_deployed,2026-07-07,556,2169,BULL_PUT_BNF_58000_57600_W400,0,0.747348559042013
frozen_deployed,2026-07-07,557,2170,BEAR_CALL_BNF_58900_59300_W400,1,0.74809779720947
frozen_deployed,2026-07-07,558,2171,BULL_PUT_BNF_57900_57500_W400,0,0.7473010386437549
frozen_deployed,2026-07-07,559,2172,BULL_PUT_BNF_58000_57600_W400,0,0.7471811364746936
frozen_deployed,2026-07-07,560,2173,BEAR_CALL_BNF_58900_59300_W400,1,0.7480692090926047
frozen_deployed,2026-07-07,561,2174,BEAR_CALL_BNF_58800_59200_W400,1,0.7481239447616508
frozen_deployed,2026-07-07,562,2175,BEAR_CALL_BNF_58800_59200_W400,1,0.7481099720714467
frozen_deployed,2026-07-07,563,2176,BEAR_CALL_BNF_58800_59200_W400,1,0.7481172284656301
frozen_deployed,2026-07-07,564,2177,BEAR_CALL_BNF_58800_59200_W400,1,0.7481175407118945
frozen_deployed,2026-07-07,565,2178,BEAR_CALL_BNF_58800_59200_W400,1,0.7480991031404414
frozen_deployed,2026-07-07,566,2179,BEAR_CALL_BNF_58800_59200_W400,1,0.748140463532901
frozen_deployed,2026-07-07,567,2180,BULL_PUT_BNF_57800_57400_W400,0,0.7474122609566117
frozen_deployed,2026-07-07,568,2181,BEAR_CALL_BNF_58700_59100_W400,1,0.7481833614409519
frozen_deployed,2026-07-07,569,2182,BEAR_CALL_BNF_58700_59100_W400,1,0.7481465327832652
frozen_deployed,2026-07-07,570,2183,BEAR_CALL_BNF_58700_59100_W400,0,0.7481360186224484
frozen_deployed,2026-07-07,571,2184,BULL_PUT_BNF_57800_57400_W400,0,0.7472959402515988
frozen_deployed,2026-07-07,572,2185,BULL_PUT_BNF_57800_57400_W400,0,0.7473419300183177
frozen_deployed,2026-07-07,573,2186,BULL_PUT_BNF_57800_57400_W400,0,0.7473312773063123
frozen_deployed,2026-07-07,574,2187,BULL_PUT_BNF_57800_57400_W400,0,0.7472785765676044
frozen_deployed,2026-07-07,575,2188,BULL_PUT_BNF_58000_57600_W400,0,0.7466290971229297
frozen_deployed,2026-07-07,576,2189,BEAR_CALL_BNF_58700_59100_W400,1,0.7481489186329291
frozen_deployed,2026-07-07,577,2190,BULL_PUT_BNF_58000_57600_W400,0,0.7466138798047743
frozen_deployed,2026-07-07,578,2191,BULL_PUT_BNF_57800_57400_W400,0,0.7472926769835364
frozen_deployed,2026-07-07,579,2192,BEAR_CALL_BNF_58800_59200_W400,1,0.7480617577842319
frozen_deployed,2026-07-08,580,2213,BEAR_PUT_BNF_57100_57700_W600,1,0.7481820315446472
frozen_deployed,2026-07-08,581,2214,BEAR_PUT_BNF_56800_57800_W1000,1,0.7485322503583374
frozen_deployed,2026-07-08,582,2215,BEAR_PUT_BNF_57000_57800_W800,1,0.7475975290047053
frozen_deployed,2026-07-08,583,2217,BEAR_PUT_BNF_57100_57900_W800,1,0.7469502331431936
frozen_deployed,2026-07-08,584,2218,BEAR_PUT_BNF_56900_57900_W1000,1,0.7485322503583374
frozen_deployed,2026-07-08,585,2219,BEAR_PUT_BNF_57200_57800_W600,1,0.7481542093054232
frozen_deployed,2026-07-08,586,2226,BEAR_PUT_BNF_57400_58000_W600,1,0.748134640786045
frozen_deployed,2026-07-08,587,2227,BEAR_PUT_BNF_57400_58000_W600,1,0.748114702765035
frozen_deployed,2026-07-08,588,2228,BEAR_PUT_BNF_57400_58000_W600,1,0.7481430534871965
frozen_deployed,2026-07-08,589,2264,BEAR_PUT_BNF_57000_57600_W600,1,0.7485322503583374
frozen_deployed,2026-07-08,590,2265,BEAR_PUT_BNF_56600_57400_W800,1,0.7469720720203429
frozen_deployed,2026-07-08,591,2266,BEAR_PUT_BNF_56400_57200_W800,1,0.7484642744049248
frozen_deployed,2026-07-08,592,2267,BEAR_PUT_NF_23700_24000_W300,1,0.7485322503583374
frozen_deployed,2026-07-08,593,2268,BEAR_PUT_NF_23750_23850_W100,1,0.7222379397236521
frozen_deployed,2026-07-08,594,2269,BEAR_PUT_NF_23600_23900_W300,0,0.7482290508271423
frozen_deployed,2026-07-08,595,2270,BEAR_PUT_NF_23650_23900_W250,1,0.747655177394905
frozen_deployed,2026-07-08,596,2271,BEAR_PUT_NF_23600_23900_W300,1,0.7481291011875575
frozen_deployed,2026-07-08,597,2272,BEAR_PUT_NF_23600_23850_W250,0,0.7473439968317757
frozen_deployed,2026-07-08,598,2273,BEAR_PUT_NF_23600_23900_W300,1,0.7480299195244159
frozen_deployed,2026-07-08,599,2276,BEAR_PUT_NF_23550_23850_W300,0,0.7481416150510976
frozen_deployed,2026-07-08,600,2277,BEAR_PUT_NF_23600_23800_W200,0,0.7446130054063469
frozen_deployed,2026-07-08,601,2278,BEAR_PUT_NF_23450_23850_W400,0,0.7484654983703184
frozen_deployed,2026-07-09,602,2288,BULL_CALL_NF_24400_24000_W400,0,0.7477915261030093
frozen_deployed,2026-07-13,603,2498,BEAR_CALL_BNF_58500_59000_W500,1,0.7485322503583374
frozen_deployed,2026-07-14,604,2518,BEAR_PUT_BNF_56500_57500_W1000,0,0.7485322503583374
frozen_deployed,2026-07-14,605,2529,BEAR_PUT_BNF_56600_57600_W1000,1,0.7485322503583374
frozen_deployed,2026-07-14,606,2580,BEAR_PUT_BNF_56700_57500_W800,1,0.7485322503583374
frozen_deployed,2026-07-14,607,2581,BEAR_PUT_BNF_56500_57500_W1000,1,0.7485322503583374
frozen_deployed,2026-07-14,608,2582,BEAR_PUT_BNF_56500_57500_W1000,0,0.7485322503583374
frozen_deployed,2026-07-16,609,2659,BEAR_PUT_NF_23900_24150_W250,1,0.742860856274395
frozen_deployed,2026-07-16,610,2660,BEAR_PUT_NF_23850_24150_W300,1,0.7444095775965198
frozen_deployed,2026-07-16,611,2661,BEAR_PUT_NF_23950_24100_W150,1,0.7365810845874456
frozen_deployed,2026-07-16,612,2662,BEAR_PUT_NF_23900_24100_W200,1,0.7401706441486675
frozen_deployed,2026-07-16,613,2678,BEAR_PUT_NF_24050_24150_W100,1,0.7036970284021415
frozen_deployed,2026-07-16,614,2679,BEAR_PUT_NF_24050_24150_W100,1,0.7037947449806674
frozen_deployed,2026-07-16,615,2680,BEAR_PUT_NF_24000_24150_W150,1,0.7335519695256023
frozen_deployed,2026-07-17,616,2736,BEAR_PUT_NF_24000_24200_W200,0,0.7443050750603599
frozen_deployed,2026-07-17,617,2737,BEAR_PUT_NF_24000_24200_W200,0,0.7450486287258249
frozen_deployed,2026-07-17,618,2738,BEAR_PUT_NF_24000_24200_W200,0,0.7450947901579075
frozen_deployed,2026-07-17,619,2739,BEAR_PUT_NF_23950_24250_W300,0,0.7478864244238561
frozen_deployed,2026-07-17,620,2740,BEAR_PUT_NF_23950_24250_W300,0,0.7478657351138094
frozen_deployed,2026-07-17,621,2746,BEAR_PUT_NF_24000_24300_W300,0,0.7472824646567274
frozen_deployed,2026-07-17,622,2747,BEAR_PUT_NF_24050_24250_W200,0,0.744182135817707
frozen_deployed,2026-07-17,623,2748,BEAR_PUT_NF_24000_24300_W300,0,0.7474262124542097
frozen_deployed,2026-07-17,624,2749,BEAR_PUT_NF_24000_24300_W300,0,0.747410870621229
frozen_deployed,2026-07-17,625,2750,BEAR_PUT_NF_24050_24250_W200,0,0.7441698638653271
frozen_deployed,2026-07-20,626,2821,BEAR_PUT_NF_24050_24250_W200,0,0.7393471008648833
frozen_deployed,2026-07-20,627,2822,BEAR_PUT_BNF_57000_57800_W800,0,0.7485322503583374
frozen_deployed,2026-07-21,628,2879,BEAR_PUT_NF_24150_24250_W100,1,0.7189567306965277
frozen_deployed,2026-07-21,629,2880,BEAR_PUT_BNF_57500_58100_W600,1,0.7484878099403118
frozen_deployed,2026-07-21,630,2881,BEAR_PUT_NF_24100_24250_W150,1,0.736857251053437
frozen_deployed,2026-07-21,631,2882,BEAR_PUT_NF_24100_24250_W150,1,0.7366245684486818
frozen_deployed,2026-07-21,632,2883,BEAR_PUT_NF_24150_24250_W100,1,0.7176131901045985
frozen_deployed,2026-07-22,633,2954,BEAR_PUT_NF_23800_24100_W300,1,0.7464160432459067
frozen_deployed,2026-07-22,634,2955,BEAR_PUT_NF_23800_24050_W250,1,0.7460384154115745
frozen_deployed,2026-07-22,635,2956,BEAR_PUT_BNF_56800_57300_W500,1,0.7485322503583374
frozen_deployed,2026-07-23,636,3029,BEAR_PUT_NF_23750_23950_W200,1,0.7103559027718336
logistic_baseline,2026-06-03,63,329,BEAR_CALL_NF_23400_23550_W150,0,4.1360672676052034e-50
logistic_baseline,2026-06-03,64,335,BEAR_CALL_NF_23400_23550_W150,0,5.724546520972063e-49
logistic_baseline,2026-06-03,65,380,BEAR_PUT_NF_23150_23300_W150,0,1.0482210957812891e-61
logistic_baseline,2026-06-03,66,391,BEAR_CALL_NF_23550_23700_W150,1,2.9278979348978326e-51
logistic_baseline,2026-06-03,67,392,BEAR_CALL_NF_23550_23700_W150,1,5.008696618815309e-53
logistic_baseline,2026-06-03,68,393,BEAR_CALL_NF_23600_23750_W150,1,3.620927354976667e-52
logistic_baseline,2026-06-03,69,394,BEAR_CALL_NF_23550_23700_W150,1,3.4100696706650094e-53
logistic_baseline,2026-06-03,70,395,BEAR_CALL_NF_23550_23700_W150,1,7.359157227136834e-55
logistic_baseline,2026-06-03,71,396,BEAR_CALL_NF_23600_23750_W150,1,8.274125342650499e-52
logistic_baseline,2026-06-03,72,397,BEAR_CALL_NF_23600_23750_W150,1,1.297500911389794e-52
logistic_baseline,2026-06-03,73,398,BEAR_CALL_NF_23600_23750_W150,1,3.7099798837109878e-53
logistic_baseline,2026-06-03,74,399,BEAR_CALL_NF_23600_23750_W150,1,6.078628287675847e-52
logistic_baseline,2026-06-03,75,400,BEAR_CALL_NF_23550_23700_W150,1,4.464336376691828e-53
logistic_baseline,2026-06-03,76,401,BEAR_CALL_NF_23550_23700_W150,1,2.7036113150564445e-53
logistic_baseline,2026-06-03,77,402,BEAR_CALL_NF_23550_23700_W150,1,1.1267357879168075e-50
logistic_baseline,2026-06-03,78,403,BEAR_CALL_NF_23550_23700_W150,1,1.682426857784428e-50
logistic_baseline,2026-06-03,79,404,BEAR_CALL_NF_23550_23700_W150,1,5.1065021915780586e-51
logistic_baseline,2026-06-04,80,413,BEAR_PUT_NF_23150_23400_W250,0,0.11644911564338332
logistic_baseline,2026-06-04,81,414,BEAR_PUT_BNF_53200_54200_W1000,0,1.0
logistic_baseline,2026-06-04,82,415,BEAR_PUT_NF_23200_23400_W200,0,0.3573745686245118
logistic_baseline,2026-06-04,83,416,BEAR_PUT_NF_23150_23450_W300,0,0.10574584712552418
logistic_baseline,2026-06-04,84,417,BEAR_PUT_NF_23150_23450_W300,0,0.08725824328307616
logistic_baseline,2026-06-04,85,424,BEAR_PUT_NF_23100_23400_W300,0,0.03512054066416194
logistic_baseline,2026-06-04,86,425,BEAR_PUT_NF_23100_23400_W300,0,0.03710175758916569
logistic_baseline,2026-06-04,87,426,BEAR_PUT_BNF_53400_54200_W800,0,1.0
logistic_baseline,2026-06-04,88,427,BEAR_PUT_NF_23150_23450_W300,0,0.10091626760474211
logistic_baseline,2026-06-04,89,428,BEAR_PUT_NF_23150_23450_W300,0,0.09954521614785238
logistic_baseline,2026-06-04,90,429,BEAR_PUT_BNF_53400_54400_W1000,0,1.0
logistic_baseline,2026-06-04,91,430,BEAR_PUT_BNF_53300_54300_W1000,0,1.0
logistic_baseline,2026-06-04,92,457,BEAR_PUT_BNF_53100_54100_W1000,0,1.0
logistic_baseline,2026-06-04,93,458,BEAR_PUT_BNF_53100_54100_W1000,0,1.0
logistic_baseline,2026-06-04,94,459,BEAR_PUT_NF_23150_23350_W200,0,0.1627614307866891
logistic_baseline,2026-06-04,95,460,BEAR_PUT_BNF_53100_54100_W1000,0,1.0
logistic_baseline,2026-06-04,96,471,BULL_PUT_BNF_54000_53600_W400,1,1.0
logistic_baseline,2026-06-04,97,472,BULL_PUT_BNF_54000_53600_W400,0,1.0
logistic_baseline,2026-06-04,98,473,BULL_PUT_BNF_54000_53600_W400,0,1.0
logistic_baseline,2026-06-04,99,474,BULL_PUT_BNF_54000_53600_W400,0,1.0
logistic_baseline,2026-06-04,100,476,BULL_PUT_BNF_54000_53600_W400,1,1.0
logistic_baseline,2026-06-04,101,478,BULL_PUT_BNF_54000_53600_W400,0,1.0
logistic_baseline,2026-06-04,102,479,BULL_PUT_BNF_54000_53600_W400,0,1.0
logistic_baseline,2026-06-04,103,480,BULL_PUT_BNF_54000_53600_W400,0,1.0
logistic_baseline,2026-06-04,104,481,BULL_PUT_BNF_54000_53600_W400,0,1.0
logistic_baseline,2026-06-05,105,497,BEAR_PUT_BNF_53900_54700_W800,1,0.00022009795933009606
logistic_baseline,2026-06-05,106,498,BEAR_PUT_BNF_53800_54600_W800,1,0.00019379555285120814
logistic_baseline,2026-06-05,107,499,BEAR_PUT_NF_23200_23450_W250,1,0.053799183759199176
logistic_baseline,2026-06-05,108,500,BEAR_PUT_NF_23200_23350_W150,0,0.058841842099386005
logistic_baseline,2026-06-05,109,501,BEAR_PUT_BNF_53300_54300_W1000,0,2.0046836953861692e-05
logistic_baseline,2026-06-05,110,502,BEAR_PUT_BNF_53600_54400_W800,0,6.704849844957849e-05
logistic_baseline,2026-06-05,111,503,BEAR_PUT_NF_23150_23400_W250,0,0.027300007752726736
logistic_baseline,2026-06-05,112,504,BEAR_PUT_BNF_53700_54500_W800,0,9.438054469557158e-05
logistic_baseline,2026-06-05,113,505,BEAR_PUT_NF_23250_23500_W250,1,0.06660036822036941
logistic_baseline,2026-06-05,114,506,BEAR_PUT_BNF_54000_54800_W800,1,0.0001569809566966949
logistic_baseline,2026-06-05,115,507,BEAR_PUT_NF_23250_23450_W200,1,0.08410526234447914
logistic_baseline,2026-06-05,116,508,BEAR_PUT_BNF_53800_54600_W800,1,9.640521277050736e-05
logistic_baseline,2026-06-05,117,509,BEAR_PUT_NF_23200_23450_W250,1,0.035106150839654536
logistic_baseline,2026-06-05,118,510,BEAR_PUT_BNF_53800_54600_W800,1,0.00011575022537250483
logistic_baseline,2026-06-05,119,511,BEAR_PUT_NF_23250_23400_W150,1,0.10278580037748705
logistic_baseline,2026-06-05,120,512,BEAR_PUT_BNF_53800_54600_W800,1,0.00019631700551225688
logistic_baseline,2026-06-05,121,523,BEAR_PUT_BNF_53500_54500_W1000,0,4.768059930651719e-05
logistic_baseline,2026-06-05,122,534,BEAR_PUT_BNF_53200_54200_W1000,0,8.723649880626387e-06
logistic_baseline,2026-06-05,123,535,BEAR_PUT_NF_23100_23300_W200,0,0.01469307714289941
logistic_baseline,2026-06-05,124,542,BULL_PUT_BNF_54000_53600_W400,1,0.04337447816123895
logistic_baseline,2026-06-05,125,543,BEAR_PUT_BNF_53400_54400_W1000,0,2.965703102373386e-05
logistic_baseline,2026-06-05,126,544,BEAR_PUT_BNF_53500_54300_W800,0,6.515774062472766e-05
logistic_baseline,2026-06-05,127,545,BEAR_PUT_NF_23150_23350_W200,0,0.034310068480642754
logistic_baseline,2026-06-05,128,546,BEAR_PUT_BNF_53900_54500_W600,1,0.0009259995795424466
logistic_baseline,2026-06-05,129,547,BEAR_PUT_NF_23150_23400_W250,0,0.07211682115968487
logistic_baseline,2026-06-05,130,548,BEAR_PUT_BNF_53700_54500_W800,0,0.00011129735579489049
logistic_baseline,2026-06-05,131,549,BEAR_PUT_NF_23150_23350_W200,0,0.047031614220679696
logistic_baseline,2026-06-05,132,550,BEAR_PUT_BNF_53700_54500_W800,0,0.0001003472884126474
logistic_baseline,2026-06-05,133,551,BEAR_PUT_BNF_53700_54500_W800,0,0.00020560816148605774
logistic_baseline,2026-06-05,134,554,BEAR_PUT_BNF_53700_54500_W800,0,0.00017724080313596358
logistic_baseline,2026-06-08,135,578,BEAR_PUT_NF_22950_23200_W250,1,1.4198932563866941e-05
logistic_baseline,2026-06-08,136,612,BEAR_CALL_NF_23300_23450_W150,1,2.404870705550919e-05
logistic_baseline,2026-06-08,137,613,BEAR_CALL_NF_23300_23450_W150,1,2.7805692655450854e-05
logistic_baseline,2026-06-08,138,614,BEAR_CALL_NF_23300_23450_W150,1,1.6929778419066652e-05
logistic_baseline,2026-06-08,139,615,BEAR_CALL_NF_23300_23450_W150,1,1.8801251401556374e-05
logistic_baseline,2026-06-08,140,616,BEAR_CALL_NF_23350_23500_W150,1,2.2420926551692367e-05
logistic_baseline,2026-06-08,141,617,BEAR_CALL_NF_23300_23450_W150,1,2.1820350829150735e-05
logistic_baseline,2026-06-08,142,618,BEAR_CALL_NF_23350_23500_W150,1,4.259709345443659e-05
logistic_baseline,2026-06-08,143,619,BEAR_CALL_NF_23350_23500_W150,1,3.8555465565052384e-05
logistic_baseline,2026-06-08,144,620,BULL_PUT_NF_23000_22850_W150,0,0.0001751616875205964
logistic_baseline,2026-06-08,145,621,BEAR_CALL_NF_23300_23450_W150,1,4.158641075658354e-05
logistic_baseline,2026-06-08,146,622,BEAR_CALL_NF_23250_23400_W150,0,2.5576153025220564e-05
logistic_baseline,2026-06-08,147,623,BEAR_CALL_NF_23300_23450_W150,0,4.129684380191855e-05
logistic_baseline,2026-06-08,148,624,BEAR_CALL_NF_23300_23450_W150,0,3.731059437524521e-05
logistic_baseline,2026-06-08,149,625,BEAR_CALL_NF_23250_23400_W150,0,4.198525252968685e-05
logistic_baseline,2026-06-08,150,626,BEAR_PUT_NF_22950_23100_W150,0,1.3033797547599496e-05
logistic_baseline,2026-06-09,151,654,BEAR_PUT_BNF_53500_54500_W1000,0,0.5846537367524945
logistic_baseline,2026-06-09,152,655,BEAR_PUT_BNF_53600_54600_W1000,0,0.6511515866746486
logistic_baseline,2026-06-09,153,656,BEAR_PUT_BNF_53600_54600_W1000,0,0.5852099272947207
logistic_baseline,2026-06-09,154,659,BEAR_PUT_NF_23000_23200_W200,0,0.8928264841698444
logistic_baseline,2026-06-09,155,660,BEAR_PUT_NF_23050_23200_W150,0,0.8806036087216241
logistic_baseline,2026-06-09,156,661,BULL_PUT_BNF_54500_54100_W400,1,0.9281824454642837
logistic_baseline,2026-06-09,157,662,BEAR_PUT_NF_23100_23200_W100,0,0.8891326275537133
logistic_baseline,2026-06-09,158,663,BEAR_PUT_NF_23050_23200_W150,0,0.8339802611652666
logistic_baseline,2026-06-09,159,664,BEAR_CALL_BNF_55300_55800_W500,0,0.7961951182342004
logistic_baseline,2026-06-09,160,665,BULL_PUT_BNF_54500_54100_W400,1,0.8832684687742338
logistic_baseline,2026-06-09,161,666,BULL_PUT_BNF_54500_54100_W400,1,0.9050792184291699
logistic_baseline,2026-06-09,162,667,BULL_PUT_BNF_54500_54100_W400,1,0.9118876028640024
logistic_baseline,2026-06-09,163,668,BEAR_PUT_BNF_54000_55000_W1000,0,0.7870468589518795
logistic_baseline,2026-06-09,164,670,BULL_PUT_BNF_54500_54100_W400,1,0.9357535907206833
logistic_baseline,2026-06-09,165,673,BULL_PUT_BNF_54500_54100_W400,1,0.9202169109016684
logistic_baseline,2026-06-09,166,685,BULL_PUT_BNF_54600_54200_W400,1,0.9285593104102161
logistic_baseline,2026-06-12,167,876,BEAR_PUT_NF_23150_23350_W200,0,0.566219329922384
logistic_baseline,2026-06-12,168,877,BEAR_PUT_NF_23150_23350_W200,0,0.5735063228534379
logistic_baseline,2026-06-12,169,928,BULL_PUT_NF_23450_23300_W150,1,0.9689548843678071
logistic_baseline,2026-06-15,170,1000,BEAR_CALL_NF_24000_24150_W150,1,0.8511922006642367
logistic_baseline,2026-06-15,171,1001,BEAR_CALL_NF_24050_24200_W150,1,0.8533506656045721
logistic_baseline,2026-06-15,172,1002,BEAR_CALL_NF_24050_24200_W150,1,0.852517412888163
logistic_baseline,2026-06-15,173,1003,BEAR_CALL_NF_24050_24200_W150,1,0.8543191566961703
logistic_baseline,2026-06-15,174,1004,BEAR_CALL_NF_24050_24200_W150,1,0.8523672015287718
logistic_baseline,2026-06-15,175,1005,BEAR_CALL_NF_24050_24200_W150,1,0.8588495894388019
logistic_baseline,2026-06-15,176,1006,BULL_PUT_NF_23800_23650_W150,0,0.9445501178781085
logistic_baseline,2026-06-15,177,1007,BULL_PUT_NF_23750_23600_W150,0,0.9443832870681819
logistic_baseline,2026-06-15,178,1008,BULL_PUT_NF_23750_23600_W150,0,0.9443902012437051
logistic_baseline,2026-06-15,179,1009,BULL_PUT_NF_23750_23600_W150,0,0.9422115198408559
logistic_baseline,2026-06-15,180,1010,BULL_PUT_NF_23750_23600_W150,0,0.943868108349909
logistic_baseline,2026-06-15,181,1011,BEAR_CALL_NF_24000_24150_W150,1,0.8455621234382047
logistic_baseline,2026-06-15,182,1012,BEAR_CALL_NF_24000_24150_W150,1,0.8406588818025666
logistic_baseline,2026-06-15,183,1013,BEAR_CALL_NF_24000_24150_W150,0,0.8365127627275522
logistic_baseline,2026-06-15,184,1014,BEAR_CALL_NF_24000_24150_W150,1,0.8362476062668864
logistic_baseline,2026-06-15,185,1015,BEAR_CALL_NF_24000_24150_W150,1,0.835323880318707
logistic_baseline,2026-06-15,186,938,BEAR_CALL_NF_24100_24250_W150,1,0.8654764134789025
logistic_baseline,2026-06-15,187,939,BEAR_CALL_NF_24100_24250_W150,1,0.8579916032021458
logistic_baseline,2026-06-15,188,940,BEAR_CALL_NF_24100_24250_W150,1,0.8571227760009589
logistic_baseline,2026-06-15,189,941,BEAR_CALL_NF_24100_24250_W150,1,0.8542485390723117
logistic_baseline,2026-06-15,190,942,BEAR_PUT_NF_23750_23950_W200,1,0.4718768094798434
logistic_baseline,2026-06-15,191,943,BEAR_CALL_NF_24100_24250_W150,1,0.8559496128622087
logistic_baseline,2026-06-17,192,1105,BEAR_PUT_BNF_56500_57500_W1000,0,0.435693509910779
logistic_baseline,2026-06-17,193,1106,BEAR_PUT_NF_23800_24100_W300,0,0.6231459022645834
logistic_baseline,2026-06-17,194,1107,BEAR_PUT_BNF_56500_57500_W1000,0,0.4404147854726267
logistic_baseline,2026-06-17,195,1108,BEAR_PUT_NF_23800_24100_W300,0,0.6246343038540924
logistic_baseline,2026-06-17,196,1109,BEAR_PUT_NF_23800_24100_W300,0,0.6230331681660453
logistic_baseline,2026-06-22,197,1393,BEAR_CALL_NF_24250_24400_W150,1,0.7502702611561978
logistic_baseline,2026-06-22,198,1394,BULL_PUT_NF_24000_23850_W150,0,0.7119872039248534
logistic_baseline,2026-06-22,199,1395,BULL_PUT_NF_24000_23850_W150,0,0.7129998087537915
logistic_baseline,2026-06-22,200,1396,BEAR_CALL_NF_24250_24400_W150,1,0.7467197781299884
logistic_baseline,2026-06-22,201,1397,BEAR_CALL_NF_24250_24400_W150,1,0.7437356991336694
logistic_baseline,2026-06-22,202,1398,BULL_PUT_NF_24000_23850_W150,0,0.7159691454614256
logistic_baseline,2026-06-22,203,1399,BEAR_CALL_NF_24250_24400_W150,1,0.7448181870305713
logistic_baseline,2026-06-22,204,1400,BEAR_CALL_NF_24250_24400_W150,1,0.743936201597407
logistic_baseline,2026-06-22,205,1401,BEAR_CALL_NF_24250_24400_W150,1,0.7493440954670916
logistic_baseline,2026-06-22,206,1402,BEAR_CALL_NF_24250_24400_W150,1,0.7469168232389127
logistic_baseline,2026-06-22,207,1403,BEAR_CALL_NF_24250_24400_W150,1,0.7514254540651224
logistic_baseline,2026-06-22,208,1404,BULL_PUT_NF_24000_23850_W150,1,0.7031842868502499
logistic_baseline,2026-06-22,209,1405,BULL_PUT_NF_24000_23850_W150,1,0.7080402203102358
logistic_baseline,2026-06-22,210,1406,BEAR_CALL_NF_24200_24350_W150,0,0.7375725777332028
logistic_baseline,2026-06-23,211,1411,BEAR_CALL_BNF_58400_58800_W400,1,0.7799487444105235
logistic_baseline,2026-06-23,212,1441,BEAR_PUT_NF_23900_24100_W200,1,0.18429241931060933
logistic_baseline,2026-06-23,213,1442,BEAR_PUT_BNF_57200_57600_W400,1,0.2335419069814815
logistic_baseline,2026-06-23,214,1443,BEAR_PUT_BNF_57300_57600_W300,1,0.26466328756059004
logistic_baseline,2026-06-23,215,1444,BEAR_PUT_NF_23900_24000_W100,1,0.2647548909037752
logistic_baseline,2026-06-23,216,1445,BEAR_PUT_BNF_57100_57500_W400,1,0.21961684986947436
logistic_baseline,2026-06-23,217,1446,BEAR_PUT_BNF_57100_57500_W400,1,0.2161798457043018
logistic_baseline,2026-06-23,218,1447,BEAR_PUT_BNF_57100_57500_W400,1,0.21424848750065295
logistic_baseline,2026-06-23,219,1448,BEAR_CALL_BNF_58000_58400_W400,1,0.747555176826743
logistic_baseline,2026-06-23,220,1449,BEAR_CALL_BNF_57900_58300_W400,1,0.7239834107060668
logistic_baseline,2026-06-23,221,1450,BEAR_CALL_BNF_57900_58300_W400,1,0.7328659728434996
logistic_baseline,2026-06-23,222,1451,BEAR_CALL_BNF_57900_58300_W400,1,0.734422204384772
logistic_baseline,2026-06-23,223,1452,BEAR_CALL_BNF_57900_58300_W400,1,0.7344245482708697
logistic_baseline,2026-06-23,224,1453,BEAR_CALL_BNF_57900_58300_W400,1,0.7291255057605256
logistic_baseline,2026-06-23,225,1454,BEAR_CALL_BNF_58000_58400_W400,1,0.751983864025979
logistic_baseline,2026-06-23,226,1455,BEAR_CALL_BNF_58000_58400_W400,1,0.7539646156944866
logistic_baseline,2026-06-23,227,1456,BEAR_CALL_BNF_57900_58300_W400,1,0.7390331486817856
logistic_baseline,2026-06-23,228,1457,BEAR_CALL_BNF_57900_58300_W400,1,0.7333858333614317
logistic_baseline,2026-06-23,229,1458,BEAR_CALL_BNF_57900_58300_W400,1,0.734094709311505
logistic_baseline,2026-06-23,230,1459,BEAR_CALL_BNF_57900_58300_W400,1,0.7309221011055755
logistic_baseline,2026-06-23,231,1460,BEAR_CALL_BNF_58000_58400_W400,1,0.746494102105525
logistic_baseline,2026-06-23,232,1461,BEAR_CALL_BNF_57900_58300_W400,1,0.7319638112137516
logistic_baseline,2026-06-23,233,1462,BEAR_CALL_BNF_57900_58300_W400,1,0.7324919602576252
logistic_baseline,2026-06-23,234,1463,BEAR_CALL_BNF_58000_58400_W400,1,0.7486748747856078
logistic_baseline,2026-06-23,235,1464,BEAR_CALL_BNF_57900_58300_W400,1,0.7360055277121978
logistic_baseline,2026-06-23,236,1465,BEAR_CALL_BNF_57900_58300_W400,1,0.7332644708147988
logistic_baseline,2026-06-23,237,1466,BEAR_CALL_BNF_57900_58300_W400,1,0.7323660027190289
logistic_baseline,2026-06-23,238,1467,BEAR_CALL_BNF_57900_58300_W400,1,0.730797234794488
logistic_baseline,2026-06-23,239,1468,BEAR_CALL_BNF_57800_58200_W400,1,0.7195858004267803
logistic_baseline,2026-06-23,240,1469,BEAR_CALL_BNF_57800_58200_W400,1,0.7173044637714148
logistic_baseline,2026-06-23,241,1470,BEAR_CALL_BNF_57800_58200_W400,1,0.7259083970905424
logistic_baseline,2026-06-23,242,1471,BEAR_CALL_BNF_57800_58200_W400,1,0.7223389400726695
logistic_baseline,2026-06-23,243,1472,BEAR_CALL_BNF_57800_58200_W400,1,0.7234679511967228
logistic_baseline,2026-06-23,244,1473,BEAR_CALL_BNF_57800_58200_W400,1,0.7264216835307277
logistic_baseline,2026-06-23,245,1474,BEAR_CALL_BNF_57800_58200_W400,1,0.7306435532644707
logistic_baseline,2026-06-23,246,1475,BEAR_CALL_BNF_57800_58200_W400,1,0.7329472636053355
logistic_baseline,2026-06-23,247,1476,BEAR_CALL_BNF_57800_58200_W400,1,0.7333705553601421
logistic_baseline,2026-06-23,248,1477,BEAR_CALL_BNF_57800_58200_W400,1,0.7266111877312922
logistic_baseline,2026-06-23,249,1478,BEAR_CALL_BNF_57900_58300_W400,1,0.7464622295058189
logistic_baseline,2026-06-23,250,1479,BEAR_CALL_BNF_57800_58200_W400,1,0.7349381241339372
logistic_baseline,2026-06-23,251,1480,BEAR_CALL_BNF_57900_58300_W400,1,0.7463387137269889
logistic_baseline,2026-06-23,252,1482,BEAR_CALL_BNF_57800_58200_W400,1,0.7347715272369051
logistic_baseline,2026-06-23,253,1483,BEAR_CALL_BNF_57800_58200_W400,1,0.7380405837248927
logistic_baseline,2026-06-23,254,1484,BEAR_CALL_BNF_57900_58300_W400,1,0.750244782288703
logistic_baseline,2026-06-23,255,1485,BEAR_CALL_BNF_57900_58300_W400,1,0.7561204293066092
logistic_baseline,2026-06-23,256,1486,BEAR_CALL_BNF_57900_58300_W400,1,0.7576226601913296
logistic_baseline,2026-06-23,257,1487,BEAR_CALL_BNF_57900_58300_W400,1,0.7571090936774745
logistic_baseline,2026-06-23,258,1488,BEAR_PUT_NF_23650_23850_W200,0,0.12962632655701417
logistic_baseline,2026-06-23,259,1489,BEAR_PUT_NF_23650_23850_W200,1,0.12323537858296378
logistic_baseline,2026-06-23,260,1490,BEAR_PUT_NF_23600_23850_W250,0,0.09700852322548988
logistic_baseline,2026-06-23,261,1491,BEAR_CALL_BNF_57500_57900_W400,0,0.6978752129647939
logistic_baseline,2026-06-23,262,1492,BEAR_CALL_BNF_57500_57900_W400,0,0.693031215866218
logistic_baseline,2026-06-24,263,1496,BEAR_PUT_NF_23700_23850_W150,0,0.5063087144830432
logistic_baseline,2026-06-24,264,1497,BEAR_PUT_NF_23700_23850_W150,0,0.5085574559884928
logistic_baseline,2026-06-24,265,1498,BEAR_PUT_NF_23650_23900_W250,0,0.3638357275201741
logistic_baseline,2026-06-24,266,1499,BEAR_PUT_NF_23700_23850_W150,0,0.5173749498729712
logistic_baseline,2026-06-24,267,1500,BEAR_PUT_NF_23600_23900_W300,0,0.29021360628962306
logistic_baseline,2026-06-24,268,1501,BEAR_CALL_BNF_58000_58400_W400,0,0.9522495727819063
logistic_baseline,2026-06-24,269,1502,BEAR_PUT_BNF_56800_57400_W600,0,0.5351781240451815
logistic_baseline,2026-06-24,270,1503,BEAR_PUT_NF_23550_23850_W300,0,0.2855365959602115
logistic_baseline,2026-06-24,271,1504,BEAR_PUT_NF_23600_23850_W250,0,0.3608807586390415
logistic_baseline,2026-06-24,272,1505,BEAR_PUT_NF_23650_23900_W250,0,0.3704730912440849
logistic_baseline,2026-06-24,273,1506,BEAR_PUT_NF_23700_23900_W200,0,0.446755179797265
logistic_baseline,2026-06-24,274,1507,BEAR_PUT_NF_23700_23900_W200,0,0.4460550367074764
logistic_baseline,2026-06-24,275,1508,BEAR_PUT_NF_23700_23900_W200,0,0.4480190377207749
logistic_baseline,2026-06-24,276,1509,BEAR_PUT_NF_23750_23950_W200,0,0.4565569410669949
logistic_baseline,2026-06-24,277,1510,BEAR_CALL_BNF_58200_58600_W400,0,0.9513015207328548
logistic_baseline,2026-06-24,278,1511,BEAR_CALL_BNF_58200_58600_W400,0,0.9519413414610424
logistic_baseline,2026-06-24,279,1512,BEAR_CALL_BNF_58200_58600_W400,0,0.9544372553879235
logistic_baseline,2026-06-24,280,1513,BEAR_CALL_BNF_58200_58600_W400,0,0.9558051109081391
logistic_baseline,2026-06-24,281,1514,BEAR_CALL_BNF_58200_58600_W400,0,0.9518486271777036
logistic_baseline,2026-06-24,282,1515,BEAR_CALL_BNF_58200_58600_W400,0,0.9514227351719675
logistic_baseline,2026-06-24,283,1516,BEAR_CALL_BNF_58200_58600_W400,0,0.9507104147669267
logistic_baseline,2026-06-24,284,1517,BEAR_CALL_BNF_58300_58700_W400,0,0.9568039628584271
logistic_baseline,2026-06-24,285,1518,BEAR_PUT_NF_23750_24000_W250,0,0.3853697724681203
logistic_baseline,2026-06-24,286,1519,BEAR_PUT_NF_23750_24000_W250,0,0.3858410610743123
logistic_baseline,2026-06-24,287,1520,BEAR_PUT_NF_23800_23950_W150,0,0.5357432819367015
logistic_baseline,2026-06-24,288,1521,BEAR_PUT_NF_23700_24000_W300,0,0.3074090412807257
logistic_baseline,2026-06-24,289,1522,BEAR_CALL_BNF_58400_58800_W400,0,0.9563710904370204
logistic_baseline,2026-06-24,290,1523,BEAR_CALL_BNF_58400_58800_W400,0,0.9533875467299762
logistic_baseline,2026-06-24,291,1524,BEAR_CALL_BNF_58500_58900_W400,0,0.9611576592559973
logistic_baseline,2026-06-24,292,1525,BEAR_CALL_BNF_58500_58900_W400,0,0.9554310169645258
logistic_baseline,2026-06-24,293,1526,BEAR_CALL_BNF_58600_59000_W400,1,0.9612625620345847
logistic_baseline,2026-06-24,294,1527,BEAR_CALL_BNF_58600_59000_W400,1,0.95927771971377
logistic_baseline,2026-06-24,295,1528,BEAR_CALL_BNF_58600_59000_W400,1,0.9607631812813967
logistic_baseline,2026-06-24,296,1529,BEAR_CALL_BNF_58600_59000_W400,1,0.9593992301472317
logistic_baseline,2026-06-24,297,1530,BEAR_CALL_BNF_58600_59000_W400,0,0.9617357724293261
logistic_baseline,2026-06-24,298,1531,BEAR_CALL_BNF_58500_58900_W400,0,0.9551702057494643
logistic_baseline,2026-06-24,299,1532,BEAR_CALL_BNF_58600_59000_W400,1,0.9602032412056751
logistic_baseline,2026-06-24,300,1533,BEAR_CALL_BNF_58600_59000_W400,1,0.9555832999959881
logistic_baseline,2026-06-24,301,1534,BEAR_CALL_BNF_58600_59000_W400,0,0.9624957047854983
logistic_baseline,2026-06-24,302,1538,BEAR_CALL_BNF_58500_58900_W400,0,0.9557855200656658
logistic_baseline,2026-06-24,303,1539,BEAR_CALL_BNF_58500_58900_W400,0,0.9550238682724461
logistic_baseline,2026-06-24,304,1541,BEAR_CALL_BNF_58500_58900_W400,0,0.9546690969266465
logistic_baseline,2026-06-24,305,1542,BEAR_CALL_BNF_58500_58900_W400,0,0.956234138031478
logistic_baseline,2026-06-24,306,1551,BEAR_CALL_BNF_58700_59100_W400,1,0.9608300772976711
logistic_baseline,2026-06-29,307,1668,BULL_PUT_NF_24000_23850_W150,0,0.6826718182168133
logistic_baseline,2026-06-29,308,1669,BULL_PUT_NF_24000_23850_W150,0,0.677797455450505
logistic_baseline,2026-06-29,309,1671,BULL_PUT_NF_24000_23850_W150,0,0.6866436671739764
logistic_baseline,2026-06-29,310,1692,BEAR_CALL_NF_24100_24250_W150,1,0.7510641971126455
logistic_baseline,2026-06-29,311,1693,BEAR_CALL_NF_24100_24250_W150,1,0.7595409879049463
logistic_baseline,2026-06-29,312,1694,BEAR_CALL_NF_24100_24250_W150,1,0.7560709156555954
logistic_baseline,2026-06-29,313,1695,BEAR_CALL_NF_24100_24250_W150,1,0.7585332426503321
logistic_baseline,2026-06-29,314,1696,BEAR_CALL_NF_24100_24250_W150,1,0.7631106757981914
logistic_baseline,2026-06-29,315,1697,BEAR_CALL_NF_24100_24250_W150,1,0.7639935185348088
logistic_baseline,2026-06-29,316,1698,BEAR_CALL_NF_24100_24250_W150,1,0.7600326196831836
logistic_baseline,2026-06-29,317,1699,BEAR_CALL_NF_24100_24250_W150,1,0.7616789387262398
logistic_baseline,2026-06-29,318,1716,BULL_PUT_BNF_57400_57000_W400,0,0.9222968392651738
logistic_baseline,2026-06-29,319,1717,BULL_PUT_BNF_57400_57000_W400,0,0.9245961757869494
logistic_baseline,2026-06-29,320,1718,BULL_PUT_BNF_57400_57000_W400,0,0.9177641773037026
logistic_baseline,2026-06-29,321,1719,BEAR_CALL_BNF_58400_58800_W400,1,0.9503749471410887
logistic_baseline,2026-06-29,322,1720,BULL_PUT_BNF_57400_57000_W400,0,0.9197407533321487
logistic_baseline,2026-06-29,323,1721,BULL_PUT_BNF_57400_57000_W400,0,0.921611279924432
logistic_baseline,2026-06-29,324,1722,BULL_PUT_BNF_57400_57000_W400,0,0.9262256843690133
logistic_baseline,2026-06-29,325,1723,BEAR_CALL_BNF_58400_58800_W400,1,0.9512857572810549
logistic_baseline,2026-06-29,326,1724,BULL_PUT_BNF_57400_57000_W400,0,0.9256414881518307
logistic_baseline,2026-06-29,327,1725,BULL_PUT_BNF_57400_57000_W400,0,0.9248032409772364
logistic_baseline,2026-06-29,328,1726,BEAR_CALL_BNF_58300_58700_W400,1,0.949754636265817
logistic_baseline,2026-06-29,329,1727,BULL_PUT_BNF_57300_56900_W400,1,0.9169832973561524
logistic_baseline,2026-06-29,330,1728,BULL_PUT_BNF_57200_56800_W400,1,0.9257700459147667
logistic_baseline,2026-06-29,331,1729,BEAR_CALL_BNF_58200_58600_W400,1,0.9490403386361391
logistic_baseline,2026-07-01,332,1817,BEAR_CALL_BNF_58100_58500_W400,0,0.43959373194287443
logistic_baseline,2026-07-01,333,1818,BEAR_CALL_BNF_58000_58600_W600,0,0.4216300273265782
logistic_baseline,2026-07-01,334,1819,BEAR_CALL_BNF_58000_58500_W500,0,0.4389737625846874
logistic_baseline,2026-07-01,335,1820,BEAR_CALL_BNF_58100_58500_W400,0,0.4657545461033316
logistic_baseline,2026-07-01,336,1821,BEAR_CALL_BNF_58200_58700_W500,0,0.46324938000350796
logistic_baseline,2026-07-01,337,1822,BEAR_CALL_BNF_58200_58600_W400,0,0.47835780480236295
logistic_baseline,2026-07-01,338,1823,BEAR_CALL_BNF_58100_58600_W500,0,0.46142484640166487
logistic_baseline,2026-07-01,339,1824,BEAR_CALL_BNF_58200_58600_W400,0,0.4860312230937785
logistic_baseline,2026-07-01,340,1825,BEAR_CALL_BNF_58100_58500_W400,0,0.48096961253270787
logistic_baseline,2026-07-01,341,1826,BEAR_CALL_BNF_58200_58700_W500,0,0.4732975534313162
logistic_baseline,2026-07-01,342,1827,BEAR_CALL_BNF_58200_58800_W600,0,0.4664092921409771
logistic_baseline,2026-07-01,343,1828,BEAR_CALL_BNF_58300_58900_W600,0,0.46732809930018626
logistic_baseline,2026-07-01,344,1829,BEAR_CALL_BNF_58300_58900_W600,0,0.46591740802589976
logistic_baseline,2026-07-01,345,1830,BEAR_CALL_BNF_58300_58900_W600,0,0.467571373234005
logistic_baseline,2026-07-01,346,1831,BEAR_CALL_BNF_58300_58900_W600,0,0.4713827442893963
logistic_baseline,2026-07-01,347,1832,BEAR_CALL_BNF_58200_58600_W400,0,0.4955787288404632
logistic_baseline,2026-07-01,348,1833,BEAR_CALL_BNF_58200_58600_W400,0,0.5027006667136563
logistic_baseline,2026-07-01,349,1834,BEAR_CALL_BNF_58200_58600_W400,0,0.48509933246809983
logistic_baseline,2026-07-01,350,1835,BEAR_CALL_BNF_58200_58600_W400,0,0.4888863486819022
logistic_baseline,2026-07-01,351,1836,BEAR_CALL_BNF_58200_58800_W600,0,0.46554606177696745
logistic_baseline,2026-07-01,352,1837,BEAR_CALL_BNF_58300_58900_W600,0,0.47024680592993867
logistic_baseline,2026-07-01,353,1838,BEAR_CALL_BNF_58300_58900_W600,0,0.4708490773782226
logistic_baseline,2026-07-01,354,1839,BEAR_CALL_BNF_58400_59000_W600,0,0.48473467326636427
logistic_baseline,2026-07-01,355,1840,BEAR_CALL_BNF_58400_59000_W600,0,0.47794416676125306
logistic_baseline,2026-07-01,356,1841,BEAR_CALL_BNF_58400_58800_W400,0,0.5092394076783736
logistic_baseline,2026-07-01,357,1842,BEAR_CALL_BNF_58400_58800_W400,0,0.5135837031265201
logistic_baseline,2026-07-01,358,1843,BEAR_CALL_BNF_58300_58900_W600,0,0.482427357244632
logistic_baseline,2026-07-01,359,1847,BEAR_CALL_BNF_58300_58800_W500,0,0.11002964665750303
logistic_baseline,2026-07-01,360,1848,BEAR_CALL_BNF_58400_58900_W500,0,0.5002885956420042
logistic_baseline,2026-07-01,361,1849,BEAR_CALL_BNF_58400_59000_W600,0,0.4938262958206229
logistic_baseline,2026-07-01,362,1850,BEAR_CALL_BNF_58400_59000_W600,0,0.4784458093428253
logistic_baseline,2026-07-01,363,1851,BEAR_CALL_BNF_58500_59000_W500,0,0.49701621129039325
logistic_baseline,2026-07-01,364,1852,BEAR_CALL_BNF_58500_59000_W500,0,0.5013605252427861
logistic_baseline,2026-07-01,365,1853,BEAR_CALL_BNF_58500_59000_W500,0,0.5000657440721141
logistic_baseline,2026-07-01,366,1854,BEAR_CALL_BNF_58500_59000_W500,0,0.5035084989225328
logistic_baseline,2026-07-01,367,1855,BEAR_CALL_BNF_58500_59000_W500,0,0.49829122339531534
logistic_baseline,2026-07-01,368,1856,BEAR_CALL_BNF_58500_59000_W500,1,0.4991426013063269
logistic_baseline,2026-07-01,369,1857,BEAR_CALL_BNF_58500_59100_W600,1,0.4911554800610908
logistic_baseline,2026-07-01,370,1860,BEAR_CALL_BNF_58500_59000_W500,1,0.5028257771850599
logistic_baseline,2026-07-01,371,1861,BEAR_CALL_BNF_58500_59000_W500,1,0.5016264181279264
logistic_baseline,2026-07-01,372,1862,BEAR_CALL_BNF_58500_59000_W500,0,0.5074823751263356
logistic_baseline,2026-07-01,373,1863,BEAR_CALL_BNF_58500_59000_W500,0,0.5075716025514138
logistic_baseline,2026-07-01,374,1864,BEAR_CALL_BNF_58500_59000_W500,0,0.5037010353894641
logistic_baseline,2026-07-01,375,1865,BEAR_CALL_BNF_58500_59000_W500,0,0.5052784075763103
logistic_baseline,2026-07-01,376,1866,BEAR_CALL_BNF_58500_59000_W500,0,0.5000830704897464
logistic_baseline,2026-07-01,377,1867,BEAR_CALL_BNF_58400_59000_W600,0,0.4838288413481375
logistic_baseline,2026-07-01,378,1868,BEAR_CALL_BNF_58500_59000_W500,0,0.501751634118879
logistic_baseline,2026-07-01,379,1869,BEAR_CALL_BNF_58500_59100_W600,0,0.4881726522973754
logistic_baseline,2026-07-01,380,1870,BEAR_CALL_BNF_58500_59000_W500,0,0.5049554336134369
logistic_baseline,2026-07-01,381,1871,BEAR_CALL_BNF_58500_59000_W500,0,0.5053340091729634
logistic_baseline,2026-07-01,382,1872,BEAR_CALL_BNF_58500_59000_W500,0,0.5054827062980145
logistic_baseline,2026-07-01,383,1894,BEAR_CALL_BNF_58400_59000_W600,0,0.49670434500400296
logistic_baseline,2026-07-01,384,1895,BEAR_CALL_BNF_58500_59000_W500,0,0.5186902827769131
logistic_baseline,2026-07-01,385,1896,BEAR_CALL_BNF_58600_59000_W400,1,0.5336990475645347
logistic_baseline,2026-07-01,386,1897,BEAR_CALL_BNF_58600_59000_W400,1,0.5422340570129466
logistic_baseline,2026-07-01,387,1898,BEAR_CALL_BNF_58500_59000_W500,0,0.5233942462164118
logistic_baseline,2026-07-01,388,1899,BEAR_CALL_BNF_58500_59000_W500,1,0.5230960072649546
logistic_baseline,2026-07-01,389,1900,BEAR_CALL_BNF_58500_59000_W500,0,0.5210846628900088
logistic_baseline,2026-07-02,390,1907,BEAR_CALL_BNF_58700_59200_W500,1,0.2075238837140707
logistic_baseline,2026-07-02,391,1908,BEAR_CALL_BNF_58600_59200_W600,1,0.14507002536820526
logistic_baseline,2026-07-02,392,1909,BEAR_CALL_BNF_58700_59200_W500,1,0.2000374873774665
logistic_baseline,2026-07-02,393,1910,BEAR_PUT_NF_24000_24150_W150,0,0.1481343859454604
logistic_baseline,2026-07-02,394,1911,BEAR_PUT_NF_24000_24150_W150,0,0.15338000325462967
logistic_baseline,2026-07-02,395,1912,BEAR_PUT_NF_23950_24150_W200,0,0.11421499600676821
logistic_baseline,2026-07-02,396,1913,BEAR_CALL_BNF_58700_59200_W500,1,0.19813806462080757
logistic_baseline,2026-07-02,397,1914,BEAR_PUT_NF_24000_24100_W100,0,0.19369674696054237
logistic_baseline,2026-07-02,398,1915,BEAR_PUT_NF_23950_24100_W150,0,0.1479444671674081
logistic_baseline,2026-07-02,399,1916,BEAR_PUT_BNF_57700_58100_W400,1,0.2213169917157285
logistic_baseline,2026-07-02,400,1917,BEAR_PUT_NF_23900_24100_W200,0,0.11260187120094939
logistic_baseline,2026-07-02,401,1918,BEAR_CALL_BNF_58600_59000_W400,1,0.2600007119192376
logistic_baseline,2026-07-02,402,1919,BEAR_CALL_BNF_58600_59000_W400,1,0.25661165720768747
logistic_baseline,2026-07-02,403,1920,BEAR_CALL_BNF_58600_59000_W400,1,0.2621309287515699
logistic_baseline,2026-07-02,404,1921,BEAR_CALL_BNF_58700_59200_W500,1,0.22116317432919597
logistic_baseline,2026-07-02,405,1922,BEAR_CALL_BNF_58700_59200_W500,1,0.22071741812434462
logistic_baseline,2026-07-02,406,1923,BEAR_CALL_BNF_58700_59200_W500,1,0.22645900464778063
logistic_baseline,2026-07-02,407,1924,BULL_PUT_BNF_57700_57300_W400,0,0.13502755796788152
logistic_baseline,2026-07-02,408,1925,BEAR_CALL_BNF_58600_59000_W400,1,0.2649341114993231
logistic_baseline,2026-07-02,409,1926,BEAR_CALL_BNF_58600_59200_W600,0,0.17102705582140637
logistic_baseline,2026-07-02,410,1927,BEAR_CALL_BNF_58600_59100_W500,0,0.22082342632149018
logistic_baseline,2026-07-02,411,1928,BEAR_CALL_BNF_58600_59000_W400,0,0.27520731473179094
logistic_baseline,2026-07-02,412,1929,BEAR_CALL_BNF_58500_59100_W600,0,0.16062601012562067
logistic_baseline,2026-07-02,413,1930,BEAR_CALL_BNF_58600_59000_W400,0,0.27448303033236265
logistic_baseline,2026-07-02,414,1931,BEAR_CALL_BNF_58500_58900_W400,0,0.26053849635834225
logistic_baseline,2026-07-02,415,1932,BEAR_CALL_BNF_58500_59000_W500,0,0.2163011805212354
logistic_baseline,2026-07-02,416,1933,BEAR_CALL_BNF_58500_59000_W500,0,0.2186138805753531
logistic_baseline,2026-07-02,417,1934,BULL_PUT_BNF_57600_57200_W400,1,0.13095284927036363
logistic_baseline,2026-07-02,418,1935,BEAR_CALL_BNF_58500_59000_W500,0,0.21357796065598333
logistic_baseline,2026-07-02,419,1936,BEAR_CALL_BNF_58500_59000_W500,0,0.03765250260515763
logistic_baseline,2026-07-02,420,1937,BEAR_CALL_BNF_58500_59000_W500,0,0.21401130148117883
logistic_baseline,2026-07-02,421,1938,BEAR_CALL_BNF_58500_59000_W500,0,0.21486733166968636
logistic_baseline,2026-07-02,422,1939,BEAR_CALL_BNF_58500_59000_W500,0,0.21740519555605747
logistic_baseline,2026-07-02,423,1940,BEAR_CALL_BNF_58500_59000_W500,0,0.2158405949752649
logistic_baseline,2026-07-02,424,1941,BEAR_CALL_BNF_58600_59100_W500,0,0.23592848517059742
logistic_baseline,2026-07-02,425,1942,BEAR_CALL_BNF_58600_59000_W400,0,0.2849028445718735
logistic_baseline,2026-07-02,426,1943,BULL_PUT_BNF_57700_57300_W400,0,0.1445305723634854
logistic_baseline,2026-07-02,427,1944,BEAR_CALL_BNF_58600_59000_W400,1,0.27662262648619707
logistic_baseline,2026-07-02,428,1945,BULL_PUT_BNF_57700_57300_W400,0,0.14813408882660523
logistic_baseline,2026-07-02,429,1946,BEAR_CALL_BNF_58600_59000_W400,0,0.28601264903607476
logistic_baseline,2026-07-02,430,1947,BEAR_CALL_BNF_58600_59100_W500,0,0.23354977479477712
logistic_baseline,2026-07-02,431,1948,BEAR_CALL_BNF_58600_59000_W400,0,0.29000439087523794
logistic_baseline,2026-07-02,432,1949,BULL_PUT_BNF_57600_57200_W400,0,0.14530269663892564
logistic_baseline,2026-07-02,433,1950,BEAR_CALL_BNF_58600_59200_W600,0,0.1930389060418871
logistic_baseline,2026-07-02,434,1951,BEAR_CALL_BNF_58600_59000_W400,0,0.2881229103532439
logistic_baseline,2026-07-02,435,1952,BEAR_CALL_BNF_58600_59000_W400,0,0.28865700414558787
logistic_baseline,2026-07-02,436,1953,BEAR_CALL_BNF_58600_59000_W400,0,0.28868447719421764
logistic_baseline,2026-07-02,437,1954,BEAR_CALL_BNF_58600_59000_W400,1,0.2875635812328856
logistic_baseline,2026-07-02,438,1956,BULL_PUT_BNF_57600_57200_W400,0,0.14448173117632646
logistic_baseline,2026-07-02,439,1957,BEAR_CALL_BNF_58600_59000_W400,0,0.29843043039084755
logistic_baseline,2026-07-02,440,1958,BEAR_CALL_BNF_58500_59000_W500,0,0.22229089513139114
logistic_baseline,2026-07-02,441,1959,BEAR_CALL_BNF_58500_59000_W500,0,0.22711566293945415
logistic_baseline,2026-07-02,442,1960,BEAR_CALL_BNF_58500_59000_W500,0,0.22762964779931968
logistic_baseline,2026-07-02,443,1961,BEAR_CALL_BNF_58500_59000_W500,0,0.23218385393885457
logistic_baseline,2026-07-02,444,1962,BEAR_CALL_BNF_58500_59100_W600,0,0.18299041122178095
logistic_baseline,2026-07-02,445,1963,BULL_PUT_BNF_57600_57200_W400,0,0.15080897579839217
logistic_baseline,2026-07-02,446,1964,BEAR_CALL_BNF_58500_59000_W500,0,0.2247383954192563
logistic_baseline,2026-07-02,447,1965,BEAR_CALL_BNF_58400_58800_W400,0,0.2875682763568509
logistic_baseline,2026-07-02,448,1966,BEAR_CALL_BNF_58400_59000_W600,0,0.17050444394564634
logistic_baseline,2026-07-02,449,1967,BEAR_CALL_BNF_58400_59000_W600,0,0.16920453409443986
logistic_baseline,2026-07-02,450,1968,BEAR_CALL_BNF_58400_59000_W600,0,0.17567374797601554
logistic_baseline,2026-07-02,451,1969,BEAR_CALL_BNF_58400_59000_W600,0,0.17860765806287157
logistic_baseline,2026-07-02,452,1970,BEAR_CALL_BNF_58500_59000_W500,0,0.22672094683088295
logistic_baseline,2026-07-02,453,1971,BEAR_CALL_BNF_58500_59000_W500,0,0.23197945419994512
logistic_baseline,2026-07-02,454,1972,BEAR_CALL_BNF_58500_59000_W500,0,0.2234339809884613
logistic_baseline,2026-07-02,455,1973,BEAR_CALL_BNF_58500_59000_W500,0,0.2243943222378164
logistic_baseline,2026-07-02,456,1974,BEAR_CALL_BNF_58600_59000_W400,0,0.30850777615568314
logistic_baseline,2026-07-02,457,1975,BULL_PUT_BNF_57600_57200_W400,0,0.16103636998906404
logistic_baseline,2026-07-02,458,1976,BULL_PUT_BNF_57600_57200_W400,0,0.16149106890688847
logistic_baseline,2026-07-02,459,1977,BEAR_CALL_BNF_58500_59000_W500,0,0.23259049965090625
logistic_baseline,2026-07-02,460,1978,BEAR_CALL_BNF_58500_59000_W500,0,0.24721213460102395
logistic_baseline,2026-07-02,461,1979,BEAR_CALL_BNF_58500_59000_W500,0,0.24167206474130987
logistic_baseline,2026-07-03,462,1984,BULL_PUT_BNF_57600_57200_W400,0,0.11092349460378227
logistic_baseline,2026-07-03,463,1985,BEAR_CALL_BNF_58600_59000_W400,1,0.2224874452161319
logistic_baseline,2026-07-03,464,1986,BEAR_CALL_BNF_58600_59000_W400,1,0.22089971273041142
logistic_baseline,2026-07-03,465,1992,BEAR_CALL_BNF_58600_59000_W400,1,0.22179372718557053
logistic_baseline,2026-07-03,466,1993,BULL_PUT_BNF_57600_57200_W400,0,0.11206316502397737
logistic_baseline,2026-07-03,467,1994,BEAR_CALL_BNF_58600_59000_W400,1,0.2259552070495053
logistic_baseline,2026-07-03,468,1995,BULL_PUT_BNF_57700_57300_W400,0,0.10854419062641225
logistic_baseline,2026-07-03,469,1996,BEAR_CALL_BNF_58600_59000_W400,1,0.21978584976741378
logistic_baseline,2026-07-03,470,1997,BEAR_CALL_BNF_58600_59000_W400,1,0.22458200127140596
logistic_baseline,2026-07-03,471,1998,BEAR_CALL_BNF_58600_59000_W400,1,0.2274368530878603
logistic_baseline,2026-07-03,472,1999,BULL_PUT_BNF_57600_57200_W400,0,0.11427452413207083
logistic_baseline,2026-07-03,473,2000,BEAR_CALL_BNF_58600_59000_W400,1,0.22608751921218784
logistic_baseline,2026-07-03,474,2001,BEAR_CALL_BNF_58500_59000_W500,1,0.17141525991171247
logistic_baseline,2026-07-03,475,2002,BEAR_CALL_BNF_58500_59000_W500,1,0.16715597638280996
logistic_baseline,2026-07-03,476,2003,BEAR_CALL_BNF_58500_59000_W500,1,0.16565734905169027
logistic_baseline,2026-07-03,477,2004,BULL_PUT_BNF_57500_57100_W400,0,0.11669850003018402
logistic_baseline,2026-07-03,478,2005,BULL_PUT_BNF_57500_57100_W400,0,0.11163000623986065
logistic_baseline,2026-07-03,479,2006,BEAR_CALL_BNF_58400_59000_W600,1,0.12750598368223684
logistic_baseline,2026-07-03,480,2007,BEAR_CALL_BNF_58400_59000_W600,1,0.12707685593900925
logistic_baseline,2026-07-03,481,2008,BEAR_CALL_BNF_58500_59000_W500,1,0.17471572529479612
logistic_baseline,2026-07-03,482,2009,BEAR_CALL_BNF_58500_59000_W500,1,0.17626166988924533
logistic_baseline,2026-07-03,483,2010,BEAR_CALL_BNF_58500_59000_W500,1,0.17390528022554647
logistic_baseline,2026-07-03,484,2011,BULL_PUT_BNF_57600_57200_W400,0,0.11455449985430802
logistic_baseline,2026-07-03,485,2012,BULL_PUT_BNF_57600_57200_W400,0,0.11343395483891194
logistic_baseline,2026-07-03,486,2013,BEAR_CALL_BNF_58500_59000_W500,1,0.17261938175848784
logistic_baseline,2026-07-03,487,2014,BEAR_CALL_BNF_58500_59000_W500,1,0.1761202077334478
logistic_baseline,2026-07-03,488,2015,BEAR_CALL_BNF_58500_59000_W500,1,0.1765185041658255
logistic_baseline,2026-07-03,489,2016,BEAR_CALL_BNF_58500_59000_W500,1,0.1747649609202914
logistic_baseline,2026-07-03,490,2017,BEAR_CALL_BNF_58500_59000_W500,1,0.1725143850790476
logistic_baseline,2026-07-03,491,2018,BEAR_CALL_BNF_58500_59000_W500,1,0.17859517091620347
logistic_baseline,2026-07-03,492,2019,BEAR_CALL_BNF_58500_59000_W500,1,0.17383547235788785
logistic_baseline,2026-07-03,493,2020,BULL_PUT_BNF_57500_57100_W400,0,0.11750970563191417
logistic_baseline,2026-07-03,494,2021,BULL_PUT_BNF_57500_57100_W400,0,0.1186658314970061
logistic_baseline,2026-07-03,495,2022,BULL_PUT_BNF_57500_57100_W400,0,0.11700262690542994
logistic_baseline,2026-07-03,496,2023,BULL_PUT_BNF_57500_57100_W400,0,0.11687154570112557
logistic_baseline,2026-07-03,497,2024,BULL_PUT_BNF_57500_57100_W400,0,0.11498898681855377
logistic_baseline,2026-07-03,498,2025,BEAR_CALL_BNF_58400_58900_W500,1,0.1710474804107671
logistic_baseline,2026-07-03,499,2026,BULL_PUT_BNF_57400_57000_W400,1,0.1150509343667249
logistic_baseline,2026-07-03,500,2027,BULL_PUT_BNF_57400_57000_W400,1,0.11167772713412992
logistic_baseline,2026-07-03,501,2028,BULL_PUT_BNF_57400_57000_W400,1,0.11230596782487538
logistic_baseline,2026-07-03,502,2029,BULL_PUT_BNF_57400_57000_W400,1,0.11388172718589505
logistic_baseline,2026-07-03,503,2030,BULL_PUT_BNF_57400_57000_W400,1,0.11504629079761383
logistic_baseline,2026-07-03,504,2031,BULL_PUT_BNF_57400_57000_W400,1,0.11505701255608217
logistic_baseline,2026-07-03,505,2032,BEAR_CALL_BNF_58300_58700_W400,0,0.22322104330450507
logistic_baseline,2026-07-03,506,2033,BEAR_CALL_BNF_58300_58700_W400,0,0.21935592314044286
logistic_baseline,2026-07-03,507,2034,BULL_PUT_BNF_57400_57000_W400,1,0.11396709469892473
logistic_baseline,2026-07-03,508,2035,BULL_PUT_BNF_57400_57000_W400,1,0.11539977380965229
logistic_baseline,2026-07-03,509,2036,BULL_PUT_BNF_57400_57000_W400,1,0.11453248706232166
logistic_baseline,2026-07-03,510,2037,BULL_PUT_BNF_57400_57000_W400,1,0.11199056649644572
logistic_baseline,2026-07-03,511,2038,BEAR_CALL_BNF_58300_58700_W400,0,0.22337368425034723
logistic_baseline,2026-07-03,512,2039,BULL_PUT_BNF_57400_57000_W400,1,0.11325223889903482
logistic_baseline,2026-07-03,513,2040,BEAR_CALL_BNF_58400_59000_W600,0,0.1415209547644704
logistic_baseline,2026-07-03,514,2041,BULL_PUT_BNF_57400_57000_W400,1,0.1110416381189531
logistic_baseline,2026-07-03,515,2042,BULL_PUT_BNF_57400_57000_W400,1,0.113881825579968
logistic_baseline,2026-07-03,516,2043,BEAR_CALL_BNF_58400_58900_W500,0,0.1847375542343053
logistic_baseline,2026-07-03,517,2044,BEAR_CALL_BNF_58400_59000_W600,0,0.14476865713090187
logistic_baseline,2026-07-03,518,2045,BEAR_CALL_BNF_58400_58900_W500,0,0.18280359607070729
logistic_baseline,2026-07-03,519,2046,BEAR_CALL_BNF_58400_59000_W600,0,0.14453203679624418
logistic_baseline,2026-07-03,520,2047,BEAR_CALL_BNF_58400_59000_W600,0,0.1434875980015535
logistic_baseline,2026-07-03,521,2048,BEAR_CALL_BNF_58400_59000_W600,0,0.1407447391028066
logistic_baseline,2026-07-03,522,2049,BULL_PUT_BNF_57500_57100_W400,0,0.11649446583840586
logistic_baseline,2026-07-07,523,2136,BULL_PUT_BNF_58000_57600_W400,0,0.7061874821284339
logistic_baseline,2026-07-07,524,2137,BULL_PUT_BNF_58000_57600_W400,0,0.7064070762196399
logistic_baseline,2026-07-07,525,2138,BULL_PUT_BNF_57900_57500_W400,0,0.6944502343975606
logistic_baseline,2026-07-07,526,2139,BULL_PUT_BNF_58000_57600_W400,0,0.679073083485544
logistic_baseline,2026-07-07,527,2140,BEAR_CALL_BNF_58900_59300_W400,1,0.8513477339598191
logistic_baseline,2026-07-07,528,2141,BEAR_CALL_BNF_58900_59300_W400,1,0.8524711790181273
logistic_baseline,2026-07-07,529,2142,BEAR_CALL_BNF_58900_59300_W400,1,0.8579160492021293
logistic_baseline,2026-07-07,530,2143,BEAR_CALL_BNF_58900_59300_W400,1,0.856427517762655
logistic_baseline,2026-07-07,531,2144,BEAR_CALL_BNF_58900_59300_W400,1,0.8516164875903592
logistic_baseline,2026-07-07,532,2145,BEAR_CALL_BNF_58900_59300_W400,1,0.8578081964616163
logistic_baseline,2026-07-07,533,2146,BEAR_CALL_BNF_58900_59300_W400,1,0.8580110098447362
logistic_baseline,2026-07-07,534,2147,BULL_PUT_BNF_58000_57600_W400,0,0.7049920845078435
logistic_baseline,2026-07-07,535,2148,BEAR_CALL_BNF_58900_59300_W400,1,0.8602050623011382
logistic_baseline,2026-07-07,536,2149,BEAR_CALL_BNF_58900_59300_W400,1,0.8591737516280612
logistic_baseline,2026-07-07,537,2150,BEAR_CALL_BNF_58900_59300_W400,1,0.8608042100164044
logistic_baseline,2026-07-07,538,2151,BEAR_CALL_BNF_58900_59300_W400,1,0.8631563396034476
logistic_baseline,2026-07-07,539,2152,BULL_PUT_BNF_58000_57600_W400,0,0.7072486228906196
logistic_baseline,2026-07-07,540,2153,BEAR_CALL_BNF_58900_59300_W400,1,0.8607725108238622
logistic_baseline,2026-07-07,541,2154,BULL_PUT_BNF_58000_57600_W400,0,0.7077522115391677
logistic_baseline,2026-07-07,542,2155,BULL_PUT_BNF_58000_57600_W400,0,0.7050409853389425
logistic_baseline,2026-07-07,543,2156,BULL_PUT_BNF_58000_57600_W400,0,0.7072754532225595
logistic_baseline,2026-07-07,544,2157,BEAR_CALL_BNF_58900_59300_W400,1,0.8645657771138815
logistic_baseline,2026-07-07,545,2158,BEAR_CALL_BNF_58900_59300_W400,1,0.8650532648827015
logistic_baseline,2026-07-07,546,2159,BULL_PUT_BNF_57900_57500_W400,0,0.7260893708827191
logistic_baseline,2026-07-07,547,2160,BEAR_CALL_BNF_58900_59300_W400,1,0.8683622322931723
logistic_baseline,2026-07-07,548,2161,BEAR_CALL_BNF_58900_59300_W400,1,0.8627333439521567
logistic_baseline,2026-07-07,549,2162,BEAR_CALL_BNF_58900_59300_W400,1,0.8611600837868728
logistic_baseline,2026-07-07,550,2163,BEAR_CALL_BNF_58900_59300_W400,1,0.8570937628640825
logistic_baseline,2026-07-07,551,2164,BEAR_CALL_BNF_58900_59300_W400,1,0.8596186358141611
logistic_baseline,2026-07-07,552,2165,BEAR_CALL_BNF_58900_59300_W400,1,0.8607898390913789
logistic_baseline,2026-07-07,553,2166,BULL_PUT_BNF_58000_57600_W400,0,0.7169044361464633
logistic_baseline,2026-07-07,554,2167,BULL_PUT_BNF_58000_57600_W400,0,0.7166217768523228
logistic_baseline,2026-07-07,555,2168,BULL_PUT_BNF_58000_57600_W400,0,0.7121830359662752
logistic_baseline,2026-07-07,556,2169,BULL_PUT_BNF_58000_57600_W400,0,0.7170427834510861
logistic_baseline,2026-07-07,557,2170,BEAR_CALL_BNF_58900_59300_W400,1,0.8675312279172458
logistic_baseline,2026-07-07,558,2171,BULL_PUT_BNF_57900_57500_W400,0,0.7285398609552948
logistic_baseline,2026-07-07,559,2172,BULL_PUT_BNF_58000_57600_W400,0,0.7064630388279357
logistic_baseline,2026-07-07,560,2173,BEAR_CALL_BNF_58900_59300_W400,1,0.8702769296521257
logistic_baseline,2026-07-07,561,2174,BEAR_CALL_BNF_58800_59200_W400,1,0.8676460948623856
logistic_baseline,2026-07-07,562,2175,BEAR_CALL_BNF_58800_59200_W400,1,0.8663100691363196
logistic_baseline,2026-07-07,563,2176,BEAR_CALL_BNF_58800_59200_W400,1,0.8700906651154398
logistic_baseline,2026-07-07,564,2177,BEAR_CALL_BNF_58800_59200_W400,1,0.8682764732450929
logistic_baseline,2026-07-07,565,2178,BEAR_CALL_BNF_58800_59200_W400,1,0.8691856546139243
logistic_baseline,2026-07-07,566,2179,BEAR_CALL_BNF_58800_59200_W400,1,0.8622976035916291
logistic_baseline,2026-07-07,567,2180,BULL_PUT_BNF_57800_57400_W400,0,0.7453902483246817
logistic_baseline,2026-07-07,568,2181,BEAR_CALL_BNF_58700_59100_W400,1,0.8577216607527793
logistic_baseline,2026-07-07,569,2182,BEAR_CALL_BNF_58700_59100_W400,1,0.8625915715845422
logistic_baseline,2026-07-07,570,2183,BEAR_CALL_BNF_58700_59100_W400,0,0.8608771499757526
logistic_baseline,2026-07-07,571,2184,BULL_PUT_BNF_57800_57400_W400,0,0.7324691285151517
logistic_baseline,2026-07-07,572,2185,BULL_PUT_BNF_57800_57400_W400,0,0.7229111297839325
logistic_baseline,2026-07-07,573,2186,BULL_PUT_BNF_57800_57400_W400,0,0.7216537682293387
logistic_baseline,2026-07-07,574,2187,BULL_PUT_BNF_57800_57400_W400,0,0.73992124761279
logistic_baseline,2026-07-07,575,2188,BULL_PUT_BNF_58000_57600_W400,0,0.6863018920810429
logistic_baseline,2026-07-07,576,2189,BEAR_CALL_BNF_58700_59100_W400,1,0.8669363793947886
logistic_baseline,2026-07-07,577,2190,BULL_PUT_BNF_58000_57600_W400,0,0.6963688131630317
logistic_baseline,2026-07-07,578,2191,BULL_PUT_BNF_57800_57400_W400,0,0.7421289813608665
logistic_baseline,2026-07-07,579,2192,BEAR_CALL_BNF_58800_59200_W400,1,0.8795304969914616
logistic_baseline,2026-07-08,580,2213,BEAR_PUT_BNF_57100_57700_W600,1,0.16689081211206513
logistic_baseline,2026-07-08,581,2214,BEAR_PUT_BNF_56800_57800_W1000,1,0.023500857403740076
logistic_baseline,2026-07-08,582,2215,BEAR_PUT_BNF_57000_57800_W800,1,0.06620020929130196
logistic_baseline,2026-07-08,583,2217,BEAR_PUT_BNF_57100_57900_W800,1,0.0702098548947346
logistic_baseline,2026-07-08,584,2218,BEAR_PUT_BNF_56900_57900_W1000,1,0.02562921201173855
logistic_baseline,2026-07-08,585,2219,BEAR_PUT_BNF_57200_57800_W600,1,0.17879319815511302
logistic_baseline,2026-07-08,586,2226,BEAR_PUT_BNF_57400_58000_W600,1,0.19207084691759846
logistic_baseline,2026-07-08,587,2227,BEAR_PUT_BNF_57400_58000_W600,1,0.19458723968890135
logistic_baseline,2026-07-08,588,2228,BEAR_PUT_BNF_57400_58000_W600,1,0.19298330765918364
logistic_baseline,2026-07-08,589,2264,BEAR_PUT_BNF_57000_57600_W600,1,0.14423152482437043
logistic_baseline,2026-07-08,590,2265,BEAR_PUT_BNF_56600_57400_W800,1,0.04282767565378982
logistic_baseline,2026-07-08,591,2266,BEAR_PUT_BNF_56400_57200_W800,1,0.031048612421442443
logistic_baseline,2026-07-08,592,2267,BEAR_PUT_NF_23700_24000_W300,1,0.05305372214564817
logistic_baseline,2026-07-08,593,2268,BEAR_PUT_NF_23750_23850_W100,1,0.18734516021927244
logistic_baseline,2026-07-08,594,2269,BEAR_PUT_NF_23600_23900_W300,0,0.036000487245250505
logistic_baseline,2026-07-08,595,2270,BEAR_PUT_NF_23650_23900_W250,1,0.061384916522404805
logistic_baseline,2026-07-08,596,2271,BEAR_PUT_NF_23600_23900_W300,1,0.03742993702341143
logistic_baseline,2026-07-08,597,2272,BEAR_PUT_NF_23600_23850_W250,0,0.6550388511472702
logistic_baseline,2026-07-08,598,2273,BEAR_PUT_NF_23600_23900_W300,1,0.549760291232356
logistic_baseline,2026-07-08,599,2276,BEAR_PUT_NF_23550_23850_W300,0,0.036225501043520944
logistic_baseline,2026-07-08,600,2277,BEAR_PUT_NF_23600_23800_W200,0,0.7446260305942682
logistic_baseline,2026-07-08,601,2278,BEAR_PUT_NF_23450_23850_W400,0,0.2920728634404338
logistic_baseline,2026-07-09,602,2288,BULL_CALL_NF_24400_24000_W400,0,0.02823763019020413
logistic_baseline,2026-07-13,603,2498,BEAR_CALL_BNF_58500_59000_W500,1,0.6399020827665807
logistic_baseline,2026-07-14,604,2518,BEAR_PUT_BNF_56500_57500_W1000,0,0.14975562184892743
logistic_baseline,2026-07-14,605,2529,BEAR_PUT_BNF_56600_57600_W1000,1,0.1610741071462998
logistic_baseline,2026-07-14,606,2580,BEAR_PUT_BNF_56700_57500_W800,1,0.2573842596156943
logistic_baseline,2026-07-14,607,2581,BEAR_PUT_BNF_56500_57500_W1000,1,0.15519978606271773
logistic_baseline,2026-07-14,608,2582,BEAR_PUT_BNF_56500_57500_W1000,0,0.1550623620850357
logistic_baseline,2026-07-16,609,2659,BEAR_PUT_NF_23900_24150_W250,1,0.16351301150490727
logistic_baseline,2026-07-16,610,2660,BEAR_PUT_NF_23850_24150_W300,1,0.11892462122344344
logistic_baseline,2026-07-16,611,2661,BEAR_PUT_NF_23950_24100_W150,1,0.2687608623196227
logistic_baseline,2026-07-16,612,2662,BEAR_PUT_NF_23900_24100_W200,1,0.2065148789887013
logistic_baseline,2026-07-16,613,2678,BEAR_PUT_NF_24050_24150_W100,1,0.3456268985446501
logistic_baseline,2026-07-16,614,2679,BEAR_PUT_NF_24050_24150_W100,1,0.3460811173628482
logistic_baseline,2026-07-16,615,2680,BEAR_PUT_NF_24000_24150_W150,1,0.2750123702980875
logistic_baseline,2026-07-17,616,2736,BEAR_PUT_NF_24000_24200_W200,0,0.2512209255564192
logistic_baseline,2026-07-17,617,2737,BEAR_PUT_NF_24000_24200_W200,0,0.254001947470003
logistic_baseline,2026-07-17,618,2738,BEAR_PUT_NF_24000_24200_W200,0,0.25095917438498266
logistic_baseline,2026-07-17,619,2739,BEAR_PUT_NF_23950_24250_W300,0,0.1484314133727363
logistic_baseline,2026-07-17,620,2740,BEAR_PUT_NF_23950_24250_W300,0,0.14358264524565062
logistic_baseline,2026-07-17,621,2746,BEAR_PUT_NF_24000_24300_W300,0,0.13727826387162298
logistic_baseline,2026-07-17,622,2747,BEAR_PUT_NF_24050_24250_W200,0,0.23766674027126972
logistic_baseline,2026-07-17,623,2748,BEAR_PUT_NF_24000_24300_W300,0,0.13397701679838067
logistic_baseline,2026-07-17,624,2749,BEAR_PUT_NF_24000_24300_W300,0,0.13209151890384047
logistic_baseline,2026-07-17,625,2750,BEAR_PUT_NF_24050_24250_W200,0,0.23725862803422434
logistic_baseline,2026-07-20,626,2821,BEAR_PUT_NF_24050_24250_W200,0,0.625221900018307
logistic_baseline,2026-07-20,627,2822,BEAR_PUT_BNF_57000_57800_W800,0,0.43502230976528583
logistic_baseline,2026-07-21,628,2879,BEAR_PUT_NF_24150_24250_W100,1,0.6499552463923283
logistic_baseline,2026-07-21,629,2880,BEAR_PUT_BNF_57500_58100_W600,1,0.44683764017558236
logistic_baseline,2026-07-21,630,2881,BEAR_PUT_NF_24100_24250_W150,1,0.5599111586848058
logistic_baseline,2026-07-21,631,2882,BEAR_PUT_NF_24100_24250_W150,1,0.5670549725510281
logistic_baseline,2026-07-21,632,2883,BEAR_PUT_NF_24150_24250_W100,1,0.6635055862072533
logistic_baseline,2026-07-22,633,2954,BEAR_PUT_NF_23800_24100_W300,1,0.27350775659137616
logistic_baseline,2026-07-22,634,2955,BEAR_PUT_NF_23800_24050_W250,1,0.3443816413857458
logistic_baseline,2026-07-22,635,2956,BEAR_PUT_BNF_56800_57300_W500,1,0.4423323383938474
logistic_baseline,2026-07-23,636,3029,BEAR_PUT_NF_23750_23950_W200,1,0.3050579104561342
tabicl,2026-06-03,63,329,BEAR_CALL_NF_23400_23550_W150,0,0.1125495508313179
tabicl,2026-06-03,64,335,BEAR_CALL_NF_23400_23550_W150,0,0.1086336299777031
tabicl,2026-06-03,65,380,BEAR_PUT_NF_23150_23300_W150,0,0.2872563898563385
tabicl,2026-06-03,66,391,BEAR_CALL_NF_23550_23700_W150,1,0.09871470928192139
tabicl,2026-06-03,67,392,BEAR_CALL_NF_23550_23700_W150,1,0.10644039511680603
tabicl,2026-06-03,68,393,BEAR_CALL_NF_23600_23750_W150,1,0.12522408366203308
tabicl,2026-06-03,69,394,BEAR_CALL_NF_23550_23700_W150,1,0.10666695982217789
tabicl,2026-06-03,70,395,BEAR_CALL_NF_23550_23700_W150,1,0.11529981344938278
tabicl,2026-06-03,71,396,BEAR_CALL_NF_23600_23750_W150,1,0.1328166127204895
tabicl,2026-06-03,72,397,BEAR_CALL_NF_23600_23750_W150,1,0.12456195801496506
tabicl,2026-06-03,73,398,BEAR_CALL_NF_23600_23750_W150,1,0.12994275987148285
tabicl,2026-06-03,74,399,BEAR_CALL_NF_23600_23750_W150,1,0.13250994682312012
tabicl,2026-06-03,75,400,BEAR_CALL_NF_23550_23700_W150,1,0.105939120054245
tabicl,2026-06-03,76,401,BEAR_CALL_NF_23550_23700_W150,1,0.1097976416349411
tabicl,2026-06-03,77,402,BEAR_CALL_NF_23550_23700_W150,1,0.09720540791749954
tabicl,2026-06-03,78,403,BEAR_CALL_NF_23550_23700_W150,1,0.10075461119413376
tabicl,2026-06-03,79,404,BEAR_CALL_NF_23550_23700_W150,1,0.10105110704898834
tabicl,2026-06-04,80,413,BEAR_PUT_NF_23150_23400_W250,0,0.15449705719947815
tabicl,2026-06-04,81,414,BEAR_PUT_BNF_53200_54200_W1000,0,0.30293646454811096
tabicl,2026-06-04,82,415,BEAR_PUT_NF_23200_23400_W200,0,0.1443919837474823
tabicl,2026-06-04,83,416,BEAR_PUT_NF_23150_23450_W300,0,0.1890426129102707
tabicl,2026-06-04,84,417,BEAR_PUT_NF_23150_23450_W300,0,0.19474254548549652
tabicl,2026-06-04,85,424,BEAR_PUT_NF_23100_23400_W300,0,0.18968674540519714
tabicl,2026-06-04,86,425,BEAR_PUT_NF_23100_23400_W300,0,0.1912989765405655
tabicl,2026-06-04,87,426,BEAR_PUT_BNF_53400_54200_W800,0,0.3082147240638733
tabicl,2026-06-04,88,427,BEAR_PUT_NF_23150_23450_W300,0,0.19060151278972626
tabicl,2026-06-04,89,428,BEAR_PUT_NF_23150_23450_W300,0,0.18743853271007538
tabicl,2026-06-04,90,429,BEAR_PUT_BNF_53400_54400_W1000,0,0.30925488471984863
tabicl,2026-06-04,91,430,BEAR_PUT_BNF_53300_54300_W1000,0,0.3012331426143646
tabicl,2026-06-04,92,457,BEAR_PUT_BNF_53100_54100_W1000,0,0.3045811355113983
tabicl,2026-06-04,93,458,BEAR_PUT_BNF_53100_54100_W1000,0,0.3069191575050354
tabicl,2026-06-04,94,459,BEAR_PUT_NF_23150_23350_W200,0,0.12321847677230835
tabicl,2026-06-04,95,460,BEAR_PUT_BNF_53100_54100_W1000,0,0.3033622205257416
tabicl,2026-06-04,96,471,BULL_PUT_BNF_54000_53600_W400,1,0.6472331881523132
tabicl,2026-06-04,97,472,BULL_PUT_BNF_54000_53600_W400,0,0.6544439792633057
tabicl,2026-06-04,98,473,BULL_PUT_BNF_54000_53600_W400,0,0.6539068818092346
tabicl,2026-06-04,99,474,BULL_PUT_BNF_54000_53600_W400,0,0.6525052785873413
tabicl,2026-06-04,100,476,BULL_PUT_BNF_54000_53600_W400,1,0.6445850729942322
tabicl,2026-06-04,101,478,BULL_PUT_BNF_54000_53600_W400,0,0.6475889086723328
tabicl,2026-06-04,102,479,BULL_PUT_BNF_54000_53600_W400,0,0.6504306793212891
tabicl,2026-06-04,103,480,BULL_PUT_BNF_54000_53600_W400,0,0.6512936949729919
tabicl,2026-06-04,104,481,BULL_PUT_BNF_54000_53600_W400,0,0.6543897390365601
tabicl,2026-06-05,105,497,BEAR_PUT_BNF_53900_54700_W800,1,0.05693575367331505
tabicl,2026-06-05,106,498,BEAR_PUT_BNF_53800_54600_W800,1,0.0502471886575222
tabicl,2026-06-05,107,499,BEAR_PUT_NF_23200_23450_W250,1,0.026031341403722763
tabicl,2026-06-05,108,500,BEAR_PUT_NF_23200_23350_W150,0,0.02165391854941845
tabicl,2026-06-05,109,501,BEAR_PUT_BNF_53300_54300_W1000,0,0.01887531206011772
tabicl,2026-06-05,110,502,BEAR_PUT_BNF_53600_54400_W800,0,0.02499501220881939
tabicl,2026-06-05,111,503,BEAR_PUT_NF_23150_23400_W250,0,0.013090329244732857
tabicl,2026-06-05,112,504,BEAR_PUT_BNF_53700_54500_W800,0,0.028261486440896988
tabicl,2026-06-05,113,505,BEAR_PUT_NF_23250_23500_W250,1,0.0469183623790741
tabicl,2026-06-05,114,506,BEAR_PUT_BNF_54000_54800_W800,1,0.051705989986658096
tabicl,2026-06-05,115,507,BEAR_PUT_NF_23250_23450_W200,1,0.029433658346533775
tabicl,2026-06-05,116,508,BEAR_PUT_BNF_53800_54600_W800,1,0.030155401676893234
tabicl,2026-06-05,117,509,BEAR_PUT_NF_23200_23450_W250,1,0.017994390800595284
tabicl,2026-06-05,118,510,BEAR_PUT_BNF_53800_54600_W800,1,0.03459940105676651
tabicl,2026-06-05,119,511,BEAR_PUT_NF_23250_23400_W150,1,0.03871715068817139
tabicl,2026-06-05,120,512,BEAR_PUT_BNF_53800_54600_W800,1,0.049436476081609726
tabicl,2026-06-05,121,523,BEAR_PUT_BNF_53500_54500_W1000,0,0.03494058921933174
tabicl,2026-06-05,122,534,BEAR_PUT_BNF_53200_54200_W1000,0,0.013031162321567535
tabicl,2026-06-05,123,535,BEAR_PUT_NF_23100_23300_W200,0,0.014184617437422276
tabicl,2026-06-05,124,542,BULL_PUT_BNF_54000_53600_W400,1,0.8839318156242371
tabicl,2026-06-05,125,543,BEAR_PUT_BNF_53400_54400_W1000,0,0.02273443527519703
tabicl,2026-06-05,126,544,BEAR_PUT_BNF_53500_54300_W800,0,0.023700227960944176
tabicl,2026-06-05,127,545,BEAR_PUT_NF_23150_23350_W200,0,0.011911227367818356
tabicl,2026-06-05,128,546,BEAR_PUT_BNF_53900_54500_W600,1,0.08160927891731262
tabicl,2026-06-05,129,547,BEAR_PUT_NF_23150_23400_W250,0,0.0216694213449955
tabicl,2026-06-05,130,548,BEAR_PUT_BNF_53700_54500_W800,0,0.029883291572332382
tabicl,2026-06-05,131,549,BEAR_PUT_NF_23150_23350_W200,0,0.013000179082155228
tabicl,2026-06-05,132,550,BEAR_PUT_BNF_53700_54500_W800,0,0.028504658490419388
tabicl,2026-06-05,133,551,BEAR_PUT_BNF_53700_54500_W800,0,0.04649701714515686
tabicl,2026-06-05,134,554,BEAR_PUT_BNF_53700_54500_W800,0,0.044193755835294724
tabicl,2026-06-08,135,578,BEAR_PUT_NF_22950_23200_W250,1,0.13455548882484436
tabicl,2026-06-08,136,612,BEAR_CALL_NF_23300_23450_W150,1,0.2597644031047821
tabicl,2026-06-08,137,613,BEAR_CALL_NF_23300_23450_W150,1,0.26484882831573486
tabicl,2026-06-08,138,614,BEAR_CALL_NF_23300_23450_W150,1,0.258305162191391
tabicl,2026-06-08,139,615,BEAR_CALL_NF_23300_23450_W150,1,0.25802353024482727
tabicl,2026-06-08,140,616,BEAR_CALL_NF_23350_23500_W150,1,0.246674045920372
tabicl,2026-06-08,141,617,BEAR_CALL_NF_23300_23450_W150,1,0.255879670381546
tabicl,2026-06-08,142,618,BEAR_CALL_NF_23350_23500_W150,1,0.2540319561958313
tabicl,2026-06-08,143,619,BEAR_CALL_NF_23350_23500_W150,1,0.2548447549343109
tabicl,2026-06-08,144,620,BULL_PUT_NF_23000_22850_W150,0,0.4683021605014801
tabicl,2026-06-08,145,621,BEAR_CALL_NF_23300_23450_W150,1,0.2621871531009674
tabicl,2026-06-08,146,622,BEAR_CALL_NF_23250_23400_W150,0,0.24260897934436798
tabicl,2026-06-08,147,623,BEAR_CALL_NF_23300_23450_W150,0,0.254703551530838
tabicl,2026-06-08,148,624,BEAR_CALL_NF_23300_23450_W150,0,0.25552991032600403
tabicl,2026-06-08,149,625,BEAR_CALL_NF_23250_23400_W150,0,0.24019265174865723
tabicl,2026-06-08,150,626,BEAR_PUT_NF_22950_23100_W150,0,0.15258453786373138
tabicl,2026-06-09,151,654,BEAR_PUT_BNF_53500_54500_W1000,0,0.1853802502155304
tabicl,2026-06-09,152,655,BEAR_PUT_BNF_53600_54600_W1000,0,0.23811115324497223
tabicl,2026-06-09,153,656,BEAR_PUT_BNF_53600_54600_W1000,0,0.23215709626674652
tabicl,2026-06-09,154,659,BEAR_PUT_NF_23000_23200_W200,0,0.2115376889705658
tabicl,2026-06-09,155,660,BEAR_PUT_NF_23050_23200_W150,0,0.15914222598075867
tabicl,2026-06-09,156,661,BULL_PUT_BNF_54500_54100_W400,1,0.8332189917564392
tabicl,2026-06-09,157,662,BEAR_PUT_NF_23100_23200_W100,0,0.2361217439174652
tabicl,2026-06-09,158,663,BEAR_PUT_NF_23050_23200_W150,0,0.15283522009849548
tabicl,2026-06-09,159,664,BEAR_CALL_BNF_55300_55800_W500,0,0.6473531723022461
tabicl,2026-06-09,160,665,BULL_PUT_BNF_54500_54100_W400,1,0.6331573724746704
tabicl,2026-06-09,161,666,BULL_PUT_BNF_54500_54100_W400,1,0.6066311597824097
tabicl,2026-06-09,162,667,BULL_PUT_BNF_54500_54100_W400,1,0.5687351226806641
tabicl,2026-06-09,163,668,BEAR_PUT_BNF_54000_55000_W1000,0,0.4007704257965088
tabicl,2026-06-09,164,670,BULL_PUT_BNF_54500_54100_W400,1,0.4782242476940155
tabicl,2026-06-09,165,673,BULL_PUT_BNF_54500_54100_W400,1,0.5116791725158691
tabicl,2026-06-09,166,685,BULL_PUT_BNF_54600_54200_W400,1,0.49198052287101746
tabicl,2026-06-12,167,876,BEAR_PUT_NF_23150_23350_W200,0,0.1875489503145218
tabicl,2026-06-12,168,877,BEAR_PUT_NF_23150_23350_W200,0,0.174152672290802
tabicl,2026-06-12,169,928,BULL_PUT_NF_23450_23300_W150,1,0.7615151405334473
tabicl,2026-06-15,170,1000,BEAR_CALL_NF_24000_24150_W150,1,0.7882532477378845
tabicl,2026-06-15,171,1001,BEAR_CALL_NF_24050_24200_W150,1,0.7422188520431519
tabicl,2026-06-15,172,1002,BEAR_CALL_NF_24050_24200_W150,1,0.7166466116905212
tabicl,2026-06-15,173,1003,BEAR_CALL_NF_24050_24200_W150,1,0.7410085201263428
tabicl,2026-06-15,174,1004,BEAR_CALL_NF_24050_24200_W150,1,0.7419903874397278
tabicl,2026-06-15,175,1005,BEAR_CALL_NF_24050_24200_W150,1,0.7622585296630859
tabicl,2026-06-15,176,1006,BULL_PUT_NF_23800_23650_W150,0,0.8026334047317505
tabicl,2026-06-15,177,1007,BULL_PUT_NF_23750_23600_W150,0,0.8043492436408997
tabicl,2026-06-15,178,1008,BULL_PUT_NF_23750_23600_W150,0,0.8049440979957581
tabicl,2026-06-15,179,1009,BULL_PUT_NF_23750_23600_W150,0,0.8103886842727661
tabicl,2026-06-15,180,1010,BULL_PUT_NF_23750_23600_W150,0,0.8119527101516724
tabicl,2026-06-15,181,1011,BEAR_CALL_NF_24000_24150_W150,1,0.7638264894485474
tabicl,2026-06-15,182,1012,BEAR_CALL_NF_24000_24150_W150,1,0.732190728187561
tabicl,2026-06-15,183,1013,BEAR_CALL_NF_24000_24150_W150,0,0.7241578102111816
tabicl,2026-06-15,184,1014,BEAR_CALL_NF_24000_24150_W150,1,0.7603644132614136
tabicl,2026-06-15,185,1015,BEAR_CALL_NF_24000_24150_W150,1,0.740011990070343
tabicl,2026-06-15,186,938,BEAR_CALL_NF_24100_24250_W150,1,0.7036596536636353
tabicl,2026-06-15,187,939,BEAR_CALL_NF_24100_24250_W150,1,0.7152360081672668
tabicl,2026-06-15,188,940,BEAR_CALL_NF_24100_24250_W150,1,0.703291654586792
tabicl,2026-06-15,189,941,BEAR_CALL_NF_24100_24250_W150,1,0.7023733854293823
tabicl,2026-06-15,190,942,BEAR_PUT_NF_23750_23950_W200,1,0.6254559755325317
tabicl,2026-06-15,191,943,BEAR_CALL_NF_24100_24250_W150,1,0.7362021207809448
tabicl,2026-06-17,192,1105,BEAR_PUT_BNF_56500_57500_W1000,0,0.3685555160045624
tabicl,2026-06-17,193,1106,BEAR_PUT_NF_23800_24100_W300,0,0.6913970708847046
tabicl,2026-06-17,194,1107,BEAR_PUT_BNF_56500_57500_W1000,0,0.37109947204589844
tabicl,2026-06-17,195,1108,BEAR_PUT_NF_23800_24100_W300,0,0.690848171710968
tabicl,2026-06-17,196,1109,BEAR_PUT_NF_23800_24100_W300,0,0.6911446452140808
tabicl,2026-06-22,197,1393,BEAR_CALL_NF_24250_24400_W150,1,0.4948274493217468
tabicl,2026-06-22,198,1394,BULL_PUT_NF_24000_23850_W150,0,0.23815493285655975
tabicl,2026-06-22,199,1395,BULL_PUT_NF_24000_23850_W150,0,0.233521968126297
tabicl,2026-06-22,200,1396,BEAR_CALL_NF_24250_24400_W150,1,0.5374134182929993
tabicl,2026-06-22,201,1397,BEAR_CALL_NF_24250_24400_W150,1,0.5345308780670166
tabicl,2026-06-22,202,1398,BULL_PUT_NF_24000_23850_W150,0,0.26067793369293213
tabicl,2026-06-22,203,1399,BEAR_CALL_NF_24250_24400_W150,1,0.5326858162879944
tabicl,2026-06-22,204,1400,BEAR_CALL_NF_24250_24400_W150,1,0.5501811504364014
tabicl,2026-06-22,205,1401,BEAR_CALL_NF_24250_24400_W150,1,0.5100694298744202
tabicl,2026-06-22,206,1402,BEAR_CALL_NF_24250_24400_W150,1,0.5355425477027893
tabicl,2026-06-22,207,1403,BEAR_CALL_NF_24250_24400_W150,1,0.48172762989997864
tabicl,2026-06-22,208,1404,BULL_PUT_NF_24000_23850_W150,1,0.25686678290367126
tabicl,2026-06-22,209,1405,BULL_PUT_NF_24000_23850_W150,1,0.23947003483772278
tabicl,2026-06-22,210,1406,BEAR_CALL_NF_24200_24350_W150,0,0.5613284707069397
tabicl,2026-06-23,211,1411,BEAR_CALL_BNF_58400_58800_W400,1,0.5104245543479919
tabicl,2026-06-23,212,1441,BEAR_PUT_NF_23900_24100_W200,1,0.48622050881385803
tabicl,2026-06-23,213,1442,BEAR_PUT_BNF_57200_57600_W400,1,0.5005934238433838
tabicl,2026-06-23,214,1443,BEAR_PUT_BNF_57300_57600_W300,1,0.47922784090042114
tabicl,2026-06-23,215,1444,BEAR_PUT_NF_23900_24000_W100,1,0.5424100756645203
tabicl,2026-06-23,216,1445,BEAR_PUT_BNF_57100_57500_W400,1,0.5056514739990234
tabicl,2026-06-23,217,1446,BEAR_PUT_BNF_57100_57500_W400,1,0.5065858960151672
tabicl,2026-06-23,218,1447,BEAR_PUT_BNF_57100_57500_W400,1,0.5056452751159668
tabicl,2026-06-23,219,1448,BEAR_CALL_BNF_58000_58400_W400,1,0.4908197820186615
tabicl,2026-06-23,220,1449,BEAR_CALL_BNF_57900_58300_W400,1,0.5143017172813416
tabicl,2026-06-23,221,1450,BEAR_CALL_BNF_57900_58300_W400,1,0.5033850073814392
tabicl,2026-06-23,222,1451,BEAR_CALL_BNF_57900_58300_W400,1,0.49627479910850525
tabicl,2026-06-23,223,1452,BEAR_CALL_BNF_57900_58300_W400,1,0.4963141083717346
tabicl,2026-06-23,224,1453,BEAR_CALL_BNF_57900_58300_W400,1,0.501579999923706
tabicl,2026-06-23,225,1454,BEAR_CALL_BNF_58000_58400_W400,1,0.4814518988132477
tabicl,2026-06-23,226,1455,BEAR_CALL_BNF_58000_58400_W400,1,0.47626635432243347
tabicl,2026-06-23,227,1456,BEAR_CALL_BNF_57900_58300_W400,1,0.4914008677005768
tabicl,2026-06-23,228,1457,BEAR_CALL_BNF_57900_58300_W400,1,0.49659115076065063
tabicl,2026-06-23,229,1458,BEAR_CALL_BNF_57900_58300_W400,1,0.4952603876590729
tabicl,2026-06-23,230,1459,BEAR_CALL_BNF_57900_58300_W400,1,0.49758675694465637
tabicl,2026-06-23,231,1460,BEAR_CALL_BNF_58000_58400_W400,1,0.48484981060028076
tabicl,2026-06-23,232,1461,BEAR_CALL_BNF_57900_58300_W400,1,0.49631720781326294
tabicl,2026-06-23,233,1462,BEAR_CALL_BNF_57900_58300_W400,1,0.4952754080295563
tabicl,2026-06-23,234,1463,BEAR_CALL_BNF_58000_58400_W400,1,0.477787584066391
tabicl,2026-06-23,235,1464,BEAR_CALL_BNF_57900_58300_W400,1,0.4944276809692383
tabicl,2026-06-23,236,1465,BEAR_CALL_BNF_57900_58300_W400,1,0.49592646956443787
tabicl,2026-06-23,237,1466,BEAR_CALL_BNF_57900_58300_W400,1,0.4975426495075226
tabicl,2026-06-23,238,1467,BEAR_CALL_BNF_57900_58300_W400,1,0.507476270198822
tabicl,2026-06-23,239,1468,BEAR_CALL_BNF_57800_58200_W400,1,0.5251883268356323
tabicl,2026-06-23,240,1469,BEAR_CALL_BNF_57800_58200_W400,1,0.5269131064414978
tabicl,2026-06-23,241,1470,BEAR_CALL_BNF_57800_58200_W400,1,0.5186445116996765
tabicl,2026-06-23,242,1471,BEAR_CALL_BNF_57800_58200_W400,1,0.5232081413269043
tabicl,2026-06-23,243,1472,BEAR_CALL_BNF_57800_58200_W400,1,0.5165950059890747
tabicl,2026-06-23,244,1473,BEAR_CALL_BNF_57800_58200_W400,1,0.5035671591758728
tabicl,2026-06-23,245,1474,BEAR_CALL_BNF_57800_58200_W400,1,0.5098277926445007
tabicl,2026-06-23,246,1475,BEAR_CALL_BNF_57800_58200_W400,1,0.5056014060974121
tabicl,2026-06-23,247,1476,BEAR_CALL_BNF_57800_58200_W400,1,0.4974236786365509
tabicl,2026-06-23,248,1477,BEAR_CALL_BNF_57800_58200_W400,1,0.5171020030975342
tabicl,2026-06-23,249,1478,BEAR_CALL_BNF_57900_58300_W400,1,0.47902077436447144
tabicl,2026-06-23,250,1479,BEAR_CALL_BNF_57800_58200_W400,1,0.4974563419818878
tabicl,2026-06-23,251,1480,BEAR_CALL_BNF_57900_58300_W400,1,0.4793170690536499
tabicl,2026-06-23,252,1482,BEAR_CALL_BNF_57800_58200_W400,1,0.4955693185329437
tabicl,2026-06-23,253,1483,BEAR_CALL_BNF_57800_58200_W400,1,0.491659939289093
tabicl,2026-06-23,254,1484,BEAR_CALL_BNF_57900_58300_W400,1,0.480797678232193
tabicl,2026-06-23,255,1485,BEAR_CALL_BNF_57900_58300_W400,1,0.47097066044807434
tabicl,2026-06-23,256,1486,BEAR_CALL_BNF_57900_58300_W400,1,0.47063013911247253
tabicl,2026-06-23,257,1487,BEAR_CALL_BNF_57900_58300_W400,1,0.47007137537002563
tabicl,2026-06-23,258,1488,BEAR_PUT_NF_23650_23850_W200,0,0.47438910603523254
tabicl,2026-06-23,259,1489,BEAR_PUT_NF_23650_23850_W200,1,0.4342717230319977
tabicl,2026-06-23,260,1490,BEAR_PUT_NF_23600_23850_W250,0,0.4520126283168793
tabicl,2026-06-23,261,1491,BEAR_CALL_BNF_57500_57900_W400,0,0.5855240821838379
tabicl,2026-06-23,262,1492,BEAR_CALL_BNF_57500_57900_W400,0,0.5809049606323242
tabicl,2026-06-24,263,1496,BEAR_PUT_NF_23700_23850_W150,0,0.5376521348953247
tabicl,2026-06-24,264,1497,BEAR_PUT_NF_23700_23850_W150,0,0.5402601957321167
tabicl,2026-06-24,265,1498,BEAR_PUT_NF_23650_23900_W250,0,0.27069705724716187
tabicl,2026-06-24,266,1499,BEAR_PUT_NF_23700_23850_W150,0,0.5057425498962402
tabicl,2026-06-24,267,1500,BEAR_PUT_NF_23600_23900_W300,0,0.14075498282909393
tabicl,2026-06-24,268,1501,BEAR_CALL_BNF_58000_58400_W400,0,0.8862549662590027
tabicl,2026-06-24,269,1502,BEAR_PUT_BNF_56800_57400_W600,0,0.6004247069358826
tabicl,2026-06-24,270,1503,BEAR_PUT_NF_23550_23850_W300,0,0.1424059271812439
tabicl,2026-06-24,271,1504,BEAR_PUT_NF_23600_23850_W250,0,0.2558608055114746
tabicl,2026-06-24,272,1505,BEAR_PUT_NF_23650_23900_W250,0,0.27488064765930176
tabicl,2026-06-24,273,1506,BEAR_PUT_NF_23700_23900_W200,0,0.4737685024738312
tabicl,2026-06-24,274,1507,BEAR_PUT_NF_23700_23900_W200,0,0.4806712567806244
tabicl,2026-06-24,275,1508,BEAR_PUT_NF_23700_23900_W200,0,0.47226086258888245
tabicl,2026-06-24,276,1509,BEAR_PUT_NF_23750_23950_W200,0,0.546898365020752
tabicl,2026-06-24,277,1510,BEAR_CALL_BNF_58200_58600_W400,0,0.9033383727073669
tabicl,2026-06-24,278,1511,BEAR_CALL_BNF_58200_58600_W400,0,0.893504798412323
tabicl,2026-06-24,279,1512,BEAR_CALL_BNF_58200_58600_W400,0,0.8613795638084412
tabicl,2026-06-24,280,1513,BEAR_CALL_BNF_58200_58600_W400,0,0.8438924551010132
tabicl,2026-06-24,281,1514,BEAR_CALL_BNF_58200_58600_W400,0,0.9091534614562988
tabicl,2026-06-24,282,1515,BEAR_CALL_BNF_58200_58600_W400,0,0.9096183776855469
tabicl,2026-06-24,283,1516,BEAR_CALL_BNF_58200_58600_W400,0,0.9146601557731628
tabicl,2026-06-24,284,1517,BEAR_CALL_BNF_58300_58700_W400,0,0.8554753065109253
tabicl,2026-06-24,285,1518,BEAR_PUT_NF_23750_24000_W250,0,0.36787551641464233
tabicl,2026-06-24,286,1519,BEAR_PUT_NF_23750_24000_W250,0,0.35340774059295654
tabicl,2026-06-24,287,1520,BEAR_PUT_NF_23800_23950_W150,0,0.6802937984466553
tabicl,2026-06-24,288,1521,BEAR_PUT_NF_23700_24000_W300,0,0.13345028460025787
tabicl,2026-06-24,289,1522,BEAR_CALL_BNF_58400_58800_W400,0,0.8531591296195984
tabicl,2026-06-24,290,1523,BEAR_CALL_BNF_58400_58800_W400,0,0.8789793848991394
tabicl,2026-06-24,291,1524,BEAR_CALL_BNF_58500_58900_W400,0,0.8279536962509155
tabicl,2026-06-24,292,1525,BEAR_CALL_BNF_58500_58900_W400,0,0.867499589920044
tabicl,2026-06-24,293,1526,BEAR_CALL_BNF_58600_59000_W400,1,0.8263221979141235
tabicl,2026-06-24,294,1527,BEAR_CALL_BNF_58600_59000_W400,1,0.8329065442085266
tabicl,2026-06-24,295,1528,BEAR_CALL_BNF_58600_59000_W400,1,0.8252661228179932
tabicl,2026-06-24,296,1529,BEAR_CALL_BNF_58600_59000_W400,1,0.8317601084709167
tabicl,2026-06-24,297,1530,BEAR_CALL_BNF_58600_59000_W400,0,0.8207991719245911
tabicl,2026-06-24,298,1531,BEAR_CALL_BNF_58500_58900_W400,0,0.8524803519248962
tabicl,2026-06-24,299,1532,BEAR_CALL_BNF_58600_59000_W400,1,0.8240928053855896
tabicl,2026-06-24,300,1533,BEAR_CALL_BNF_58600_59000_W400,1,0.8479766249656677
tabicl,2026-06-24,301,1534,BEAR_CALL_BNF_58600_59000_W400,0,0.8168644905090332
tabicl,2026-06-24,302,1538,BEAR_CALL_BNF_58500_58900_W400,0,0.8521487712860107
tabicl,2026-06-24,303,1539,BEAR_CALL_BNF_58500_58900_W400,0,0.8574599623680115
tabicl,2026-06-24,304,1541,BEAR_CALL_BNF_58500_58900_W400,0,0.8590737581253052
tabicl,2026-06-24,305,1542,BEAR_CALL_BNF_58500_58900_W400,0,0.8569139242172241
tabicl,2026-06-24,306,1551,BEAR_CALL_BNF_58700_59100_W400,1,0.8304181098937988
tabicl,2026-06-29,307,1668,BULL_PUT_NF_24000_23850_W150,0,0.5260488986968994
tabicl,2026-06-29,308,1669,BULL_PUT_NF_24000_23850_W150,0,0.5300020575523376
tabicl,2026-06-29,309,1671,BULL_PUT_NF_24000_23850_W150,0,0.5322525501251221
tabicl,2026-06-29,310,1692,BEAR_CALL_NF_24100_24250_W150,1,0.7145885825157166
tabicl,2026-06-29,311,1693,BEAR_CALL_NF_24100_24250_W150,1,0.7403056621551514
tabicl,2026-06-29,312,1694,BEAR_CALL_NF_24100_24250_W150,1,0.7077502012252808
tabicl,2026-06-29,313,1695,BEAR_CALL_NF_24100_24250_W150,1,0.7438122034072876
tabicl,2026-06-29,314,1696,BEAR_CALL_NF_24100_24250_W150,1,0.513212263584137
tabicl,2026-06-29,315,1697,BEAR_CALL_NF_24100_24250_W150,1,0.5722776651382446
tabicl,2026-06-29,316,1698,BEAR_CALL_NF_24100_24250_W150,1,0.657260537147522
tabicl,2026-06-29,317,1699,BEAR_CALL_NF_24100_24250_W150,1,0.7096455693244934
tabicl,2026-06-29,318,1716,BULL_PUT_BNF_57400_57000_W400,0,0.48221954703330994
tabicl,2026-06-29,319,1717,BULL_PUT_BNF_57400_57000_W400,0,0.47574421763420105
tabicl,2026-06-29,320,1718,BULL_PUT_BNF_57400_57000_W400,0,0.48707225918769836
tabicl,2026-06-29,321,1719,BEAR_CALL_BNF_58400_58800_W400,1,0.5101621747016907
tabicl,2026-06-29,322,1720,BULL_PUT_BNF_57400_57000_W400,0,0.4865478575229645
tabicl,2026-06-29,323,1721,BULL_PUT_BNF_57400_57000_W400,0,0.4841088056564331
tabicl,2026-06-29,324,1722,BULL_PUT_BNF_57400_57000_W400,0,0.4700317084789276
tabicl,2026-06-29,325,1723,BEAR_CALL_BNF_58400_58800_W400,1,0.5089385509490967
tabicl,2026-06-29,326,1724,BULL_PUT_BNF_57400_57000_W400,0,0.4714183509349823
tabicl,2026-06-29,327,1725,BULL_PUT_BNF_57400_57000_W400,0,0.4741620123386383
tabicl,2026-06-29,328,1726,BEAR_CALL_BNF_58300_58700_W400,1,0.5073012709617615
tabicl,2026-06-29,329,1727,BULL_PUT_BNF_57300_56900_W400,1,0.4894794225692749
tabicl,2026-06-29,330,1728,BULL_PUT_BNF_57200_56800_W400,1,0.47749754786491394
tabicl,2026-06-29,331,1729,BEAR_CALL_BNF_58200_58600_W400,1,0.4991562068462372
tabicl,2026-07-01,332,1817,BEAR_CALL_BNF_58100_58500_W400,0,0.46880677342414856
tabicl,2026-07-01,333,1818,BEAR_CALL_BNF_58000_58600_W600,0,0.32824382185935974
tabicl,2026-07-01,334,1819,BEAR_CALL_BNF_58000_58500_W500,0,0.36259621381759644
tabicl,2026-07-01,335,1820,BEAR_CALL_BNF_58100_58500_W400,0,0.47045624256134033
tabicl,2026-07-01,336,1821,BEAR_CALL_BNF_58200_58700_W500,0,0.3523895740509033
tabicl,2026-07-01,337,1822,BEAR_CALL_BNF_58200_58600_W400,0,0.4807698130607605
tabicl,2026-07-01,338,1823,BEAR_CALL_BNF_58100_58600_W500,0,0.370322585105896
tabicl,2026-07-01,339,1824,BEAR_CALL_BNF_58200_58600_W400,0,0.48418715596199036
tabicl,2026-07-01,340,1825,BEAR_CALL_BNF_58100_58500_W400,0,0.4766172468662262
tabicl,2026-07-01,341,1826,BEAR_CALL_BNF_58200_58700_W500,0,0.36669182777404785
tabicl,2026-07-01,342,1827,BEAR_CALL_BNF_58200_58800_W600,0,0.331041157245636
tabicl,2026-07-01,343,1828,BEAR_CALL_BNF_58300_58900_W600,0,0.34354904294013977
tabicl,2026-07-01,344,1829,BEAR_CALL_BNF_58300_58900_W600,0,0.3407246768474579
tabicl,2026-07-01,345,1830,BEAR_CALL_BNF_58300_58900_W600,0,0.3409346044063568
tabicl,2026-07-01,346,1831,BEAR_CALL_BNF_58300_58900_W600,0,0.3577840030193329
tabicl,2026-07-01,347,1832,BEAR_CALL_BNF_58200_58600_W400,0,0.4827539026737213
tabicl,2026-07-01,348,1833,BEAR_CALL_BNF_58200_58600_W400,0,0.4840649664402008
tabicl,2026-07-01,349,1834,BEAR_CALL_BNF_58200_58600_W400,0,0.4771568179130554
tabicl,2026-07-01,350,1835,BEAR_CALL_BNF_58200_58600_W400,0,0.4787568151950836
tabicl,2026-07-01,351,1836,BEAR_CALL_BNF_58200_58800_W600,0,0.33693885803222656
tabicl,2026-07-01,352,1837,BEAR_CALL_BNF_58300_58900_W600,0,0.35395294427871704
tabicl,2026-07-01,353,1838,BEAR_CALL_BNF_58300_58900_W600,0,0.34337958693504333
tabicl,2026-07-01,354,1839,BEAR_CALL_BNF_58400_59000_W600,0,0.36556947231292725
tabicl,2026-07-01,355,1840,BEAR_CALL_BNF_58400_59000_W600,0,0.36338499188423157
tabicl,2026-07-01,356,1841,BEAR_CALL_BNF_58400_58800_W400,0,0.49114176630973816
tabicl,2026-07-01,357,1842,BEAR_CALL_BNF_58400_58800_W400,0,0.4920946955680847
tabicl,2026-07-01,358,1843,BEAR_CALL_BNF_58300_58900_W600,0,0.3368721902370453
tabicl,2026-07-01,359,1847,BEAR_CALL_BNF_58300_58800_W500,0,0.3657929301261902
tabicl,2026-07-01,360,1848,BEAR_CALL_BNF_58400_58900_W500,0,0.38631752133369446
tabicl,2026-07-01,361,1849,BEAR_CALL_BNF_58400_59000_W600,0,0.3629169464111328
tabicl,2026-07-01,362,1850,BEAR_CALL_BNF_58400_59000_W600,0,0.36610713601112366
tabicl,2026-07-01,363,1851,BEAR_CALL_BNF_58500_59000_W500,0,0.3985591232776642
tabicl,2026-07-01,364,1852,BEAR_CALL_BNF_58500_59000_W500,0,0.3935725688934326
tabicl,2026-07-01,365,1853,BEAR_CALL_BNF_58500_59000_W500,0,0.39223840832710266
tabicl,2026-07-01,366,1854,BEAR_CALL_BNF_58500_59000_W500,0,0.4015085995197296
tabicl,2026-07-01,367,1855,BEAR_CALL_BNF_58500_59000_W500,0,0.39878594875335693
tabicl,2026-07-01,368,1856,BEAR_CALL_BNF_58500_59000_W500,1,0.40612226724624634
tabicl,2026-07-01,369,1857,BEAR_CALL_BNF_58500_59100_W600,1,0.3911851644515991
tabicl,2026-07-01,370,1860,BEAR_CALL_BNF_58500_59000_W500,1,0.4100895822048187
tabicl,2026-07-01,371,1861,BEAR_CALL_BNF_58500_59000_W500,1,0.40832284092903137
tabicl,2026-07-01,372,1862,BEAR_CALL_BNF_58500_59000_W500,0,0.40172815322875977
tabicl,2026-07-01,373,1863,BEAR_CALL_BNF_58500_59000_W500,0,0.4000931680202484
tabicl,2026-07-01,374,1864,BEAR_CALL_BNF_58500_59000_W500,0,0.3985728323459625
tabicl,2026-07-01,375,1865,BEAR_CALL_BNF_58500_59000_W500,0,0.3944733738899231
tabicl,2026-07-01,376,1866,BEAR_CALL_BNF_58500_59000_W500,0,0.3916601836681366
tabicl,2026-07-01,377,1867,BEAR_CALL_BNF_58400_59000_W600,0,0.364179790019989
tabicl,2026-07-01,378,1868,BEAR_CALL_BNF_58500_59000_W500,0,0.38696253299713135
tabicl,2026-07-01,379,1869,BEAR_CALL_BNF_58500_59100_W600,0,0.38187283277511597
tabicl,2026-07-01,380,1870,BEAR_CALL_BNF_58500_59000_W500,0,0.3985941410064697
tabicl,2026-07-01,381,1871,BEAR_CALL_BNF_58500_59000_W500,0,0.39184513688087463
tabicl,2026-07-01,382,1872,BEAR_CALL_BNF_58500_59000_W500,0,0.38982662558555603
tabicl,2026-07-01,383,1894,BEAR_CALL_BNF_58400_59000_W600,0,0.36151859164237976
tabicl,2026-07-01,384,1895,BEAR_CALL_BNF_58500_59000_W500,0,0.3912326395511627
tabicl,2026-07-01,385,1896,BEAR_CALL_BNF_58600_59000_W400,1,0.5100115537643433
tabicl,2026-07-01,386,1897,BEAR_CALL_BNF_58600_59000_W400,1,0.5149295926094055
tabicl,2026-07-01,387,1898,BEAR_CALL_BNF_58500_59000_W500,0,0.4018959403038025
tabicl,2026-07-01,388,1899,BEAR_CALL_BNF_58500_59000_W500,1,0.407184898853302
tabicl,2026-07-01,389,1900,BEAR_CALL_BNF_58500_59000_W500,0,0.39639168977737427
tabicl,2026-07-02,390,1907,BEAR_CALL_BNF_58700_59200_W500,1,0.7286306619644165
tabicl,2026-07-02,391,1908,BEAR_CALL_BNF_58600_59200_W600,1,0.7285154461860657
tabicl,2026-07-02,392,1909,BEAR_CALL_BNF_58700_59200_W500,1,0.7636949419975281
tabicl,2026-07-02,393,1910,BEAR_PUT_NF_24000_24150_W150,0,0.5889306664466858
tabicl,2026-07-02,394,1911,BEAR_PUT_NF_24000_24150_W150,0,0.5744521021842957
tabicl,2026-07-02,395,1912,BEAR_PUT_NF_23950_24150_W200,0,0.4264011085033417
tabicl,2026-07-02,396,1913,BEAR_CALL_BNF_58700_59200_W500,1,0.7956212162971497
tabicl,2026-07-02,397,1914,BEAR_PUT_NF_24000_24100_W100,0,0.635502815246582
tabicl,2026-07-02,398,1915,BEAR_PUT_NF_23950_24100_W150,0,0.4921991229057312
tabicl,2026-07-02,399,1916,BEAR_PUT_BNF_57700_58100_W400,1,0.5113363265991211
tabicl,2026-07-02,400,1917,BEAR_PUT_NF_23900_24100_W200,0,0.3019028604030609
tabicl,2026-07-02,401,1918,BEAR_CALL_BNF_58600_59000_W400,1,0.7371779680252075
tabicl,2026-07-02,402,1919,BEAR_CALL_BNF_58600_59000_W400,1,0.7293317317962646
tabicl,2026-07-02,403,1920,BEAR_CALL_BNF_58600_59000_W400,1,0.731968879699707
tabicl,2026-07-02,404,1921,BEAR_CALL_BNF_58700_59200_W500,1,0.7237728238105774
tabicl,2026-07-02,405,1922,BEAR_CALL_BNF_58700_59200_W500,1,0.7251245379447937
tabicl,2026-07-02,406,1923,BEAR_CALL_BNF_58700_59200_W500,1,0.7184557318687439
tabicl,2026-07-02,407,1924,BULL_PUT_BNF_57700_57300_W400,0,0.41341862082481384
tabicl,2026-07-02,408,1925,BEAR_CALL_BNF_58600_59000_W400,1,0.7418302297592163
tabicl,2026-07-02,409,1926,BEAR_CALL_BNF_58600_59200_W600,0,0.6531407237052917
tabicl,2026-07-02,410,1927,BEAR_CALL_BNF_58600_59100_W500,0,0.5571814179420471
tabicl,2026-07-02,411,1928,BEAR_CALL_BNF_58600_59000_W400,0,0.6931743025779724
tabicl,2026-07-02,412,1929,BEAR_CALL_BNF_58500_59100_W600,0,0.43623995780944824
tabicl,2026-07-02,413,1930,BEAR_CALL_BNF_58600_59000_W400,0,0.68923020362854
tabicl,2026-07-02,414,1931,BEAR_CALL_BNF_58500_58900_W400,0,0.49443718791007996
tabicl,2026-07-02,415,1932,BEAR_CALL_BNF_58500_59000_W500,0,0.3089410364627838
tabicl,2026-07-02,416,1933,BEAR_CALL_BNF_58500_59000_W500,0,0.30229851603507996
tabicl,2026-07-02,417,1934,BULL_PUT_BNF_57600_57200_W400,1,0.3804403841495514
tabicl,2026-07-02,418,1935,BEAR_CALL_BNF_58500_59000_W500,0,0.2691739797592163
tabicl,2026-07-02,419,1936,BEAR_CALL_BNF_58500_59000_W500,0,0.2484750598669052
tabicl,2026-07-02,420,1937,BEAR_CALL_BNF_58500_59000_W500,0,0.2700478136539459
tabicl,2026-07-02,421,1938,BEAR_CALL_BNF_58500_59000_W500,0,0.28543612360954285
tabicl,2026-07-02,422,1939,BEAR_CALL_BNF_58500_59000_W500,0,0.29069486260414124
tabicl,2026-07-02,423,1940,BEAR_CALL_BNF_58500_59000_W500,0,0.3490678071975708
tabicl,2026-07-02,424,1941,BEAR_CALL_BNF_58600_59100_W500,0,0.5533061623573303
tabicl,2026-07-02,425,1942,BEAR_CALL_BNF_58600_59000_W400,0,0.7111249566078186
tabicl,2026-07-02,426,1943,BULL_PUT_BNF_57700_57300_W400,0,0.41830167174339294
tabicl,2026-07-02,427,1944,BEAR_CALL_BNF_58600_59000_W400,1,0.718276858329773
tabicl,2026-07-02,428,1945,BULL_PUT_BNF_57700_57300_W400,0,0.42058610916137695
tabicl,2026-07-02,429,1946,BEAR_CALL_BNF_58600_59000_W400,0,0.6830506324768066
tabicl,2026-07-02,430,1947,BEAR_CALL_BNF_58600_59100_W500,0,0.5656347870826721
tabicl,2026-07-02,431,1948,BEAR_CALL_BNF_58600_59000_W400,0,0.65754634141922
tabicl,2026-07-02,432,1949,BULL_PUT_BNF_57600_57200_W400,0,0.3952173888683319
tabicl,2026-07-02,433,1950,BEAR_CALL_BNF_58600_59200_W600,0,0.5315651297569275
tabicl,2026-07-02,434,1951,BEAR_CALL_BNF_58600_59000_W400,0,0.6871871948242188
tabicl,2026-07-02,435,1952,BEAR_CALL_BNF_58600_59000_W400,0,0.686930239200592
tabicl,2026-07-02,436,1953,BEAR_CALL_BNF_58600_59000_W400,0,0.6930601000785828
tabicl,2026-07-02,437,1954,BEAR_CALL_BNF_58600_59000_W400,1,0.6891987919807434
tabicl,2026-07-02,438,1956,BULL_PUT_BNF_57600_57200_W400,0,0.39358392357826233
tabicl,2026-07-02,439,1957,BEAR_CALL_BNF_58600_59000_W400,0,0.6559727191925049
tabicl,2026-07-02,440,1958,BEAR_CALL_BNF_58500_59000_W500,0,0.31281590461730957
tabicl,2026-07-02,441,1959,BEAR_CALL_BNF_58500_59000_W500,0,0.2928842008113861
tabicl,2026-07-02,442,1960,BEAR_CALL_BNF_58500_59000_W500,0,0.2906966209411621
tabicl,2026-07-02,443,1961,BEAR_CALL_BNF_58500_59000_W500,0,0.2990446388721466
tabicl,2026-07-02,444,1962,BEAR_CALL_BNF_58500_59100_W600,0,0.36636412143707275
tabicl,2026-07-02,445,1963,BULL_PUT_BNF_57600_57200_W400,0,0.4012393355369568
tabicl,2026-07-02,446,1964,BEAR_CALL_BNF_58500_59000_W500,0,0.31570568680763245
tabicl,2026-07-02,447,1965,BEAR_CALL_BNF_58400_58800_W400,0,0.3753316402435303
tabicl,2026-07-02,448,1966,BEAR_CALL_BNF_58400_59000_W600,0,0.24482184648513794
tabicl,2026-07-02,449,1967,BEAR_CALL_BNF_58400_59000_W600,0,0.24281582236289978
tabicl,2026-07-02,450,1968,BEAR_CALL_BNF_58400_59000_W600,0,0.2539914548397064
tabicl,2026-07-02,451,1969,BEAR_CALL_BNF_58400_59000_W600,0,0.2560749351978302
tabicl,2026-07-02,452,1970,BEAR_CALL_BNF_58500_59000_W500,0,0.33103442192077637
tabicl,2026-07-02,453,1971,BEAR_CALL_BNF_58500_59000_W500,0,0.29215097427368164
tabicl,2026-07-02,454,1972,BEAR_CALL_BNF_58500_59000_W500,0,0.4682650864124298
tabicl,2026-07-02,455,1973,BEAR_CALL_BNF_58500_59000_W500,0,0.5043004751205444
tabicl,2026-07-02,456,1974,BEAR_CALL_BNF_58600_59000_W400,0,0.6550447344779968
tabicl,2026-07-02,457,1975,BULL_PUT_BNF_57600_57200_W400,0,0.40681642293930054
tabicl,2026-07-02,458,1976,BULL_PUT_BNF_57600_57200_W400,0,0.4068879783153534
tabicl,2026-07-02,459,1977,BEAR_CALL_BNF_58500_59000_W500,0,0.48866087198257446
tabicl,2026-07-02,460,1978,BEAR_CALL_BNF_58500_59000_W500,0,0.2981025278568268
tabicl,2026-07-02,461,1979,BEAR_CALL_BNF_58500_59000_W500,0,0.3505529463291168
tabicl,2026-07-03,462,1984,BULL_PUT_BNF_57600_57200_W400,0,0.2098260074853897
tabicl,2026-07-03,463,1985,BEAR_CALL_BNF_58600_59000_W400,1,0.5711285471916199
tabicl,2026-07-03,464,1986,BEAR_CALL_BNF_58600_59000_W400,1,0.6057954430580139
tabicl,2026-07-03,465,1992,BEAR_CALL_BNF_58600_59000_W400,1,0.6415377855300903
tabicl,2026-07-03,466,1993,BULL_PUT_BNF_57600_57200_W400,0,0.22029198706150055
tabicl,2026-07-03,467,1994,BEAR_CALL_BNF_58600_59000_W400,1,0.5006070137023926
tabicl,2026-07-03,468,1995,BULL_PUT_BNF_57700_57300_W400,0,0.3440135419368744
tabicl,2026-07-03,469,1996,BEAR_CALL_BNF_58600_59000_W400,1,0.6595683693885803
tabicl,2026-07-03,470,1997,BEAR_CALL_BNF_58600_59000_W400,1,0.5461295247077942
tabicl,2026-07-03,471,1998,BEAR_CALL_BNF_58600_59000_W400,1,0.5214288234710693
tabicl,2026-07-03,472,1999,BULL_PUT_BNF_57600_57200_W400,0,0.27958887815475464
tabicl,2026-07-03,473,2000,BEAR_CALL_BNF_58600_59000_W400,1,0.5435159206390381
tabicl,2026-07-03,474,2001,BEAR_CALL_BNF_58500_59000_W500,1,0.2388574779033661
tabicl,2026-07-03,475,2002,BEAR_CALL_BNF_58500_59000_W500,1,0.16640853881835938
tabicl,2026-07-03,476,2003,BEAR_CALL_BNF_58500_59000_W500,1,0.19610595703125
tabicl,2026-07-03,477,2004,BULL_PUT_BNF_57500_57100_W400,0,0.42734166979789734
tabicl,2026-07-03,478,2005,BULL_PUT_BNF_57500_57100_W400,0,0.4472563564777374
tabicl,2026-07-03,479,2006,BEAR_CALL_BNF_58400_59000_W600,1,0.164276584982872
tabicl,2026-07-03,480,2007,BEAR_CALL_BNF_58400_59000_W600,1,0.16315342485904694
tabicl,2026-07-03,481,2008,BEAR_CALL_BNF_58500_59000_W500,1,0.25439608097076416
tabicl,2026-07-03,482,2009,BEAR_CALL_BNF_58500_59000_W500,1,0.27636295557022095
tabicl,2026-07-03,483,2010,BEAR_CALL_BNF_58500_59000_W500,1,0.25180092453956604
tabicl,2026-07-03,484,2011,BULL_PUT_BNF_57600_57200_W400,0,0.25789135694503784
tabicl,2026-07-03,485,2012,BULL_PUT_BNF_57600_57200_W400,0,0.2874854505062103
tabicl,2026-07-03,486,2013,BEAR_CALL_BNF_58500_59000_W500,1,0.23946519196033478
tabicl,2026-07-03,487,2014,BEAR_CALL_BNF_58500_59000_W500,1,0.2856232821941376
tabicl,2026-07-03,488,2015,BEAR_CALL_BNF_58500_59000_W500,1,0.2768113613128662
tabicl,2026-07-03,489,2016,BEAR_CALL_BNF_58500_59000_W500,1,0.2516699731349945
tabicl,2026-07-03,490,2017,BEAR_CALL_BNF_58500_59000_W500,1,0.23645733296871185
tabicl,2026-07-03,491,2018,BEAR_CALL_BNF_58500_59000_W500,1,0.29332321882247925
tabicl,2026-07-03,492,2019,BEAR_CALL_BNF_58500_59000_W500,1,0.2498556226491928
tabicl,2026-07-03,493,2020,BULL_PUT_BNF_57500_57100_W400,0,0.44338011741638184
tabicl,2026-07-03,494,2021,BULL_PUT_BNF_57500_57100_W400,0,0.4404962956905365
tabicl,2026-07-03,495,2022,BULL_PUT_BNF_57500_57100_W400,0,0.44556981325149536
tabicl,2026-07-03,496,2023,BULL_PUT_BNF_57500_57100_W400,0,0.4503510892391205
tabicl,2026-07-03,497,2024,BULL_PUT_BNF_57500_57100_W400,0,0.4434490501880646
tabicl,2026-07-03,498,2025,BEAR_CALL_BNF_58400_58900_W500,1,0.21634472906589508
tabicl,2026-07-03,499,2026,BULL_PUT_BNF_57400_57000_W400,1,0.4772643744945526
tabicl,2026-07-03,500,2027,BULL_PUT_BNF_57400_57000_W400,1,0.47214818000793457
tabicl,2026-07-03,501,2028,BULL_PUT_BNF_57400_57000_W400,1,0.4603026211261749
tabicl,2026-07-03,502,2029,BULL_PUT_BNF_57400_57000_W400,1,0.47212493419647217
tabicl,2026-07-03,503,2030,BULL_PUT_BNF_57400_57000_W400,1,0.474776953458786
tabicl,2026-07-03,504,2031,BULL_PUT_BNF_57400_57000_W400,1,0.4783068001270294
tabicl,2026-07-03,505,2032,BEAR_CALL_BNF_58300_58700_W400,0,0.30899399518966675
tabicl,2026-07-03,506,2033,BEAR_CALL_BNF_58300_58700_W400,0,0.33263149857521057
tabicl,2026-07-03,507,2034,BULL_PUT_BNF_57400_57000_W400,1,0.4860721230506897
tabicl,2026-07-03,508,2035,BULL_PUT_BNF_57400_57000_W400,1,0.48354530334472656
tabicl,2026-07-03,509,2036,BULL_PUT_BNF_57400_57000_W400,1,0.47586435079574585
tabicl,2026-07-03,510,2037,BULL_PUT_BNF_57400_57000_W400,1,0.4768444299697876
tabicl,2026-07-03,511,2038,BEAR_CALL_BNF_58300_58700_W400,0,0.3045249879360199
tabicl,2026-07-03,512,2039,BULL_PUT_BNF_57400_57000_W400,1,0.4855075180530548
tabicl,2026-07-03,513,2040,BEAR_CALL_BNF_58400_59000_W600,0,0.21009573340415955
tabicl,2026-07-03,514,2041,BULL_PUT_BNF_57400_57000_W400,1,0.4670495092868805
tabicl,2026-07-03,515,2042,BULL_PUT_BNF_57400_57000_W400,1,0.4831068217754364
tabicl,2026-07-03,516,2043,BEAR_CALL_BNF_58400_58900_W500,0,0.28689703345298767
tabicl,2026-07-03,517,2044,BEAR_CALL_BNF_58400_59000_W600,0,0.21337316930294037
tabicl,2026-07-03,518,2045,BEAR_CALL_BNF_58400_58900_W500,0,0.26333087682724
tabicl,2026-07-03,519,2046,BEAR_CALL_BNF_58400_59000_W600,0,0.20685619115829468
tabicl,2026-07-03,520,2047,BEAR_CALL_BNF_58400_59000_W600,0,0.20295335352420807
tabicl,2026-07-03,521,2048,BEAR_CALL_BNF_58400_59000_W600,0,0.1973201185464859
tabicl,2026-07-03,522,2049,BULL_PUT_BNF_57500_57100_W400,0,0.44797059893608093
tabicl,2026-07-07,523,2136,BULL_PUT_BNF_58000_57600_W400,0,0.4141808748245239
tabicl,2026-07-07,524,2137,BULL_PUT_BNF_58000_57600_W400,0,0.4136843979358673
tabicl,2026-07-07,525,2138,BULL_PUT_BNF_57900_57500_W400,0,0.3750772178173065
tabicl,2026-07-07,526,2139,BULL_PUT_BNF_58000_57600_W400,0,0.4175437390804291
tabicl,2026-07-07,527,2140,BEAR_CALL_BNF_58900_59300_W400,1,0.8143172860145569
tabicl,2026-07-07,528,2141,BEAR_CALL_BNF_58900_59300_W400,1,0.8086739778518677
tabicl,2026-07-07,529,2142,BEAR_CALL_BNF_58900_59300_W400,1,0.8019348978996277
tabicl,2026-07-07,530,2143,BEAR_CALL_BNF_58900_59300_W400,1,0.7939634323120117
tabicl,2026-07-07,531,2144,BEAR_CALL_BNF_58900_59300_W400,1,0.8031681180000305
tabicl,2026-07-07,532,2145,BEAR_CALL_BNF_58900_59300_W400,1,0.7991217970848083
tabicl,2026-07-07,533,2146,BEAR_CALL_BNF_58900_59300_W400,1,0.7965537905693054
tabicl,2026-07-07,534,2147,BULL_PUT_BNF_58000_57600_W400,0,0.413018137216568
tabicl,2026-07-07,535,2148,BEAR_CALL_BNF_58900_59300_W400,1,0.7903363704681396
tabicl,2026-07-07,536,2149,BEAR_CALL_BNF_58900_59300_W400,1,0.792264461517334
tabicl,2026-07-07,537,2150,BEAR_CALL_BNF_58900_59300_W400,1,0.7884476780891418
tabicl,2026-07-07,538,2151,BEAR_CALL_BNF_58900_59300_W400,1,0.7761041522026062
tabicl,2026-07-07,539,2152,BULL_PUT_BNF_58000_57600_W400,0,0.42473864555358887
tabicl,2026-07-07,540,2153,BEAR_CALL_BNF_58900_59300_W400,1,0.7844785451889038
tabicl,2026-07-07,541,2154,BULL_PUT_BNF_58000_57600_W400,0,0.4273516833782196
tabicl,2026-07-07,542,2155,BULL_PUT_BNF_58000_57600_W400,0,0.43800002336502075
tabicl,2026-07-07,543,2156,BULL_PUT_BNF_58000_57600_W400,0,0.4377915561199188
tabicl,2026-07-07,544,2157,BEAR_CALL_BNF_58900_59300_W400,1,0.7733498215675354
tabicl,2026-07-07,545,2158,BEAR_CALL_BNF_58900_59300_W400,1,0.7728415727615356
tabicl,2026-07-07,546,2159,BULL_PUT_BNF_57900_57500_W400,0,0.3982396125793457
tabicl,2026-07-07,547,2160,BEAR_CALL_BNF_58900_59300_W400,1,0.7749611735343933
tabicl,2026-07-07,548,2161,BEAR_CALL_BNF_58900_59300_W400,1,0.7822145819664001
tabicl,2026-07-07,549,2162,BEAR_CALL_BNF_58900_59300_W400,1,0.7885887622833252
tabicl,2026-07-07,550,2163,BEAR_CALL_BNF_58900_59300_W400,1,0.7918316125869751
tabicl,2026-07-07,551,2164,BEAR_CALL_BNF_58900_59300_W400,1,0.7754364609718323
tabicl,2026-07-07,552,2165,BEAR_CALL_BNF_58900_59300_W400,1,0.7807385921478271
tabicl,2026-07-07,553,2166,BULL_PUT_BNF_58000_57600_W400,0,0.41982123255729675
tabicl,2026-07-07,554,2167,BULL_PUT_BNF_58000_57600_W400,0,0.4195359945297241
tabicl,2026-07-07,555,2168,BULL_PUT_BNF_58000_57600_W400,0,0.41747045516967773
tabicl,2026-07-07,556,2169,BULL_PUT_BNF_58000_57600_W400,0,0.4193195402622223
tabicl,2026-07-07,557,2170,BEAR_CALL_BNF_58900_59300_W400,1,0.7749279141426086
tabicl,2026-07-07,558,2171,BULL_PUT_BNF_57900_57500_W400,0,0.3984448313713074
tabicl,2026-07-07,559,2172,BULL_PUT_BNF_58000_57600_W400,0,0.4225865304470062
tabicl,2026-07-07,560,2173,BEAR_CALL_BNF_58900_59300_W400,1,0.7732506394386292
tabicl,2026-07-07,561,2174,BEAR_CALL_BNF_58800_59200_W400,1,0.7924612760543823
tabicl,2026-07-07,562,2175,BEAR_CALL_BNF_58800_59200_W400,1,0.8005000352859497
tabicl,2026-07-07,563,2176,BEAR_CALL_BNF_58800_59200_W400,1,0.7916300296783447
tabicl,2026-07-07,564,2177,BEAR_CALL_BNF_58800_59200_W400,1,0.7937552332878113
tabicl,2026-07-07,565,2178,BEAR_CALL_BNF_58800_59200_W400,1,0.7963554263114929
tabicl,2026-07-07,566,2179,BEAR_CALL_BNF_58800_59200_W400,1,0.8009551763534546
tabicl,2026-07-07,567,2180,BULL_PUT_BNF_57800_57400_W400,0,0.38939687609672546
tabicl,2026-07-07,568,2181,BEAR_CALL_BNF_58700_59100_W400,1,0.7825114130973816
tabicl,2026-07-07,569,2182,BEAR_CALL_BNF_58700_59100_W400,1,0.7873941659927368
tabicl,2026-07-07,570,2183,BEAR_CALL_BNF_58700_59100_W400,0,0.7914262413978577
tabicl,2026-07-07,571,2184,BULL_PUT_BNF_57800_57400_W400,0,0.380327969789505
tabicl,2026-07-07,572,2185,BULL_PUT_BNF_57800_57400_W400,0,0.3768318295478821
tabicl,2026-07-07,573,2186,BULL_PUT_BNF_57800_57400_W400,0,0.37233778834342957
tabicl,2026-07-07,574,2187,BULL_PUT_BNF_57800_57400_W400,0,0.3865831792354584
tabicl,2026-07-07,575,2188,BULL_PUT_BNF_58000_57600_W400,0,0.4941733181476593
tabicl,2026-07-07,576,2189,BEAR_CALL_BNF_58700_59100_W400,1,0.7806370258331299
tabicl,2026-07-07,577,2190,BULL_PUT_BNF_58000_57600_W400,0,0.4927747845649719
tabicl,2026-07-07,578,2191,BULL_PUT_BNF_57800_57400_W400,0,0.3910196125507355
tabicl,2026-07-07,579,2192,BEAR_CALL_BNF_58800_59200_W400,1,0.7889854907989502
tabicl,2026-07-08,580,2213,BEAR_PUT_BNF_57100_57700_W600,1,0.27859553694725037
tabicl,2026-07-08,581,2214,BEAR_PUT_BNF_56800_57800_W1000,1,0.06116378307342529
tabicl,2026-07-08,582,2215,BEAR_PUT_BNF_57000_57800_W800,1,0.21068906784057617
tabicl,2026-07-08,583,2217,BEAR_PUT_BNF_57100_57900_W800,1,0.2095908373594284
tabicl,2026-07-08,584,2218,BEAR_PUT_BNF_56900_57900_W1000,1,0.07385103404521942
tabicl,2026-07-08,585,2219,BEAR_PUT_BNF_57200_57800_W600,1,0.2821511924266815
tabicl,2026-07-08,586,2226,BEAR_PUT_BNF_57400_58000_W600,1,0.3488454818725586
tabicl,2026-07-08,587,2227,BEAR_PUT_BNF_57400_58000_W600,1,0.33765703439712524
tabicl,2026-07-08,588,2228,BEAR_PUT_BNF_57400_58000_W600,1,0.33761927485466003
tabicl,2026-07-08,589,2264,BEAR_PUT_BNF_57000_57600_W600,1,0.2769811153411865
tabicl,2026-07-08,590,2265,BEAR_PUT_BNF_56600_57400_W800,1,0.11905321478843689
tabicl,2026-07-08,591,2266,BEAR_PUT_BNF_56400_57200_W800,1,0.12676553428173065
tabicl,2026-07-08,592,2267,BEAR_PUT_NF_23700_24000_W300,1,0.1475725769996643
tabicl,2026-07-08,593,2268,BEAR_PUT_NF_23750_23850_W100,1,0.6199371814727783
tabicl,2026-07-08,594,2269,BEAR_PUT_NF_23600_23900_W300,0,0.3813932538032532
tabicl,2026-07-08,595,2270,BEAR_PUT_NF_23650_23900_W250,1,0.5225595831871033
tabicl,2026-07-08,596,2271,BEAR_PUT_NF_23600_23900_W300,1,0.34891393780708313
tabicl,2026-07-08,597,2272,BEAR_PUT_NF_23600_23850_W250,0,0.6153901219367981
tabicl,2026-07-08,598,2273,BEAR_PUT_NF_23600_23900_W300,1,0.4414018988609314
tabicl,2026-07-08,599,2276,BEAR_PUT_NF_23550_23850_W300,0,0.27698224782943726
tabicl,2026-07-08,600,2277,BEAR_PUT_NF_23600_23800_W200,0,0.7204854488372803
tabicl,2026-07-08,601,2278,BEAR_PUT_NF_23450_23850_W400,0,0.15381449460983276
tabicl,2026-07-09,602,2288,BULL_CALL_NF_24400_24000_W400,0,0.20700354874134064
tabicl,2026-07-13,603,2498,BEAR_CALL_BNF_58500_59000_W500,1,0.7129726409912109
tabicl,2026-07-14,604,2518,BEAR_PUT_BNF_56500_57500_W1000,0,0.6180424690246582
tabicl,2026-07-14,605,2529,BEAR_PUT_BNF_56600_57600_W1000,1,0.6778004765510559
tabicl,2026-07-14,606,2580,BEAR_PUT_BNF_56700_57500_W800,1,0.8691307306289673
tabicl,2026-07-14,607,2581,BEAR_PUT_BNF_56500_57500_W1000,1,0.6111794114112854
tabicl,2026-07-14,608,2582,BEAR_PUT_BNF_56500_57500_W1000,0,0.6068437099456787
tabicl,2026-07-16,609,2659,BEAR_PUT_NF_23900_24150_W250,1,0.1664750874042511
tabicl,2026-07-16,610,2660,BEAR_PUT_NF_23850_24150_W300,1,0.17453719675540924
tabicl,2026-07-16,611,2661,BEAR_PUT_NF_23950_24100_W150,1,0.15649941563606262
tabicl,2026-07-16,612,2662,BEAR_PUT_NF_23900_24100_W200,1,0.1724729984998703
tabicl,2026-07-16,613,2678,BEAR_PUT_NF_24050_24150_W100,1,0.29043832421302795
tabicl,2026-07-16,614,2679,BEAR_PUT_NF_24050_24150_W100,1,0.2907926142215729
tabicl,2026-07-16,615,2680,BEAR_PUT_NF_24000_24150_W150,1,0.18723078072071075
tabicl,2026-07-17,616,2736,BEAR_PUT_NF_24000_24200_W200,0,0.8498789668083191
tabicl,2026-07-17,617,2737,BEAR_PUT_NF_24000_24200_W200,0,0.8461193442344666
tabicl,2026-07-17,618,2738,BEAR_PUT_NF_24000_24200_W200,0,0.8492761850357056
tabicl,2026-07-17,619,2739,BEAR_PUT_NF_23950_24250_W300,0,0.8133448958396912
tabicl,2026-07-17,620,2740,BEAR_PUT_NF_23950_24250_W300,0,0.7956023216247559
tabicl,2026-07-17,621,2746,BEAR_PUT_NF_24000_24300_W300,0,0.7614091038703918
tabicl,2026-07-17,622,2747,BEAR_PUT_NF_24050_24250_W200,0,0.7825383543968201
tabicl,2026-07-17,623,2748,BEAR_PUT_NF_24000_24300_W300,0,0.7582881450653076
tabicl,2026-07-17,624,2749,BEAR_PUT_NF_24000_24300_W300,0,0.7572849988937378
tabicl,2026-07-17,625,2750,BEAR_PUT_NF_24050_24250_W200,0,0.7821022868156433
tabicl,2026-07-20,626,2821,BEAR_PUT_NF_24050_24250_W200,0,0.5276495218276978
tabicl,2026-07-20,627,2822,BEAR_PUT_BNF_57000_57800_W800,0,0.8802933096885681
tabicl,2026-07-21,628,2879,BEAR_PUT_NF_24150_24250_W100,1,0.836678683757782
tabicl,2026-07-21,629,2880,BEAR_PUT_BNF_57500_58100_W600,1,0.699743926525116
tabicl,2026-07-21,630,2881,BEAR_PUT_NF_24100_24250_W150,1,0.7336184978485107
tabicl,2026-07-21,631,2882,BEAR_PUT_NF_24100_24250_W150,1,0.7390931844711304
tabicl,2026-07-21,632,2883,BEAR_PUT_NF_24150_24250_W100,1,0.8376117944717407
tabicl,2026-07-22,633,2954,BEAR_PUT_NF_23800_24100_W300,1,0.08938021212816238
tabicl,2026-07-22,634,2955,BEAR_PUT_NF_23800_24050_W250,1,0.14188900589942932
tabicl,2026-07-22,635,2956,BEAR_PUT_BNF_56800_57300_W500,1,0.48536789417266846
tabicl,2026-07-23,636,3029,BEAR_PUT_NF_23750_23950_W200,1,0.7068214416503906
