bearish_close,bullish_close,buy_strike,buy_strike2,candidate_id,canonical_won,consec_days,cost,date,day_direction,day_group,day_range,day_range_sigma,day_vix,downtrend,dte,effective_session_date,entry_credit,exit_reason,frozen_model_score,gap_sigma,index,inside_day,is_credit,legs,max_loss,max_profit,mode,move_sigma,net_pnl,outcome_h2,outside_day,paper_pnl,regen_batch_id,sell_strike,sell_strike2,sigma_away,snapshot_id,source_s1_id,spot,stop_hit,strategy,target_hit,training_role,uptrend,vix,vix_regime,weekday,width,won
,,22800,,BULL_PUT_NF_23100_22800_W300,1,1,0,2026-06-02,FLAT,Mon-Wed,NORMAL,0,NORMAL,,3,2026-06-02,3.8,H2_EVAL,,-0.48,NF,,True,2,19253,247,intraday,0,247.0,1,,247.0,S1_FULL_REGEN_20260715_DRAFT1,23100,,0,250,737,23287.3,False,BULL_PUT,True,primary,,16.06,NORMAL (15-20),1,300,1
,,22800,,BULL_PUT_NF_23100_22800_W300,1,1,0,2026-06-02,FLAT,Mon-Wed,NORMAL,0,NORMAL,,3,2026-06-02,4.1,H2_EVAL,,-0.48,NF,,True,2,19234,266,intraday,0,266.5,1,,266.5,S1_FULL_REGEN_20260715_DRAFT1,23100,,0,251,721,23277.65,False,BULL_PUT,True,primary,,16.11,NORMAL (15-20),1,300,1
,,22850,,BULL_PUT_NF_23150_22850_W300,1,1,0,2026-06-02,FLAT,Mon-Wed,NORMAL,0,NORMAL,,3,2026-06-02,4.65,H2_EVAL,,-0.48,NF,,True,2,19198,302,intraday,0,299.0,1,,299.0,S1_FULL_REGEN_20260715_DRAFT1,23150,,0,252,709,23308.55,False,BULL_PUT,True,primary,,16.07,NORMAL (15-20),1,300,1
,,22900,,BULL_PUT_NF_23200_22900_W300,1,1,0,2026-06-02,FLAT,Mon-Wed,NORMAL,0,NORMAL,,3,2026-06-02,6.45,H2_EVAL,,-0.48,NF,,True,2,19081,419,intraday,0,416.0,1,,416.0,S1_FULL_REGEN_20260715_DRAFT1,23200,,0,253,701,23351.05,False,BULL_PUT,True,primary,,15.95,NORMAL (15-20),1,300,1
,,22900,,BULL_PUT_NF_23200_22900_W300,1,1,0,2026-06-02,FLAT,Mon-Wed,NORMAL,0,NORMAL,,3,2026-06-02,5.2,H2_EVAL,,-0.48,NF,,True,2,19162,338,intraday,0,334.75,1,,334.75,S1_FULL_REGEN_20260715_DRAFT1,23200,,0,254,685,23372.2,False,BULL_PUT,True,primary,,15.95,NORMAL (15-20),1,300,1
,,22900,,BULL_PUT_NF_23200_22900_W300,1,1,0,2026-06-02,FLAT,Mon-Wed,NORMAL,0,NORMAL,,3,2026-06-02,6.4,H2_EVAL,,-0.48,NF,,True,2,19084,416,intraday,0,412.75,1,,412.75,S1_FULL_REGEN_20260715_DRAFT1,23200,,0,255,673,23340.7,False,BULL_PUT,True,primary,,16.07,NORMAL (15-20),1,300,1
,,22900,,BULL_PUT_NF_23200_22900_W300,1,1,0,2026-06-02,FLAT,Mon-Wed,NORMAL,0,NORMAL,,3,2026-06-02,5.65,H2_EVAL,,-0.48,NF,,True,2,19133,367,intraday,0,364.0,1,,364.0,S1_FULL_REGEN_20260715_DRAFT1,23200,,0,256,665,23350.2,False,BULL_PUT,True,primary,,16.05,NORMAL (15-20),1,300,1
,,22900,,BULL_PUT_NF_23200_22900_W300,1,1,0,2026-06-02,FLAT,Mon-Wed,NORMAL,0,NORMAL,,3,2026-06-02,5.55,H2_EVAL,,-0.48,NF,,True,2,19139,361,intraday,0,357.5,1,,357.5,S1_FULL_REGEN_20260715_DRAFT1,23200,,0,257,657,23350.45,False,BULL_PUT,True,primary,,16.05,NORMAL (15-20),1,300,1
,,22900,,BULL_PUT_NF_23200_22900_W300,1,1,0,2026-06-02,FLAT,Mon-Wed,NORMAL,0,NORMAL,,3,2026-06-02,6.7,H2_EVAL,,-0.48,NF,,True,2,19064,436,intraday,0,432.25,1,,432.25,S1_FULL_REGEN_20260715_DRAFT1,23200,,0,258,641,23330.65,False,BULL_PUT,True,primary,,16.08,NORMAL (15-20),1,300,1
,,23750,,BEAR_CALL_NF_23450_23750_W300,0,1,0,2026-06-02,FLAT,Mon-Wed,NORMAL,0,NORMAL,,3,2026-06-02,6.8,H2_EVAL,,-0.48,NF,,True,2,19058,442,intraday,0,-2031.25,0,,-2031.25,S1_FULL_REGEN_20260715_DRAFT1,23450,,0,259,633,23297.9,True,BEAR_CALL,False,primary,,16.17,NORMAL (15-20),1,300,0
,,23750,,BEAR_CALL_NF_23450_23750_W300,0,1,0,2026-06-02,FLAT,Mon-Wed,NORMAL,0,NORMAL,,3,2026-06-02,6.6,H2_EVAL,,-0.48,NF,,True,2,19071,429,intraday,0,-2044.25,0,,-2044.25,S1_FULL_REGEN_20260715_DRAFT1,23450,,0,260,625,23303.55,True,BEAR_CALL,False,primary,,16.15,NORMAL (15-20),1,300,0
,,23750,,BEAR_CALL_NF_23450_23750_W300,0,1,0,2026-06-02,FLAT,Mon-Wed,NORMAL,0,NORMAL,,3,2026-06-02,5.9,H2_EVAL,,-0.48,NF,,True,2,19116,384,intraday,0,-2089.75,0,,-2089.75,S1_FULL_REGEN_20260715_DRAFT1,23450,,0,261,617,23301.35,True,BEAR_CALL,False,primary,,16.18,NORMAL (15-20),1,300,0
,,23750,,BEAR_CALL_NF_23450_23750_W300,0,1,0,2026-06-02,FLAT,Mon-Wed,NORMAL,0,NORMAL,,3,2026-06-02,4.85,H2_EVAL,,-0.48,NF,,True,2,19185,315,intraday,0,-2158.0,0,,-2158.0,S1_FULL_REGEN_20260715_DRAFT1,23450,,0,262,605,23293.9,True,BEAR_CALL,False,primary,,16.22,NORMAL (15-20),1,300,0
,,22850,,BULL_PUT_NF_23150_22850_W300,1,1,0,2026-06-02,FLAT,Mon-Wed,NORMAL,0,NORMAL,,3,2026-06-02,2.8,H2_EVAL,,-0.48,NF,,True,2,19318,182,intraday,0,178.75,1,,178.75,S1_FULL_REGEN_20260715_DRAFT1,23150,,0,263,593,23311.4,False,BULL_PUT,True,primary,,16.01,NORMAL (15-20),1,300,1
,,23800,,BEAR_CALL_NF_23500_23800_W300,1,1,0,2026-06-02,FLAT,Mon-Wed,NORMAL,0,NORMAL,,3,2026-06-02,2.95,H2_EVAL,,-0.48,NF,,True,2,19308,192,intraday,0,149.5,1,,149.5,S1_FULL_REGEN_20260715_DRAFT1,23500,,0,264,581,23310.55,False,BEAR_CALL,True,primary,,16.13,NORMAL (15-20),1,300,1
,,22900,,BULL_PUT_NF_23200_22900_W300,1,1,0,2026-06-02,FLAT,Mon-Wed,NORMAL,0,NORMAL,,3,2026-06-02,4.0,H2_EVAL,,-0.48,NF,,True,2,19240,260,intraday,0,256.75,1,,256.75,S1_FULL_REGEN_20260715_DRAFT1,23200,,0,265,573,23354.05,False,BULL_PUT,True,primary,,15.9,NORMAL (15-20),1,300,1
,,22900,,BULL_PUT_NF_23200_22900_W300,1,1,0,2026-06-02,FLAT,Mon-Wed,NORMAL,0,NORMAL,,3,2026-06-02,3.95,H2_EVAL,,-0.48,NF,,True,2,19243,257,intraday,0,253.5,1,,253.5,S1_FULL_REGEN_20260715_DRAFT1,23200,,0,266,561,23341.4,False,BULL_PUT,True,primary,,16.17,NORMAL (15-20),1,300,1
,,22900,,BULL_PUT_NF_23200_22900_W300,1,1,0,2026-06-02,FLAT,Mon-Wed,NORMAL,0,NORMAL,,3,2026-06-02,4.45,H2_EVAL,,-0.48,NF,,True,2,19211,289,intraday,0,286.0,1,,286.0,S1_FULL_REGEN_20260715_DRAFT1,23200,,0,267,549,23334.75,False,BULL_PUT,True,primary,,15.96,NORMAL (15-20),1,300,1
,,22850,,BULL_PUT_NF_23150_22850_W300,1,1,0,2026-06-02,FLAT,Mon-Wed,NORMAL,0,NORMAL,,3,2026-06-02,3.25,H2_EVAL,,-0.48,NF,,True,2,19289,211,intraday,0,208.0,1,,208.0,S1_FULL_REGEN_20260715_DRAFT1,23150,,0,268,541,23298.6,False,BULL_PUT,True,primary,,16.01,NORMAL (15-20),1,300,1
,,22850,,BULL_PUT_NF_23150_22850_W300,1,1,0,2026-06-02,FLAT,Mon-Wed,NORMAL,0,NORMAL,,3,2026-06-02,3.05,H2_EVAL,,-0.48,NF,,True,2,19302,198,intraday,0,195.0,1,,195.0,S1_FULL_REGEN_20260715_DRAFT1,23150,,0,269,533,23295.55,False,BULL_PUT,True,primary,,15.99,NORMAL (15-20),1,300,1
,,22850,,BULL_PUT_NF_23150_22850_W300,1,1,0,2026-06-02,FLAT,Mon-Wed,NORMAL,0,NORMAL,,3,2026-06-02,3.4,H2_EVAL,,-0.48,NF,,True,2,19279,221,intraday,0,217.75,1,,217.75,S1_FULL_REGEN_20260715_DRAFT1,23150,,0,270,525,23294,False,BULL_PUT,True,primary,,16,NORMAL (15-20),1,300,1
,,22850,,BULL_PUT_NF_23150_22850_W300,1,1,0,2026-06-02,FLAT,Mon-Wed,NORMAL,0,NORMAL,,3,2026-06-02,2.75,H2_EVAL,,-0.48,NF,,True,2,19321,179,intraday,0,175.5,1,,175.5,S1_FULL_REGEN_20260715_DRAFT1,23150,,0,271,517,23303.55,False,BULL_PUT,True,primary,,15.97,NORMAL (15-20),1,300,1
,,22850,,BULL_PUT_NF_23150_22850_W300,1,1,0,2026-06-02,FLAT,Mon-Wed,NORMAL,0,NORMAL,,3,2026-06-02,3.25,H2_EVAL,,-0.48,NF,,True,2,19289,211,intraday,0,208.0,1,,208.0,S1_FULL_REGEN_20260715_DRAFT1,23150,,0,272,509,23296.45,False,BULL_PUT,True,primary,,15.99,NORMAL (15-20),1,300,1
,,22800,,BULL_PUT_NF_23100_22800_W300,1,1,0,2026-06-02,FLAT,Mon-Wed,NORMAL,0,NORMAL,,3,2026-06-02,2.35,H2_EVAL,,-0.48,NF,,True,2,19347,153,intraday,0,152.75,1,,152.75,S1_FULL_REGEN_20260715_DRAFT1,23100,,0,273,493,23277.4,False,BULL_PUT,True,primary,,16.02,NORMAL (15-20),1,300,1
,,22800,,BULL_PUT_NF_23100_22800_W300,1,1,0,2026-06-02,FLAT,Mon-Wed,NORMAL,0,NORMAL,,3,2026-06-02,1.45,H2_EVAL,,-0.48,NF,,True,2,19406,94,intraday,0,94.25,1,,94.25,S1_FULL_REGEN_20260715_DRAFT1,23100,,0,274,481,23285.65,False,BULL_PUT,True,primary,,15.99,NORMAL (15-20),1,300,1
,,22850,,BULL_PUT_NF_23150_22850_W300,1,1,0,2026-06-02,FLAT,Mon-Wed,NORMAL,0,NORMAL,,3,2026-06-02,2.5,H2_EVAL,,-0.48,NF,,True,2,19338,162,intraday,0,159.25,1,,159.25,S1_FULL_REGEN_20260715_DRAFT1,23150,,0,275,473,23299.7,False,BULL_PUT,True,primary,,15.87,NORMAL (15-20),1,300,1
,,23700,,BEAR_CALL_NF_23400_23700_W300,0,1,0,2026-06-02,FLAT,Mon-Wed,NORMAL,0,NORMAL,,3,2026-06-02,5.4,H2_EVAL,,-0.48,NF,,True,2,19149,351,intraday,0,-5372.25,0,,-5372.25,S1_FULL_REGEN_20260715_DRAFT1,23400,,0,276,457,23279,True,BEAR_CALL,False,primary,,15.94,NORMAL (15-20),1,300,0
,,22850,,BULL_PUT_NF_23150_22850_W300,1,1,0,2026-06-02,FLAT,Mon-Wed,NORMAL,0,NORMAL,,3,2026-06-02,3.05,H2_EVAL,,-0.48,NF,,True,2,19302,198,intraday,0,195.0,1,,195.0,S1_FULL_REGEN_20260715_DRAFT1,23150,,0,277,445,23288.05,False,BULL_PUT,True,primary,,15.91,NORMAL (15-20),1,300,1
,,22850,,BULL_PUT_NF_23150_22850_W300,1,1,0,2026-06-02,FLAT,Mon-Wed,NORMAL,0,NORMAL,,3,2026-06-02,2.8,H2_EVAL,,-0.48,NF,,True,2,19318,182,intraday,0,178.75,1,,178.75,S1_FULL_REGEN_20260715_DRAFT1,23150,,0,278,433,23289.1,False,BULL_PUT,True,primary,,15.86,NORMAL (15-20),1,300,1
,,22800,,BULL_PUT_NF_23100_22800_W300,1,1,0,2026-06-02,FLAT,Mon-Wed,NORMAL,0,NORMAL,,3,2026-06-02,1.4,H2_EVAL,,-0.48,NF,,True,2,19409,91,intraday,0,91.0,1,,91.0,S1_FULL_REGEN_20260715_DRAFT1,23100,,0,279,417,23272.6,False,BULL_PUT,True,primary,,15.9,NORMAL (15-20),1,300,1
,,22900,,BULL_PUT_NF_23200_22900_W300,1,1,0,2026-06-02,FLAT,Mon-Wed,NORMAL,0,NORMAL,,3,2026-06-02,3.85,H2_EVAL,,-0.48,NF,,True,2,19250,250,intraday,0,247.0,1,,247.0,S1_FULL_REGEN_20260715_DRAFT1,23200,,0,280,401,23326.15,False,BULL_PUT,True,primary,,16.13,NORMAL (15-20),1,300,1
,,22900,,BULL_PUT_NF_23200_22900_W300,1,1,0,2026-06-02,FLAT,Mon-Wed,NORMAL,0,NORMAL,,3,2026-06-02,3.7,H2_EVAL,,-0.48,NF,,True,2,19260,240,intraday,0,237.25,1,,237.25,S1_FULL_REGEN_20260715_DRAFT1,23200,,0,281,389,23332.2,False,BULL_PUT,True,primary,,16.1,NORMAL (15-20),1,300,1
,,22900,,BULL_PUT_NF_23200_22900_W300,1,1,0,2026-06-02,FLAT,Mon-Wed,NORMAL,0,NORMAL,,3,2026-06-02,3.3,H2_EVAL,,-0.48,NF,,True,2,19286,214,intraday,0,211.25,1,,211.25,S1_FULL_REGEN_20260715_DRAFT1,23200,,0,282,377,23337.45,False,BULL_PUT,True,primary,,16.07,NORMAL (15-20),1,300,1
,,22900,,BULL_PUT_NF_23200_22900_W300,1,1,0,2026-06-02,FLAT,Mon-Wed,NORMAL,0,NORMAL,,3,2026-06-02,3.15,H2_EVAL,,-0.48,NF,,True,2,19295,205,intraday,0,201.5,1,,201.5,S1_FULL_REGEN_20260715_DRAFT1,23200,,0,283,365,23336.8,False,BULL_PUT,True,primary,,16.07,NORMAL (15-20),1,300,1
,,22950,,BULL_PUT_NF_23250_22950_W300,1,1,0,2026-06-02,FLAT,Mon-Wed,NORMAL,0,NORMAL,,3,2026-06-02,4.05,H2_EVAL,,-0.48,NF,,True,2,19237,263,intraday,0,260.0,1,,260.0,S1_FULL_REGEN_20260715_DRAFT1,23250,,0,284,353,23389.4,False,BULL_PUT,True,primary,,15.99,NORMAL (15-20),1,300,1
,,23000,,BULL_PUT_NF_23300_23000_W300,1,1,0,2026-06-02,FLAT,Mon-Wed,NORMAL,0,NORMAL,,3,2026-06-02,4.85,H2_EVAL,,-0.48,NF,,True,2,19185,315,intraday,0,312.0,1,,312.0,S1_FULL_REGEN_20260715_DRAFT1,23300,,0,285,345,23447.85,False,BULL_PUT,True,primary,,15.71,NORMAL (15-20),1,300,1
,,23000,,BULL_PUT_NF_23300_23000_W300,1,1,0,2026-06-02,FLAT,Mon-Wed,NORMAL,0,NORMAL,,3,2026-06-02,4.6,H2_EVAL,,-0.48,NF,,True,2,19201,299,intraday,0,295.75,1,,295.75,S1_FULL_REGEN_20260715_DRAFT1,23300,,0,286,333,23440.15,False,BULL_PUT,True,primary,,15.78,NORMAL (15-20),1,300,1
,,23000,,BULL_PUT_NF_23300_23000_W300,1,1,0,2026-06-02,FLAT,Mon-Wed,NORMAL,0,NORMAL,,3,2026-06-02,3.85,H2_EVAL,,-0.48,NF,,True,2,19250,250,intraday,0,247.0,1,,247.0,S1_FULL_REGEN_20260715_DRAFT1,23300,,0,287,325,23453.25,False,BULL_PUT,True,primary,,15.78,NORMAL (15-20),1,300,1
,,23000,,BULL_PUT_NF_23300_23000_W300,1,1,0,2026-06-02,FLAT,Mon-Wed,NORMAL,0,NORMAL,,3,2026-06-02,3.45,H2_EVAL,,-0.48,NF,,True,2,19276,224,intraday,0,221.0,1,,221.0,S1_FULL_REGEN_20260715_DRAFT1,23300,,0,288,317,23450.5,False,BULL_PUT,True,primary,,15.78,NORMAL (15-20),1,300,1
,,23000,,BULL_PUT_NF_23300_23000_W300,1,1,0,2026-06-02,FLAT,Mon-Wed,NORMAL,0,NORMAL,,3,2026-06-02,2.35,H2_EVAL,,-0.48,NF,,True,2,19347,153,intraday,0,149.5,1,,149.5,S1_FULL_REGEN_20260715_DRAFT1,23300,,0,289,301,23472.15,False,BULL_PUT,True,primary,,15.71,NORMAL (15-20),1,300,1
,,23000,,BULL_PUT_NF_23300_23000_W300,1,1,0,2026-06-02,FLAT,Mon-Wed,NORMAL,0,NORMAL,,3,2026-06-02,2.05,H2_EVAL,,-0.48,NF,,True,2,19367,133,intraday,0,130.0,1,,130.0,S1_FULL_REGEN_20260715_DRAFT1,23300,,0,290,285,23477.6,False,BULL_PUT,True,primary,,15.71,NORMAL (15-20),1,300,1
,,23000,,BULL_PUT_NF_23300_23000_W300,1,1,0,2026-06-02,FLAT,Mon-Wed,NORMAL,0,NORMAL,,3,2026-06-02,2.65,H2_EVAL,,-0.48,NF,,True,2,19328,172,intraday,0,169.0,1,,169.0,S1_FULL_REGEN_20260715_DRAFT1,23300,,0,291,273,23464.7,False,BULL_PUT,True,primary,,15.72,NORMAL (15-20),1,300,1
,,23050,,BULL_PUT_NF_23350_23050_W300,1,1,0,2026-06-02,FLAT,Mon-Wed,NORMAL,0,NORMAL,,3,2026-06-02,3.15,H2_EVAL,,-0.48,NF,,True,2,19295,205,intraday,0,204.75,1,,204.75,S1_FULL_REGEN_20260715_DRAFT1,23350,,0,292,261,23488.25,False,BULL_PUT,True,primary,,15.7,NORMAL (15-20),1,300,1
,,23050,,BULL_PUT_NF_23350_23050_W300,1,1,0,2026-06-02,FLAT,Mon-Wed,NORMAL,0,NORMAL,,3,2026-06-02,1.7,H2_EVAL,,-0.48,NF,,True,2,19390,111,intraday,0,110.5,1,,110.5,S1_FULL_REGEN_20260715_DRAFT1,23350,,0,293,249,23514.05,False,BULL_PUT,True,primary,,15.69,NORMAL (15-20),1,300,1
,,23050,,BULL_PUT_NF_23350_23050_W300,1,1,0,2026-06-02,FLAT,Mon-Wed,NORMAL,0,NORMAL,,3,2026-06-02,1.6,H2_EVAL,,-0.48,NF,,True,2,19396,104,intraday,0,104.0,1,,104.0,S1_FULL_REGEN_20260715_DRAFT1,23350,,0,294,237,23515.35,False,BULL_PUT,True,primary,,15.7,NORMAL (15-20),1,300,1
,,23050,,BULL_PUT_NF_23350_23050_W300,1,1,0,2026-06-02,FLAT,Mon-Wed,NORMAL,0,NORMAL,,3,2026-06-02,1.4,H2_EVAL,,-0.48,NF,,True,2,19409,91,intraday,0,91.0,1,,91.0,S1_FULL_REGEN_20260715_DRAFT1,23350,,0,295,229,23506.75,False,BULL_PUT,True,primary,,15.61,NORMAL (15-20),1,300,1
,,23050,,BULL_PUT_NF_23350_23050_W300,1,1,0,2026-06-02,FLAT,Mon-Wed,NORMAL,0,NORMAL,,3,2026-06-02,1.4,H2_EVAL,,-0.48,NF,,True,2,19409,91,intraday,0,91.0,1,,91.0,S1_FULL_REGEN_20260715_DRAFT1,23350,,0,296,221,23504.05,False,BULL_PUT,True,primary,,15.67,NORMAL (15-20),1,300,1
,,24000,,BEAR_CALL_NF_23700_24000_W300,1,1,0,2026-06-02,FLAT,Mon-Wed,NORMAL,0,NORMAL,,3,2026-06-02,0.8,H2_EVAL,,-0.48,NF,,True,2,19448,52,intraday,0,52.0,1,,52.0,S1_FULL_REGEN_20260715_DRAFT1,23700,,0,297,205,23518.05,False,BEAR_CALL,True,primary,,15.63,NORMAL (15-20),1,300,1
,,24000,,BEAR_CALL_NF_23700_24000_W300,1,1,0,2026-06-02,FLAT,Mon-Wed,NORMAL,0,NORMAL,,3,2026-06-02,0.75,H2_EVAL,,-0.48,NF,,True,2,19451,49,intraday,0,48.75,1,,48.75,S1_FULL_REGEN_20260715_DRAFT1,23700,,0,298,189,23516.55,False,BEAR_CALL,True,primary,,15.63,NORMAL (15-20),1,300,1
,,24000,,BEAR_CALL_NF_23700_24000_W300,1,1,0,2026-06-02,FLAT,Mon-Wed,NORMAL,0,NORMAL,,3,2026-06-02,0.7,H2_EVAL,,-0.48,NF,,True,2,19454,46,intraday,0,45.5,1,,45.5,S1_FULL_REGEN_20260715_DRAFT1,23700,,0,299,173,23520.95,False,BEAR_CALL,True,primary,,15.63,NORMAL (15-20),1,300,1
,,23950,,BEAR_CALL_NF_23650_23950_W300,1,1,0,2026-06-02,FLAT,Mon-Wed,NORMAL,0,NORMAL,,3,2026-06-02,1.55,H2_EVAL,,-0.48,NF,,True,2,19399,101,intraday,0,100.75,1,,100.75,S1_FULL_REGEN_20260715_DRAFT1,23650,,0,300,161,23513.7,False,BEAR_CALL,True,primary,,15.62,NORMAL (15-20),1,300,1
,,23100,,BULL_PUT_NF_23400_23100_W300,1,1,0,2026-06-02,FLAT,Mon-Wed,NORMAL,0,NORMAL,,3,2026-06-02,1.5,H2_EVAL,,-0.48,NF,,True,2,19402,98,intraday,0,97.5,1,,97.5,S1_FULL_REGEN_20260715_DRAFT1,23400,,0,301,145,23524.5,False,BULL_PUT,True,primary,,15.6,NORMAL (15-20),1,300,1
,,23100,,BULL_PUT_NF_23400_23100_W300,1,1,0,2026-06-02,FLAT,Mon-Wed,NORMAL,0,NORMAL,,3,2026-06-02,1.3,H2_EVAL,,-0.48,NF,,True,2,19416,84,intraday,0,84.5,1,,84.5,S1_FULL_REGEN_20260715_DRAFT1,23400,,0,302,129,23527.6,False,BULL_PUT,True,primary,,15.59,NORMAL (15-20),1,300,1
,,23100,,BULL_PUT_NF_23400_23100_W300,1,1,0,2026-06-02,FLAT,Mon-Wed,NORMAL,0,NORMAL,,3,2026-06-02,1.1,H2_EVAL,,-0.48,NF,,True,2,19428,72,intraday,0,71.5,1,,71.5,S1_FULL_REGEN_20260715_DRAFT1,23400,,0,303,121,23541.75,False,BULL_PUT,True,primary,,15.53,NORMAL (15-20),1,300,1
,,23100,,BULL_PUT_NF_23400_23100_W300,1,1,0,2026-06-02,FLAT,Mon-Wed,NORMAL,0,NORMAL,,3,2026-06-02,1.25,H2_EVAL,,-0.48,NF,,True,2,19419,81,intraday,0,81.25,1,,81.25,S1_FULL_REGEN_20260715_DRAFT1,23400,,0,304,105,23530.6,False,BULL_PUT,True,primary,,15.52,NORMAL (15-20),1,300,1
,,23100,,BULL_PUT_NF_23400_23100_W300,1,1,0,2026-06-02,FLAT,Mon-Wed,NORMAL,0,NORMAL,,3,2026-06-02,1.1,H2_EVAL,,-0.48,NF,,True,2,19428,72,intraday,0,71.5,1,,71.5,S1_FULL_REGEN_20260715_DRAFT1,23400,,0,305,89,23525.75,False,BULL_PUT,True,primary,,15.58,NORMAL (15-20),1,300,1
,,24000,,BEAR_CALL_NF_23700_24000_W300,1,1,0,2026-06-02,FLAT,Mon-Wed,NORMAL,0,NORMAL,,3,2026-06-02,0.25,H2_EVAL,,-0.48,NF,,True,2,19484,16,intraday,0,16.25,1,,16.25,S1_FULL_REGEN_20260715_DRAFT1,23700,,0,306,73,23530.9,False,BEAR_CALL,True,primary,,15.59,NORMAL (15-20),1,300,1
,,24000,,BEAR_CALL_NF_23700_24000_W300,1,1,0,2026-06-02,FLAT,Mon-Wed,NORMAL,0,NORMAL,,3,2026-06-02,0.2,H2_EVAL,,-0.48,NF,,True,2,19487,13,intraday,0,13.0,1,,13.0,S1_FULL_REGEN_20260715_DRAFT1,23700,,0,307,57,23521.65,False,BEAR_CALL,True,primary,,15.61,NORMAL (15-20),1,300,1
,,23950,,BEAR_CALL_NF_23650_23950_W300,1,1,0,2026-06-02,FLAT,Mon-Wed,NORMAL,0,NORMAL,,3,2026-06-02,0.45,H2_EVAL,,-0.48,NF,,True,2,19471,29,intraday,0,29.25,1,,29.25,S1_FULL_REGEN_20260715_DRAFT1,23650,,0,308,45,23512.4,False,BEAR_CALL,True,primary,,15.57,NORMAL (15-20),1,300,1
,,23900,,BEAR_CALL_NF_23600_23900_W300,1,1,0,2026-06-02,FLAT,Mon-Wed,NORMAL,0,NORMAL,,3,2026-06-02,0.4,H2_EVAL,,-0.48,NF,,True,2,19474,26,intraday,0,26.0,1,,26.0,S1_FULL_REGEN_20260715_DRAFT1,23600,,0,309,37,23461.8,False,BEAR_CALL,True,primary,,15.52,NORMAL (15-20),1,300,1
,,23900,,BEAR_CALL_NF_23600_23900_W300,1,1,0,2026-06-02,FLAT,Mon-Wed,NORMAL,0,NORMAL,,3,2026-06-02,0.1,H2_EVAL,,-0.48,NF,,True,2,19494,6,intraday,0,6.5,1,,6.5,S1_FULL_REGEN_20260715_DRAFT1,23600,,0,310,29,23445.8,False,BEAR_CALL,True,primary,,15.83,NORMAL (15-20),1,300,1
,,23050,,BULL_PUT_NF_23350_23050_W300,1,1,0,2026-06-02,FLAT,Mon-Wed,NORMAL,0,NORMAL,,3,2026-06-02,0.1,H2_EVAL,,-0.48,NF,,True,2,19494,6,intraday,0,6.5,1,,6.5,S1_FULL_REGEN_20260715_DRAFT1,23350,,0,311,21,23478.2,False,BULL_PUT,True,primary,,15.39,NORMAL (15-20),1,300,1
,,23900,,BEAR_CALL_NF_23600_23900_W300,1,1,0,2026-06-02,FLAT,Mon-Wed,NORMAL,0,NORMAL,,3,2026-06-02,0.05,H2_EVAL,,-0.48,NF,,True,2,19497,3,intraday,0,3.25,1,,3.25,S1_FULL_REGEN_20260715_DRAFT1,23600,,0,312,19,23462.7,False,BEAR_CALL,True,primary,,15.36,NORMAL (15-20),1,300,1
,,23550,,BEAR_CALL_NF_23400_23550_W150,0,1,0,2026-06-03,FLAT,Mon-Wed,NORMAL,0,NORMAL,,3,2026-06-03,55.65,H2_EVAL,,0.65,NF,,True,2,6133,3617,swing,0,-1436.5,0,,-1436.5,S1_FULL_REGEN_20260715_DRAFT1,23400,,0,329,2169,23279.05,True,BEAR_CALL,False,primary,,16.25,NORMAL (15-20),2,150,0
,,23550,,BEAR_CALL_NF_23400_23550_W150,0,1,0,2026-06-03,FLAT,Mon-Wed,NORMAL,0,NORMAL,,3,2026-06-03,53.0,H2_EVAL,,0.65,NF,,True,2,6305,3445,swing,0,-1608.75,0,,-1608.75,S1_FULL_REGEN_20260715_DRAFT1,23400,,0,335,2073,23254.6,True,BEAR_CALL,False,primary,,16.3,NORMAL (15-20),2,150,0
,,23300,,BEAR_PUT_NF_23150_23300_W150,0,1,0,2026-06-03,FLAT,Mon-Wed,NORMAL,0,NORMAL,,3,2026-06-03,54.4,H2_EVAL,,0.65,NF,,False,2,3536,6214,intraday,0,-838.5,0,,-838.5,S1_FULL_REGEN_20260715_DRAFT1,23150,,0,380,1183,23324.9,True,BEAR_PUT,False,primary,,16.43,NORMAL (15-20),2,150,0
,,23700,,BEAR_CALL_NF_23550_23700_W150,1,1,0,2026-06-03,FLAT,Mon-Wed,NORMAL,0,NORMAL,,3,2026-06-03,57.75,H2_EVAL,,0.65,NF,,True,2,5996,3754,intraday,0,94.25,1,,94.25,S1_FULL_REGEN_20260715_DRAFT1,23550,,0,391,964,23388,False,BEAR_CALL,True,primary,,16.38,NORMAL (15-20),2,150,1
,,23700,,BEAR_CALL_NF_23550_23700_W150,1,1,0,2026-06-03,FLAT,Mon-Wed,NORMAL,0,NORMAL,,3,2026-06-03,61.45,H2_EVAL,,0.65,NF,,True,2,5756,3994,intraday,0,334.75,1,,334.75,S1_FULL_REGEN_20260715_DRAFT1,23550,,0,392,949,23408.35,False,BEAR_CALL,True,primary,,16.45,NORMAL (15-20),2,150,1
,,23750,,BEAR_CALL_NF_23600_23750_W150,1,1,0,2026-06-03,FLAT,Mon-Wed,NORMAL,0,NORMAL,,3,2026-06-03,59.4,H2_EVAL,,0.65,NF,,True,2,5889,3861,intraday,0,656.5,1,,656.5,S1_FULL_REGEN_20260715_DRAFT1,23600,,0,393,934,23431.4,False,BEAR_CALL,True,primary,,16.53,NORMAL (15-20),2,150,1
,,23700,,BEAR_CALL_NF_23550_23700_W150,1,1,0,2026-06-03,FLAT,Mon-Wed,NORMAL,0,NORMAL,,3,2026-06-03,61.8,H2_EVAL,,0.65,NF,,True,2,5733,4017,intraday,0,357.5,1,,357.5,S1_FULL_REGEN_20260715_DRAFT1,23550,,0,394,919,23409.1,False,BEAR_CALL,True,primary,,16.45,NORMAL (15-20),2,150,1
,,23700,,BEAR_CALL_NF_23550_23700_W150,1,1,0,2026-06-03,FLAT,Mon-Wed,NORMAL,0,NORMAL,,3,2026-06-03,65.05,H2_EVAL,,0.65,NF,,True,2,5522,4228,intraday,0,568.75,1,,568.75,S1_FULL_REGEN_20260715_DRAFT1,23550,,0,395,904,23419.95,False,BEAR_CALL,True,primary,,16.61,NORMAL (15-20),2,150,1
,,23750,,BEAR_CALL_NF_23600_23750_W150,1,1,0,2026-06-03,FLAT,Mon-Wed,NORMAL,0,NORMAL,,3,2026-06-03,58.4,H2_EVAL,,0.65,NF,,True,2,5954,3796,intraday,0,591.5,1,,591.5,S1_FULL_REGEN_20260715_DRAFT1,23600,,0,396,884,23432,False,BEAR_CALL,True,primary,,16.67,NORMAL (15-20),2,150,1
,,23750,,BEAR_CALL_NF_23600_23750_W150,1,1,0,2026-06-03,FLAT,Mon-Wed,NORMAL,0,NORMAL,,3,2026-06-03,60.4,H2_EVAL,,0.65,NF,,True,2,5824,3926,intraday,0,721.5,1,,721.5,S1_FULL_REGEN_20260715_DRAFT1,23600,,0,397,869,23433.85,False,BEAR_CALL,True,primary,,16.5,NORMAL (15-20),2,150,1
,,23750,,BEAR_CALL_NF_23600_23750_W150,1,1,0,2026-06-03,FLAT,Mon-Wed,NORMAL,0,NORMAL,,3,2026-06-03,61.65,H2_EVAL,,0.65,NF,,True,2,5743,4007,intraday,0,802.75,1,,802.75,S1_FULL_REGEN_20260715_DRAFT1,23600,,0,398,854,23451.95,False,BEAR_CALL,True,primary,,16.51,NORMAL (15-20),2,150,1
,,23750,,BEAR_CALL_NF_23600_23750_W150,1,1,0,2026-06-03,FLAT,Mon-Wed,NORMAL,0,NORMAL,,3,2026-06-03,58.9,H2_EVAL,,0.65,NF,,True,2,5922,3828,intraday,0,624.0,1,,624.0,S1_FULL_REGEN_20260715_DRAFT1,23600,,0,399,839,23443.6,False,BEAR_CALL,True,primary,,16.6,NORMAL (15-20),2,150,1
,,23700,,BEAR_CALL_NF_23550_23700_W150,1,1,0,2026-06-03,FLAT,Mon-Wed,NORMAL,0,NORMAL,,3,2026-06-03,61.7,H2_EVAL,,0.65,NF,,True,2,5740,4010,intraday,0,351.0,1,,351.0,S1_FULL_REGEN_20260715_DRAFT1,23550,,0,400,824,23412.7,False,BEAR_CALL,True,primary,,16.39,NORMAL (15-20),2,150,1
,,23700,,BEAR_CALL_NF_23550_23700_W150,1,1,0,2026-06-03,FLAT,Mon-Wed,NORMAL,0,NORMAL,,3,2026-06-03,62.3,H2_EVAL,,0.65,NF,,True,2,5700,4050,intraday,0,390.0,1,,390.0,S1_FULL_REGEN_20260715_DRAFT1,23550,,0,401,804,23428.75,False,BEAR_CALL,True,primary,,16.37,NORMAL (15-20),2,150,1
,,23700,,BEAR_CALL_NF_23550_23700_W150,1,1,0,2026-06-03,FLAT,Mon-Wed,NORMAL,0,NORMAL,,3,2026-06-03,56.75,H2_EVAL,,0.65,NF,,True,2,6061,3689,intraday,0,29.25,1,,29.25,S1_FULL_REGEN_20260715_DRAFT1,23550,,0,402,789,23389.7,False,BEAR_CALL,True,primary,,16.27,NORMAL (15-20),2,150,1
,,23700,,BEAR_CALL_NF_23550_23700_W150,1,1,0,2026-06-03,FLAT,Mon-Wed,NORMAL,0,NORMAL,,3,2026-06-03,56.45,H2_EVAL,,0.65,NF,,True,2,6081,3669,intraday,0,9.75,1,,9.75,S1_FULL_REGEN_20260715_DRAFT1,23550,,0,403,779,23402.15,False,BEAR_CALL,True,primary,,16.29,NORMAL (15-20),2,150,1
,,23700,,BEAR_CALL_NF_23550_23700_W150,1,1,0,2026-06-03,FLAT,Mon-Wed,NORMAL,0,NORMAL,,3,2026-06-03,57.65,H2_EVAL,,0.65,NF,,True,2,6003,3747,intraday,0,87.75,1,,87.75,S1_FULL_REGEN_20260715_DRAFT1,23550,,0,404,764,23403.9,False,BEAR_CALL,True,primary,,16.23,NORMAL (15-20),2,150,1
,,23400,,BEAR_PUT_NF_23150_23400_W250,0,1,0,2026-06-04,FLAT,Thu-Fri,NORMAL,0,NORMAL,,3,2026-06-04,89.75,H2_EVAL,,0.04,NF,,False,2,5834,10416,intraday,0,-1173.25,0,,-1173.25,S1_FULL_REGEN_20260715_DRAFT1,23150,,0,413,2973,23386.35,True,BEAR_PUT,False,primary,,16.17,NORMAL (15-20),3,250,0
,,54200,,BEAR_PUT_BNF_53200_54200_W1000,0,1,0,2026-06-04,FLAT,Thu-Fri,NORMAL,0,NORMAL,,3,2026-06-04,369.7,H2_EVAL,,0.04,BNF,,False,2,11091,18909,intraday,0,-705.0,0,,-705.0,S1_FULL_REGEN_20260715_DRAFT1,53200,,0,414,2962,54192,True,BEAR_PUT,False,primary,,16.16,NORMAL (15-20),3,1000,0
,,23400,,BEAR_PUT_NF_23200_23400_W200,0,1,0,2026-06-04,FLAT,Thu-Fri,NORMAL,0,NORMAL,,3,2026-06-04,70.8,H2_EVAL,,0.04,NF,,False,2,4602,8398,intraday,0,-601.25,0,,-601.25,S1_FULL_REGEN_20260715_DRAFT1,23200,,0,415,2954,23402.15,True,BEAR_PUT,False,primary,,16.13,NORMAL (15-20),3,200,0
,,23450,,BEAR_PUT_NF_23150_23450_W300,0,1,0,2026-06-04,FLAT,Thu-Fri,NORMAL,0,NORMAL,,3,2026-06-04,102.2,H2_EVAL,,0.04,NF,,False,2,6643,12857,intraday,0,-627.25,0,,-627.25,S1_FULL_REGEN_20260715_DRAFT1,23150,,0,416,2934,23430.3,True,BEAR_PUT,False,primary,,16.14,NORMAL (15-20),3,300,0
,,23450,,BEAR_PUT_NF_23150_23450_W300,0,1,0,2026-06-04,FLAT,Thu-Fri,NORMAL,0,NORMAL,,3,2026-06-04,100.95,H2_EVAL,,0.04,NF,,False,2,6562,12938,intraday,0,-546.0,0,,-546.0,S1_FULL_REGEN_20260715_DRAFT1,23150,,0,417,2925,23435.65,True,BEAR_PUT,False,primary,,16.36,NORMAL (15-20),3,300,0
,,23400,,BEAR_PUT_NF_23100_23400_W300,0,1,0,2026-06-04,FLAT,Thu-Fri,NORMAL,0,NORMAL,,3,2026-06-04,99.55,H2_EVAL,,0.04,NF,,False,2,6471,13029,intraday,0,-1290.25,0,,-1290.25,S1_FULL_REGEN_20260715_DRAFT1,23100,,0,424,2769,23387.9,True,BEAR_PUT,False,primary,,16.17,NORMAL (15-20),3,300,0
,,23400,,BEAR_PUT_NF_23100_23400_W300,0,1,0,2026-06-04,FLAT,Thu-Fri,NORMAL,0,NORMAL,,3,2026-06-04,101.15,H2_EVAL,,0.04,NF,,False,2,6575,12925,intraday,0,-1394.25,0,,-1394.25,S1_FULL_REGEN_20260715_DRAFT1,23100,,0,425,2757,23387.15,True,BEAR_PUT,False,primary,,16.16,NORMAL (15-20),3,300,0
,,54200,,BEAR_PUT_BNF_53400_54200_W800,0,1,0,2026-06-04,FLAT,Thu-Fri,NORMAL,0,NORMAL,,3,2026-06-04,301.3,H2_EVAL,,0.04,BNF,,False,2,9039,14961,intraday,0,-333.0,0,,-333.0,S1_FULL_REGEN_20260715_DRAFT1,53400,,0,426,2743,54232.5,True,BEAR_PUT,False,primary,,16.13,NORMAL (15-20),3,800,0
,,23450,,BEAR_PUT_NF_23150_23450_W300,0,1,0,2026-06-04,FLAT,Thu-Fri,NORMAL,0,NORMAL,,3,2026-06-04,103.15,H2_EVAL,,0.04,NF,,False,2,6705,12795,intraday,0,-689.0,0,,-689.0,S1_FULL_REGEN_20260715_DRAFT1,23150,,0,427,2733,23425.85,True,BEAR_PUT,False,primary,,16.12,NORMAL (15-20),3,300,0
,,23450,,BEAR_PUT_NF_23150_23450_W300,0,1,0,2026-06-04,FLAT,Thu-Fri,NORMAL,0,NORMAL,,3,2026-06-04,103.5,H2_EVAL,,0.04,NF,,False,2,6727,12772,intraday,0,-711.75,0,,-711.75,S1_FULL_REGEN_20260715_DRAFT1,23150,,0,428,2725,23427.9,True,BEAR_PUT,False,primary,,16.18,NORMAL (15-20),3,300,0
,,54400,,BEAR_PUT_BNF_53400_54400_W1000,0,1,0,2026-06-04,FLAT,Thu-Fri,NORMAL,0,NORMAL,,3,2026-06-04,375.3,H2_EVAL,,0.04,BNF,,False,2,11259,18741,intraday,0,-51.0,0,,-51.0,S1_FULL_REGEN_20260715_DRAFT1,53400,,0,429,2721,54359.85,True,BEAR_PUT,False,primary,,16.12,NORMAL (15-20),3,1000,0
,,54300,,BEAR_PUT_BNF_53300_54300_W1000,0,1,0,2026-06-04,FLAT,Thu-Fri,NORMAL,0,NORMAL,,3,2026-06-04,372.35,H2_EVAL,,0.04,BNF,,False,2,11170,18830,intraday,0,-313.5,0,,-313.5,S1_FULL_REGEN_20260715_DRAFT1,53300,,0,430,2712,54279.8,True,BEAR_PUT,False,primary,,16.19,NORMAL (15-20),3,1000,0
,,54100,,BEAR_PUT_BNF_53100_54100_W1000,0,1,0,2026-06-04,FLAT,Thu-Fri,NORMAL,0,NORMAL,,3,2026-06-04,379.0,H2_EVAL,,0.04,BNF,,False,2,11370,18630,intraday,0,-1216.5,0,,-1216.5,S1_FULL_REGEN_20260715_DRAFT1,53100,,0,457,2444,54079.25,True,BEAR_PUT,False,primary,,16.29,NORMAL (15-20),3,1000,0
,,54100,,BEAR_PUT_BNF_53100_54100_W1000,0,1,0,2026-06-04,FLAT,Thu-Fri,NORMAL,0,NORMAL,,3,2026-06-04,379.1,H2_EVAL,,0.04,BNF,,False,2,11373,18627,intraday,0,-1219.5,0,,-1219.5,S1_FULL_REGEN_20260715_DRAFT1,53100,,0,458,2442,54066.15,True,BEAR_PUT,False,primary,,16.33,NORMAL (15-20),3,1000,0
,,23350,,BEAR_PUT_NF_23150_23350_W200,0,1,0,2026-06-04,FLAT,Thu-Fri,NORMAL,0,NORMAL,,3,2026-06-04,74.65,H2_EVAL,,0.04,NF,,False,2,4852,8148,intraday,0,-1433.25,0,,-1433.25,S1_FULL_REGEN_20260715_DRAFT1,23150,,0,459,2441,23359.1,True,BEAR_PUT,False,primary,,16.24,NORMAL (15-20),3,200,0
,,54100,,BEAR_PUT_BNF_53100_54100_W1000,0,1,0,2026-06-04,FLAT,Thu-Fri,NORMAL,0,NORMAL,,3,2026-06-04,378.9,H2_EVAL,,0.04,BNF,,False,2,11367,18633,intraday,0,-1213.5,0,,-1213.5,S1_FULL_REGEN_20260715_DRAFT1,53100,,0,460,2439,54067.7,True,BEAR_PUT,False,primary,,16.26,NORMAL (15-20),3,1000,0
,,53600,,BULL_PUT_BNF_54000_53600_W400,1,1,0,2026-06-04,FLAT,Thu-Fri,NORMAL,0,NORMAL,,3,2026-06-04,145.35,H2_EVAL,,0.04,BNF,,True,2,7639,4361,intraday,0,22.5,1,,22.5,S1_FULL_REGEN_20260715_DRAFT1,54000,,0,471,2387,54307.7,False,BULL_PUT,True,primary,,15.99,NORMAL (15-20),3,400,1
,,53600,,BULL_PUT_BNF_54000_53600_W400,0,1,0,2026-06-04,FLAT,Thu-Fri,NORMAL,0,NORMAL,,3,2026-06-04,138.8,H2_EVAL,,0.04,BNF,,True,2,7836,4164,intraday,0,-174.0,0,,-174.0,S1_FULL_REGEN_20260715_DRAFT1,54000,,0,472,2382,54388.8,True,BULL_PUT,False,primary,,16.01,NORMAL (15-20),3,400,0
,,53600,,BULL_PUT_BNF_54000_53600_W400,0,1,0,2026-06-04,FLAT,Thu-Fri,NORMAL,0,NORMAL,,3,2026-06-04,139.1,H2_EVAL,,0.04,BNF,,True,2,7827,4173,intraday,0,-165.0,0,,-165.0,S1_FULL_REGEN_20260715_DRAFT1,54000,,0,473,2377,54383.35,True,BULL_PUT,False,primary,,15.97,NORMAL (15-20),3,400,0
,,53600,,BULL_PUT_BNF_54000_53600_W400,0,1,0,2026-06-04,FLAT,Thu-Fri,NORMAL,0,NORMAL,,3,2026-06-04,138.85,H2_EVAL,,0.04,BNF,,True,2,7834,4166,intraday,0,-172.5,0,,-172.5,S1_FULL_REGEN_20260715_DRAFT1,54000,,0,474,2372,54373.85,True,BULL_PUT,False,primary,,16.05,NORMAL (15-20),3,400,0
,,53600,,BULL_PUT_BNF_54000_53600_W400,1,1,0,2026-06-04,FLAT,Thu-Fri,NORMAL,0,NORMAL,,3,2026-06-04,145.7,H2_EVAL,,0.04,BNF,,True,2,7629,4371,intraday,0,33.0,1,,33.0,S1_FULL_REGEN_20260715_DRAFT1,54000,,0,476,2367,54281.95,False,BULL_PUT,True,primary,,16.01,NORMAL (15-20),3,400,1
,,53600,,BULL_PUT_BNF_54000_53600_W400,0,1,0,2026-06-04,FLAT,Thu-Fri,NORMAL,0,NORMAL,,3,2026-06-04,142.8,H2_EVAL,,0.04,BNF,,True,2,7716,4284,intraday,0,-54.0,0,,-54.0,S1_FULL_REGEN_20260715_DRAFT1,54000,,0,478,2362,54323.25,True,BULL_PUT,False,primary,,15.91,NORMAL (15-20),3,400,0
,,53600,,BULL_PUT_BNF_54000_53600_W400,0,1,0,2026-06-04,FLAT,Thu-Fri,NORMAL,0,NORMAL,,3,2026-06-04,142.4,H2_EVAL,,0.04,BNF,,True,2,7728,4272,intraday,0,-66.0,0,,-66.0,S1_FULL_REGEN_20260715_DRAFT1,54000,,0,479,2357,54317.2,True,BULL_PUT,False,primary,,15.87,NORMAL (15-20),3,400,0
,,53600,,BULL_PUT_BNF_54000_53600_W400,0,1,0,2026-06-04,FLAT,Thu-Fri,NORMAL,0,NORMAL,,3,2026-06-04,141.85,H2_EVAL,,0.04,BNF,,True,2,7744,4256,intraday,0,-82.5,0,,-82.5,S1_FULL_REGEN_20260715_DRAFT1,54000,,0,480,2352,54309.5,True,BULL_PUT,False,primary,,15.86,NORMAL (15-20),3,400,0
,,53600,,BULL_PUT_BNF_54000_53600_W400,0,1,0,2026-06-04,FLAT,Thu-Fri,NORMAL,0,NORMAL,,3,2026-06-04,140.85,H2_EVAL,,0.04,BNF,,True,2,7774,4226,intraday,0,-112.5,0,,-112.5,S1_FULL_REGEN_20260715_DRAFT1,54000,,0,481,2347,54334,True,BULL_PUT,False,primary,,15.79,NORMAL (15-20),3,400,0
,,54700,,BEAR_PUT_BNF_53900_54700_W800,1,1,0,2026-06-05,FLAT,Thu-Fri,NORMAL,0,NORMAL,,3,2026-06-05,299.1,H2_EVAL,,0.02,BNF,,False,2,8973,15027,intraday,0,625.5,1,,625.5,S1_FULL_REGEN_20260715_DRAFT1,53900,,0,497,3428,54681.55,False,BEAR_PUT,True,primary,,15.64,NORMAL (15-20),4,800,1
,,54600,,BEAR_PUT_BNF_53800_54600_W800,1,1,0,2026-06-05,FLAT,Thu-Fri,NORMAL,0,NORMAL,,3,2026-06-05,295.35,H2_EVAL,,0.02,BNF,,False,2,8860,15140,intraday,0,300.0,1,,300.0,S1_FULL_REGEN_20260715_DRAFT1,53800,,0,498,3422,54626.05,False,BEAR_PUT,True,primary,,15.68,NORMAL (15-20),4,800,1
,,23450,,BEAR_PUT_NF_23200_23450_W250,1,1,0,2026-06-05,FLAT,Thu-Fri,NORMAL,0,NORMAL,,3,2026-06-05,85.3,H2_EVAL,,0.02,NF,,False,2,5544,10706,intraday,0,594.75,1,,594.75,S1_FULL_REGEN_20260715_DRAFT1,23200,,0,499,3416,23434.6,False,BEAR_PUT,True,primary,,15.75,NORMAL (15-20),4,250,1
,,23350,,BEAR_PUT_NF_23200_23350_W150,0,1,0,2026-06-05,FLAT,Thu-Fri,NORMAL,0,NORMAL,,3,2026-06-05,54.55,H2_EVAL,,0.02,NF,,False,2,3546,6204,intraday,0,-438.75,0,,-438.75,S1_FULL_REGEN_20260715_DRAFT1,23200,,0,500,3414,23355.9,True,BEAR_PUT,False,primary,,15.99,NORMAL (15-20),4,150,0
,,54300,,BEAR_PUT_BNF_53300_54300_W1000,0,1,0,2026-06-05,FLAT,Thu-Fri,NORMAL,0,NORMAL,,3,2026-06-05,377.5,H2_EVAL,,0.02,BNF,,False,2,11325,18675,intraday,0,-1753.5,0,,-1753.5,S1_FULL_REGEN_20260715_DRAFT1,53300,,0,501,3413,54272.9,True,BEAR_PUT,False,primary,,16.06,NORMAL (15-20),4,1000,0
,,54400,,BEAR_PUT_BNF_53600_54400_W800,0,1,0,2026-06-05,FLAT,Thu-Fri,NORMAL,0,NORMAL,,3,2026-06-05,303.95,H2_EVAL,,0.02,BNF,,False,2,9118,14882,intraday,0,-583.5,0,,-583.5,S1_FULL_REGEN_20260715_DRAFT1,53600,,0,502,3410,54397.8,True,BEAR_PUT,False,primary,,16.02,NORMAL (15-20),4,800,0
,,23400,,BEAR_PUT_NF_23150_23400_W250,0,1,0,2026-06-05,FLAT,Thu-Fri,NORMAL,0,NORMAL,,3,2026-06-05,91.4,H2_EVAL,,0.02,NF,,False,2,5941,10309,intraday,0,-744.25,0,,-744.25,S1_FULL_REGEN_20260715_DRAFT1,23150,,0,503,3406,23383.15,True,BEAR_PUT,False,primary,,15.98,NORMAL (15-20),4,250,0
,,54500,,BEAR_PUT_BNF_53700_54500_W800,0,1,0,2026-06-05,FLAT,Thu-Fri,NORMAL,0,NORMAL,,3,2026-06-05,302.55,H2_EVAL,,0.02,BNF,,False,2,9077,14923,intraday,0,-396.0,0,,-396.0,S1_FULL_REGEN_20260715_DRAFT1,53700,,0,504,3404,54519.5,True,BEAR_PUT,False,primary,,15.91,NORMAL (15-20),4,800,0
,,23500,,BEAR_PUT_NF_23250_23500_W250,1,1,0,2026-06-05,FLAT,Thu-Fri,NORMAL,0,NORMAL,,3,2026-06-05,86.35,H2_EVAL,,0.02,NF,,False,2,5613,10637,intraday,0,1488.5,1,,1488.5,S1_FULL_REGEN_20260715_DRAFT1,23250,,0,505,3397,23478.95,False,BEAR_PUT,True,primary,,15.68,NORMAL (15-20),4,250,1
,,54800,,BEAR_PUT_BNF_54000_54800_W800,1,1,0,2026-06-05,FLAT,Thu-Fri,NORMAL,0,NORMAL,,3,2026-06-05,297.15,H2_EVAL,,0.02,BNF,,False,2,8915,15085,intraday,0,960.0,1,,960.0,S1_FULL_REGEN_20260715_DRAFT1,54000,,0,506,3391,54778.95,False,BEAR_PUT,True,primary,,15.74,NORMAL (15-20),4,800,1
,,23450,,BEAR_PUT_NF_23250_23450_W200,1,1,0,2026-06-05,FLAT,Thu-Fri,NORMAL,0,NORMAL,,3,2026-06-05,67.0,H2_EVAL,,0.02,NF,,False,2,4355,8645,intraday,0,919.75,1,,919.75,S1_FULL_REGEN_20260715_DRAFT1,23250,,0,507,3385,23446.75,False,BEAR_PUT,True,primary,,15.73,NORMAL (15-20),4,200,1
,,54600,,BEAR_PUT_BNF_53800_54600_W800,1,1,0,2026-06-05,FLAT,Thu-Fri,NORMAL,0,NORMAL,,3,2026-06-05,301.5,H2_EVAL,,0.02,BNF,,False,2,9045,14955,intraday,0,115.5,1,,115.5,S1_FULL_REGEN_20260715_DRAFT1,53800,,0,508,3381,54566.95,False,BEAR_PUT,True,primary,,15.9,NORMAL (15-20),4,800,1
,,23450,,BEAR_PUT_NF_23200_23450_W250,1,1,0,2026-06-05,FLAT,Thu-Fri,NORMAL,0,NORMAL,,3,2026-06-05,86.5,H2_EVAL,,0.02,NF,,False,2,5622,10628,intraday,0,516.75,1,,516.75,S1_FULL_REGEN_20260715_DRAFT1,23200,,0,509,3373,23428.95,False,BEAR_PUT,True,primary,,15.89,NORMAL (15-20),4,250,1
,,54600,,BEAR_PUT_BNF_53800_54600_W800,1,1,0,2026-06-05,FLAT,Thu-Fri,NORMAL,0,NORMAL,,3,2026-06-05,296.1,H2_EVAL,,0.02,BNF,,False,2,8883,15117,intraday,0,277.5,1,,277.5,S1_FULL_REGEN_20260715_DRAFT1,53800,,0,510,3368,54598.2,False,BEAR_PUT,True,primary,,15.84,NORMAL (15-20),4,800,1
,,23400,,BEAR_PUT_NF_23250_23400_W150,1,1,0,2026-06-05,FLAT,Thu-Fri,NORMAL,0,NORMAL,,3,2026-06-05,53.9,H2_EVAL,,0.02,NF,,False,2,3503,6247,intraday,0,117.0,1,,117.0,S1_FULL_REGEN_20260715_DRAFT1,23250,,0,511,3366,23416.2,False,BEAR_PUT,True,primary,,15.8,NORMAL (15-20),4,150,1
,,54600,,BEAR_PUT_BNF_53800_54600_W800,1,1,0,2026-06-05,FLAT,Thu-Fri,NORMAL,0,NORMAL,,3,2026-06-05,301.35,H2_EVAL,,0.02,BNF,,False,2,9040,14960,intraday,0,120.0,1,,120.0,S1_FULL_REGEN_20260715_DRAFT1,53800,,0,512,3362,54579.5,False,BEAR_PUT,True,primary,,15.68,NORMAL (15-20),4,800,1
,,54500,,BEAR_PUT_BNF_53500_54500_W1000,0,1,0,2026-06-05,FLAT,Thu-Fri,NORMAL,0,NORMAL,,3,2026-06-05,367.65,H2_EVAL,,0.02,BNF,,False,2,11030,18970,intraday,0,-381.0,0,,-381.0,S1_FULL_REGEN_20260715_DRAFT1,53500,,0,523,3279,54455.45,True,BEAR_PUT,False,primary,,15.78,NORMAL (15-20),4,1000,0
,,54200,,BEAR_PUT_BNF_53200_54200_W1000,0,1,0,2026-06-05,FLAT,Thu-Fri,NORMAL,0,NORMAL,,3,2026-06-05,376.9,H2_EVAL,,0.02,BNF,,False,2,11307,18693,intraday,0,-1585.5,0,,-1585.5,S1_FULL_REGEN_20260715_DRAFT1,53200,,0,534,3180,54179.85,True,BEAR_PUT,False,primary,,16.32,NORMAL (15-20),4,1000,0
,,23300,,BEAR_PUT_NF_23100_23300_W200,0,1,0,2026-06-05,FLAT,Thu-Fri,NORMAL,0,NORMAL,,3,2026-06-05,75.05,H2_EVAL,,0.02,NF,,False,2,4878,8122,intraday,0,-1742.0,0,,-1742.0,S1_FULL_REGEN_20260715_DRAFT1,23100,,0,535,3179,23302.6,True,BEAR_PUT,False,primary,,16.31,NORMAL (15-20),4,200,0
,,53600,,BULL_PUT_BNF_54000_53600_W400,1,1,0,2026-06-05,FLAT,Thu-Fri,NORMAL,0,NORMAL,,3,2026-06-05,147.35,H2_EVAL,,0.02,BNF,,True,2,7579,4421,intraday,0,490.5,1,,490.5,S1_FULL_REGEN_20260715_DRAFT1,54000,,0,542,3130,54275.85,False,BULL_PUT,True,primary,,16.09,NORMAL (15-20),4,400,1
,,54400,,BEAR_PUT_BNF_53400_54400_W1000,0,1,0,2026-06-05,FLAT,Thu-Fri,NORMAL,0,NORMAL,,3,2026-06-05,367.9,H2_EVAL,,0.02,BNF,,False,2,11037,18963,intraday,0,-757.5,0,,-757.5,S1_FULL_REGEN_20260715_DRAFT1,53400,,0,543,3126,54373.9,True,BEAR_PUT,False,primary,,15.93,NORMAL (15-20),4,1000,0
,,54300,,BEAR_PUT_BNF_53500_54300_W800,0,1,0,2026-06-05,FLAT,Thu-Fri,NORMAL,0,NORMAL,,3,2026-06-05,301.05,H2_EVAL,,0.02,BNF,,False,2,9032,14968,intraday,0,-885.0,0,,-885.0,S1_FULL_REGEN_20260715_DRAFT1,53500,,0,544,3122,54347.6,True,BEAR_PUT,False,primary,,16.03,NORMAL (15-20),4,800,0
,,23350,,BEAR_PUT_NF_23150_23350_W200,0,1,0,2026-06-05,FLAT,Thu-Fri,NORMAL,0,NORMAL,,3,2026-06-05,74.9,H2_EVAL,,0.02,NF,,False,2,4868,8132,intraday,0,-1049.75,0,,-1049.75,S1_FULL_REGEN_20260715_DRAFT1,23150,,0,545,3120,23335.05,True,BEAR_PUT,False,primary,,16.04,NORMAL (15-20),4,200,0
,,54500,,BEAR_PUT_BNF_53900_54500_W600,1,1,0,2026-06-05,FLAT,Thu-Fri,NORMAL,0,NORMAL,,3,2026-06-05,228.1,H2_EVAL,,0.02,BNF,,False,2,6843,11157,intraday,0,18.0,1,,18.0,S1_FULL_REGEN_20260715_DRAFT1,53900,,0,546,3118,54548.05,False,BEAR_PUT,True,primary,,15.54,NORMAL (15-20),4,600,1
,,23400,,BEAR_PUT_NF_23150_23400_W250,0,1,0,2026-06-05,FLAT,Thu-Fri,NORMAL,0,NORMAL,,3,2026-06-05,82.2,H2_EVAL,,0.02,NF,,False,2,5343,10907,intraday,0,-146.25,0,,-146.25,S1_FULL_REGEN_20260715_DRAFT1,23150,,0,547,3112,23378.25,True,BEAR_PUT,False,primary,,15.65,NORMAL (15-20),4,250,0
,,54500,,BEAR_PUT_BNF_53700_54500_W800,0,1,0,2026-06-05,FLAT,Thu-Fri,NORMAL,0,NORMAL,,3,2026-06-05,303.3,H2_EVAL,,0.02,BNF,,False,2,9099,14901,intraday,0,-418.5,0,,-418.5,S1_FULL_REGEN_20260715_DRAFT1,53700,,0,548,3111,54467.4,True,BEAR_PUT,False,primary,,15.86,NORMAL (15-20),4,800,0
,,23350,,BEAR_PUT_NF_23150_23350_W200,0,1,0,2026-06-05,FLAT,Thu-Fri,NORMAL,0,NORMAL,,3,2026-06-05,69.8,H2_EVAL,,0.02,NF,,False,2,4537,8463,intraday,0,-718.25,0,,-718.25,S1_FULL_REGEN_20260715_DRAFT1,23150,,0,549,3108,23332.4,True,BEAR_PUT,False,primary,,15.93,NORMAL (15-20),4,200,0
,,54500,,BEAR_PUT_BNF_53700_54500_W800,0,1,0,2026-06-05,FLAT,Thu-Fri,NORMAL,0,NORMAL,,3,2026-06-05,300.5,H2_EVAL,,0.02,BNF,,False,2,9015,14985,intraday,0,-334.5,0,,-334.5,S1_FULL_REGEN_20260715_DRAFT1,53700,,0,550,3106,54503.1,True,BEAR_PUT,False,primary,,15.89,NORMAL (15-20),4,800,0
,,54500,,BEAR_PUT_BNF_53700_54500_W800,0,1,0,2026-06-05,FLAT,Thu-Fri,NORMAL,0,NORMAL,,3,2026-06-05,303,H2_EVAL,,0.02,BNF,,False,2,9090,14910,intraday,0,-409.5,0,,-409.5,S1_FULL_REGEN_20260715_DRAFT1,53700,,0,551,3104,54482.45,True,BEAR_PUT,False,primary,,15.67,NORMAL (15-20),4,800,0
,,54500,,BEAR_PUT_BNF_53700_54500_W800,0,1,0,2026-06-05,FLAT,Thu-Fri,NORMAL,0,NORMAL,,3,2026-06-05,294.05,H2_EVAL,,0.02,BNF,,False,2,8822,15178,intraday,0,-141.0,0,,-141.0,S1_FULL_REGEN_20260715_DRAFT1,53700,,0,554,3100,54545.65,True,BEAR_PUT,False,primary,,15.71,NORMAL (15-20),4,800,0
,,23200,,BEAR_PUT_NF_22950_23200_W250,1,1,0,2026-06-08,FLAT,Mon-Wed,NORMAL,0,NORMAL,,3,2026-06-08,84.65,H2_EVAL,,-1.87,NF,,False,2,5502,10748,intraday,0,848.25,1,,848.25,S1_FULL_REGEN_20260715_DRAFT1,22950,,0,578,4855,23184.35,False,BEAR_PUT,True,primary,,17,NORMAL (15-20),0,250,1
,,23450,,BEAR_CALL_NF_23300_23450_W150,1,1,0,2026-06-08,FLAT,Mon-Wed,NORMAL,0,NORMAL,,3,2026-06-08,29.9,H2_EVAL,,-1.87,NF,,True,2,7806,1944,intraday,0,490.75,1,,490.75,S1_FULL_REGEN_20260715_DRAFT1,23300,,0,612,3854,23154.95,False,BEAR_CALL,True,primary,,17.1,NORMAL (15-20),0,150,1
,,23450,,BEAR_CALL_NF_23300_23450_W150,1,1,0,2026-06-08,FLAT,Mon-Wed,NORMAL,0,NORMAL,,3,2026-06-08,31.25,H2_EVAL,,-1.87,NF,,True,2,7719,2031,intraday,0,578.5,1,,578.5,S1_FULL_REGEN_20260715_DRAFT1,23300,,0,613,3836,23162.15,False,BEAR_CALL,True,primary,,17.07,NORMAL (15-20),0,150,1
,,23450,,BEAR_CALL_NF_23300_23450_W150,1,1,0,2026-06-08,FLAT,Mon-Wed,NORMAL,0,NORMAL,,3,2026-06-08,29.45,H2_EVAL,,-1.87,NF,,True,2,7836,1914,intraday,0,461.5,1,,461.5,S1_FULL_REGEN_20260715_DRAFT1,23300,,0,614,3819,23153.65,False,BEAR_CALL,True,primary,,17.17,NORMAL (15-20),0,150,1
,,23450,,BEAR_CALL_NF_23300_23450_W150,1,1,0,2026-06-08,FLAT,Mon-Wed,NORMAL,0,NORMAL,,3,2026-06-08,28.6,H2_EVAL,,-1.87,NF,,True,2,7891,1859,intraday,0,406.25,1,,406.25,S1_FULL_REGEN_20260715_DRAFT1,23300,,0,615,3803,23148.3,False,BEAR_CALL,True,primary,,17.15,NORMAL (15-20),0,150,1
,,23500,,BEAR_CALL_NF_23350_23500_W150,1,1,0,2026-06-08,FLAT,Mon-Wed,NORMAL,0,NORMAL,,3,2026-06-08,22.5,H2_EVAL,,-1.87,NF,,True,2,8288,1462,intraday,0,412.75,1,,412.75,S1_FULL_REGEN_20260715_DRAFT1,23350,,0,616,3785,23160.4,False,BEAR_CALL,True,primary,,17.12,NORMAL (15-20),0,150,1
,,23450,,BEAR_CALL_NF_23300_23450_W150,1,1,0,2026-06-08,FLAT,Mon-Wed,NORMAL,0,NORMAL,,3,2026-06-08,29.1,H2_EVAL,,-1.87,NF,,True,2,7858,1891,intraday,0,438.75,1,,438.75,S1_FULL_REGEN_20260715_DRAFT1,23300,,0,617,3772,23155.1,False,BEAR_CALL,True,primary,,17.12,NORMAL (15-20),0,150,1
,,23500,,BEAR_CALL_NF_23350_23500_W150,1,1,0,2026-06-08,FLAT,Mon-Wed,NORMAL,0,NORMAL,,3,2026-06-08,25.5,H2_EVAL,,-1.87,NF,,True,2,8092,1658,intraday,0,607.75,1,,607.75,S1_FULL_REGEN_20260715_DRAFT1,23350,,0,618,3760,23176.3,False,BEAR_CALL,True,primary,,16.99,NORMAL (15-20),0,150,1
,,23500,,BEAR_CALL_NF_23350_23500_W150,1,1,0,2026-06-08,FLAT,Mon-Wed,NORMAL,0,NORMAL,,3,2026-06-08,25.25,H2_EVAL,,-1.87,NF,,True,2,8109,1641,intraday,0,591.5,1,,591.5,S1_FULL_REGEN_20260715_DRAFT1,23350,,0,619,3742,23176.5,False,BEAR_CALL,True,primary,,17.01,NORMAL (15-20),0,150,1
,,22850,,BULL_PUT_NF_23000_22850_W150,0,1,0,2026-06-08,FLAT,Mon-Wed,NORMAL,0,NORMAL,,3,2026-06-08,23.5,H2_EVAL,,-1.87,NF,,True,2,8222,1528,intraday,0,-234.0,0,,-234.0,S1_FULL_REGEN_20260715_DRAFT1,23000,,0,620,3729,23177.5,True,BULL_PUT,False,primary,,17.04,NORMAL (15-20),0,150,0
,,23450,,BEAR_CALL_NF_23300_23450_W150,1,1,0,2026-06-08,FLAT,Mon-Wed,NORMAL,0,NORMAL,,3,2026-06-08,31.45,H2_EVAL,,-1.87,NF,,True,2,7706,2044,intraday,0,591.5,1,,591.5,S1_FULL_REGEN_20260715_DRAFT1,23300,,0,621,3716,23169.15,False,BEAR_CALL,True,primary,,16.99,NORMAL (15-20),0,150,1
,,23400,,BEAR_CALL_NF_23250_23400_W150,0,1,0,2026-06-08,FLAT,Mon-Wed,NORMAL,0,NORMAL,,3,2026-06-08,28.25,H2_EVAL,,-1.87,NF,,True,2,7914,1836,intraday,0,-204.75,0,,-204.75,S1_FULL_REGEN_20260715_DRAFT1,23250,,0,622,3700,23116.4,True,BEAR_CALL,False,primary,,17.09,NORMAL (15-20),0,150,0
,,23450,,BEAR_CALL_NF_23300_23450_W150,0,1,0,2026-06-08,FLAT,Mon-Wed,NORMAL,0,NORMAL,,3,2026-06-08,22.05,H2_EVAL,,-1.87,NF,,True,2,8317,1433,intraday,0,-19.5,0,,-19.5,S1_FULL_REGEN_20260715_DRAFT1,23300,,0,623,3689,23130.3,True,BEAR_CALL,False,primary,,17,NORMAL (15-20),0,150,0
,,23450,,BEAR_CALL_NF_23300_23450_W150,0,1,0,2026-06-08,FLAT,Mon-Wed,NORMAL,0,NORMAL,,3,2026-06-08,22.15,H2_EVAL,,-1.87,NF,,True,2,8310,1440,intraday,0,-13.0,0,,-13.0,S1_FULL_REGEN_20260715_DRAFT1,23300,,0,624,3677,23134.3,True,BEAR_CALL,False,primary,,17.02,NORMAL (15-20),0,150,0
,,23400,,BEAR_CALL_NF_23250_23400_W150,0,1,0,2026-06-08,FLAT,Mon-Wed,NORMAL,0,NORMAL,,3,2026-06-08,30.15,H2_EVAL,,-1.87,NF,,True,2,7790,1960,intraday,0,-81.25,0,,-81.25,S1_FULL_REGEN_20260715_DRAFT1,23250,,0,625,3661,23124.6,True,BEAR_CALL,False,primary,,16.99,NORMAL (15-20),0,150,0
,,23100,,BEAR_PUT_NF_22950_23100_W150,0,1,0,2026-06-08,FLAT,Mon-Wed,NORMAL,0,NORMAL,,3,2026-06-08,51.25,H2_EVAL,,-1.87,NF,,False,2,3331,6419,intraday,0,-240.5,0,,-240.5,S1_FULL_REGEN_20260715_DRAFT1,22950,,0,626,3651,23100.5,True,BEAR_PUT,False,primary,,16.98,NORMAL (15-20),0,150,0
,,54500,,BEAR_PUT_BNF_53500_54500_W1000,0,1,0,2026-06-09,FLAT,Mon-Wed,NORMAL,0,NORMAL,,3,2026-06-09,373.85,H2_EVAL,,-1.34,BNF,,False,2,11216,18784,intraday,0,-3130.5,0,,-3130.5,S1_FULL_REGEN_20260715_DRAFT1,53500,,0,654,5511,54523.35,True,BEAR_PUT,False,primary,,16.33,NORMAL (15-20),1,1000,0
,,54600,,BEAR_PUT_BNF_53600_54600_W1000,0,1,0,2026-06-09,FLAT,Mon-Wed,NORMAL,0,NORMAL,,3,2026-06-09,383.8,H2_EVAL,,-1.34,BNF,,False,2,11514,18486,intraday,0,-2985.0,0,,-2985.0,S1_FULL_REGEN_20260715_DRAFT1,53600,,0,655,5509,54563.4,True,BEAR_PUT,False,primary,,16.24,NORMAL (15-20),1,1000,0
,,54600,,BEAR_PUT_BNF_53600_54600_W1000,0,1,0,2026-06-09,FLAT,Mon-Wed,NORMAL,0,NORMAL,,3,2026-06-09,378.2,H2_EVAL,,-1.34,BNF,,False,2,11346,18654,intraday,0,-2817.0,0,,-2817.0,S1_FULL_REGEN_20260715_DRAFT1,53600,,0,656,5507,54616.95,True,BEAR_PUT,False,primary,,16.33,NORMAL (15-20),1,1000,0
,,23200,,BEAR_PUT_NF_23000_23200_W200,0,1,0,2026-06-09,FLAT,Mon-Wed,NORMAL,0,NORMAL,,3,2026-06-09,47.8,H2_EVAL,,-1.34,NF,,False,2,3107,9893,intraday,0,-3103.75,0,,-3103.75,S1_FULL_REGEN_20260715_DRAFT1,23000,,0,659,5502,23177.25,True,BEAR_PUT,False,primary,,16.01,NORMAL (15-20),1,200,0
,,23200,,BEAR_PUT_NF_23050_23200_W150,0,1,0,2026-06-09,FLAT,Mon-Wed,NORMAL,0,NORMAL,,3,2026-06-09,47.7,H2_EVAL,,-1.34,NF,,False,2,3100,6650,intraday,0,-3100.5,0,,-3100.5,S1_FULL_REGEN_20260715_DRAFT1,23050,,0,660,5498,23175.55,True,BEAR_PUT,False,primary,,16.04,NORMAL (15-20),1,150,0
,,54100,,BULL_PUT_BNF_54500_54100_W400,1,1,0,2026-06-09,FLAT,Mon-Wed,NORMAL,0,NORMAL,,3,2026-06-09,149,H2_EVAL,,-1.34,BNF,,True,2,7530,4470,intraday,0,780.0,1,,780.0,S1_FULL_REGEN_20260715_DRAFT1,54500,,0,661,5493,54780.55,False,BULL_PUT,True,primary,,16.01,NORMAL (15-20),1,400,1
,,23200,,BEAR_PUT_NF_23100_23200_W100,0,1,0,2026-06-09,FLAT,Mon-Wed,NORMAL,0,NORMAL,,3,2026-06-09,35.35,H2_EVAL,,-1.34,NF,,False,2,2298,4202,intraday,0,-2297.75,0,,-2297.75,S1_FULL_REGEN_20260715_DRAFT1,23100,,0,662,5489,23187.25,True,BEAR_PUT,False,primary,,16.01,NORMAL (15-20),1,100,0
,,23200,,BEAR_PUT_NF_23050_23200_W150,0,1,0,2026-06-09,FLAT,Mon-Wed,NORMAL,0,NORMAL,,3,2026-06-09,45.4,H2_EVAL,,-1.34,NF,,False,2,2951,6799,intraday,0,-2951.0,0,,-2951.0,S1_FULL_REGEN_20260715_DRAFT1,23050,,0,663,5485,23177.95,True,BEAR_PUT,False,primary,,16.17,NORMAL (15-20),1,150,0
,,55800,,BEAR_CALL_BNF_55300_55800_W500,0,1,0,2026-06-09,FLAT,Mon-Wed,NORMAL,0,NORMAL,,3,2026-06-09,212.7,H2_EVAL,,-1.34,BNF,,True,2,8619,6381,intraday,0,-1081.5,0,,-1081.5,S1_FULL_REGEN_20260715_DRAFT1,55300,,0,664,5475,54847.7,True,BEAR_CALL,False,primary,,16.16,NORMAL (15-20),1,500,0
,,54100,,BULL_PUT_BNF_54500_54100_W400,1,1,0,2026-06-09,FLAT,Mon-Wed,NORMAL,0,NORMAL,,3,2026-06-09,142.5,H2_EVAL,,-1.34,BNF,,True,2,7725,4275,intraday,0,585.0,1,,585.0,S1_FULL_REGEN_20260715_DRAFT1,54500,,0,665,5470,54895.55,False,BULL_PUT,True,primary,,16.17,NORMAL (15-20),1,400,1
,,54100,,BULL_PUT_BNF_54500_54100_W400,1,1,0,2026-06-09,FLAT,Mon-Wed,NORMAL,0,NORMAL,,3,2026-06-09,141.5,H2_EVAL,,-1.34,BNF,,True,2,7755,4245,intraday,0,555.0,1,,555.0,S1_FULL_REGEN_20260715_DRAFT1,54500,,0,666,5465,54877.1,False,BULL_PUT,True,primary,,16.09,NORMAL (15-20),1,400,1
,,54100,,BULL_PUT_BNF_54500_54100_W400,1,1,0,2026-06-09,FLAT,Mon-Wed,NORMAL,0,NORMAL,,3,2026-06-09,140.65,H2_EVAL,,-1.34,BNF,,True,2,7781,4219,intraday,0,529.5,1,,529.5,S1_FULL_REGEN_20260715_DRAFT1,54500,,0,667,5460,54913.25,False,BULL_PUT,True,primary,,16.06,NORMAL (15-20),1,400,1
,,55000,,BEAR_PUT_BNF_54000_55000_W1000,0,1,0,2026-06-09,FLAT,Mon-Wed,NORMAL,0,NORMAL,,3,2026-06-09,376.3,H2_EVAL,,-1.34,BNF,,False,2,11289,18711,intraday,0,-1198.5,0,,-1198.5,S1_FULL_REGEN_20260715_DRAFT1,54000,,0,668,5454,54966.65,True,BEAR_PUT,False,primary,,16,NORMAL (15-20),1,1000,0
,,54100,,BULL_PUT_BNF_54500_54100_W400,1,1,0,2026-06-09,FLAT,Mon-Wed,NORMAL,0,NORMAL,,3,2026-06-09,138.65,H2_EVAL,,-1.34,BNF,,True,2,7840,4160,intraday,0,469.5,1,,469.5,S1_FULL_REGEN_20260715_DRAFT1,54500,,0,670,5449,54945.6,False,BULL_PUT,True,primary,,15.94,NORMAL (15-20),1,400,1
,,54100,,BULL_PUT_BNF_54500_54100_W400,1,1,0,2026-06-09,FLAT,Mon-Wed,NORMAL,0,NORMAL,,3,2026-06-09,139.35,H2_EVAL,,-1.34,BNF,,True,2,7820,4180,intraday,0,490.5,1,,490.5,S1_FULL_REGEN_20260715_DRAFT1,54500,,0,673,5444,54932.5,False,BULL_PUT,True,primary,,16.02,NORMAL (15-20),1,400,1
,,54200,,BULL_PUT_BNF_54600_54200_W400,1,1,0,2026-06-09,FLAT,Mon-Wed,NORMAL,0,NORMAL,,3,2026-06-09,136.45,H2_EVAL,,-1.34,BNF,,True,2,7906,4094,intraday,0,274.5,1,,274.5,S1_FULL_REGEN_20260715_DRAFT1,54600,,0,685,5439,55053.95,False,BULL_PUT,True,primary,,15.97,NORMAL (15-20),1,400,1
,,23350,,BEAR_PUT_NF_23150_23350_W200,0,1,0,2026-06-12,FLAT,Thu-Fri,NORMAL,0,NORMAL,,3,2026-06-12,69.1,H2_EVAL,,0.17,NF,,False,2,4492,8508,intraday,0,-2964.0,0,,-2964.0,S1_FULL_REGEN_20260715_DRAFT1,23150,,0,876,5524,23355,True,BEAR_PUT,False,primary,,15.02,NORMAL (15-20),4,200,0
,,23350,,BEAR_PUT_NF_23150_23350_W200,0,1,0,2026-06-12,FLAT,Thu-Fri,NORMAL,0,NORMAL,,3,2026-06-12,69.75,H2_EVAL,,0.17,NF,,False,2,4534,8466,intraday,0,-3006.25,0,,-3006.25,S1_FULL_REGEN_20260715_DRAFT1,23150,,0,877,5518,23351.75,True,BEAR_PUT,False,primary,,15,NORMAL (15-20),4,200,0
,,23300,,BULL_PUT_NF_23450_23300_W150,1,1,0,2026-06-12,FLAT,Thu-Fri,NORMAL,0,LOW,,3,2026-06-12,36.35,H2_EVAL,,0.17,NF,,True,2,7387,2363,intraday,0,458.25,1,,458.25,S1_FULL_REGEN_20260715_DRAFT1,23450,,0,928,5513,23590.45,False,BULL_PUT,True,primary,,14.93,LOW (<15),4,150,1
,,24150,,BEAR_CALL_NF_24000_24150_W150,1,1,0,2026-06-15,FLAT,Mon-Wed,NORMAL,0,LOW,,3,2026-06-15,32.85,H2_EVAL,,-0.2,NF,,True,2,7615,2135,intraday,0,604.5,1,,604.5,S1_FULL_REGEN_20260715_DRAFT1,24000,,0,1000,5607,23889.65,False,BEAR_CALL,True,primary,,14.26,LOW (<15),0,150,1
,,24200,,BEAR_CALL_NF_24050_24200_W150,1,1,0,2026-06-15,FLAT,Mon-Wed,NORMAL,0,LOW,,3,2026-06-15,26.55,H2_EVAL,,-0.2,NF,,True,2,8024,1726,intraday,0,679.25,1,,679.25,S1_FULL_REGEN_20260715_DRAFT1,24050,,0,1001,5602,23902.7,False,BEAR_CALL,True,primary,,14.24,LOW (<15),0,150,1
,,24200,,BEAR_CALL_NF_24050_24200_W150,1,1,0,2026-06-15,FLAT,Mon-Wed,NORMAL,0,LOW,,3,2026-06-15,24.3,H2_EVAL,,-0.2,NF,,True,2,8170,1580,intraday,0,533.0,1,,533.0,S1_FULL_REGEN_20260715_DRAFT1,24050,,0,1002,5597,23902.9,False,BEAR_CALL,True,primary,,14.25,LOW (<15),0,150,1
,,24200,,BEAR_CALL_NF_24050_24200_W150,1,1,0,2026-06-15,FLAT,Mon-Wed,NORMAL,0,LOW,,3,2026-06-15,26.5,H2_EVAL,,-0.2,NF,,True,2,8028,1722,intraday,0,676.0,1,,676.0,S1_FULL_REGEN_20260715_DRAFT1,24050,,0,1003,5592,23909.75,False,BEAR_CALL,True,primary,,14.23,LOW (<15),0,150,1
,,24200,,BEAR_CALL_NF_24050_24200_W150,1,1,0,2026-06-15,FLAT,Mon-Wed,NORMAL,0,LOW,,3,2026-06-15,26.55,H2_EVAL,,-0.2,NF,,True,2,8024,1726,intraday,0,679.25,1,,679.25,S1_FULL_REGEN_20260715_DRAFT1,24050,,0,1004,5587,23908.2,False,BEAR_CALL,True,primary,,14.25,LOW (<15),0,150,1
,,24200,,BEAR_CALL_NF_24050_24200_W150,1,1,0,2026-06-15,FLAT,Mon-Wed,NORMAL,0,LOW,,3,2026-06-15,30.05,H2_EVAL,,-0.2,NF,,True,2,7797,1953,intraday,0,906.75,1,,906.75,S1_FULL_REGEN_20260715_DRAFT1,24050,,0,1005,5582,23929.65,False,BEAR_CALL,True,primary,,14.18,LOW (<15),0,150,1
,,23650,,BULL_PUT_NF_23800_23650_W150,0,1,0,2026-06-15,FLAT,Mon-Wed,NORMAL,0,LOW,,3,2026-06-15,22.5,H2_EVAL,,-0.2,NF,,True,2,8288,1462,intraday,0,-958.75,0,,-958.75,S1_FULL_REGEN_20260715_DRAFT1,23800,,0,1006,5577,23933.35,True,BULL_PUT,False,primary,,14.28,LOW (<15),0,150,0
,,23600,,BULL_PUT_NF_23750_23600_W150,0,1,0,2026-06-15,FLAT,Mon-Wed,NORMAL,0,LOW,,3,2026-06-15,16.55,H2_EVAL,,-0.2,NF,,True,2,8674,1076,intraday,0,-702.0,0,,-702.0,S1_FULL_REGEN_20260715_DRAFT1,23750,,0,1007,5572,23923.2,True,BULL_PUT,False,primary,,14.29,LOW (<15),0,150,0
,,23600,,BULL_PUT_NF_23750_23600_W150,0,1,0,2026-06-15,FLAT,Mon-Wed,NORMAL,0,LOW,,3,2026-06-15,16.35,H2_EVAL,,-0.2,NF,,True,2,8687,1063,intraday,0,-715.0,0,,-715.0,S1_FULL_REGEN_20260715_DRAFT1,23750,,0,1008,5567,23920.3,True,BULL_PUT,False,primary,,14.29,LOW (<15),0,150,0
,,23600,,BULL_PUT_NF_23750_23600_W150,0,1,0,2026-06-15,FLAT,Mon-Wed,NORMAL,0,LOW,,3,2026-06-15,20.45,H2_EVAL,,-0.2,NF,,True,2,8421,1329,intraday,0,-448.5,0,,-448.5,S1_FULL_REGEN_20260715_DRAFT1,23750,,0,1009,5562,23896.6,True,BULL_PUT,False,primary,,14.34,LOW (<15),0,150,0
,,23600,,BULL_PUT_NF_23750_23600_W150,0,1,0,2026-06-15,FLAT,Mon-Wed,NORMAL,0,LOW,,3,2026-06-15,21.05,H2_EVAL,,-0.2,NF,,True,2,8382,1368,intraday,0,-409.5,0,,-409.5,S1_FULL_REGEN_20260715_DRAFT1,23750,,0,1010,5557,23894.2,True,BULL_PUT,False,primary,,14.3,LOW (<15),0,150,0
,,24150,,BEAR_CALL_NF_24000_24150_W150,1,1,0,2026-06-15,FLAT,Mon-Wed,NORMAL,0,LOW,,3,2026-06-15,27.65,H2_EVAL,,-0.2,NF,,True,2,7953,1797,intraday,0,266.5,1,,266.5,S1_FULL_REGEN_20260715_DRAFT1,24000,,0,1011,5552,23864.3,False,BEAR_CALL,True,primary,,14.32,LOW (<15),0,150,1
,,24150,,BEAR_CALL_NF_24000_24150_W150,1,1,0,2026-06-15,FLAT,Mon-Wed,NORMAL,0,LOW,,3,2026-06-15,24.35,H2_EVAL,,-0.2,NF,,True,2,8167,1583,intraday,0,52.0,1,,52.0,S1_FULL_REGEN_20260715_DRAFT1,24000,,0,1012,5547,23848,False,BEAR_CALL,True,primary,,14.37,LOW (<15),0,150,1
,,24150,,BEAR_CALL_NF_24000_24150_W150,0,1,0,2026-06-15,FLAT,Mon-Wed,NORMAL,0,LOW,,3,2026-06-15,23.4,H2_EVAL,,-0.2,NF,,True,2,8229,1521,intraday,0,-9.75,0,,-9.75,S1_FULL_REGEN_20260715_DRAFT1,24000,,0,1013,5542,23848.15,True,BEAR_CALL,False,primary,,14.41,LOW (<15),0,150,0
,,24150,,BEAR_CALL_NF_24000_24150_W150,1,1,0,2026-06-15,FLAT,Mon-Wed,NORMAL,0,LOW,,3,2026-06-15,26.9,H2_EVAL,,-0.2,NF,,True,2,8002,1749,intraday,0,217.75,1,,217.75,S1_FULL_REGEN_20260715_DRAFT1,24000,,0,1014,5537,23862.55,False,BEAR_CALL,True,primary,,14.41,LOW (<15),0,150,1
,,24150,,BEAR_CALL_NF_24000_24150_W150,1,1,0,2026-06-15,FLAT,Mon-Wed,NORMAL,0,LOW,,3,2026-06-15,24.95,H2_EVAL,,-0.2,NF,,True,2,8128,1622,intraday,0,91.0,1,,91.0,S1_FULL_REGEN_20260715_DRAFT1,24000,,0,1015,5533,23856.7,False,BEAR_CALL,True,primary,,14.42,LOW (<15),0,150,1
,,24250,,BEAR_CALL_NF_24100_24250_W150,1,1,0,2026-06-15,FLAT,Mon-Wed,NORMAL,0,LOW,,3,2026-06-15,24.25,H2_EVAL,,-0.2,NF,,True,2,8174,1576,intraday,0,838.5,1,,838.5,S1_FULL_REGEN_20260715_DRAFT1,24100,,0,938,5924,23946.4,False,BEAR_CALL,True,primary,,14.11,LOW (<15),0,150,1
,,24250,,BEAR_CALL_NF_24100_24250_W150,1,1,0,2026-06-15,FLAT,Mon-Wed,NORMAL,0,LOW,,3,2026-06-15,25.2,H2_EVAL,,-0.2,NF,,True,2,8112,1638,intraday,0,900.25,1,,900.25,S1_FULL_REGEN_20260715_DRAFT1,24100,,0,939,5918,23955.35,False,BEAR_CALL,True,primary,,14.19,LOW (<15),0,150,1
,,24250,,BEAR_CALL_NF_24100_24250_W150,1,1,0,2026-06-15,FLAT,Mon-Wed,NORMAL,0,LOW,,3,2026-06-15,24.1,H2_EVAL,,-0.2,NF,,True,2,8184,1566,intraday,0,828.75,1,,828.75,S1_FULL_REGEN_20260715_DRAFT1,24100,,0,940,5912,23946.55,False,BEAR_CALL,True,primary,,14.2,LOW (<15),0,150,1
,,24250,,BEAR_CALL_NF_24100_24250_W150,1,1,0,2026-06-15,FLAT,Mon-Wed,NORMAL,0,LOW,,3,2026-06-15,23.95,H2_EVAL,,-0.2,NF,,True,2,8193,1557,intraday,0,819.0,1,,819.0,S1_FULL_REGEN_20260715_DRAFT1,24100,,0,941,5906,23945,False,BEAR_CALL,True,primary,,14.23,LOW (<15),0,150,1
,,23950,,BEAR_PUT_NF_23750_23950_W200,1,1,0,2026-06-15,FLAT,Mon-Wed,NORMAL,0,LOW,,3,2026-06-15,75.35,H2_EVAL,,-0.2,NF,,False,2,4898,8102,intraday,0,1222.0,1,,1222.0,S1_FULL_REGEN_20260715_DRAFT1,23750,,0,942,5899,23940.45,False,BEAR_PUT,True,primary,,14.25,LOW (<15),0,200,1
,,24250,,BEAR_CALL_NF_24100_24250_W150,1,1,0,2026-06-15,FLAT,Mon-Wed,NORMAL,0,LOW,,3,2026-06-15,27.15,H2_EVAL,,-0.2,NF,,True,2,7985,1765,intraday,0,1027.0,1,,1027.0,S1_FULL_REGEN_20260715_DRAFT1,24100,,0,943,5892,23964.55,False,BEAR_CALL,True,primary,,14.21,LOW (<15),0,150,1
,,57500,,BEAR_PUT_BNF_56500_57500_W1000,0,1,0,2026-06-17,FLAT,Mon-Wed,NORMAL,0,LOW,,3,2026-06-17,361.7,H2_EVAL,,0.22,BNF,,False,2,10851,19149,intraday,0,-1029.0,0,,-1029.0,S1_FULL_REGEN_20260715_DRAFT1,56500,,0,1105,6044,57470.75,True,BEAR_PUT,False,primary,,13.46,LOW (<15),2,1000,0
,,24100,,BEAR_PUT_NF_23800_24100_W300,0,1,0,2026-06-17,FLAT,Mon-Wed,NORMAL,0,LOW,,3,2026-06-17,112.55,H2_EVAL,,0.22,NF,,False,2,7316,12184,intraday,0,-104.0,0,,-104.0,S1_FULL_REGEN_20260715_DRAFT1,23800,,0,1106,6034,24079.5,True,BEAR_PUT,False,primary,,13.45,LOW (<15),2,300,0
,,57500,,BEAR_PUT_BNF_56500_57500_W1000,0,1,0,2026-06-17,FLAT,Mon-Wed,NORMAL,0,LOW,,3,2026-06-17,361,H2_EVAL,,0.22,BNF,,False,2,10830,19170,intraday,0,-1008.0,0,,-1008.0,S1_FULL_REGEN_20260715_DRAFT1,56500,,0,1107,6030,57456,True,BEAR_PUT,False,primary,,13.43,LOW (<15),2,1000,0
,,24100,,BEAR_PUT_NF_23800_24100_W300,0,1,0,2026-06-17,FLAT,Mon-Wed,NORMAL,0,LOW,,3,2026-06-17,113.85,H2_EVAL,,0.22,NF,,False,2,7400,12100,intraday,0,-188.5,0,,-188.5,S1_FULL_REGEN_20260715_DRAFT1,23800,,0,1108,6026,24075.8,True,BEAR_PUT,False,primary,,13.45,LOW (<15),2,300,0
,,24100,,BEAR_PUT_NF_23800_24100_W300,0,1,0,2026-06-17,FLAT,Mon-Wed,NORMAL,0,LOW,,3,2026-06-17,113.85,H2_EVAL,,0.22,NF,,False,2,7400,12100,intraday,0,-188.5,0,,-188.5,S1_FULL_REGEN_20260715_DRAFT1,23800,,0,1109,6022,24078.65,True,BEAR_PUT,False,primary,,13.46,LOW (<15),2,300,0
,,24400,,BEAR_CALL_NF_24250_24400_W150,1,1,0,2026-06-22,FLAT,Mon-Wed,NORMAL,0,LOW,,3,2026-06-22,17.5,H2_EVAL,,0.24,NF,,True,2,8612,1138,intraday,0,224.25,1,,224.25,S1_FULL_REGEN_20260715_DRAFT1,24250,,0,1393,6888,24120.05,False,BEAR_CALL,True,primary,,12.8,LOW (<15),0,150,1
,,23850,,BULL_PUT_NF_24000_23850_W150,0,1,0,2026-06-22,FLAT,Mon-Wed,NORMAL,0,LOW,,3,2026-06-22,17.15,H2_EVAL,,0.24,NF,,True,2,8635,1115,intraday,0,-13.0,0,,-13.0,S1_FULL_REGEN_20260715_DRAFT1,24000,,0,1394,6877,24123.1,True,BULL_PUT,False,primary,,12.81,LOW (<15),0,150,0
,,23850,,BULL_PUT_NF_24000_23850_W150,0,1,0,2026-06-22,FLAT,Mon-Wed,NORMAL,0,LOW,,3,2026-06-22,16.65,H2_EVAL,,0.24,NF,,True,2,8668,1082,intraday,0,-45.5,0,,-45.5,S1_FULL_REGEN_20260715_DRAFT1,24000,,0,1395,6865,24126.1,True,BULL_PUT,False,primary,,12.81,LOW (<15),0,150,0
,,24400,,BEAR_CALL_NF_24250_24400_W150,1,1,0,2026-06-22,FLAT,Mon-Wed,NORMAL,0,LOW,,3,2026-06-22,20.3,H2_EVAL,,0.24,NF,,True,2,8430,1320,intraday,0,406.25,1,,406.25,S1_FULL_REGEN_20260715_DRAFT1,24250,,0,1396,6854,24141.9,False,BEAR_CALL,True,primary,,12.78,LOW (<15),0,150,1
,,24400,,BEAR_CALL_NF_24250_24400_W150,1,1,0,2026-06-22,FLAT,Mon-Wed,NORMAL,0,LOW,,3,2026-06-22,20.2,H2_EVAL,,0.24,NF,,True,2,8437,1313,intraday,0,399.75,1,,399.75,S1_FULL_REGEN_20260715_DRAFT1,24250,,0,1397,6842,24131.4,False,BEAR_CALL,True,primary,,12.82,LOW (<15),0,150,1
,,23850,,BULL_PUT_NF_24000_23850_W150,0,1,0,2026-06-22,FLAT,Mon-Wed,NORMAL,0,LOW,,3,2026-06-22,15.15,H2_EVAL,,0.24,NF,,True,2,8765,985,intraday,0,-143.0,0,,-143.0,S1_FULL_REGEN_20260715_DRAFT1,24000,,0,1398,6830,24136.45,True,BULL_PUT,False,primary,,12.81,LOW (<15),0,150,0
,,24400,,BEAR_CALL_NF_24250_24400_W150,1,1,0,2026-06-22,FLAT,Mon-Wed,NORMAL,0,LOW,,3,2026-06-22,20.05,H2_EVAL,,0.24,NF,,True,2,8447,1303,intraday,0,390.0,1,,390.0,S1_FULL_REGEN_20260715_DRAFT1,24250,,0,1399,6819,24135.35,False,BEAR_CALL,True,primary,,12.81,LOW (<15),0,150,1
,,24400,,BEAR_CALL_NF_24250_24400_W150,1,1,0,2026-06-22,FLAT,Mon-Wed,NORMAL,0,LOW,,3,2026-06-22,20.95,H2_EVAL,,0.24,NF,,True,2,8388,1362,intraday,0,448.5,1,,448.5,S1_FULL_REGEN_20260715_DRAFT1,24250,,0,1400,6817,24143.15,False,BEAR_CALL,True,primary,,12.8,LOW (<15),0,150,1
,,24400,,BEAR_CALL_NF_24250_24400_W150,1,1,0,2026-06-22,FLAT,Mon-Wed,NORMAL,0,LOW,,3,2026-06-22,18.45,H2_EVAL,,0.24,NF,,True,2,8551,1199,intraday,0,286.0,1,,286.0,S1_FULL_REGEN_20260715_DRAFT1,24250,,0,1401,6815,24135.5,False,BEAR_CALL,True,primary,,12.79,LOW (<15),0,150,1
,,24400,,BEAR_CALL_NF_24250_24400_W150,1,1,0,2026-06-22,FLAT,Mon-Wed,NORMAL,0,LOW,,3,2026-06-22,20.2,H2_EVAL,,0.24,NF,,True,2,8437,1313,intraday,0,399.75,1,,399.75,S1_FULL_REGEN_20260715_DRAFT1,24250,,0,1402,6813,24141.45,False,BEAR_CALL,True,primary,,12.78,LOW (<15),0,150,1
,,24400,,BEAR_CALL_NF_24250_24400_W150,1,1,0,2026-06-22,FLAT,Mon-Wed,NORMAL,0,LOW,,3,2026-06-22,15.15,H2_EVAL,,0.24,NF,,True,2,8765,985,intraday,0,71.5,1,,71.5,S1_FULL_REGEN_20260715_DRAFT1,24250,,0,1403,6811,24118.55,False,BEAR_CALL,True,primary,,12.84,LOW (<15),0,150,1
,,23850,,BULL_PUT_NF_24000_23850_W150,1,1,0,2026-06-22,FLAT,Mon-Wed,NORMAL,0,LOW,,3,2026-06-22,19.8,H2_EVAL,,0.24,NF,,True,2,8463,1287,intraday,0,159.25,1,,159.25,S1_FULL_REGEN_20260715_DRAFT1,24000,,0,1404,6809,24103.65,False,BULL_PUT,True,primary,,12.85,LOW (<15),0,150,1
,,23850,,BULL_PUT_NF_24000_23850_W150,1,1,0,2026-06-22,FLAT,Mon-Wed,NORMAL,0,LOW,,3,2026-06-22,17.4,H2_EVAL,,0.24,NF,,True,2,8619,1131,intraday,0,3.25,1,,3.25,S1_FULL_REGEN_20260715_DRAFT1,24000,,0,1405,6808,24106.5,False,BULL_PUT,True,primary,,12.85,LOW (<15),0,150,1
,,24350,,BEAR_CALL_NF_24200_24350_W150,0,1,0,2026-06-22,FLAT,Mon-Wed,NORMAL,0,LOW,,3,2026-06-22,22.25,H2_EVAL,,0.24,NF,,True,2,8304,1446,intraday,0,-100.75,0,,-100.75,S1_FULL_REGEN_20260715_DRAFT1,24200,,0,1406,6805,24095.75,True,BEAR_CALL,False,primary,,12.85,LOW (<15),0,150,0
,,58800,,BEAR_CALL_BNF_58400_58800_W400,1,1,0,2026-06-23,FLAT,Mon-Wed,NORMAL,0,LOW,,3,2026-06-23,108.15,H2_EVAL,,-0.02,BNF,,True,2,8756,3244,intraday,0,1882.5,1,,1882.5,S1_FULL_REGEN_20260715_DRAFT1,58400,,0,1411,8657,57881.1,False,BEAR_CALL,True,primary,,12.85,LOW (<15),1,400,1
,,24100,,BEAR_PUT_NF_23900_24100_W200,1,1,0,2026-06-23,FLAT,Mon-Wed,NORMAL,0,LOW,,3,2026-06-23,32.35,H2_EVAL,,-0.02,NF,,False,2,2103,10897,intraday,0,10855.0,1,,10855.0,S1_FULL_REGEN_20260715_DRAFT1,23900,,0,1441,8653,24081.2,False,BEAR_PUT,True,primary,,12.58,LOW (<15),1,200,1
,,57600,,BEAR_PUT_BNF_57200_57600_W400,1,1,0,2026-06-23,FLAT,Mon-Wed,NORMAL,0,LOW,,3,2026-06-23,145,H2_EVAL,,-0.02,BNF,,False,2,4350,7650,intraday,0,1780.5,1,,1780.5,S1_FULL_REGEN_20260715_DRAFT1,57200,,0,1442,8650,57609.7,False,BEAR_PUT,True,primary,,12.85,LOW (<15),1,400,1
,,57600,,BEAR_PUT_BNF_57300_57600_W300,1,1,0,2026-06-23,FLAT,Mon-Wed,NORMAL,0,LOW,,3,2026-06-23,109.1,H2_EVAL,,-0.02,BNF,,False,2,3273,5727,intraday,0,1419.0,1,,1419.0,S1_FULL_REGEN_20260715_DRAFT1,57300,,0,1443,8648,57647.75,False,BEAR_PUT,True,primary,,12.84,LOW (<15),1,300,1
,,24000,,BEAR_PUT_NF_23900_24000_W100,1,1,0,2026-06-23,FLAT,Mon-Wed,NORMAL,0,LOW,,3,2026-06-23,37.8,H2_EVAL,,-0.02,NF,,False,2,2457,4043,intraday,0,4036.5,1,,4036.5,S1_FULL_REGEN_20260715_DRAFT1,23900,,0,1444,8642,23978.35,False,BEAR_PUT,True,primary,,13.21,LOW (<15),1,100,1
,,57500,,BEAR_PUT_BNF_57100_57500_W400,1,1,0,2026-06-23,FLAT,Mon-Wed,NORMAL,0,LOW,,3,2026-06-23,149.2,H2_EVAL,,-0.02,BNF,,False,2,4476,7524,intraday,0,1212.0,1,,1212.0,S1_FULL_REGEN_20260715_DRAFT1,57100,,0,1445,8636,57512.6,False,BEAR_PUT,True,primary,,13.23,LOW (<15),1,400,1
,,57500,,BEAR_PUT_BNF_57100_57500_W400,1,1,0,2026-06-23,FLAT,Mon-Wed,NORMAL,0,LOW,,3,2026-06-23,151.4,H2_EVAL,,-0.02,BNF,,False,2,4542,7458,intraday,0,1146.0,1,,1146.0,S1_FULL_REGEN_20260715_DRAFT1,57100,,0,1446,8629,57488.35,False,BEAR_PUT,True,primary,,13.34,LOW (<15),1,400,1
,,57500,,BEAR_PUT_BNF_57100_57500_W400,1,1,0,2026-06-23,FLAT,Mon-Wed,NORMAL,0,LOW,,3,2026-06-23,149.85,H2_EVAL,,-0.02,BNF,,False,2,4496,7504,intraday,0,1192.5,1,,1192.5,S1_FULL_REGEN_20260715_DRAFT1,57100,,0,1447,8623,57506.5,False,BEAR_PUT,True,primary,,13.37,LOW (<15),1,400,1
,,58400,,BEAR_CALL_BNF_58000_58400_W400,1,1,0,2026-06-23,FLAT,Mon-Wed,NORMAL,0,LOW,,3,2026-06-23,114.8,H2_EVAL,,-0.02,BNF,,True,2,8556,3444,intraday,0,1005.0,1,,1005.0,S1_FULL_REGEN_20260715_DRAFT1,58000,,0,1448,8618,57529.25,False,BEAR_CALL,True,primary,,13.4,LOW (<15),1,400,1
,,58300,,BEAR_CALL_BNF_57900_58300_W400,1,1,0,2026-06-23,FLAT,Mon-Wed,NORMAL,0,LOW,,3,2026-06-23,115.25,H2_EVAL,,-0.02,BNF,,True,2,8542,3458,intraday,0,655.5,1,,655.5,S1_FULL_REGEN_20260715_DRAFT1,57900,,0,1449,8609,57397.35,False,BEAR_CALL,True,primary,,13.89,LOW (<15),1,400,1
,,58300,,BEAR_CALL_BNF_57900_58300_W400,1,1,0,2026-06-23,FLAT,Mon-Wed,NORMAL,0,LOW,,3,2026-06-23,119.9,H2_EVAL,,-0.02,BNF,,True,2,8403,3597,intraday,0,795.0,1,,795.0,S1_FULL_REGEN_20260715_DRAFT1,57900,,0,1450,8595,57443.05,False,BEAR_CALL,True,primary,,13.57,LOW (<15),1,400,1
,,58300,,BEAR_CALL_BNF_57900_58300_W400,1,1,0,2026-06-23,FLAT,Mon-Wed,NORMAL,0,LOW,,3,2026-06-23,118.4,H2_EVAL,,-0.02,BNF,,True,2,8448,3552,intraday,0,750.0,1,,750.0,S1_FULL_REGEN_20260715_DRAFT1,57900,,0,1451,8581,57444.3,False,BEAR_CALL,True,primary,,13.58,LOW (<15),1,400,1
,,58300,,BEAR_CALL_BNF_57900_58300_W400,1,1,0,2026-06-23,FLAT,Mon-Wed,NORMAL,0,LOW,,3,2026-06-23,118.4,H2_EVAL,,-0.02,BNF,,True,2,8448,3552,intraday,0,750.0,1,,750.0,S1_FULL_REGEN_20260715_DRAFT1,57900,,0,1452,8567,57446.1,False,BEAR_CALL,True,primary,,13.58,LOW (<15),1,400,1
,,58300,,BEAR_CALL_BNF_57900_58300_W400,1,1,0,2026-06-23,FLAT,Mon-Wed,NORMAL,0,LOW,,3,2026-06-23,118.85,H2_EVAL,,-0.02,BNF,,True,2,8435,3565,intraday,0,763.5,1,,763.5,S1_FULL_REGEN_20260715_DRAFT1,57900,,0,1453,8553,57440.6,False,BEAR_CALL,True,primary,,13.68,LOW (<15),1,400,1
,,58400,,BEAR_CALL_BNF_58000_58400_W400,1,1,0,2026-06-23,FLAT,Mon-Wed,NORMAL,0,LOW,,3,2026-06-23,107.5,H2_EVAL,,-0.02,BNF,,True,2,8775,3225,intraday,0,786.0,1,,786.0,S1_FULL_REGEN_20260715_DRAFT1,58000,,0,1454,8544,57464.9,False,BEAR_CALL,True,primary,,13.51,LOW (<15),1,400,1
,,58400,,BEAR_CALL_BNF_58000_58400_W400,1,1,0,2026-06-23,FLAT,Mon-Wed,NORMAL,0,LOW,,3,2026-06-23,105.25,H2_EVAL,,-0.02,BNF,,True,2,8842,3158,intraday,0,718.5,1,,718.5,S1_FULL_REGEN_20260715_DRAFT1,58000,,0,1455,8535,57464,False,BEAR_CALL,True,primary,,13.53,LOW (<15),1,400,1
,,58300,,BEAR_CALL_BNF_57900_58300_W400,1,1,0,2026-06-23,FLAT,Mon-Wed,NORMAL,0,LOW,,3,2026-06-23,112.15,H2_EVAL,,-0.02,BNF,,True,2,8636,3364,intraday,0,562.5,1,,562.5,S1_FULL_REGEN_20260715_DRAFT1,57900,,0,1456,8526,57402.3,False,BEAR_CALL,True,primary,,13.66,LOW (<15),1,400,1
,,58300,,BEAR_CALL_BNF_57900_58300_W400,1,1,0,2026-06-23,FLAT,Mon-Wed,NORMAL,0,LOW,,3,2026-06-23,113.95,H2_EVAL,,-0.02,BNF,,True,2,8582,3418,intraday,0,616.5,1,,616.5,S1_FULL_REGEN_20260715_DRAFT1,57900,,0,1457,8517,57416.65,False,BEAR_CALL,True,primary,,13.73,LOW (<15),1,400,1
,,58300,,BEAR_CALL_BNF_57900_58300_W400,1,1,0,2026-06-23,FLAT,Mon-Wed,NORMAL,0,LOW,,3,2026-06-23,114.1,H2_EVAL,,-0.02,BNF,,True,2,8577,3423,intraday,0,621.0,1,,621.0,S1_FULL_REGEN_20260715_DRAFT1,57900,,0,1458,8508,57410.25,False,BEAR_CALL,True,primary,,13.71,LOW (<15),1,400,1
,,58300,,BEAR_CALL_BNF_57900_58300_W400,1,1,0,2026-06-23,FLAT,Mon-Wed,NORMAL,0,LOW,,3,2026-06-23,115.4,H2_EVAL,,-0.02,BNF,,True,2,8538,3462,intraday,0,660.0,1,,660.0,S1_FULL_REGEN_20260715_DRAFT1,57900,,0,1459,8499,57404.1,False,BEAR_CALL,True,primary,,13.74,LOW (<15),1,400,1
,,58400,,BEAR_CALL_BNF_58000_58400_W400,1,1,0,2026-06-23,FLAT,Mon-Wed,NORMAL,0,LOW,,3,2026-06-23,108.25,H2_EVAL,,-0.02,BNF,,True,2,8752,3248,intraday,0,808.5,1,,808.5,S1_FULL_REGEN_20260715_DRAFT1,58000,,0,1460,8490,57460.95,False,BEAR_CALL,True,primary,,13.61,LOW (<15),1,400,1
,,58300,,BEAR_CALL_BNF_57900_58300_W400,1,1,0,2026-06-23,FLAT,Mon-Wed,NORMAL,0,LOW,,3,2026-06-23,115.7,H2_EVAL,,-0.02,BNF,,True,2,8529,3471,intraday,0,669.0,1,,669.0,S1_FULL_REGEN_20260715_DRAFT1,57900,,0,1461,8476,57432.8,False,BEAR_CALL,True,primary,,13.71,LOW (<15),1,400,1
,,58300,,BEAR_CALL_BNF_57900_58300_W400,1,1,0,2026-06-23,FLAT,Mon-Wed,NORMAL,0,LOW,,3,2026-06-23,116,H2_EVAL,,-0.02,BNF,,True,2,8520,3480,intraday,0,678.0,1,,678.0,S1_FULL_REGEN_20260715_DRAFT1,57900,,0,1462,8462,57429.2,False,BEAR_CALL,True,primary,,13.69,LOW (<15),1,400,1
,,58400,,BEAR_CALL_BNF_58000_58400_W400,1,1,0,2026-06-23,FLAT,Mon-Wed,NORMAL,0,LOW,,3,2026-06-23,104.5,H2_EVAL,,-0.02,BNF,,True,2,8865,3135,intraday,0,696.0,1,,696.0,S1_FULL_REGEN_20260715_DRAFT1,58000,,0,1463,8453,57455.65,False,BEAR_CALL,True,primary,,13.67,LOW (<15),1,400,1
,,58300,,BEAR_CALL_BNF_57900_58300_W400,1,1,0,2026-06-23,FLAT,Mon-Wed,NORMAL,0,LOW,,3,2026-06-23,113.05,H2_EVAL,,-0.02,BNF,,True,2,8609,3391,intraday,0,589.5,1,,589.5,S1_FULL_REGEN_20260715_DRAFT1,57900,,0,1464,8439,57424,False,BEAR_CALL,True,primary,,13.7,LOW (<15),1,400,1
,,58300,,BEAR_CALL_BNF_57900_58300_W400,1,1,0,2026-06-23,FLAT,Mon-Wed,NORMAL,0,LOW,,3,2026-06-23,114.75,H2_EVAL,,-0.02,BNF,,True,2,8558,3442,intraday,0,640.5,1,,640.5,S1_FULL_REGEN_20260715_DRAFT1,57900,,0,1465,8425,57433.35,False,BEAR_CALL,True,primary,,13.71,LOW (<15),1,400,1
,,58300,,BEAR_CALL_BNF_57900_58300_W400,1,1,0,2026-06-23,FLAT,Mon-Wed,NORMAL,0,LOW,,3,2026-06-23,114.35,H2_EVAL,,-0.02,BNF,,True,2,8570,3431,intraday,0,628.5,1,,628.5,S1_FULL_REGEN_20260715_DRAFT1,57900,,0,1466,8411,57421.3,False,BEAR_CALL,True,primary,,13.74,LOW (<15),1,400,1
,,58300,,BEAR_CALL_BNF_57900_58300_W400,1,1,0,2026-06-23,FLAT,Mon-Wed,NORMAL,0,LOW,,3,2026-06-23,110.95,H2_EVAL,,-0.02,BNF,,True,2,8671,3329,intraday,0,526.5,1,,526.5,S1_FULL_REGEN_20260715_DRAFT1,57900,,0,1467,8402,57383.55,False,BEAR_CALL,True,primary,,13.87,LOW (<15),1,400,1
,,58200,,BEAR_CALL_BNF_57800_58200_W400,1,1,0,2026-06-23,FLAT,Mon-Wed,NORMAL,0,LOW,,3,2026-06-23,114.2,H2_EVAL,,-0.02,BNF,,True,2,8574,3426,intraday,0,300.0,1,,300.0,S1_FULL_REGEN_20260715_DRAFT1,57800,,0,1468,8393,57314.25,False,BEAR_CALL,True,primary,,14.01,LOW (<15),1,400,1
,,58200,,BEAR_CALL_BNF_57800_58200_W400,1,1,0,2026-06-23,FLAT,Mon-Wed,NORMAL,0,LOW,,3,2026-06-23,114.8,H2_EVAL,,-0.02,BNF,,True,2,8556,3444,intraday,0,318.0,1,,318.0,S1_FULL_REGEN_20260715_DRAFT1,57800,,0,1469,8384,57320.7,False,BEAR_CALL,True,primary,,14.04,LOW (<15),1,400,1
,,58200,,BEAR_CALL_BNF_57800_58200_W400,1,1,0,2026-06-23,FLAT,Mon-Wed,NORMAL,0,LOW,,3,2026-06-23,109.6,H2_EVAL,,-0.02,BNF,,True,2,8712,3288,intraday,0,162.0,1,,162.0,S1_FULL_REGEN_20260715_DRAFT1,57800,,0,1470,8374,57286.6,False,BEAR_CALL,True,primary,,14.01,LOW (<15),1,400,1
,,58200,,BEAR_CALL_BNF_57800_58200_W400,1,1,0,2026-06-23,FLAT,Mon-Wed,NORMAL,0,LOW,,3,2026-06-23,112.2,H2_EVAL,,-0.02,BNF,,True,2,8634,3366,intraday,0,240.0,1,,240.0,S1_FULL_REGEN_20260715_DRAFT1,57800,,0,1471,8364,57297.2,False,BEAR_CALL,True,primary,,14.01,LOW (<15),1,400,1
,,58200,,BEAR_CALL_BNF_57800_58200_W400,1,1,0,2026-06-23,FLAT,Mon-Wed,NORMAL,0,LOW,,3,2026-06-23,114.55,H2_EVAL,,-0.02,BNF,,True,2,8564,3436,intraday,0,310.5,1,,310.5,S1_FULL_REGEN_20260715_DRAFT1,57800,,0,1472,8355,57330.85,False,BEAR_CALL,True,primary,,13.92,LOW (<15),1,400,1
,,58200,,BEAR_CALL_BNF_57800_58200_W400,1,1,0,2026-06-23,FLAT,Mon-Wed,NORMAL,0,LOW,,3,2026-06-23,115.85,H2_EVAL,,-0.02,BNF,,True,2,8524,3476,intraday,0,349.5,1,,349.5,S1_FULL_REGEN_20260715_DRAFT1,57800,,0,1473,8346,57332,False,BEAR_CALL,True,primary,,13.82,LOW (<15),1,400,1
,,58200,,BEAR_CALL_BNF_57800_58200_W400,1,1,0,2026-06-23,FLAT,Mon-Wed,NORMAL,0,LOW,,3,2026-06-23,108.55,H2_EVAL,,-0.02,BNF,,True,2,8744,3257,intraday,0,130.5,1,,130.5,S1_FULL_REGEN_20260715_DRAFT1,57800,,0,1474,8337,57276.55,False,BEAR_CALL,True,primary,,13.94,LOW (<15),1,400,1
,,58200,,BEAR_CALL_BNF_57800_58200_W400,1,1,0,2026-06-23,FLAT,Mon-Wed,NORMAL,0,LOW,,3,2026-06-23,105.1,H2_EVAL,,-0.02,BNF,,True,2,8847,3153,intraday,0,27.0,1,,27.0,S1_FULL_REGEN_20260715_DRAFT1,57800,,0,1475,8327,57261.2,False,BEAR_CALL,True,primary,,13.99,LOW (<15),1,400,1
,,58200,,BEAR_CALL_BNF_57800_58200_W400,1,1,0,2026-06-23,FLAT,Mon-Wed,NORMAL,0,LOW,,3,2026-06-23,112.15,H2_EVAL,,-0.02,BNF,,True,2,8636,3364,intraday,0,238.5,1,,238.5,S1_FULL_REGEN_20260715_DRAFT1,57800,,0,1476,8318,57329.3,False,BEAR_CALL,True,primary,,13.78,LOW (<15),1,400,1
,,58200,,BEAR_CALL_BNF_57800_58200_W400,1,1,0,2026-06-23,FLAT,Mon-Wed,NORMAL,0,LOW,,3,2026-06-23,111.2,H2_EVAL,,-0.02,BNF,,True,2,8664,3336,intraday,0,210.0,1,,210.0,S1_FULL_REGEN_20260715_DRAFT1,57800,,0,1477,8309,57318.3,False,BEAR_CALL,True,primary,,13.95,LOW (<15),1,400,1
,,58300,,BEAR_CALL_BNF_57900_58300_W400,1,1,0,2026-06-23,FLAT,Mon-Wed,NORMAL,0,LOW,,3,2026-06-23,103,H2_EVAL,,-0.02,BNF,,True,2,8910,3090,intraday,0,288.0,1,,288.0,S1_FULL_REGEN_20260715_DRAFT1,57900,,0,1478,8300,57368,False,BEAR_CALL,True,primary,,13.76,LOW (<15),1,400,1
,,58200,,BEAR_CALL_BNF_57800_58200_W400,1,1,0,2026-06-23,FLAT,Mon-Wed,NORMAL,0,LOW,,3,2026-06-23,109.95,H2_EVAL,,-0.02,BNF,,True,2,8702,3298,intraday,0,172.5,1,,172.5,S1_FULL_REGEN_20260715_DRAFT1,57800,,0,1479,8291,57334.4,False,BEAR_CALL,True,primary,,13.81,LOW (<15),1,400,1
,,58300,,BEAR_CALL_BNF_57900_58300_W400,1,1,0,2026-06-23,FLAT,Mon-Wed,NORMAL,0,LOW,,3,2026-06-23,102.75,H2_EVAL,,-0.02,BNF,,True,2,8918,3082,intraday,0,280.5,1,,280.5,S1_FULL_REGEN_20260715_DRAFT1,57900,,0,1480,8282,57358.25,False,BEAR_CALL,True,primary,,13.77,LOW (<15),1,400,1
,,58200,,BEAR_CALL_BNF_57800_58200_W400,1,1,0,2026-06-23,FLAT,Mon-Wed,NORMAL,0,LOW,,3,2026-06-23,111.8,H2_EVAL,,-0.02,BNF,,True,2,8646,3354,intraday,0,228.0,1,,228.0,S1_FULL_REGEN_20260715_DRAFT1,57800,,0,1482,8273,57337.65,False,BEAR_CALL,True,primary,,13.76,LOW (<15),1,400,1
,,58200,,BEAR_CALL_BNF_57800_58200_W400,1,1,0,2026-06-23,FLAT,Mon-Wed,NORMAL,0,LOW,,3,2026-06-23,109.35,H2_EVAL,,-0.02,BNF,,True,2,8720,3281,intraday,0,154.5,1,,154.5,S1_FULL_REGEN_20260715_DRAFT1,57800,,0,1483,8264,57329.05,False,BEAR_CALL,True,primary,,13.76,LOW (<15),1,400,1
,,58300,,BEAR_CALL_BNF_57900_58300_W400,1,1,0,2026-06-23,FLAT,Mon-Wed,NORMAL,0,LOW,,3,2026-06-23,107.75,H2_EVAL,,-0.02,BNF,,True,2,8768,3232,intraday,0,430.5,1,,430.5,S1_FULL_REGEN_20260715_DRAFT1,57900,,0,1484,8255,57385.1,False,BEAR_CALL,True,primary,,13.54,LOW (<15),1,400,1
,,58300,,BEAR_CALL_BNF_57900_58300_W400,1,1,0,2026-06-23,FLAT,Mon-Wed,NORMAL,0,LOW,,3,2026-06-23,103.15,H2_EVAL,,-0.02,BNF,,True,2,8906,3094,intraday,0,292.5,1,,292.5,S1_FULL_REGEN_20260715_DRAFT1,57900,,0,1485,8246,57365.6,False,BEAR_CALL,True,primary,,13.54,LOW (<15),1,400,1
,,58300,,BEAR_CALL_BNF_57900_58300_W400,1,1,0,2026-06-23,FLAT,Mon-Wed,NORMAL,0,LOW,,3,2026-06-23,103,H2_EVAL,,-0.02,BNF,,True,2,8910,3090,intraday,0,288.0,1,,288.0,S1_FULL_REGEN_20260715_DRAFT1,57900,,0,1486,8237,57369.9,False,BEAR_CALL,True,primary,,13.51,LOW (<15),1,400,1
,,58300,,BEAR_CALL_BNF_57900_58300_W400,1,1,0,2026-06-23,FLAT,Mon-Wed,NORMAL,0,LOW,,3,2026-06-23,101.65,H2_EVAL,,-0.02,BNF,,True,2,8950,3050,intraday,0,247.5,1,,247.5,S1_FULL_REGEN_20260715_DRAFT1,57900,,0,1487,8228,57361.1,False,BEAR_CALL,True,primary,,13.56,LOW (<15),1,400,1
,,23850,,BEAR_PUT_NF_23650_23850_W200,0,1,0,2026-06-23,FLAT,Mon-Wed,NORMAL,0,LOW,,3,2026-06-23,19.1,H2_EVAL,,-0.02,NF,,False,2,1242,11758,intraday,0,-130.0,0,,-130.0,S1_FULL_REGEN_20260715_DRAFT1,23650,,0,1488,8212,23834.25,True,BEAR_PUT,False,primary,,13.84,LOW (<15),1,200,0
,,23850,,BEAR_PUT_NF_23650_23850_W200,1,1,0,2026-06-23,FLAT,Mon-Wed,NORMAL,0,LOW,,3,2026-06-23,10.4,H2_EVAL,,-0.02,NF,,False,2,676,12324,intraday,0,435.5,1,,435.5,S1_FULL_REGEN_20260715_DRAFT1,23650,,0,1489,8198,23844.65,False,BEAR_PUT,True,primary,,13.77,LOW (<15),1,200,1
,,23850,,BEAR_PUT_NF_23600_23850_W250,0,1,0,2026-06-23,FLAT,Mon-Wed,NORMAL,0,LOW,,3,2026-06-23,17.1,H2_EVAL,,-0.02,NF,,False,2,1111,15138,intraday,0,-3.25,0,,-3.25,S1_FULL_REGEN_20260715_DRAFT1,23600,,0,1490,8181,23827.55,True,BEAR_PUT,False,primary,,13.94,LOW (<15),1,250,0
,,57900,,BEAR_CALL_BNF_57500_57900_W400,0,1,0,2026-06-23,FLAT,Mon-Wed,NORMAL,0,LOW,,3,2026-06-23,128.6,H2_EVAL,,-0.02,BNF,,True,2,8142,3858,intraday,0,-540.0,0,,-540.0,S1_FULL_REGEN_20260715_DRAFT1,57500,,0,1491,8167,57129.95,True,BEAR_CALL,False,primary,,14.03,LOW (<15),1,400,0
,,57900,,BEAR_CALL_BNF_57500_57900_W400,0,1,0,2026-06-23,FLAT,Mon-Wed,NORMAL,0,LOW,,3,2026-06-23,127.75,H2_EVAL,,-0.02,BNF,,True,2,8168,3832,intraday,0,-565.5,0,,-565.5,S1_FULL_REGEN_20260715_DRAFT1,57500,,0,1492,8153,57116.2,True,BEAR_CALL,False,primary,,14.15,LOW (<15),1,400,0
,,23850,,BEAR_PUT_NF_23700_23850_W150,0,1,0,2026-06-24,FLAT,Mon-Wed,NORMAL,0,LOW,,3,2026-06-24,56.65,H2_EVAL,,-0.14,NF,,False,2,3682,6068,intraday,0,-1592.5,0,,-1592.5,S1_FULL_REGEN_20260715_DRAFT1,23700,,0,1496,9066,23865.55,True,BEAR_PUT,False,primary,,13.97,LOW (<15),2,150,0
,,23850,,BEAR_PUT_NF_23700_23850_W150,0,1,0,2026-06-24,FLAT,Mon-Wed,NORMAL,0,LOW,,3,2026-06-24,56.4,H2_EVAL,,-0.14,NF,,False,2,3666,6084,intraday,0,-1576.25,0,,-1576.25,S1_FULL_REGEN_20260715_DRAFT1,23700,,0,1497,9055,23873.6,True,BEAR_PUT,False,primary,,13.94,LOW (<15),2,150,0
,,23900,,BEAR_PUT_NF_23650_23900_W250,0,1,0,2026-06-24,FLAT,Mon-Wed,NORMAL,0,LOW,,3,2026-06-24,91.7,H2_EVAL,,-0.14,NF,,False,2,5960,10290,intraday,0,-2440.75,0,,-2440.75,S1_FULL_REGEN_20260715_DRAFT1,23650,,0,1498,9044,23886.4,True,BEAR_PUT,False,primary,,13.85,LOW (<15),2,250,0
,,23850,,BEAR_PUT_NF_23700_23850_W150,0,1,0,2026-06-24,FLAT,Mon-Wed,NORMAL,0,LOW,,3,2026-06-24,57.5,H2_EVAL,,-0.14,NF,,False,2,3738,6012,intraday,0,-1647.75,0,,-1647.75,S1_FULL_REGEN_20260715_DRAFT1,23700,,0,1499,9034,23871.6,True,BEAR_PUT,False,primary,,13.85,LOW (<15),2,150,0
,,23900,,BEAR_PUT_NF_23600_23900_W300,0,1,0,2026-06-24,FLAT,Mon-Wed,NORMAL,0,LOW,,3,2026-06-24,104.55,H2_EVAL,,-0.14,NF,,False,2,6796,12704,intraday,0,-2905.5,0,,-2905.5,S1_FULL_REGEN_20260715_DRAFT1,23600,,0,1500,9022,23876.1,True,BEAR_PUT,False,primary,,13.85,LOW (<15),2,300,0
,,58400,,BEAR_CALL_BNF_58000_58400_W400,0,1,0,2026-06-24,FLAT,Mon-Wed,NORMAL,0,LOW,,3,2026-06-24,100.75,H2_EVAL,,-0.14,BNF,,True,2,8978,3022,intraday,0,-2874.0,0,,-2874.0,S1_FULL_REGEN_20260715_DRAFT1,58000,,0,1501,9013,57482.95,True,BEAR_CALL,False,primary,,13.8,LOW (<15),2,400,0
,,57400,,BEAR_PUT_BNF_56800_57400_W600,0,1,0,2026-06-24,FLAT,Mon-Wed,NORMAL,0,LOW,,3,2026-06-24,219.75,H2_EVAL,,-0.14,BNF,,False,2,6592,11408,intraday,0,-4194.0,0,,-4194.0,S1_FULL_REGEN_20260715_DRAFT1,56800,,0,1502,9006,57357.15,True,BEAR_PUT,False,primary,,14.01,LOW (<15),2,600,0
,,23850,,BEAR_PUT_NF_23550_23850_W300,0,1,0,2026-06-24,FLAT,Mon-Wed,NORMAL,0,LOW,,3,2026-06-24,108,H2_EVAL,,-0.14,NF,,False,2,7020,12480,intraday,0,-3809.0,0,,-3809.0,S1_FULL_REGEN_20260715_DRAFT1,23550,,0,1503,8993,23828.75,True,BEAR_PUT,False,primary,,13.96,LOW (<15),2,300,0
,,23850,,BEAR_PUT_NF_23600_23850_W250,0,1,0,2026-06-24,FLAT,Mon-Wed,NORMAL,0,LOW,,3,2026-06-24,91.65,H2_EVAL,,-0.14,NF,,False,2,5957,10293,intraday,0,-3038.75,0,,-3038.75,S1_FULL_REGEN_20260715_DRAFT1,23600,,0,1504,8983,23845.8,True,BEAR_PUT,False,primary,,13.88,LOW (<15),2,250,0
,,23900,,BEAR_PUT_NF_23650_23900_W250,0,1,0,2026-06-24,FLAT,Mon-Wed,NORMAL,0,LOW,,3,2026-06-24,89.95,H2_EVAL,,-0.14,NF,,False,2,5847,10403,intraday,0,-2327.0,0,,-2327.0,S1_FULL_REGEN_20260715_DRAFT1,23650,,0,1505,8973,23897.6,True,BEAR_PUT,False,primary,,13.74,LOW (<15),2,250,0
,,23900,,BEAR_PUT_NF_23700_23900_W200,0,1,0,2026-06-24,FLAT,Mon-Wed,NORMAL,0,LOW,,3,2026-06-24,74.5,H2_EVAL,,-0.14,NF,,False,2,4842,8158,intraday,0,-1781.0,0,,-1781.0,S1_FULL_REGEN_20260715_DRAFT1,23700,,0,1506,8965,23906.25,True,BEAR_PUT,False,primary,,13.76,LOW (<15),2,200,0
,,23900,,BEAR_PUT_NF_23700_23900_W200,0,1,0,2026-06-24,FLAT,Mon-Wed,NORMAL,0,LOW,,3,2026-06-24,71.75,H2_EVAL,,-0.14,NF,,False,2,4664,8336,intraday,0,-1602.25,0,,-1602.25,S1_FULL_REGEN_20260715_DRAFT1,23700,,0,1507,8953,23918.95,True,BEAR_PUT,False,primary,,13.73,LOW (<15),2,200,0
,,23900,,BEAR_PUT_NF_23700_23900_W200,0,1,0,2026-06-24,FLAT,Mon-Wed,NORMAL,0,LOW,,3,2026-06-24,72.05,H2_EVAL,,-0.14,NF,,False,2,4683,8317,intraday,0,-1621.75,0,,-1621.75,S1_FULL_REGEN_20260715_DRAFT1,23700,,0,1508,8944,23916.25,True,BEAR_PUT,False,primary,,13.71,LOW (<15),2,200,0
,,23950,,BEAR_PUT_NF_23750_23950_W200,0,1,0,2026-06-24,FLAT,Mon-Wed,NORMAL,0,LOW,,3,2026-06-24,76.65,H2_EVAL,,-0.14,NF,,False,2,4982,8018,intraday,0,-1329.25,0,,-1329.25,S1_FULL_REGEN_20260715_DRAFT1,23750,,0,1509,8936,23944.65,True,BEAR_PUT,False,primary,,13.68,LOW (<15),2,200,0
,,58600,,BEAR_CALL_BNF_58200_58600_W400,0,1,0,2026-06-24,FLAT,Mon-Wed,NORMAL,0,LOW,,3,2026-06-24,104.6,H2_EVAL,,-0.14,BNF,,True,2,8862,3138,intraday,0,-1651.5,0,,-1651.5,S1_FULL_REGEN_20260715_DRAFT1,58200,,0,1510,8927,57705.85,True,BEAR_CALL,False,primary,,13.74,LOW (<15),2,400,0
,,58600,,BEAR_CALL_BNF_58200_58600_W400,0,1,0,2026-06-24,FLAT,Mon-Wed,NORMAL,0,LOW,,3,2026-06-24,103.55,H2_EVAL,,-0.14,BNF,,True,2,8894,3107,intraday,0,-1683.0,0,,-1683.0,S1_FULL_REGEN_20260715_DRAFT1,58200,,0,1511,8918,57690.2,True,BEAR_CALL,False,primary,,13.74,LOW (<15),2,400,0
,,58600,,BEAR_CALL_BNF_58200_58600_W400,0,1,0,2026-06-24,FLAT,Mon-Wed,NORMAL,0,LOW,,3,2026-06-24,100.15,H2_EVAL,,-0.14,BNF,,True,2,8996,3004,intraday,0,-1785.0,0,,-1785.0,S1_FULL_REGEN_20260715_DRAFT1,58200,,0,1512,8909,57676.3,True,BEAR_CALL,False,primary,,13.71,LOW (<15),2,400,0
,,58600,,BEAR_CALL_BNF_58200_58600_W400,0,1,0,2026-06-24,FLAT,Mon-Wed,NORMAL,0,LOW,,3,2026-06-24,98,H2_EVAL,,-0.14,BNF,,True,2,9060,2940,intraday,0,-1849.5,0,,-1849.5,S1_FULL_REGEN_20260715_DRAFT1,58200,,0,1513,8900,57652.7,True,BEAR_CALL,False,primary,,13.7,LOW (<15),2,400,0
,,58600,,BEAR_CALL_BNF_58200_58600_W400,0,1,0,2026-06-24,FLAT,Mon-Wed,NORMAL,0,LOW,,3,2026-06-24,104.95,H2_EVAL,,-0.14,BNF,,True,2,8852,3148,intraday,0,-1641.0,0,,-1641.0,S1_FULL_REGEN_20260715_DRAFT1,58200,,0,1514,8891,57700.45,True,BEAR_CALL,False,primary,,13.69,LOW (<15),2,400,0
,,58600,,BEAR_CALL_BNF_58200_58600_W400,0,1,0,2026-06-24,FLAT,Mon-Wed,NORMAL,0,LOW,,3,2026-06-24,105.15,H2_EVAL,,-0.14,BNF,,True,2,8846,3154,intraday,0,-1635.0,0,,-1635.0,S1_FULL_REGEN_20260715_DRAFT1,58200,,0,1515,8882,57706,True,BEAR_CALL,False,primary,,13.71,LOW (<15),2,400,0
,,58600,,BEAR_CALL_BNF_58200_58600_W400,0,1,0,2026-06-24,FLAT,Mon-Wed,NORMAL,0,LOW,,3,2026-06-24,106.05,H2_EVAL,,-0.14,BNF,,True,2,8818,3182,intraday,0,-1608.0,0,,-1608.0,S1_FULL_REGEN_20260715_DRAFT1,58200,,0,1516,8873,57726.5,True,BEAR_CALL,False,primary,,13.72,LOW (<15),2,400,0
,,58700,,BEAR_CALL_BNF_58300_58700_W400,0,1,0,2026-06-24,FLAT,Mon-Wed,NORMAL,0,LOW,,3,2026-06-24,99.15,H2_EVAL,,-0.14,BNF,,True,2,9026,2974,intraday,0,-1279.5,0,,-1279.5,S1_FULL_REGEN_20260715_DRAFT1,58300,,0,1517,8865,57777.45,True,BEAR_CALL,False,primary,,13.6,LOW (<15),2,400,0
,,24000,,BEAR_PUT_NF_23750_24000_W250,0,1,0,2026-06-24,FLAT,Mon-Wed,NORMAL,0,LOW,,3,2026-06-24,89.55,H2_EVAL,,-0.14,NF,,False,2,5821,10429,intraday,0,-851.5,0,,-851.5,S1_FULL_REGEN_20260715_DRAFT1,23750,,0,1518,8853,23986.85,True,BEAR_PUT,False,primary,,13.56,LOW (<15),2,250,0
,,24000,,BEAR_PUT_NF_23750_24000_W250,0,1,0,2026-06-24,FLAT,Mon-Wed,NORMAL,0,LOW,,3,2026-06-24,91.35,H2_EVAL,,-0.14,NF,,False,2,5938,10312,intraday,0,-968.5,0,,-968.5,S1_FULL_REGEN_20260715_DRAFT1,23750,,0,1519,8843,23986.25,True,BEAR_PUT,False,primary,,13.58,LOW (<15),2,250,0
,,23950,,BEAR_PUT_NF_23800_23950_W150,0,1,0,2026-06-24,FLAT,Mon-Wed,NORMAL,0,LOW,,3,2026-06-24,55.75,H2_EVAL,,-0.14,NF,,False,2,3624,6126,intraday,0,-659.75,0,,-659.75,S1_FULL_REGEN_20260715_DRAFT1,23800,,0,1520,8833,23971.5,True,BEAR_PUT,False,primary,,13.62,LOW (<15),2,150,0
,,24000,,BEAR_PUT_NF_23700_24000_W300,0,1,0,2026-06-24,FLAT,Mon-Wed,NORMAL,0,LOW,,3,2026-06-24,105.25,H2_EVAL,,-0.14,NF,,False,2,6841,12659,intraday,0,-1290.25,0,,-1290.25,S1_FULL_REGEN_20260715_DRAFT1,23700,,0,1521,8820,23975.5,True,BEAR_PUT,False,primary,,13.63,LOW (<15),2,300,0
,,58800,,BEAR_CALL_BNF_58400_58800_W400,0,1,0,2026-06-24,FLAT,Mon-Wed,NORMAL,0,LOW,,3,2026-06-24,99.65,H2_EVAL,,-0.14,BNF,,True,2,9010,2989,intraday,0,-759.0,0,,-759.0,S1_FULL_REGEN_20260715_DRAFT1,58400,,0,1522,8811,57915.65,True,BEAR_CALL,False,primary,,13.63,LOW (<15),2,400,0
,,58800,,BEAR_CALL_BNF_58400_58800_W400,0,1,0,2026-06-24,FLAT,Mon-Wed,NORMAL,0,LOW,,3,2026-06-24,104.8,H2_EVAL,,-0.14,BNF,,True,2,8856,3144,intraday,0,-604.5,0,,-604.5,S1_FULL_REGEN_20260715_DRAFT1,58400,,0,1523,8802,57946.1,True,BEAR_CALL,False,primary,,13.63,LOW (<15),2,400,0
,,58900,,BEAR_CALL_BNF_58500_58900_W400,0,1,0,2026-06-24,FLAT,Mon-Wed,NORMAL,0,LOW,,3,2026-06-24,92.25,H2_EVAL,,-0.14,BNF,,True,2,9232,2768,intraday,0,-499.5,0,,-499.5,S1_FULL_REGEN_20260715_DRAFT1,58500,,0,1524,8794,57950.85,True,BEAR_CALL,False,primary,,13.58,LOW (<15),2,400,0
,,58900,,BEAR_CALL_BNF_58500_58900_W400,0,1,0,2026-06-24,FLAT,Mon-Wed,NORMAL,0,LOW,,3,2026-06-24,104.45,H2_EVAL,,-0.14,BNF,,True,2,8866,3133,intraday,0,-133.5,0,,-133.5,S1_FULL_REGEN_20260715_DRAFT1,58500,,0,1525,8785,58044.8,True,BEAR_CALL,False,primary,,13.52,LOW (<15),2,400,0
,,59000,,BEAR_CALL_BNF_58600_59000_W400,1,1,0,2026-06-24,FLAT,Mon-Wed,NORMAL,0,LOW,,3,2026-06-24,93,H2_EVAL,,-0.14,BNF,,True,2,9210,2790,intraday,0,16.5,1,,16.5,S1_FULL_REGEN_20260715_DRAFT1,58600,,0,1526,8777,58080.5,False,BEAR_CALL,True,primary,,13.56,LOW (<15),2,400,1
,,59000,,BEAR_CALL_BNF_58600_59000_W400,1,1,0,2026-06-24,FLAT,Mon-Wed,NORMAL,0,LOW,,3,2026-06-24,95.9,H2_EVAL,,-0.14,BNF,,True,2,9123,2877,intraday,0,103.5,1,,103.5,S1_FULL_REGEN_20260715_DRAFT1,58600,,0,1527,8769,58110.55,False,BEAR_CALL,True,primary,,13.6,LOW (<15),2,400,1
,,59000,,BEAR_CALL_BNF_58600_59000_W400,1,1,0,2026-06-24,FLAT,Mon-Wed,NORMAL,0,LOW,,3,2026-06-24,92.75,H2_EVAL,,-0.14,BNF,,True,2,9218,2782,intraday,0,9.0,1,,9.0,S1_FULL_REGEN_20260715_DRAFT1,58600,,0,1528,8761,58071.9,False,BEAR_CALL,True,primary,,13.61,LOW (<15),2,400,1
,,59000,,BEAR_CALL_BNF_58600_59000_W400,1,1,0,2026-06-24,FLAT,Mon-Wed,NORMAL,0,LOW,,3,2026-06-24,95.4,H2_EVAL,,-0.14,BNF,,True,2,9138,2862,intraday,0,88.5,1,,88.5,S1_FULL_REGEN_20260715_DRAFT1,58600,,0,1529,8753,58094.15,False,BEAR_CALL,True,primary,,13.61,LOW (<15),2,400,1
,,59000,,BEAR_CALL_BNF_58600_59000_W400,0,1,0,2026-06-24,FLAT,Mon-Wed,NORMAL,0,LOW,,3,2026-06-24,90.55,H2_EVAL,,-0.14,BNF,,True,2,9284,2717,intraday,0,-57.0,0,,-57.0,S1_FULL_REGEN_20260715_DRAFT1,58600,,0,1530,8744,58057.85,True,BEAR_CALL,False,primary,,13.62,LOW (<15),2,400,0
,,58900,,BEAR_CALL_BNF_58500_58900_W400,0,1,0,2026-06-24,FLAT,Mon-Wed,NORMAL,0,LOW,,3,2026-06-24,101.2,H2_EVAL,,-0.14,BNF,,True,2,8964,3036,intraday,0,-231.0,0,,-231.0,S1_FULL_REGEN_20260715_DRAFT1,58500,,0,1531,8735,58031.85,True,BEAR_CALL,False,primary,,13.67,LOW (<15),2,400,0
,,59000,,BEAR_CALL_BNF_58600_59000_W400,1,1,0,2026-06-24,FLAT,Mon-Wed,NORMAL,0,LOW,,3,2026-06-24,92.6,H2_EVAL,,-0.14,BNF,,True,2,9222,2778,intraday,0,4.5,1,,4.5,S1_FULL_REGEN_20260715_DRAFT1,58600,,0,1532,8727,58069.35,False,BEAR_CALL,True,primary,,13.66,LOW (<15),2,400,1
,,59000,,BEAR_CALL_BNF_58600_59000_W400,1,1,0,2026-06-24,FLAT,Mon-Wed,NORMAL,0,LOW,,3,2026-06-24,101.4,H2_EVAL,,-0.14,BNF,,True,2,8958,3042,intraday,0,268.5,1,,268.5,S1_FULL_REGEN_20260715_DRAFT1,58600,,0,1533,8718,58138,False,BEAR_CALL,True,primary,,13.65,LOW (<15),2,400,1
,,59000,,BEAR_CALL_BNF_58600_59000_W400,0,1,0,2026-06-24,FLAT,Mon-Wed,NORMAL,0,LOW,,3,2026-06-24,88.8,H2_EVAL,,-0.14,BNF,,True,2,9336,2664,intraday,0,-109.5,0,,-109.5,S1_FULL_REGEN_20260715_DRAFT1,58600,,0,1534,8710,58077.35,True,BEAR_CALL,False,primary,,13.63,LOW (<15),2,400,0
,,58900,,BEAR_CALL_BNF_58500_58900_W400,0,1,0,2026-06-24,FLAT,Mon-Wed,NORMAL,0,LOW,,3,2026-06-24,100.85,H2_EVAL,,-0.14,BNF,,True,2,8974,3026,intraday,0,-241.5,0,,-241.5,S1_FULL_REGEN_20260715_DRAFT1,58500,,0,1538,8701,58023.65,True,BEAR_CALL,False,primary,,13.64,LOW (<15),2,400,0
,,58900,,BEAR_CALL_BNF_58500_58900_W400,0,1,0,2026-06-24,FLAT,Mon-Wed,NORMAL,0,LOW,,3,2026-06-24,102.45,H2_EVAL,,-0.14,BNF,,True,2,8926,3074,intraday,0,-193.5,0,,-193.5,S1_FULL_REGEN_20260715_DRAFT1,58500,,0,1539,8692,58047.95,True,BEAR_CALL,False,primary,,13.63,LOW (<15),2,400,0
,,58900,,BEAR_CALL_BNF_58500_58900_W400,0,1,0,2026-06-24,FLAT,Mon-Wed,NORMAL,0,LOW,,3,2026-06-24,102.8,H2_EVAL,,-0.14,BNF,,True,2,8916,3084,intraday,0,-183.0,0,,-183.0,S1_FULL_REGEN_20260715_DRAFT1,58500,,0,1541,8683,58036.05,True,BEAR_CALL,False,primary,,13.64,LOW (<15),2,400,0
,,58900,,BEAR_CALL_BNF_58500_58900_W400,0,1,0,2026-06-24,FLAT,Mon-Wed,NORMAL,0,LOW,,3,2026-06-24,102.05,H2_EVAL,,-0.14,BNF,,True,2,8938,3062,intraday,0,-205.5,0,,-205.5,S1_FULL_REGEN_20260715_DRAFT1,58500,,0,1542,8674,58039.45,True,BEAR_CALL,False,primary,,13.56,LOW (<15),2,400,0
,,59100,,BEAR_CALL_BNF_58700_59100_W400,1,1,0,2026-06-24,FLAT,Mon-Wed,NORMAL,0,LOW,,3,2026-06-24,95.55,H2_EVAL,,-0.14,BNF,,True,2,9134,2866,intraday,0,489.0,1,,489.0,S1_FULL_REGEN_20260715_DRAFT1,58700,,0,1551,8666,58213.8,False,BEAR_CALL,True,primary,,13.51,LOW (<15),2,400,1
,,23850,,BULL_PUT_NF_24000_23850_W150,0,1,0,2026-06-29,FLAT,Mon-Wed,NORMAL,0,LOW,,3,2026-06-29,25.05,H2_EVAL,,0.2,NF,,True,2,8122,1628,intraday,0,-2541.5,0,,-2541.5,S1_FULL_REGEN_20260715_DRAFT1,24000,,0,1668,9689,24111.9,True,BULL_PUT,False,primary,,13.4,LOW (<15),0,150,0
,,23850,,BULL_PUT_NF_24000_23850_W150,0,1,0,2026-06-29,FLAT,Mon-Wed,NORMAL,0,LOW,,3,2026-06-29,25.55,H2_EVAL,,0.2,NF,,True,2,8089,1661,intraday,0,-2509.0,0,,-2509.0,S1_FULL_REGEN_20260715_DRAFT1,24000,,0,1669,9674,24106.1,True,BULL_PUT,False,primary,,13.48,LOW (<15),0,150,0
,,23850,,BULL_PUT_NF_24000_23850_W150,0,1,0,2026-06-29,FLAT,Mon-Wed,NORMAL,0,LOW,,3,2026-06-29,23.75,H2_EVAL,,0.2,NF,,True,2,8206,1544,intraday,0,-2626.0,0,,-2626.0,S1_FULL_REGEN_20260715_DRAFT1,24000,,0,1671,9649,24110.75,True,BULL_PUT,False,primary,,13.4,LOW (<15),0,150,0
,,24250,,BEAR_CALL_NF_24100_24250_W150,1,1,0,2026-06-29,FLAT,Mon-Wed,NORMAL,0,LOW,,3,2026-06-29,30.6,H2_EVAL,,0.2,NF,,True,2,7761,1989,intraday,0,666.25,1,,666.25,S1_FULL_REGEN_20260715_DRAFT1,24100,,0,1692,9433,23993.8,False,BEAR_CALL,True,primary,,13.73,LOW (<15),0,150,1
,,24250,,BEAR_CALL_NF_24100_24250_W150,1,1,0,2026-06-29,FLAT,Mon-Wed,NORMAL,0,LOW,,3,2026-06-29,26.15,H2_EVAL,,0.2,NF,,True,2,8050,1700,intraday,0,377.0,1,,377.0,S1_FULL_REGEN_20260715_DRAFT1,24100,,0,1693,9419,23973.75,False,BEAR_CALL,True,primary,,13.82,LOW (<15),0,150,1
,,24250,,BEAR_CALL_NF_24100_24250_W150,1,1,0,2026-06-29,FLAT,Mon-Wed,NORMAL,0,LOW,,3,2026-06-29,28.15,H2_EVAL,,0.2,NF,,True,2,7920,1830,intraday,0,507.0,1,,507.0,S1_FULL_REGEN_20260715_DRAFT1,24100,,0,1694,9405,23978.85,False,BEAR_CALL,True,primary,,13.77,LOW (<15),0,150,1
,,24250,,BEAR_CALL_NF_24100_24250_W150,1,1,0,2026-06-29,FLAT,Mon-Wed,NORMAL,0,LOW,,3,2026-06-29,26.4,H2_EVAL,,0.2,NF,,True,2,8034,1716,intraday,0,393.25,1,,393.25,S1_FULL_REGEN_20260715_DRAFT1,24100,,0,1695,9391,23968.7,False,BEAR_CALL,True,primary,,13.83,LOW (<15),0,150,1
,,24250,,BEAR_CALL_NF_24100_24250_W150,1,1,0,2026-06-29,FLAT,Mon-Wed,NORMAL,0,LOW,,3,2026-06-29,23,H2_EVAL,,0.2,NF,,True,2,8255,1495,intraday,0,172.25,1,,172.25,S1_FULL_REGEN_20260715_DRAFT1,24100,,0,1696,9376,23941.3,False,BEAR_CALL,True,primary,,13.95,LOW (<15),0,150,1
,,24250,,BEAR_CALL_NF_24100_24250_W150,1,1,0,2026-06-29,FLAT,Mon-Wed,NORMAL,0,LOW,,3,2026-06-29,21.85,H2_EVAL,,0.2,NF,,True,2,8330,1420,intraday,0,97.5,1,,97.5,S1_FULL_REGEN_20260715_DRAFT1,24100,,0,1697,9363,23932.55,False,BEAR_CALL,True,primary,,14.01,LOW (<15),0,150,1
,,24250,,BEAR_CALL_NF_24100_24250_W150,1,1,0,2026-06-29,FLAT,Mon-Wed,NORMAL,0,LOW,,3,2026-06-29,23.8,H2_EVAL,,0.2,NF,,True,2,8203,1547,intraday,0,224.25,1,,224.25,S1_FULL_REGEN_20260715_DRAFT1,24100,,0,1698,9344,23945.95,False,BEAR_CALL,True,primary,,13.98,LOW (<15),0,150,1
,,24250,,BEAR_CALL_NF_24100_24250_W150,1,1,0,2026-06-29,FLAT,Mon-Wed,NORMAL,0,LOW,,3,2026-06-29,24.1,H2_EVAL,,0.2,NF,,True,2,8184,1566,intraday,0,243.75,1,,243.75,S1_FULL_REGEN_20260715_DRAFT1,24100,,0,1699,9325,23947.15,False,BEAR_CALL,True,primary,,13.91,LOW (<15),0,150,1
,,57000,,BULL_PUT_BNF_57400_57000_W400,0,1,0,2026-06-29,FLAT,Mon-Wed,NORMAL,0,LOW,,3,2026-06-29,47.3,H2_EVAL,,0.2,BNF,,True,2,10581,1419,intraday,0,-391.5,0,,-391.5,S1_FULL_REGEN_20260715_DRAFT1,57400,,0,1716,9144,57900.55,True,BULL_PUT,False,primary,,13.82,LOW (<15),0,400,0
,,57000,,BULL_PUT_BNF_57400_57000_W400,0,1,0,2026-06-29,FLAT,Mon-Wed,NORMAL,0,LOW,,3,2026-06-29,44.4,H2_EVAL,,0.2,BNF,,True,2,10668,1332,intraday,0,-478.5,0,,-478.5,S1_FULL_REGEN_20260715_DRAFT1,57400,,0,1717,9139,57926,True,BULL_PUT,False,primary,,13.79,LOW (<15),0,400,0
,,57000,,BULL_PUT_BNF_57400_57000_W400,0,1,0,2026-06-29,FLAT,Mon-Wed,NORMAL,0,LOW,,3,2026-06-29,53,H2_EVAL,,0.2,BNF,,True,2,10410,1590,intraday,0,-220.5,0,,-220.5,S1_FULL_REGEN_20260715_DRAFT1,57400,,0,1718,9134,57881.25,True,BULL_PUT,False,primary,,13.87,LOW (<15),0,400,0
,,58800,,BEAR_CALL_BNF_58400_58800_W400,1,1,0,2026-06-29,FLAT,Mon-Wed,NORMAL,0,LOW,,3,2026-06-29,50.55,H2_EVAL,,0.2,BNF,,True,2,10484,1517,intraday,0,561.0,1,,561.0,S1_FULL_REGEN_20260715_DRAFT1,58400,,0,1719,9129,57901.8,False,BEAR_CALL,True,primary,,13.86,LOW (<15),0,400,1
,,57000,,BULL_PUT_BNF_57400_57000_W400,0,1,0,2026-06-29,FLAT,Mon-Wed,NORMAL,0,LOW,,3,2026-06-29,50.3,H2_EVAL,,0.2,BNF,,True,2,10491,1509,intraday,0,-301.5,0,,-301.5,S1_FULL_REGEN_20260715_DRAFT1,57400,,0,1720,9124,57884.2,True,BULL_PUT,False,primary,,13.86,LOW (<15),0,400,0
,,57000,,BULL_PUT_BNF_57400_57000_W400,0,1,0,2026-06-29,FLAT,Mon-Wed,NORMAL,0,LOW,,3,2026-06-29,47.5,H2_EVAL,,0.2,BNF,,True,2,10575,1425,intraday,0,-385.5,0,,-385.5,S1_FULL_REGEN_20260715_DRAFT1,57400,,0,1721,9120,57892.75,True,BULL_PUT,False,primary,,13.86,LOW (<15),0,400,0
,,57000,,BULL_PUT_BNF_57400_57000_W400,0,1,0,2026-06-29,FLAT,Mon-Wed,NORMAL,0,LOW,,3,2026-06-29,42.45,H2_EVAL,,0.2,BNF,,True,2,10726,1273,intraday,0,-537.0,0,,-537.0,S1_FULL_REGEN_20260715_DRAFT1,57400,,0,1722,9116,57937.15,True,BULL_PUT,False,primary,,13.76,LOW (<15),0,400,0
,,58800,,BEAR_CALL_BNF_58400_58800_W400,1,1,0,2026-06-29,FLAT,Mon-Wed,NORMAL,0,LOW,,3,2026-06-29,48.8,H2_EVAL,,0.2,BNF,,True,2,10536,1464,intraday,0,508.5,1,,508.5,S1_FULL_REGEN_20260715_DRAFT1,58400,,0,1723,9112,57892.1,False,BEAR_CALL,True,primary,,13.84,LOW (<15),0,400,1
,,57000,,BULL_PUT_BNF_57400_57000_W400,0,1,0,2026-06-29,FLAT,Mon-Wed,NORMAL,0,LOW,,3,2026-06-29,44.2,H2_EVAL,,0.2,BNF,,True,2,10674,1326,intraday,0,-484.5,0,,-484.5,S1_FULL_REGEN_20260715_DRAFT1,57400,,0,1724,9108,57928.7,True,BULL_PUT,False,primary,,13.72,LOW (<15),0,400,0
,,57000,,BULL_PUT_BNF_57400_57000_W400,0,1,0,2026-06-29,FLAT,Mon-Wed,NORMAL,0,LOW,,3,2026-06-29,46.1,H2_EVAL,,0.2,BNF,,True,2,10617,1383,intraday,0,-427.5,0,,-427.5,S1_FULL_REGEN_20260715_DRAFT1,57400,,0,1725,9103,57903.05,True,BULL_PUT,False,primary,,13.69,LOW (<15),0,400,0
,,58700,,BEAR_CALL_BNF_58300_58700_W400,1,1,0,2026-06-29,FLAT,Mon-Wed,NORMAL,0,LOW,,3,2026-06-29,52.3,H2_EVAL,,0.2,BNF,,True,2,10431,1569,intraday,0,316.5,1,,316.5,S1_FULL_REGEN_20260715_DRAFT1,58300,,0,1726,9097,57817.7,False,BEAR_CALL,True,primary,,13.82,LOW (<15),0,400,1
,,56900,,BULL_PUT_BNF_57300_56900_W400,1,1,0,2026-06-29,FLAT,Mon-Wed,NORMAL,0,LOW,,3,2026-06-29,54.15,H2_EVAL,,0.2,BNF,,True,2,10376,1624,intraday,0,165.0,1,,165.0,S1_FULL_REGEN_20260715_DRAFT1,57300,,0,1727,9092,57754.35,False,BULL_PUT,True,primary,,13.84,LOW (<15),0,400,1
,,56800,,BULL_PUT_BNF_57200_56800_W400,1,1,0,2026-06-29,FLAT,Mon-Wed,NORMAL,0,LOW,,3,2026-06-29,43.65,H2_EVAL,,0.2,BNF,,True,2,10690,1310,intraday,0,217.5,1,,217.5,S1_FULL_REGEN_20260715_DRAFT1,57200,,0,1728,9084,57703.4,False,BULL_PUT,True,primary,,13.68,LOW (<15),0,400,1
,,58600,,BEAR_CALL_BNF_58200_58600_W400,1,1,0,2026-06-29,FLAT,Mon-Wed,NORMAL,0,LOW,,3,2026-06-29,57.95,H2_EVAL,,0.2,BNF,,True,2,10262,1738,intraday,0,75.0,1,,75.0,S1_FULL_REGEN_20260715_DRAFT1,58200,,0,1729,9077,57712.8,False,BEAR_CALL,True,primary,,13.6,LOW (<15),0,400,1
,,58500,,BEAR_CALL_BNF_58100_58500_W400,0,1,0,2026-07-01,FLAT,Mon-Wed,NORMAL,0,LOW,,3,2026-07-01,178.85,H2_EVAL,,-0.07,BNF,,True,2,6634,5366,intraday,0,-972.0,0,,-972.0,S1_FULL_REGEN_20260715_DRAFT1,58100,,0,1817,10430,57551.45,True,BEAR_CALL,False,primary,,13.97,LOW (<15),2,400,0
,,58600,,BEAR_CALL_BNF_58000_58600_W600,0,1,0,2026-07-01,FLAT,Mon-Wed,NORMAL,0,LOW,,3,2026-07-01,268.3,H2_EVAL,,-0.07,BNF,,True,2,9951,8049,intraday,0,-1321.5,0,,-1321.5,S1_FULL_REGEN_20260715_DRAFT1,58000,,0,1818,10420,57522.95,True,BEAR_CALL,False,primary,,13.91,LOW (<15),2,600,0
,,58500,,BEAR_CALL_BNF_58000_58500_W500,0,1,0,2026-07-01,FLAT,Mon-Wed,NORMAL,0,LOW,,3,2026-07-01,227.95,H2_EVAL,,-0.07,BNF,,True,2,8162,6838,intraday,0,-1032.0,0,,-1032.0,S1_FULL_REGEN_20260715_DRAFT1,58000,,0,1819,10410,57539.5,True,BEAR_CALL,False,primary,,13.87,LOW (<15),2,500,0
,,58500,,BEAR_CALL_BNF_58100_58500_W400,0,1,0,2026-07-01,FLAT,Mon-Wed,NORMAL,0,LOW,,3,2026-07-01,179.9,H2_EVAL,,-0.07,BNF,,True,2,6603,5397,intraday,0,-940.5,0,,-940.5,S1_FULL_REGEN_20260715_DRAFT1,58100,,0,1820,10400,57598.85,True,BEAR_CALL,False,primary,,13.77,LOW (<15),2,400,0
,,58700,,BEAR_CALL_BNF_58200_58700_W500,0,1,0,2026-07-01,FLAT,Mon-Wed,NORMAL,0,LOW,,3,2026-07-01,219,H2_EVAL,,-0.07,BNF,,True,2,8430,6570,intraday,0,-907.5,0,,-907.5,S1_FULL_REGEN_20260715_DRAFT1,58200,,0,1821,10390,57673.2,True,BEAR_CALL,False,primary,,13.7,LOW (<15),2,500,0
,,58600,,BEAR_CALL_BNF_58200_58600_W400,0,1,0,2026-07-01,FLAT,Mon-Wed,NORMAL,0,LOW,,3,2026-07-01,177.25,H2_EVAL,,-0.07,BNF,,True,2,6682,5318,intraday,0,-742.5,0,,-742.5,S1_FULL_REGEN_20260715_DRAFT1,58200,,0,1822,10380,57654.95,True,BEAR_CALL,False,primary,,13.68,LOW (<15),2,400,0
,,58600,,BEAR_CALL_BNF_58100_58600_W500,0,1,0,2026-07-01,FLAT,Mon-Wed,NORMAL,0,LOW,,3,2026-07-01,229.65,H2_EVAL,,-0.07,BNF,,True,2,8111,6889,intraday,0,-948.0,0,,-948.0,S1_FULL_REGEN_20260715_DRAFT1,58100,,0,1823,10370,57639.4,True,BEAR_CALL,False,primary,,13.7,LOW (<15),2,500,0
,,58600,,BEAR_CALL_BNF_58200_58600_W400,0,1,0,2026-07-01,FLAT,Mon-Wed,NORMAL,0,LOW,,3,2026-07-01,179.15,H2_EVAL,,-0.07,BNF,,True,2,6625,5375,intraday,0,-685.5,0,,-685.5,S1_FULL_REGEN_20260715_DRAFT1,58200,,0,1824,10360,57656,True,BEAR_CALL,False,primary,,13.62,LOW (<15),2,400,0
,,58500,,BEAR_CALL_BNF_58100_58500_W400,0,1,0,2026-07-01,FLAT,Mon-Wed,NORMAL,0,LOW,,3,2026-07-01,184.25,H2_EVAL,,-0.07,BNF,,True,2,6472,5528,intraday,0,-810.0,0,,-810.0,S1_FULL_REGEN_20260715_DRAFT1,58100,,0,1825,10350,57602.5,True,BEAR_CALL,False,primary,,13.65,LOW (<15),2,400,0
,,58700,,BEAR_CALL_BNF_58200_58700_W500,0,1,0,2026-07-01,FLAT,Mon-Wed,NORMAL,0,LOW,,3,2026-07-01,222.6,H2_EVAL,,-0.07,BNF,,True,2,8322,6678,intraday,0,-799.5,0,,-799.5,S1_FULL_REGEN_20260715_DRAFT1,58200,,0,1826,10340,57662.45,True,BEAR_CALL,False,primary,,13.62,LOW (<15),2,500,0
,,58800,,BEAR_CALL_BNF_58200_58800_W600,0,1,0,2026-07-01,FLAT,Mon-Wed,NORMAL,0,LOW,,3,2026-07-01,271.6,H2_EVAL,,-0.07,BNF,,True,2,9852,8148,intraday,0,-609.0,0,,-609.0,S1_FULL_REGEN_20260715_DRAFT1,58200,,0,1827,10330,57736.7,True,BEAR_CALL,False,primary,,13.57,LOW (<15),2,600,0
,,58900,,BEAR_CALL_BNF_58300_58900_W600,0,1,0,2026-07-01,FLAT,Mon-Wed,NORMAL,0,LOW,,3,2026-07-01,277.2,H2_EVAL,,-0.07,BNF,,True,2,9684,8316,intraday,0,-171.0,0,,-171.0,S1_FULL_REGEN_20260715_DRAFT1,58300,,0,1828,10320,57820,True,BEAR_CALL,False,primary,,13.56,LOW (<15),2,600,0
,,58900,,BEAR_CALL_BNF_58300_58900_W600,0,1,0,2026-07-01,FLAT,Mon-Wed,NORMAL,0,LOW,,3,2026-07-01,278.15,H2_EVAL,,-0.07,BNF,,True,2,9656,8344,intraday,0,-142.5,0,,-142.5,S1_FULL_REGEN_20260715_DRAFT1,58300,,0,1829,10310,57847.65,True,BEAR_CALL,False,primary,,13.57,LOW (<15),2,600,0
,,58900,,BEAR_CALL_BNF_58300_58900_W600,0,1,0,2026-07-01,FLAT,Mon-Wed,NORMAL,0,LOW,,3,2026-07-01,275.5,H2_EVAL,,-0.07,BNF,,True,2,9735,8265,intraday,0,-222.0,0,,-222.0,S1_FULL_REGEN_20260715_DRAFT1,58300,,0,1830,10300,57831.8,True,BEAR_CALL,False,primary,,13.56,LOW (<15),2,600,0
,,58900,,BEAR_CALL_BNF_58300_58900_W600,0,1,0,2026-07-01,FLAT,Mon-Wed,NORMAL,0,LOW,,3,2026-07-01,267.15,H2_EVAL,,-0.07,BNF,,True,2,9986,8014,intraday,0,-472.5,0,,-472.5,S1_FULL_REGEN_20260715_DRAFT1,58300,,0,1831,10290,57758.9,True,BEAR_CALL,False,primary,,13.54,LOW (<15),2,600,0
,,58600,,BEAR_CALL_BNF_58200_58600_W400,0,1,0,2026-07-01,FLAT,Mon-Wed,NORMAL,0,LOW,,3,2026-07-01,187,H2_EVAL,,-0.07,BNF,,True,2,6390,5610,intraday,0,-450.0,0,,-450.0,S1_FULL_REGEN_20260715_DRAFT1,58200,,0,1832,10280,57717.1,True,BEAR_CALL,False,primary,,13.54,LOW (<15),2,400,0
,,58600,,BEAR_CALL_BNF_58200_58600_W400,0,1,0,2026-07-01,FLAT,Mon-Wed,NORMAL,0,LOW,,3,2026-07-01,183.65,H2_EVAL,,-0.07,BNF,,True,2,6491,5509,intraday,0,-550.5,0,,-550.5,S1_FULL_REGEN_20260715_DRAFT1,58200,,0,1833,10270,57704.6,True,BEAR_CALL,False,primary,,13.49,LOW (<15),2,400,0
,,58600,,BEAR_CALL_BNF_58200_58600_W400,0,1,0,2026-07-01,FLAT,Mon-Wed,NORMAL,0,LOW,,3,2026-07-01,186.2,H2_EVAL,,-0.07,BNF,,True,2,6414,5586,intraday,0,-474.0,0,,-474.0,S1_FULL_REGEN_20260715_DRAFT1,58200,,0,1834,10260,57727.15,True,BEAR_CALL,False,primary,,13.62,LOW (<15),2,400,0
,,58600,,BEAR_CALL_BNF_58200_58600_W400,0,1,0,2026-07-01,FLAT,Mon-Wed,NORMAL,0,LOW,,3,2026-07-01,187.75,H2_EVAL,,-0.07,BNF,,True,2,6368,5632,intraday,0,-427.5,0,,-427.5,S1_FULL_REGEN_20260715_DRAFT1,58200,,0,1835,10250,57732.85,True,BEAR_CALL,False,primary,,13.59,LOW (<15),2,400,0
,,58800,,BEAR_CALL_BNF_58200_58800_W600,0,1,0,2026-07-01,FLAT,Mon-Wed,NORMAL,0,LOW,,3,2026-07-01,268.55,H2_EVAL,,-0.07,BNF,,True,2,9944,8056,intraday,0,-700.5,0,,-700.5,S1_FULL_REGEN_20260715_DRAFT1,58200,,0,1836,10240,57732.15,True,BEAR_CALL,False,primary,,13.58,LOW (<15),2,600,0
,,58900,,BEAR_CALL_BNF_58300_58900_W600,0,1,0,2026-07-01,FLAT,Mon-Wed,NORMAL,0,LOW,,3,2026-07-01,265.7,H2_EVAL,,-0.07,BNF,,True,2,10029,7971,intraday,0,-516.0,0,,-516.0,S1_FULL_REGEN_20260715_DRAFT1,58300,,0,1837,10230,57786,True,BEAR_CALL,False,primary,,13.55,LOW (<15),2,600,0
,,58900,,BEAR_CALL_BNF_58300_58900_W600,0,1,0,2026-07-01,FLAT,Mon-Wed,NORMAL,0,LOW,,3,2026-07-01,271.15,H2_EVAL,,-0.07,BNF,,True,2,9866,8134,intraday,0,-352.5,0,,-352.5,S1_FULL_REGEN_20260715_DRAFT1,58300,,0,1838,10220,57825.3,True,BEAR_CALL,False,primary,,13.54,LOW (<15),2,600,0
,,59000,,BEAR_CALL_BNF_58400_59000_W600,0,1,0,2026-07-01,FLAT,Mon-Wed,NORMAL,0,LOW,,3,2026-07-01,269.15,H2_EVAL,,-0.07,BNF,,True,2,9926,8074,intraday,0,-108.0,0,,-108.0,S1_FULL_REGEN_20260715_DRAFT1,58400,,0,1839,10210,57897.45,True,BEAR_CALL,False,primary,,13.44,LOW (<15),2,600,0
,,59000,,BEAR_CALL_BNF_58400_59000_W600,0,1,0,2026-07-01,FLAT,Mon-Wed,NORMAL,0,LOW,,3,2026-07-01,270.2,H2_EVAL,,-0.07,BNF,,True,2,9894,8106,intraday,0,-76.5,0,,-76.5,S1_FULL_REGEN_20260715_DRAFT1,58400,,0,1840,10200,57905.5,True,BEAR_CALL,False,primary,,13.49,LOW (<15),2,600,0
,,58800,,BEAR_CALL_BNF_58400_58800_W400,0,1,0,2026-07-01,FLAT,Mon-Wed,NORMAL,0,LOW,,3,2026-07-01,180.1,H2_EVAL,,-0.07,BNF,,True,2,6597,5403,intraday,0,-217.5,0,,-217.5,S1_FULL_REGEN_20260715_DRAFT1,58400,,0,1841,10190,57864.65,True,BEAR_CALL,False,primary,,13.45,LOW (<15),2,400,0
,,58800,,BEAR_CALL_BNF_58400_58800_W400,0,1,0,2026-07-01,FLAT,Mon-Wed,NORMAL,0,LOW,,3,2026-07-01,186.9,H2_EVAL,,-0.07,BNF,,True,2,6393,5607,intraday,0,-13.5,0,,-13.5,S1_FULL_REGEN_20260715_DRAFT1,58400,,0,1842,10180,57873.75,True,BEAR_CALL,False,primary,,13.41,LOW (<15),2,400,0
,,58900,,BEAR_CALL_BNF_58300_58900_W600,0,1,0,2026-07-01,FLAT,Mon-Wed,NORMAL,0,LOW,,3,2026-07-01,273.55,H2_EVAL,,-0.07,BNF,,True,2,9794,8206,intraday,0,-280.5,0,,-280.5,S1_FULL_REGEN_20260715_DRAFT1,58300,,0,1843,10170,57864.65,True,BEAR_CALL,False,primary,,13.45,LOW (<15),2,600,0
,,58800,,BEAR_CALL_BNF_58300_58800_W500,0,1,0,2026-07-01,FLAT,Mon-Wed,NORMAL,0,LOW,,3,2026-07-01,229.75,H2_EVAL,,-0.07,BNF,,True,2,8108,6892,swing,0,-256.5,0,,-256.5,S1_FULL_REGEN_20260715_DRAFT1,58300,,0,1847,10160,57832.7,True,BEAR_CALL,False,primary,,13.44,LOW (<15),2,500,0
,,58900,,BEAR_CALL_BNF_58400_58900_W500,0,1,0,2026-07-01,FLAT,Mon-Wed,NORMAL,0,LOW,,3,2026-07-01,224.6,H2_EVAL,,-0.07,BNF,,True,2,8262,6738,intraday,0,-220.5,0,,-220.5,S1_FULL_REGEN_20260715_DRAFT1,58400,,0,1848,10150,57886.65,True,BEAR_CALL,False,primary,,13.42,LOW (<15),2,500,0
,,59000,,BEAR_CALL_BNF_58400_59000_W600,0,1,0,2026-07-01,FLAT,Mon-Wed,NORMAL,0,LOW,,3,2026-07-01,270.35,H2_EVAL,,-0.07,BNF,,True,2,9890,8111,intraday,0,-72.0,0,,-72.0,S1_FULL_REGEN_20260715_DRAFT1,58400,,0,1849,10140,57936.4,True,BEAR_CALL,False,primary,,13.37,LOW (<15),2,600,0
,,59000,,BEAR_CALL_BNF_58400_59000_W600,0,1,0,2026-07-01,FLAT,Mon-Wed,NORMAL,0,LOW,,3,2026-07-01,266.45,H2_EVAL,,-0.07,BNF,,True,2,10006,7994,intraday,0,-189.0,0,,-189.0,S1_FULL_REGEN_20260715_DRAFT1,58400,,0,1850,10130,57917.05,True,BEAR_CALL,False,primary,,13.49,LOW (<15),2,600,0
,,59000,,BEAR_CALL_BNF_58500_59000_W500,0,1,0,2026-07-01,FLAT,Mon-Wed,NORMAL,0,LOW,,3,2026-07-01,222.4,H2_EVAL,,-0.07,BNF,,True,2,8328,6672,intraday,0,-87.0,0,,-87.0,S1_FULL_REGEN_20260715_DRAFT1,58500,,0,1851,10120,57985.95,True,BEAR_CALL,False,primary,,13.45,LOW (<15),2,500,0
,,59000,,BEAR_CALL_BNF_58500_59000_W500,0,1,0,2026-07-01,FLAT,Mon-Wed,NORMAL,0,LOW,,3,2026-07-01,219.65,H2_EVAL,,-0.07,BNF,,True,2,8410,6589,intraday,0,-169.5,0,,-169.5,S1_FULL_REGEN_20260715_DRAFT1,58500,,0,1852,10110,57951.15,True,BEAR_CALL,False,primary,,13.42,LOW (<15),2,500,0
,,59000,,BEAR_CALL_BNF_58500_59000_W500,0,1,0,2026-07-01,FLAT,Mon-Wed,NORMAL,0,LOW,,3,2026-07-01,219.5,H2_EVAL,,-0.07,BNF,,True,2,8415,6585,intraday,0,-174.0,0,,-174.0,S1_FULL_REGEN_20260715_DRAFT1,58500,,0,1853,10100,57964.65,True,BEAR_CALL,False,primary,,13.43,LOW (<15),2,500,0
,,59000,,BEAR_CALL_BNF_58500_59000_W500,0,1,0,2026-07-01,FLAT,Mon-Wed,NORMAL,0,LOW,,3,2026-07-01,223.3,H2_EVAL,,-0.07,BNF,,True,2,8301,6699,intraday,0,-60.0,0,,-60.0,S1_FULL_REGEN_20260715_DRAFT1,58500,,0,1854,10090,57971.05,True,BEAR_CALL,False,primary,,13.4,LOW (<15),2,500,0
,,59000,,BEAR_CALL_BNF_58500_59000_W500,0,1,0,2026-07-01,FLAT,Mon-Wed,NORMAL,0,LOW,,3,2026-07-01,222.8,H2_EVAL,,-0.07,BNF,,True,2,8316,6684,intraday,0,-75.0,0,,-75.0,S1_FULL_REGEN_20260715_DRAFT1,58500,,0,1855,10080,58001,True,BEAR_CALL,False,primary,,13.44,LOW (<15),2,500,0
,,59000,,BEAR_CALL_BNF_58500_59000_W500,1,1,0,2026-07-01,FLAT,Mon-Wed,NORMAL,0,LOW,,3,2026-07-01,226.2,H2_EVAL,,-0.07,BNF,,True,2,8214,6786,intraday,0,27.0,1,,27.0,S1_FULL_REGEN_20260715_DRAFT1,58500,,0,1856,10070,58013.1,False,BEAR_CALL,True,primary,,13.43,LOW (<15),2,500,1
,,59100,,BEAR_CALL_BNF_58500_59100_W600,1,1,0,2026-07-01,FLAT,Mon-Wed,NORMAL,0,LOW,,3,2026-07-01,263.45,H2_EVAL,,-0.07,BNF,,True,2,10096,7904,intraday,0,193.5,1,,193.5,S1_FULL_REGEN_20260715_DRAFT1,58500,,0,1857,10060,57971.1,False,BEAR_CALL,True,primary,,13.4,LOW (<15),2,600,1
,,59000,,BEAR_CALL_BNF_58500_59000_W500,1,1,0,2026-07-01,FLAT,Mon-Wed,NORMAL,0,LOW,,3,2026-07-01,228.55,H2_EVAL,,-0.07,BNF,,True,2,8144,6856,intraday,0,97.5,1,,97.5,S1_FULL_REGEN_20260715_DRAFT1,58500,,0,1860,10050,58033.75,False,BEAR_CALL,True,primary,,13.4,LOW (<15),2,500,1
,,59000,,BEAR_CALL_BNF_58500_59000_W500,1,1,0,2026-07-01,FLAT,Mon-Wed,NORMAL,0,LOW,,3,2026-07-01,227.4,H2_EVAL,,-0.07,BNF,,True,2,8178,6822,intraday,0,63.0,1,,63.0,S1_FULL_REGEN_20260715_DRAFT1,58500,,0,1861,10040,58019.45,False,BEAR_CALL,True,primary,,13.41,LOW (<15),2,500,1
,,59000,,BEAR_CALL_BNF_58500_59000_W500,0,1,0,2026-07-01,FLAT,Mon-Wed,NORMAL,0,LOW,,3,2026-07-01,223.35,H2_EVAL,,-0.07,BNF,,True,2,8300,6701,intraday,0,-58.5,0,,-58.5,S1_FULL_REGEN_20260715_DRAFT1,58500,,0,1862,10030,57977.5,True,BEAR_CALL,False,primary,,13.37,LOW (<15),2,500,0
,,59000,,BEAR_CALL_BNF_58500_59000_W500,0,1,0,2026-07-01,FLAT,Mon-Wed,NORMAL,0,LOW,,3,2026-07-01,222.45,H2_EVAL,,-0.07,BNF,,True,2,8326,6674,intraday,0,-85.5,0,,-85.5,S1_FULL_REGEN_20260715_DRAFT1,58500,,0,1863,10020,57968.65,True,BEAR_CALL,False,primary,,13.37,LOW (<15),2,500,0
,,59000,,BEAR_CALL_BNF_58500_59000_W500,0,1,0,2026-07-01,FLAT,Mon-Wed,NORMAL,0,LOW,,3,2026-07-01,222.15,H2_EVAL,,-0.07,BNF,,True,2,8336,6664,intraday,0,-94.5,0,,-94.5,S1_FULL_REGEN_20260715_DRAFT1,58500,,0,1864,10010,57971.9,True,BEAR_CALL,False,primary,,13.4,LOW (<15),2,500,0
,,59000,,BEAR_CALL_BNF_58500_59000_W500,0,1,0,2026-07-01,FLAT,Mon-Wed,NORMAL,0,LOW,,3,2026-07-01,220.1,H2_EVAL,,-0.07,BNF,,True,2,8397,6603,intraday,0,-156.0,0,,-156.0,S1_FULL_REGEN_20260715_DRAFT1,58500,,0,1865,10000,57957.65,True,BEAR_CALL,False,primary,,13.39,LOW (<15),2,500,0
,,59000,,BEAR_CALL_BNF_58500_59000_W500,0,1,0,2026-07-01,FLAT,Mon-Wed,NORMAL,0,LOW,,3,2026-07-01,219.15,H2_EVAL,,-0.07,BNF,,True,2,8425,6575,intraday,0,-184.5,0,,-184.5,S1_FULL_REGEN_20260715_DRAFT1,58500,,0,1866,9990,57960.6,True,BEAR_CALL,False,primary,,13.43,LOW (<15),2,500,0
,,59000,,BEAR_CALL_BNF_58400_59000_W600,0,1,0,2026-07-01,FLAT,Mon-Wed,NORMAL,0,LOW,,3,2026-07-01,266.1,H2_EVAL,,-0.07,BNF,,True,2,10017,7983,intraday,0,-199.5,0,,-199.5,S1_FULL_REGEN_20260715_DRAFT1,58400,,0,1867,9980,57943.2,True,BEAR_CALL,False,primary,,13.45,LOW (<15),2,600,0
,,59000,,BEAR_CALL_BNF_58500_59000_W500,0,1,0,2026-07-01,FLAT,Mon-Wed,NORMAL,0,LOW,,3,2026-07-01,216.9,H2_EVAL,,-0.07,BNF,,True,2,8493,6507,intraday,0,-252.0,0,,-252.0,S1_FULL_REGEN_20260715_DRAFT1,58500,,0,1868,9970,57952.05,True,BEAR_CALL,False,primary,,13.42,LOW (<15),2,500,0
,,59100,,BEAR_CALL_BNF_58500_59100_W600,0,1,0,2026-07-01,FLAT,Mon-Wed,NORMAL,0,LOW,,3,2026-07-01,256.6,H2_EVAL,,-0.07,BNF,,True,2,10302,7698,intraday,0,-12.0,0,,-12.0,S1_FULL_REGEN_20260715_DRAFT1,58500,,0,1869,9960,57962.25,True,BEAR_CALL,False,primary,,13.43,LOW (<15),2,600,0
,,59000,,BEAR_CALL_BNF_58500_59000_W500,0,1,0,2026-07-01,FLAT,Mon-Wed,NORMAL,0,LOW,,3,2026-07-01,222.75,H2_EVAL,,-0.07,BNF,,True,2,8318,6682,intraday,0,-76.5,0,,-76.5,S1_FULL_REGEN_20260715_DRAFT1,58500,,0,1870,9950,58005.15,True,BEAR_CALL,False,primary,,13.39,LOW (<15),2,500,0
,,59000,,BEAR_CALL_BNF_58500_59000_W500,0,1,0,2026-07-01,FLAT,Mon-Wed,NORMAL,0,LOW,,3,2026-07-01,219.8,H2_EVAL,,-0.07,BNF,,True,2,8406,6594,intraday,0,-165.0,0,,-165.0,S1_FULL_REGEN_20260715_DRAFT1,58500,,0,1871,9940,57989.6,True,BEAR_CALL,False,primary,,13.39,LOW (<15),2,500,0
,,59000,,BEAR_CALL_BNF_58500_59000_W500,0,1,0,2026-07-01,FLAT,Mon-Wed,NORMAL,0,LOW,,3,2026-07-01,218.95,H2_EVAL,,-0.07,BNF,,True,2,8432,6568,intraday,0,-190.5,0,,-190.5,S1_FULL_REGEN_20260715_DRAFT1,58500,,0,1872,9930,57986.65,True,BEAR_CALL,False,primary,,13.39,LOW (<15),2,500,0
,,59000,,BEAR_CALL_BNF_58400_59000_W600,0,1,0,2026-07-01,FLAT,Mon-Wed,NORMAL,0,LOW,,3,2026-07-01,259.45,H2_EVAL,,-0.07,BNF,,True,2,10217,7783,intraday,0,-399.0,0,,-399.0,S1_FULL_REGEN_20260715_DRAFT1,58400,,0,1894,9920,57916.55,True,BEAR_CALL,False,primary,,13.36,LOW (<15),2,600,0
,,59000,,BEAR_CALL_BNF_58500_59000_W500,0,1,0,2026-07-01,FLAT,Mon-Wed,NORMAL,0,LOW,,3,2026-07-01,219.35,H2_EVAL,,-0.07,BNF,,True,2,8420,6580,intraday,0,-178.5,0,,-178.5,S1_FULL_REGEN_20260715_DRAFT1,58500,,0,1895,9910,58038.55,True,BEAR_CALL,False,primary,,13.29,LOW (<15),2,500,0
,,59000,,BEAR_CALL_BNF_58600_59000_W400,1,1,0,2026-07-01,FLAT,Mon-Wed,NORMAL,0,LOW,,3,2026-07-01,181.2,H2_EVAL,,-0.07,BNF,,True,2,6564,5436,intraday,0,177.0,1,,177.0,S1_FULL_REGEN_20260715_DRAFT1,58600,,0,1896,9900,58128.75,False,BEAR_CALL,True,primary,,13.27,LOW (<15),2,400,1
,,59000,,BEAR_CALL_BNF_58600_59000_W400,1,1,0,2026-07-01,FLAT,Mon-Wed,NORMAL,0,LOW,,3,2026-07-01,176.5,H2_EVAL,,-0.07,BNF,,True,2,6705,5295,intraday,0,36.0,1,,36.0,S1_FULL_REGEN_20260715_DRAFT1,58600,,0,1897,9890,58063.05,False,BEAR_CALL,True,primary,,13.21,LOW (<15),2,400,1
,,59000,,BEAR_CALL_BNF_58500_59000_W500,0,1,0,2026-07-01,FLAT,Mon-Wed,NORMAL,0,LOW,,3,2026-07-01,223.35,H2_EVAL,,-0.07,BNF,,True,2,8300,6701,intraday,0,-58.5,0,,-58.5,S1_FULL_REGEN_20260715_DRAFT1,58500,,0,1898,9880,58043.45,True,BEAR_CALL,False,primary,,13.25,LOW (<15),2,500,0
,,59000,,BEAR_CALL_BNF_58500_59000_W500,1,1,0,2026-07-01,FLAT,Mon-Wed,NORMAL,0,LOW,,3,2026-07-01,225.4,H2_EVAL,,-0.07,BNF,,True,2,8238,6762,intraday,0,3.0,1,,3.0,S1_FULL_REGEN_20260715_DRAFT1,58500,,0,1899,9870,58027.4,False,BEAR_CALL,True,primary,,13.25,LOW (<15),2,500,1
,,59000,,BEAR_CALL_BNF_58500_59000_W500,0,1,0,2026-07-01,FLAT,Mon-Wed,NORMAL,0,LOW,,3,2026-07-01,220.55,H2_EVAL,,-0.07,BNF,,True,2,8383,6617,intraday,0,-142.5,0,,-142.5,S1_FULL_REGEN_20260715_DRAFT1,58500,,0,1900,9860,57984.85,True,BEAR_CALL,False,primary,,13.27,LOW (<15),2,500,0
,,59200,,BEAR_CALL_BNF_58700_59200_W500,1,1,0,2026-07-02,FLAT,Thu-Fri,NORMAL,0,LOW,,3,2026-07-02,218.3,H2_EVAL,,0.09,BNF,,True,2,8451,6549,intraday,0,133.5,1,,133.5,S1_FULL_REGEN_20260715_DRAFT1,58700,,0,1907,11055,58190.35,False,BEAR_CALL,True,primary,,12.88,LOW (<15),3,500,1
,,59200,,BEAR_CALL_BNF_58600_59200_W600,1,1,0,2026-07-02,FLAT,Thu-Fri,NORMAL,0,LOW,,3,2026-07-02,268.25,H2_EVAL,,0.09,BNF,,True,2,9952,8048,intraday,0,240.0,1,,240.0,S1_FULL_REGEN_20260715_DRAFT1,58600,,0,1908,11045,58149.9,False,BEAR_CALL,True,primary,,12.92,LOW (<15),3,600,1
,,59200,,BEAR_CALL_BNF_58700_59200_W500,1,1,0,2026-07-02,FLAT,Thu-Fri,NORMAL,0,LOW,,3,2026-07-02,223.5,H2_EVAL,,0.09,BNF,,True,2,8295,6705,intraday,0,289.5,1,,289.5,S1_FULL_REGEN_20260715_DRAFT1,58700,,0,1909,11035,58220.65,False,BEAR_CALL,True,primary,,12.84,LOW (<15),3,500,1
,,24150,,BEAR_PUT_NF_24000_24150_W150,0,1,0,2026-07-02,FLAT,Thu-Fri,NORMAL,0,LOW,,3,2026-07-02,53.7,H2_EVAL,,0.09,NF,,False,2,3490,6260,intraday,0,-409.5,0,,-409.5,S1_FULL_REGEN_20260715_DRAFT1,24000,,0,1910,11025,24149.25,True,BEAR_PUT,False,primary,,12.8,LOW (<15),3,150,0
,,24150,,BEAR_PUT_NF_24000_24150_W150,0,1,0,2026-07-02,FLAT,Thu-Fri,NORMAL,0,LOW,,3,2026-07-02,54.55,H2_EVAL,,0.09,NF,,False,2,3546,6204,intraday,0,-464.75,0,,-464.75,S1_FULL_REGEN_20260715_DRAFT1,24000,,0,1911,11015,24147.85,True,BEAR_PUT,False,primary,,12.72,LOW (<15),3,150,0
,,24150,,BEAR_PUT_NF_23950_24150_W200,0,1,0,2026-07-02,FLAT,Thu-Fri,NORMAL,0,LOW,,3,2026-07-02,69.65,H2_EVAL,,0.09,NF,,False,2,4527,8473,intraday,0,-815.75,0,,-815.75,S1_FULL_REGEN_20260715_DRAFT1,23950,,0,1912,11004,24136.75,True,BEAR_PUT,False,primary,,12.74,LOW (<15),3,200,0
,,59200,,BEAR_CALL_BNF_58700_59200_W500,1,1,0,2026-07-02,FLAT,Thu-Fri,NORMAL,0,LOW,,3,2026-07-02,226.95,H2_EVAL,,0.09,BNF,,True,2,8191,6809,intraday,0,393.0,1,,393.0,S1_FULL_REGEN_20260715_DRAFT1,58700,,0,1913,10989,58236.7,False,BEAR_CALL,True,primary,,12.77,LOW (<15),3,500,1
,,24100,,BEAR_PUT_NF_24000_24100_W100,0,1,0,2026-07-02,FLAT,Thu-Fri,NORMAL,0,LOW,,3,2026-07-02,35.75,H2_EVAL,,0.09,NF,,False,2,2324,4176,intraday,0,-487.5,0,,-487.5,S1_FULL_REGEN_20260715_DRAFT1,24000,,0,1914,10981,24119.05,True,BEAR_PUT,False,primary,,12.77,LOW (<15),3,100,0
,,24100,,BEAR_PUT_NF_23950_24100_W150,0,1,0,2026-07-02,FLAT,Thu-Fri,NORMAL,0,LOW,,3,2026-07-02,54.15,H2_EVAL,,0.09,NF,,False,2,3520,6230,intraday,0,-1053.0,0,,-1053.0,S1_FULL_REGEN_20260715_DRAFT1,23950,,0,1915,10979,24099,True,BEAR_PUT,False,primary,,12.81,LOW (<15),3,150,0
,,58100,,BEAR_PUT_BNF_57700_58100_W400,1,1,0,2026-07-02,FLAT,Thu-Fri,NORMAL,0,LOW,,3,2026-07-02,154.45,H2_EVAL,,0.09,BNF,,False,2,4634,7366,intraday,0,49.5,1,,49.5,S1_FULL_REGEN_20260715_DRAFT1,57700,,0,1916,10973,58108.75,False,BEAR_PUT,True,primary,,12.85,LOW (<15),3,400,1
,,24100,,BEAR_PUT_NF_23900_24100_W200,0,1,0,2026-07-02,FLAT,Thu-Fri,NORMAL,0,LOW,,3,2026-07-02,71.7,H2_EVAL,,0.09,NF,,False,2,4660,8340,intraday,0,-1677.0,0,,-1677.0,S1_FULL_REGEN_20260715_DRAFT1,23900,,0,1917,10965,24089.7,True,BEAR_PUT,False,primary,,12.81,LOW (<15),3,200,0
,,59000,,BEAR_CALL_BNF_58600_59000_W400,1,1,0,2026-07-02,FLAT,Thu-Fri,NORMAL,0,LOW,,3,2026-07-02,182.1,H2_EVAL,,0.09,BNF,,True,2,6537,5463,intraday,0,87.0,1,,87.0,S1_FULL_REGEN_20260715_DRAFT1,58600,,0,1918,10955,58130.75,False,BEAR_CALL,True,primary,,12.77,LOW (<15),3,400,1
,,59000,,BEAR_CALL_BNF_58600_59000_W400,1,1,0,2026-07-02,FLAT,Thu-Fri,NORMAL,0,LOW,,3,2026-07-02,184.25,H2_EVAL,,0.09,BNF,,True,2,6472,5528,intraday,0,151.5,1,,151.5,S1_FULL_REGEN_20260715_DRAFT1,58600,,0,1919,10945,58141.4,False,BEAR_CALL,True,primary,,12.75,LOW (<15),3,400,1
,,59000,,BEAR_CALL_BNF_58600_59000_W400,1,1,0,2026-07-02,FLAT,Thu-Fri,NORMAL,0,LOW,,3,2026-07-02,182.25,H2_EVAL,,0.09,BNF,,True,2,6532,5468,intraday,0,91.5,1,,91.5,S1_FULL_REGEN_20260715_DRAFT1,58600,,0,1920,10935,58127.65,False,BEAR_CALL,True,primary,,12.74,LOW (<15),3,400,1
,,59200,,BEAR_CALL_BNF_58700_59200_W500,1,1,0,2026-07-02,FLAT,Thu-Fri,NORMAL,0,LOW,,3,2026-07-02,218.4,H2_EVAL,,0.09,BNF,,True,2,8448,6552,intraday,0,136.5,1,,136.5,S1_FULL_REGEN_20260715_DRAFT1,58700,,0,1921,10925,58179.6,False,BEAR_CALL,True,primary,,12.69,LOW (<15),3,500,1
,,59200,,BEAR_CALL_BNF_58700_59200_W500,1,1,0,2026-07-02,FLAT,Thu-Fri,NORMAL,0,LOW,,3,2026-07-02,218.25,H2_EVAL,,0.09,BNF,,True,2,8452,6548,intraday,0,132.0,1,,132.0,S1_FULL_REGEN_20260715_DRAFT1,58700,,0,1922,10915,58181.95,False,BEAR_CALL,True,primary,,12.7,LOW (<15),3,500,1
,,59200,,BEAR_CALL_BNF_58700_59200_W500,1,1,0,2026-07-02,FLAT,Thu-Fri,NORMAL,0,LOW,,3,2026-07-02,216.25,H2_EVAL,,0.09,BNF,,True,2,8512,6488,intraday,0,72.0,1,,72.0,S1_FULL_REGEN_20260715_DRAFT1,58700,,0,1923,10905,58171.45,False,BEAR_CALL,True,primary,,12.68,LOW (<15),3,500,1
,,57300,,BULL_PUT_BNF_57700_57300_W400,0,1,0,2026-07-02,FLAT,Thu-Fri,NORMAL,0,LOW,,3,2026-07-02,124.05,H2_EVAL,,0.09,BNF,,True,2,8278,3722,intraday,0,-169.5,0,,-169.5,S1_FULL_REGEN_20260715_DRAFT1,57700,,0,1924,10900,58151.2,True,BULL_PUT,False,primary,,12.7,LOW (<15),3,400,0
,,59000,,BEAR_CALL_BNF_58600_59000_W400,1,1,0,2026-07-02,FLAT,Thu-Fri,NORMAL,0,LOW,,3,2026-07-02,182.5,H2_EVAL,,0.09,BNF,,True,2,6525,5475,intraday,0,99.0,1,,99.0,S1_FULL_REGEN_20260715_DRAFT1,58600,,0,1925,10895,58146.8,False,BEAR_CALL,True,primary,,12.7,LOW (<15),3,400,1
,,59200,,BEAR_CALL_BNF_58600_59200_W600,0,1,0,2026-07-02,FLAT,Thu-Fri,NORMAL,0,LOW,,3,2026-07-02,259.7,H2_EVAL,,0.09,BNF,,True,2,10209,7791,intraday,0,-16.5,0,,-16.5,S1_FULL_REGEN_20260715_DRAFT1,58600,,0,1926,10885,58110.2,True,BEAR_CALL,False,primary,,12.71,LOW (<15),3,600,0
,,59100,,BEAR_CALL_BNF_58600_59100_W500,0,1,0,2026-07-02,FLAT,Thu-Fri,NORMAL,0,LOW,,3,2026-07-02,217.05,H2_EVAL,,0.09,BNF,,True,2,8489,6511,intraday,0,-24.0,0,,-24.0,S1_FULL_REGEN_20260715_DRAFT1,58600,,0,1927,10875,58064.65,True,BEAR_CALL,False,primary,,12.73,LOW (<15),3,500,0
,,59000,,BEAR_CALL_BNF_58600_59000_W400,0,1,0,2026-07-02,FLAT,Thu-Fri,NORMAL,0,LOW,,3,2026-07-02,176.8,H2_EVAL,,0.09,BNF,,True,2,6696,5304,intraday,0,-72.0,0,,-72.0,S1_FULL_REGEN_20260715_DRAFT1,58600,,0,1928,10865,58080.95,True,BEAR_CALL,False,primary,,12.74,LOW (<15),3,400,0
,,59100,,BEAR_CALL_BNF_58500_59100_W600,0,1,0,2026-07-02,FLAT,Thu-Fri,NORMAL,0,LOW,,3,2026-07-02,264.7,H2_EVAL,,0.09,BNF,,True,2,10059,7941,intraday,0,-12.0,0,,-12.0,S1_FULL_REGEN_20260715_DRAFT1,58500,,0,1929,10855,58041.35,True,BEAR_CALL,False,primary,,12.74,LOW (<15),3,600,0
,,59000,,BEAR_CALL_BNF_58600_59000_W400,0,1,0,2026-07-02,FLAT,Thu-Fri,NORMAL,0,LOW,,3,2026-07-02,176.75,H2_EVAL,,0.09,BNF,,True,2,6698,5302,intraday,0,-73.5,0,,-73.5,S1_FULL_REGEN_20260715_DRAFT1,58600,,0,1930,10845,58076.5,True,BEAR_CALL,False,primary,,12.75,LOW (<15),3,400,0
,,58900,,BEAR_CALL_BNF_58500_58900_W400,0,1,0,2026-07-02,FLAT,Thu-Fri,NORMAL,0,LOW,,3,2026-07-02,180.35,H2_EVAL,,0.09,BNF,,True,2,6589,5411,intraday,0,-84.0,0,,-84.0,S1_FULL_REGEN_20260715_DRAFT1,58500,,0,1931,10835,58036.3,True,BEAR_CALL,False,primary,,12.81,LOW (<15),3,400,0
,,59000,,BEAR_CALL_BNF_58500_59000_W500,0,1,0,2026-07-02,FLAT,Thu-Fri,NORMAL,0,LOW,,3,2026-07-02,214.85,H2_EVAL,,0.09,BNF,,True,2,8554,6446,intraday,0,-348.0,0,,-348.0,S1_FULL_REGEN_20260715_DRAFT1,58500,,0,1932,10825,57963.2,True,BEAR_CALL,False,primary,,12.85,LOW (<15),3,500,0
,,59000,,BEAR_CALL_BNF_58500_59000_W500,0,1,0,2026-07-02,FLAT,Thu-Fri,NORMAL,0,LOW,,3,2026-07-02,217.65,H2_EVAL,,0.09,BNF,,True,2,8470,6529,intraday,0,-264.0,0,,-264.0,S1_FULL_REGEN_20260715_DRAFT1,58500,,0,1933,10815,57978.8,True,BEAR_CALL,False,primary,,12.74,LOW (<15),3,500,0
,,57200,,BULL_PUT_BNF_57600_57200_W400,1,1,0,2026-07-02,FLAT,Thu-Fri,NORMAL,0,LOW,,3,2026-07-02,126.15,H2_EVAL,,0.09,BNF,,True,2,8216,3784,intraday,0,42.0,1,,42.0,S1_FULL_REGEN_20260715_DRAFT1,57600,,0,1934,10810,58050.25,False,BULL_PUT,True,primary,,12.72,LOW (<15),3,400,1
,,59000,,BEAR_CALL_BNF_58500_59000_W500,0,1,0,2026-07-02,FLAT,Thu-Fri,NORMAL,0,LOW,,3,2026-07-02,220.8,H2_EVAL,,0.09,BNF,,True,2,8376,6624,intraday,0,-169.5,0,,-169.5,S1_FULL_REGEN_20260715_DRAFT1,58500,,0,1935,10800,58018.6,True,BEAR_CALL,False,primary,,12.72,LOW (<15),3,500,0
,,59000,,BEAR_CALL_BNF_58500_59000_W500,0,1,0,2026-07-02,FLAT,Thu-Fri,NORMAL,0,LOW,,3,2026-07-02,220.75,H2_EVAL,,0.09,BNF,,True,2,8378,6622,swing,0,-171.0,0,,-171.0,S1_FULL_REGEN_20260715_DRAFT1,58500,,0,1936,10790,58018.1,True,BEAR_CALL,False,primary,,12.7,LOW (<15),3,500,0
,,59000,,BEAR_CALL_BNF_58500_59000_W500,0,1,0,2026-07-02,FLAT,Thu-Fri,NORMAL,0,LOW,,3,2026-07-02,220.95,H2_EVAL,,0.09,BNF,,True,2,8372,6628,intraday,0,-165.0,0,,-165.0,S1_FULL_REGEN_20260715_DRAFT1,58500,,0,1937,10780,58013.3,True,BEAR_CALL,False,primary,,12.71,LOW (<15),3,500,0
,,59000,,BEAR_CALL_BNF_58500_59000_W500,0,1,0,2026-07-02,FLAT,Thu-Fri,NORMAL,0,LOW,,3,2026-07-02,222.3,H2_EVAL,,0.09,BNF,,True,2,8331,6669,intraday,0,-124.5,0,,-124.5,S1_FULL_REGEN_20260715_DRAFT1,58500,,0,1938,10770,58023.3,True,BEAR_CALL,False,primary,,12.66,LOW (<15),3,500,0
,,59000,,BEAR_CALL_BNF_58500_59000_W500,0,1,0,2026-07-02,FLAT,Thu-Fri,NORMAL,0,LOW,,3,2026-07-02,222.15,H2_EVAL,,0.09,BNF,,True,2,8336,6664,intraday,0,-129.0,0,,-129.0,S1_FULL_REGEN_20260715_DRAFT1,58500,,0,1939,10760,58036.3,True,BEAR_CALL,False,primary,,12.63,LOW (<15),3,500,0
,,59000,,BEAR_CALL_BNF_58500_59000_W500,0,1,0,2026-07-02,FLAT,Thu-Fri,NORMAL,0,LOW,,3,2026-07-02,223.95,H2_EVAL,,0.09,BNF,,True,2,8281,6719,intraday,0,-75.0,0,,-75.0,S1_FULL_REGEN_20260715_DRAFT1,58500,,0,1940,10750,58037.35,True,BEAR_CALL,False,primary,,12.6,LOW (<15),3,500,0
,,59100,,BEAR_CALL_BNF_58600_59100_W500,0,1,0,2026-07-02,FLAT,Thu-Fri,NORMAL,0,LOW,,3,2026-07-02,215.7,H2_EVAL,,0.09,BNF,,True,2,8529,6471,intraday,0,-64.5,0,,-64.5,S1_FULL_REGEN_20260715_DRAFT1,58600,,0,1941,10740,58076.75,True,BEAR_CALL,False,primary,,12.57,LOW (<15),3,500,0
,,59000,,BEAR_CALL_BNF_58600_59000_W400,0,1,0,2026-07-02,FLAT,Thu-Fri,NORMAL,0,LOW,,3,2026-07-02,178.9,H2_EVAL,,0.09,BNF,,True,2,6633,5367,intraday,0,-9.0,0,,-9.0,S1_FULL_REGEN_20260715_DRAFT1,58600,,0,1942,10730,58119.1,True,BEAR_CALL,False,primary,,12.57,LOW (<15),3,400,0
,,57300,,BULL_PUT_BNF_57700_57300_W400,0,1,0,2026-07-02,FLAT,Thu-Fri,NORMAL,0,LOW,,3,2026-07-02,122.55,H2_EVAL,,0.09,BNF,,True,2,8324,3677,intraday,0,-214.5,0,,-214.5,S1_FULL_REGEN_20260715_DRAFT1,57700,,0,1943,10725,58155.3,True,BULL_PUT,False,primary,,12.56,LOW (<15),3,400,0
,,59000,,BEAR_CALL_BNF_58600_59000_W400,1,1,0,2026-07-02,FLAT,Thu-Fri,NORMAL,0,LOW,,3,2026-07-02,182.25,H2_EVAL,,0.09,BNF,,True,2,6532,5468,intraday,0,91.5,1,,91.5,S1_FULL_REGEN_20260715_DRAFT1,58600,,0,1944,10715,58134.3,False,BEAR_CALL,True,primary,,12.57,LOW (<15),3,400,1
,,57300,,BULL_PUT_BNF_57700_57300_W400,0,1,0,2026-07-02,FLAT,Thu-Fri,NORMAL,0,LOW,,3,2026-07-02,120.9,H2_EVAL,,0.09,BNF,,True,2,8373,3627,intraday,0,-264.0,0,,-264.0,S1_FULL_REGEN_20260715_DRAFT1,57700,,0,1945,10710,58150.65,True,BULL_PUT,False,primary,,12.54,LOW (<15),3,400,0
,,59000,,BEAR_CALL_BNF_58600_59000_W400,0,1,0,2026-07-02,FLAT,Thu-Fri,NORMAL,0,LOW,,3,2026-07-02,178.8,H2_EVAL,,0.09,BNF,,True,2,6636,5364,intraday,0,-12.0,0,,-12.0,S1_FULL_REGEN_20260715_DRAFT1,58600,,0,1946,10700,58090.6,True,BEAR_CALL,False,primary,,12.56,LOW (<15),3,400,0
,,59100,,BEAR_CALL_BNF_58600_59100_W500,0,1,0,2026-07-02,FLAT,Thu-Fri,NORMAL,0,LOW,,3,2026-07-02,217.15,H2_EVAL,,0.09,BNF,,True,2,8486,6514,intraday,0,-21.0,0,,-21.0,S1_FULL_REGEN_20260715_DRAFT1,58600,,0,1947,10690,58090.85,True,BEAR_CALL,False,primary,,12.56,LOW (<15),3,500,0
,,59000,,BEAR_CALL_BNF_58600_59000_W400,0,1,0,2026-07-02,FLAT,Thu-Fri,NORMAL,0,LOW,,3,2026-07-02,177.2,H2_EVAL,,0.09,BNF,,True,2,6684,5316,intraday,0,-60.0,0,,-60.0,S1_FULL_REGEN_20260715_DRAFT1,58600,,0,1948,10680,58065.65,True,BEAR_CALL,False,primary,,12.56,LOW (<15),3,400,0
,,57200,,BULL_PUT_BNF_57600_57200_W400,0,1,0,2026-07-02,FLAT,Thu-Fri,NORMAL,0,LOW,,3,2026-07-02,122.3,H2_EVAL,,0.09,BNF,,True,2,8331,3669,intraday,0,-73.5,0,,-73.5,S1_FULL_REGEN_20260715_DRAFT1,57600,,0,1949,10675,58059.7,True,BULL_PUT,False,primary,,12.55,LOW (<15),3,400,0
,,59200,,BEAR_CALL_BNF_58600_59200_W600,0,1,0,2026-07-02,FLAT,Thu-Fri,NORMAL,0,LOW,,3,2026-07-02,252.9,H2_EVAL,,0.09,BNF,,True,2,10413,7587,intraday,0,-220.5,0,,-220.5,S1_FULL_REGEN_20260715_DRAFT1,58600,,0,1950,10665,58078.05,True,BEAR_CALL,False,primary,,12.56,LOW (<15),3,600,0
,,59000,,BEAR_CALL_BNF_58600_59000_W400,0,1,0,2026-07-02,FLAT,Thu-Fri,NORMAL,0,LOW,,3,2026-07-02,177.95,H2_EVAL,,0.09,BNF,,True,2,6661,5339,intraday,0,-37.5,0,,-37.5,S1_FULL_REGEN_20260715_DRAFT1,58600,,0,1951,10655,58095.65,True,BEAR_CALL,False,primary,,12.56,LOW (<15),3,400,0
,,59000,,BEAR_CALL_BNF_58600_59000_W400,0,1,0,2026-07-02,FLAT,Thu-Fri,NORMAL,0,LOW,,3,2026-07-02,178.1,H2_EVAL,,0.09,BNF,,True,2,6657,5343,intraday,0,-33.0,0,,-33.0,S1_FULL_REGEN_20260715_DRAFT1,58600,,0,1952,10645,58096.55,True,BEAR_CALL,False,primary,,12.55,LOW (<15),3,400,0
,,59000,,BEAR_CALL_BNF_58600_59000_W400,0,1,0,2026-07-02,FLAT,Thu-Fri,NORMAL,0,LOW,,3,2026-07-02,178.8,H2_EVAL,,0.09,BNF,,True,2,6636,5364,intraday,0,-12.0,0,,-12.0,S1_FULL_REGEN_20260715_DRAFT1,58600,,0,1953,10635,58104.75,True,BEAR_CALL,False,primary,,12.53,LOW (<15),3,400,0
,,59000,,BEAR_CALL_BNF_58600_59000_W400,1,1,0,2026-07-02,FLAT,Thu-Fri,NORMAL,0,LOW,,3,2026-07-02,179.6,H2_EVAL,,0.09,BNF,,True,2,6612,5388,intraday,0,12.0,1,,12.0,S1_FULL_REGEN_20260715_DRAFT1,58600,,0,1954,10625,58101.45,False,BEAR_CALL,True,primary,,12.52,LOW (<15),3,400,1
,,57200,,BULL_PUT_BNF_57600_57200_W400,0,1,0,2026-07-02,FLAT,Thu-Fri,NORMAL,0,LOW,,3,2026-07-02,122.85,H2_EVAL,,0.09,BNF,,True,2,8315,3685,intraday,0,-57.0,0,,-57.0,S1_FULL_REGEN_20260715_DRAFT1,57600,,0,1956,10620,58058.85,True,BULL_PUT,False,primary,,12.55,LOW (<15),3,400,0
,,59000,,BEAR_CALL_BNF_58600_59000_W400,0,1,0,2026-07-02,FLAT,Thu-Fri,NORMAL,0,LOW,,3,2026-07-02,175.3,H2_EVAL,,0.09,BNF,,True,2,6741,5259,intraday,0,-117.0,0,,-117.0,S1_FULL_REGEN_20260715_DRAFT1,58600,,0,1957,10610,58071.75,True,BEAR_CALL,False,primary,,12.52,LOW (<15),3,400,0
,,59000,,BEAR_CALL_BNF_58500_59000_W500,0,1,0,2026-07-02,FLAT,Thu-Fri,NORMAL,0,LOW,,3,2026-07-02,223,H2_EVAL,,0.09,BNF,,True,2,8310,6690,intraday,0,-103.5,0,,-103.5,S1_FULL_REGEN_20260715_DRAFT1,58500,,0,1958,10605,58038.35,True,BEAR_CALL,False,primary,,12.54,LOW (<15),3,500,0
,,59000,,BEAR_CALL_BNF_58500_59000_W500,0,1,0,2026-07-02,FLAT,Thu-Fri,NORMAL,0,LOW,,3,2026-07-02,221.45,H2_EVAL,,0.09,BNF,,True,2,8357,6643,intraday,0,-150.0,0,,-150.0,S1_FULL_REGEN_20260715_DRAFT1,58500,,0,1959,10595,58032.9,True,BEAR_CALL,False,primary,,12.52,LOW (<15),3,500,0
,,59000,,BEAR_CALL_BNF_58500_59000_W500,0,1,0,2026-07-02,FLAT,Thu-Fri,NORMAL,0,LOW,,3,2026-07-02,221.2,H2_EVAL,,0.09,BNF,,True,2,8364,6636,intraday,0,-157.5,0,,-157.5,S1_FULL_REGEN_20260715_DRAFT1,58500,,0,1960,10585,58025.65,True,BEAR_CALL,False,primary,,12.52,LOW (<15),3,500,0
,,59000,,BEAR_CALL_BNF_58500_59000_W500,0,1,0,2026-07-02,FLAT,Thu-Fri,NORMAL,0,LOW,,3,2026-07-02,219.45,H2_EVAL,,0.09,BNF,,True,2,8417,6583,intraday,0,-210.0,0,,-210.0,S1_FULL_REGEN_20260715_DRAFT1,58500,,0,1961,10575,57998.05,True,BEAR_CALL,False,primary,,12.51,LOW (<15),3,500,0
,,59100,,BEAR_CALL_BNF_58500_59100_W600,0,1,0,2026-07-02,FLAT,Thu-Fri,NORMAL,0,LOW,,3,2026-07-02,259.25,H2_EVAL,,0.09,BNF,,True,2,10222,7778,intraday,0,-175.5,0,,-175.5,S1_FULL_REGEN_20260715_DRAFT1,58500,,0,1962,10565,58010.65,True,BEAR_CALL,False,primary,,12.53,LOW (<15),3,600,0
,,57200,,BULL_PUT_BNF_57600_57200_W400,0,1,0,2026-07-02,FLAT,Thu-Fri,NORMAL,0,LOW,,3,2026-07-02,120.5,H2_EVAL,,0.09,BNF,,True,2,8385,3615,intraday,0,-127.5,0,,-127.5,S1_FULL_REGEN_20260715_DRAFT1,57600,,0,1963,10560,58058.4,True,BULL_PUT,False,primary,,12.5,LOW (<15),3,400,0
,,59000,,BEAR_CALL_BNF_58500_59000_W500,0,1,0,2026-07-02,FLAT,Thu-Fri,NORMAL,0,LOW,,3,2026-07-02,223.25,H2_EVAL,,0.09,BNF,,True,2,8302,6698,intraday,0,-96.0,0,,-96.0,S1_FULL_REGEN_20260715_DRAFT1,58500,,0,1964,10550,58023.05,True,BEAR_CALL,False,primary,,12.5,LOW (<15),3,500,0
,,58800,,BEAR_CALL_BNF_58400_58800_W400,0,1,0,2026-07-02,FLAT,Thu-Fri,NORMAL,0,LOW,,3,2026-07-02,179.4,H2_EVAL,,0.09,BNF,,True,2,6618,5382,intraday,0,-463.5,0,,-463.5,S1_FULL_REGEN_20260715_DRAFT1,58400,,0,1965,10540,57897.15,True,BEAR_CALL,False,primary,,12.52,LOW (<15),3,400,0
,,59000,,BEAR_CALL_BNF_58400_59000_W600,0,1,0,2026-07-02,FLAT,Thu-Fri,NORMAL,0,LOW,,3,2026-07-02,266.9,H2_EVAL,,0.09,BNF,,True,2,9993,8007,intraday,0,-349.5,0,,-349.5,S1_FULL_REGEN_20260715_DRAFT1,58400,,0,1966,10535,57947.25,True,BEAR_CALL,False,primary,,12.51,LOW (<15),3,600,0
,,59000,,BEAR_CALL_BNF_58400_59000_W600,0,1,0,2026-07-02,FLAT,Thu-Fri,NORMAL,0,LOW,,3,2026-07-02,267.3,H2_EVAL,,0.09,BNF,,True,2,9981,8019,intraday,0,-337.5,0,,-337.5,S1_FULL_REGEN_20260715_DRAFT1,58400,,0,1967,10530,57947.95,True,BEAR_CALL,False,primary,,12.52,LOW (<15),3,600,0
,,59000,,BEAR_CALL_BNF_58400_59000_W600,0,1,0,2026-07-02,FLAT,Thu-Fri,NORMAL,0,LOW,,3,2026-07-02,263.95,H2_EVAL,,0.09,BNF,,True,2,10082,7918,intraday,0,-438.0,0,,-438.0,S1_FULL_REGEN_20260715_DRAFT1,58400,,0,1968,10520,57932.85,True,BEAR_CALL,False,primary,,12.51,LOW (<15),3,600,0
,,59000,,BEAR_CALL_BNF_58400_59000_W600,0,1,0,2026-07-02,FLAT,Thu-Fri,NORMAL,0,LOW,,3,2026-07-02,261.95,H2_EVAL,,0.09,BNF,,True,2,10142,7858,intraday,0,-498.0,0,,-498.0,S1_FULL_REGEN_20260715_DRAFT1,58400,,0,1969,10510,57933.6,True,BEAR_CALL,False,primary,,12.52,LOW (<15),3,600,0
,,59000,,BEAR_CALL_BNF_58500_59000_W500,0,1,0,2026-07-02,FLAT,Thu-Fri,NORMAL,0,LOW,,3,2026-07-02,223.4,H2_EVAL,,0.09,BNF,,True,2,8298,6702,intraday,0,-91.5,0,,-91.5,S1_FULL_REGEN_20260715_DRAFT1,58500,,0,1970,10505,58044.2,True,BEAR_CALL,False,primary,,12.47,LOW (<15),3,500,0
,,59000,,BEAR_CALL_BNF_58500_59000_W500,0,1,0,2026-07-02,FLAT,Thu-Fri,NORMAL,0,LOW,,3,2026-07-02,220.95,H2_EVAL,,0.09,BNF,,True,2,8371,6629,intraday,0,-165.0,0,,-165.0,S1_FULL_REGEN_20260715_DRAFT1,58500,,0,1971,10495,58017.9,True,BEAR_CALL,False,primary,,12.47,LOW (<15),3,500,0
,,59000,,BEAR_CALL_BNF_58500_59000_W500,0,1,0,2026-07-02,FLAT,Thu-Fri,NORMAL,0,LOW,,3,2026-07-02,225.65,H2_EVAL,,0.09,BNF,,True,2,8230,6769,intraday,0,-24.0,0,,-24.0,S1_FULL_REGEN_20260715_DRAFT1,58500,,0,1972,10490,58038.45,True,BEAR_CALL,False,primary,,12.45,LOW (<15),3,500,0
,,59000,,BEAR_CALL_BNF_58500_59000_W500,0,1,0,2026-07-02,FLAT,Thu-Fri,NORMAL,0,LOW,,3,2026-07-02,226.25,H2_EVAL,,0.09,BNF,,True,2,8212,6788,intraday,0,-6.0,0,,-6.0,S1_FULL_REGEN_20260715_DRAFT1,58500,,0,1973,10485,58039.25,True,BEAR_CALL,False,primary,,12.42,LOW (<15),3,500,0
,,59000,,BEAR_CALL_BNF_58600_59000_W400,0,1,0,2026-07-02,FLAT,Thu-Fri,NORMAL,0,LOW,,3,2026-07-02,175.3,H2_EVAL,,0.09,BNF,,True,2,6741,5259,intraday,0,-117.0,0,,-117.0,S1_FULL_REGEN_20260715_DRAFT1,58600,,0,1974,10475,58082.5,True,BEAR_CALL,False,primary,,12.41,LOW (<15),3,400,0
,,57200,,BULL_PUT_BNF_57600_57200_W400,0,1,0,2026-07-02,FLAT,Thu-Fri,NORMAL,0,LOW,,3,2026-07-02,119.1,H2_EVAL,,0.09,BNF,,True,2,8427,3573,intraday,0,-169.5,0,,-169.5,S1_FULL_REGEN_20260715_DRAFT1,57600,,0,1975,10470,58054.9,True,BULL_PUT,False,primary,,12.36,LOW (<15),3,400,0
,,57200,,BULL_PUT_BNF_57600_57200_W400,0,1,0,2026-07-02,FLAT,Thu-Fri,NORMAL,0,LOW,,3,2026-07-02,120.6,H2_EVAL,,0.09,BNF,,True,2,8382,3618,intraday,0,-124.5,0,,-124.5,S1_FULL_REGEN_20260715_DRAFT1,57600,,0,1976,10465,58067.85,True,BULL_PUT,False,primary,,12.31,LOW (<15),3,400,0
,,59000,,BEAR_CALL_BNF_58500_59000_W500,0,1,0,2026-07-02,FLAT,Thu-Fri,NORMAL,0,LOW,,3,2026-07-02,226,H2_EVAL,,0.09,BNF,,True,2,8220,6780,intraday,0,-13.5,0,,-13.5,S1_FULL_REGEN_20260715_DRAFT1,58500,,0,1977,10460,58047.65,True,BEAR_CALL,False,primary,,12.32,LOW (<15),3,500,0
,,59000,,BEAR_CALL_BNF_58500_59000_W500,0,1,0,2026-07-02,FLAT,Thu-Fri,NORMAL,0,LOW,,3,2026-07-02,221.9,H2_EVAL,,0.09,BNF,,True,2,8343,6657,intraday,0,-136.5,0,,-136.5,S1_FULL_REGEN_20260715_DRAFT1,58500,,0,1978,10450,57985.7,True,BEAR_CALL,False,primary,,12.25,LOW (<15),3,500,0
,,59000,,BEAR_CALL_BNF_58500_59000_W500,0,1,0,2026-07-02,FLAT,Thu-Fri,NORMAL,0,LOW,,3,2026-07-02,224.35,H2_EVAL,,0.09,BNF,,True,2,8270,6731,intraday,0,-63.0,0,,-63.0,S1_FULL_REGEN_20260715_DRAFT1,58500,,0,1979,10440,57983.2,True,BEAR_CALL,False,primary,,12.25,LOW (<15),3,500,0
,,57200,,BULL_PUT_BNF_57600_57200_W400,0,1,0,2026-07-03,FLAT,Thu-Fri,NORMAL,0,LOW,,3,2026-07-03,119.1,H2_EVAL,,0.48,BNF,,True,2,8427,3573,intraday,0,-253.5,0,,-253.5,S1_FULL_REGEN_20260715_DRAFT1,57600,,0,1984,11415,58082.3,True,BULL_PUT,False,primary,,12.04,LOW (<15),4,400,0
,,59000,,BEAR_CALL_BNF_58600_59000_W400,1,1,0,2026-07-03,FLAT,Thu-Fri,NORMAL,0,LOW,,3,2026-07-03,179.85,H2_EVAL,,0.48,BNF,,True,2,6604,5396,intraday,0,454.5,1,,454.5,S1_FULL_REGEN_20260715_DRAFT1,58600,,0,1985,11405,58109.05,False,BEAR_CALL,True,primary,,12.03,LOW (<15),4,400,1
,,59000,,BEAR_CALL_BNF_58600_59000_W400,1,1,0,2026-07-03,FLAT,Thu-Fri,NORMAL,0,LOW,,3,2026-07-03,180.6,H2_EVAL,,0.48,BNF,,True,2,6582,5418,intraday,0,477.0,1,,477.0,S1_FULL_REGEN_20260715_DRAFT1,58600,,0,1986,11395,58089.2,False,BEAR_CALL,True,primary,,12.03,LOW (<15),4,400,1
,,59000,,BEAR_CALL_BNF_58600_59000_W400,1,1,0,2026-07-03,FLAT,Thu-Fri,NORMAL,0,LOW,,3,2026-07-03,181.45,H2_EVAL,,0.48,BNF,,True,2,6557,5443,intraday,0,502.5,1,,502.5,S1_FULL_REGEN_20260715_DRAFT1,58600,,0,1992,11390,58127.8,False,BEAR_CALL,True,primary,,11.96,LOW (<15),4,400,1
,,57200,,BULL_PUT_BNF_57600_57200_W400,0,1,0,2026-07-03,FLAT,Thu-Fri,NORMAL,0,LOW,,3,2026-07-03,119.75,H2_EVAL,,0.48,BNF,,True,2,8408,3592,intraday,0,-234.0,0,,-234.0,S1_FULL_REGEN_20260715_DRAFT1,57600,,0,1993,11385,58073.5,True,BULL_PUT,False,primary,,11.95,LOW (<15),4,400,0
,,59000,,BEAR_CALL_BNF_58600_59000_W400,1,1,0,2026-07-03,FLAT,Thu-Fri,NORMAL,0,LOW,,3,2026-07-03,179.1,H2_EVAL,,0.48,BNF,,True,2,6627,5373,intraday,0,432.0,1,,432.0,S1_FULL_REGEN_20260715_DRAFT1,58600,,0,1994,11375,58099.25,False,BEAR_CALL,True,primary,,11.98,LOW (<15),4,400,1
,,57300,,BULL_PUT_BNF_57700_57300_W400,0,1,0,2026-07-03,FLAT,Thu-Fri,NORMAL,0,LOW,,3,2026-07-03,123.05,H2_EVAL,,0.48,BNF,,True,2,8308,3692,intraday,0,-322.5,0,,-322.5,S1_FULL_REGEN_20260715_DRAFT1,57700,,0,1995,11370,58162.1,True,BULL_PUT,False,primary,,11.94,LOW (<15),4,400,0
,,59000,,BEAR_CALL_BNF_58600_59000_W400,1,1,0,2026-07-03,FLAT,Thu-Fri,NORMAL,0,LOW,,3,2026-07-03,181.7,H2_EVAL,,0.48,BNF,,True,2,6549,5451,intraday,0,510.0,1,,510.0,S1_FULL_REGEN_20260715_DRAFT1,58600,,0,1996,11365,58139.7,False,BEAR_CALL,True,primary,,12,LOW (<15),4,400,1
,,59000,,BEAR_CALL_BNF_58600_59000_W400,1,1,0,2026-07-03,FLAT,Thu-Fri,NORMAL,0,LOW,,3,2026-07-03,179.75,H2_EVAL,,0.48,BNF,,True,2,6608,5392,intraday,0,451.5,1,,451.5,S1_FULL_REGEN_20260715_DRAFT1,58600,,0,1997,11355,58092.15,False,BEAR_CALL,True,primary,,11.98,LOW (<15),4,400,1
,,59000,,BEAR_CALL_BNF_58600_59000_W400,1,1,0,2026-07-03,FLAT,Thu-Fri,NORMAL,0,LOW,,3,2026-07-03,179.3,H2_EVAL,,0.48,BNF,,True,2,6621,5379,intraday,0,438.0,1,,438.0,S1_FULL_REGEN_20260715_DRAFT1,58600,,0,1998,11350,58112.25,False,BEAR_CALL,True,primary,,11.93,LOW (<15),4,400,1
,,57200,,BULL_PUT_BNF_57600_57200_W400,0,1,0,2026-07-03,FLAT,Thu-Fri,NORMAL,0,LOW,,3,2026-07-03,117.95,H2_EVAL,,0.48,BNF,,True,2,8462,3538,intraday,0,-288.0,0,,-288.0,S1_FULL_REGEN_20260715_DRAFT1,57600,,0,1999,11345,58084.95,True,BULL_PUT,False,primary,,11.95,LOW (<15),4,400,0
,,59000,,BEAR_CALL_BNF_58600_59000_W400,1,1,0,2026-07-03,FLAT,Thu-Fri,NORMAL,0,LOW,,3,2026-07-03,179.75,H2_EVAL,,0.48,BNF,,True,2,6608,5392,intraday,0,451.5,1,,451.5,S1_FULL_REGEN_20260715_DRAFT1,58600,,0,2000,11335,58093,False,BEAR_CALL,True,primary,,11.94,LOW (<15),4,400,1
,,59000,,BEAR_CALL_BNF_58500_59000_W500,1,1,0,2026-07-03,FLAT,Thu-Fri,NORMAL,0,LOW,,3,2026-07-03,222.35,H2_EVAL,,0.48,BNF,,True,2,8330,6671,intraday,0,301.5,1,,301.5,S1_FULL_REGEN_20260715_DRAFT1,58500,,0,2001,11330,58042,False,BEAR_CALL,True,primary,,11.9,LOW (<15),4,500,1
,,59000,,BEAR_CALL_BNF_58500_59000_W500,1,1,0,2026-07-03,FLAT,Thu-Fri,NORMAL,0,LOW,,3,2026-07-03,224.65,H2_EVAL,,0.48,BNF,,True,2,8260,6739,intraday,0,370.5,1,,370.5,S1_FULL_REGEN_20260715_DRAFT1,58500,,0,2002,11325,58024.75,False,BEAR_CALL,True,primary,,11.91,LOW (<15),4,500,1
,,59000,,BEAR_CALL_BNF_58500_59000_W500,1,1,0,2026-07-03,FLAT,Thu-Fri,NORMAL,0,LOW,,3,2026-07-03,225.9,H2_EVAL,,0.48,BNF,,True,2,8223,6777,intraday,0,408.0,1,,408.0,S1_FULL_REGEN_20260715_DRAFT1,58500,,0,2003,11320,58040.25,False,BEAR_CALL,True,primary,,11.89,LOW (<15),4,500,1
,,57100,,BULL_PUT_BNF_57500_57100_W400,0,1,0,2026-07-03,FLAT,Thu-Fri,NORMAL,0,LOW,,3,2026-07-03,117.2,H2_EVAL,,0.48,BNF,,True,2,8484,3516,intraday,0,-174.0,0,,-174.0,S1_FULL_REGEN_20260715_DRAFT1,57500,,0,2004,11315,57984.9,True,BULL_PUT,False,primary,,11.87,LOW (<15),4,400,0
,,57100,,BULL_PUT_BNF_57500_57100_W400,0,1,0,2026-07-03,FLAT,Thu-Fri,NORMAL,0,LOW,,3,2026-07-03,120.95,H2_EVAL,,0.48,BNF,,True,2,8372,3628,intraday,0,-61.5,0,,-61.5,S1_FULL_REGEN_20260715_DRAFT1,57500,,0,2005,11310,57958.05,True,BULL_PUT,False,primary,,11.89,LOW (<15),4,400,0
,,59000,,BEAR_CALL_BNF_58400_59000_W600,1,1,0,2026-07-03,FLAT,Thu-Fri,NORMAL,0,LOW,,3,2026-07-03,264.6,H2_EVAL,,0.48,BNF,,True,2,10062,7938,intraday,0,217.5,1,,217.5,S1_FULL_REGEN_20260715_DRAFT1,58400,,0,2006,11305,57943.35,False,BEAR_CALL,True,primary,,11.89,LOW (<15),4,600,1
,,59000,,BEAR_CALL_BNF_58400_59000_W600,1,1,0,2026-07-03,FLAT,Thu-Fri,NORMAL,0,LOW,,3,2026-07-03,264.75,H2_EVAL,,0.48,BNF,,True,2,10058,7942,intraday,0,222.0,1,,222.0,S1_FULL_REGEN_20260715_DRAFT1,58400,,0,2007,11300,57943.75,False,BEAR_CALL,True,primary,,11.9,LOW (<15),4,600,1
,,59000,,BEAR_CALL_BNF_58500_59000_W500,1,1,0,2026-07-03,FLAT,Thu-Fri,NORMAL,0,LOW,,3,2026-07-03,220.6,H2_EVAL,,0.48,BNF,,True,2,8382,6618,intraday,0,249.0,1,,249.0,S1_FULL_REGEN_20260715_DRAFT1,58500,,0,2008,11290,57993.7,False,BEAR_CALL,True,primary,,11.89,LOW (<15),4,500,1
,,59000,,BEAR_CALL_BNF_58500_59000_W500,1,1,0,2026-07-03,FLAT,Thu-Fri,NORMAL,0,LOW,,3,2026-07-03,219.9,H2_EVAL,,0.48,BNF,,True,2,8403,6597,intraday,0,228.0,1,,228.0,S1_FULL_REGEN_20260715_DRAFT1,58500,,0,2009,11280,57993.85,False,BEAR_CALL,True,primary,,11.88,LOW (<15),4,500,1
,,59000,,BEAR_CALL_BNF_58500_59000_W500,1,1,0,2026-07-03,FLAT,Thu-Fri,NORMAL,0,LOW,,3,2026-07-03,221.8,H2_EVAL,,0.48,BNF,,True,2,8346,6654,intraday,0,285.0,1,,285.0,S1_FULL_REGEN_20260715_DRAFT1,58500,,0,2010,11275,58035,False,BEAR_CALL,True,primary,,11.85,LOW (<15),4,500,1
,,57200,,BULL_PUT_BNF_57600_57200_W400,0,1,0,2026-07-03,FLAT,Thu-Fri,NORMAL,0,LOW,,3,2026-07-03,119.65,H2_EVAL,,0.48,BNF,,True,2,8410,3589,intraday,0,-237.0,0,,-237.0,S1_FULL_REGEN_20260715_DRAFT1,57600,,0,2011,11270,58070.8,True,BULL_PUT,False,primary,,11.84,LOW (<15),4,400,0
,,57200,,BULL_PUT_BNF_57600_57200_W400,0,1,0,2026-07-03,FLAT,Thu-Fri,NORMAL,0,LOW,,3,2026-07-03,120.55,H2_EVAL,,0.48,BNF,,True,2,8384,3617,intraday,0,-210.0,0,,-210.0,S1_FULL_REGEN_20260715_DRAFT1,57600,,0,2012,11265,58061.4,True,BULL_PUT,False,primary,,11.84,LOW (<15),4,400,0
,,59000,,BEAR_CALL_BNF_58500_59000_W500,1,1,0,2026-07-03,FLAT,Thu-Fri,NORMAL,0,LOW,,3,2026-07-03,222.55,H2_EVAL,,0.48,BNF,,True,2,8324,6676,intraday,0,307.5,1,,307.5,S1_FULL_REGEN_20260715_DRAFT1,58500,,0,2013,11260,58040.05,False,BEAR_CALL,True,primary,,11.85,LOW (<15),4,500,1
,,59000,,BEAR_CALL_BNF_58500_59000_W500,1,1,0,2026-07-03,FLAT,Thu-Fri,NORMAL,0,LOW,,3,2026-07-03,220.55,H2_EVAL,,0.48,BNF,,True,2,8384,6616,intraday,0,247.5,1,,247.5,S1_FULL_REGEN_20260715_DRAFT1,58500,,0,2014,11255,58034.5,False,BEAR_CALL,True,primary,,11.85,LOW (<15),4,500,1
,,59000,,BEAR_CALL_BNF_58500_59000_W500,1,1,0,2026-07-03,FLAT,Thu-Fri,NORMAL,0,LOW,,3,2026-07-03,220.3,H2_EVAL,,0.48,BNF,,True,2,8391,6609,intraday,0,240.0,1,,240.0,S1_FULL_REGEN_20260715_DRAFT1,58500,,0,2015,11250,58013.65,False,BEAR_CALL,True,primary,,11.85,LOW (<15),4,500,1
,,59000,,BEAR_CALL_BNF_58500_59000_W500,1,1,0,2026-07-03,FLAT,Thu-Fri,NORMAL,0,LOW,,3,2026-07-03,221.3,H2_EVAL,,0.48,BNF,,True,2,8361,6639,intraday,0,270.0,1,,270.0,S1_FULL_REGEN_20260715_DRAFT1,58500,,0,2016,11245,58021.75,False,BEAR_CALL,True,primary,,11.85,LOW (<15),4,500,1
,,59000,,BEAR_CALL_BNF_58500_59000_W500,1,1,0,2026-07-03,FLAT,Thu-Fri,NORMAL,0,LOW,,3,2026-07-03,222.6,H2_EVAL,,0.48,BNF,,True,2,8322,6678,intraday,0,309.0,1,,309.0,S1_FULL_REGEN_20260715_DRAFT1,58500,,0,2017,11240,58038.85,False,BEAR_CALL,True,primary,,11.85,LOW (<15),4,500,1
,,59000,,BEAR_CALL_BNF_58500_59000_W500,1,1,0,2026-07-03,FLAT,Thu-Fri,NORMAL,0,LOW,,3,2026-07-03,219.3,H2_EVAL,,0.48,BNF,,True,2,8421,6579,intraday,0,210.0,1,,210.0,S1_FULL_REGEN_20260715_DRAFT1,58500,,0,2018,11230,58000.65,False,BEAR_CALL,True,primary,,11.84,LOW (<15),4,500,1
,,59000,,BEAR_CALL_BNF_58500_59000_W500,1,1,0,2026-07-03,FLAT,Thu-Fri,NORMAL,0,LOW,,3,2026-07-03,220.95,H2_EVAL,,0.48,BNF,,True,2,8372,6628,intraday,0,259.5,1,,259.5,S1_FULL_REGEN_20260715_DRAFT1,58500,,0,2019,11225,58014.35,False,BEAR_CALL,True,primary,,11.9,LOW (<15),4,500,1
,,57100,,BULL_PUT_BNF_57500_57100_W400,0,1,0,2026-07-03,FLAT,Thu-Fri,NORMAL,0,LOW,,3,2026-07-03,116.55,H2_EVAL,,0.48,BNF,,True,2,8504,3497,intraday,0,-193.5,0,,-193.5,S1_FULL_REGEN_20260715_DRAFT1,57500,,0,2020,11220,57979.2,True,BULL_PUT,False,primary,,11.87,LOW (<15),4,400,0
,,57100,,BULL_PUT_BNF_57500_57100_W400,0,1,0,2026-07-03,FLAT,Thu-Fri,NORMAL,0,LOW,,3,2026-07-03,115.65,H2_EVAL,,0.48,BNF,,True,2,8530,3469,intraday,0,-220.5,0,,-220.5,S1_FULL_REGEN_20260715_DRAFT1,57500,,0,2021,11215,57989.35,True,BULL_PUT,False,primary,,11.87,LOW (<15),4,400,0
,,57100,,BULL_PUT_BNF_57500_57100_W400,0,1,0,2026-07-03,FLAT,Thu-Fri,NORMAL,0,LOW,,3,2026-07-03,117.3,H2_EVAL,,0.48,BNF,,True,2,8481,3519,intraday,0,-171.0,0,,-171.0,S1_FULL_REGEN_20260715_DRAFT1,57500,,0,2022,11210,57969.05,True,BULL_PUT,False,primary,,11.85,LOW (<15),4,400,0
,,57100,,BULL_PUT_BNF_57500_57100_W400,0,1,0,2026-07-03,FLAT,Thu-Fri,NORMAL,0,LOW,,3,2026-07-03,117.4,H2_EVAL,,0.48,BNF,,True,2,8478,3522,intraday,0,-168.0,0,,-168.0,S1_FULL_REGEN_20260715_DRAFT1,57500,,0,2023,11205,57963.4,True,BULL_PUT,False,primary,,11.85,LOW (<15),4,400,0
,,57100,,BULL_PUT_BNF_57500_57100_W400,0,1,0,2026-07-03,FLAT,Thu-Fri,NORMAL,0,LOW,,3,2026-07-03,118.9,H2_EVAL,,0.48,BNF,,True,2,8433,3567,intraday,0,-123.0,0,,-123.0,S1_FULL_REGEN_20260715_DRAFT1,57500,,0,2024,11200,57953.15,True,BULL_PUT,False,primary,,11.85,LOW (<15),4,400,0
,,58900,,BEAR_CALL_BNF_58400_58900_W500,1,1,0,2026-07-03,FLAT,Thu-Fri,NORMAL,0,LOW,,3,2026-07-03,223.6,H2_EVAL,,0.48,BNF,,True,2,8292,6708,intraday,0,129.0,1,,129.0,S1_FULL_REGEN_20260715_DRAFT1,58400,,0,2025,11195,57948.9,False,BEAR_CALL,True,primary,,11.83,LOW (<15),4,500,1
,,57000,,BULL_PUT_BNF_57400_57000_W400,1,1,0,2026-07-03,FLAT,Thu-Fri,NORMAL,0,LOW,,3,2026-07-03,117.95,H2_EVAL,,0.48,BNF,,True,2,8461,3539,intraday,0,73.5,1,,73.5,S1_FULL_REGEN_20260715_DRAFT1,57400,,0,2026,11190,57885.5,False,BULL_PUT,True,primary,,11.89,LOW (<15),4,400,1
,,57000,,BULL_PUT_BNF_57400_57000_W400,1,1,0,2026-07-03,FLAT,Thu-Fri,NORMAL,0,LOW,,3,2026-07-03,120.7,H2_EVAL,,0.48,BNF,,True,2,8379,3621,intraday,0,156.0,1,,156.0,S1_FULL_REGEN_20260715_DRAFT1,57400,,0,2027,11185,57866.5,False,BULL_PUT,True,primary,,11.89,LOW (<15),4,400,1
,,57000,,BULL_PUT_BNF_57400_57000_W400,1,1,0,2026-07-03,FLAT,Thu-Fri,NORMAL,0,LOW,,3,2026-07-03,120.2,H2_EVAL,,0.48,BNF,,True,2,8394,3606,intraday,0,141.0,1,,141.0,S1_FULL_REGEN_20260715_DRAFT1,57400,,0,2028,11180,57891.45,False,BULL_PUT,True,primary,,11.89,LOW (<15),4,400,1
,,57000,,BULL_PUT_BNF_57400_57000_W400,1,1,0,2026-07-03,FLAT,Thu-Fri,NORMAL,0,LOW,,3,2026-07-03,118.9,H2_EVAL,,0.48,BNF,,True,2,8433,3567,intraday,0,102.0,1,,102.0,S1_FULL_REGEN_20260715_DRAFT1,57400,,0,2029,11175,57877.15,False,BULL_PUT,True,primary,,11.89,LOW (<15),4,400,1
,,57000,,BULL_PUT_BNF_57400_57000_W400,1,1,0,2026-07-03,FLAT,Thu-Fri,NORMAL,0,LOW,,3,2026-07-03,118.15,H2_EVAL,,0.48,BNF,,True,2,8456,3544,intraday,0,79.5,1,,79.5,S1_FULL_REGEN_20260715_DRAFT1,57400,,0,2030,11170,57886.2,False,BULL_PUT,True,primary,,11.88,LOW (<15),4,400,1
,,57000,,BULL_PUT_BNF_57400_57000_W400,1,1,0,2026-07-03,FLAT,Thu-Fri,NORMAL,0,LOW,,3,2026-07-03,118.3,H2_EVAL,,0.48,BNF,,True,2,8451,3549,intraday,0,84.0,1,,84.0,S1_FULL_REGEN_20260715_DRAFT1,57400,,0,2031,11165,57874.45,False,BULL_PUT,True,primary,,11.87,LOW (<15),4,400,1
,,58700,,BEAR_CALL_BNF_58300_58700_W400,0,1,0,2026-07-03,FLAT,Thu-Fri,NORMAL,0,LOW,,3,2026-07-03,180.5,H2_EVAL,,0.48,BNF,,True,2,6585,5415,intraday,0,-195.0,0,,-195.0,S1_FULL_REGEN_20260715_DRAFT1,58300,,0,2032,11160,57834.45,True,BEAR_CALL,False,primary,,11.94,LOW (<15),4,400,0
,,58700,,BEAR_CALL_BNF_58300_58700_W400,0,1,0,2026-07-03,FLAT,Thu-Fri,NORMAL,0,LOW,,3,2026-07-03,182.7,H2_EVAL,,0.48,BNF,,True,2,6519,5481,intraday,0,-129.0,0,,-129.0,S1_FULL_REGEN_20260715_DRAFT1,58300,,0,2033,11155,57841.75,True,BEAR_CALL,False,primary,,11.92,LOW (<15),4,400,0
,,57000,,BULL_PUT_BNF_57400_57000_W400,1,1,0,2026-07-03,FLAT,Thu-Fri,NORMAL,0,LOW,,3,2026-07-03,117.95,H2_EVAL,,0.48,BNF,,True,2,8462,3538,intraday,0,73.5,1,,73.5,S1_FULL_REGEN_20260715_DRAFT1,57400,,0,2034,11150,57869.05,False,BULL_PUT,True,primary,,11.94,LOW (<15),4,400,1
,,57000,,BULL_PUT_BNF_57400_57000_W400,1,1,0,2026-07-03,FLAT,Thu-Fri,NORMAL,0,LOW,,3,2026-07-03,117.5,H2_EVAL,,0.48,BNF,,True,2,8475,3525,intraday,0,60.0,1,,60.0,S1_FULL_REGEN_20260715_DRAFT1,57400,,0,2035,11145,57883.05,False,BULL_PUT,True,primary,,11.9,LOW (<15),4,400,1
,,57000,,BULL_PUT_BNF_57400_57000_W400,1,1,0,2026-07-03,FLAT,Thu-Fri,NORMAL,0,LOW,,3,2026-07-03,118.2,H2_EVAL,,0.48,BNF,,True,2,8454,3546,intraday,0,81.0,1,,81.0,S1_FULL_REGEN_20260715_DRAFT1,57400,,0,2036,11140,57883.6,False,BULL_PUT,True,primary,,11.9,LOW (<15),4,400,1
,,57000,,BULL_PUT_BNF_57400_57000_W400,1,1,0,2026-07-03,FLAT,Thu-Fri,NORMAL,0,LOW,,3,2026-07-03,119.55,H2_EVAL,,0.48,BNF,,True,2,8414,3587,intraday,0,121.5,1,,121.5,S1_FULL_REGEN_20260715_DRAFT1,57400,,0,2037,11135,57858.9,False,BULL_PUT,True,primary,,11.94,LOW (<15),4,400,1
,,58700,,BEAR_CALL_BNF_58300_58700_W400,0,1,0,2026-07-03,FLAT,Thu-Fri,NORMAL,0,LOW,,3,2026-07-03,179.9,H2_EVAL,,0.48,BNF,,True,2,6603,5397,intraday,0,-213.0,0,,-213.0,S1_FULL_REGEN_20260715_DRAFT1,58300,,0,2038,11130,57838.05,True,BEAR_CALL,False,primary,,11.97,LOW (<15),4,400,0
,,57000,,BULL_PUT_BNF_57400_57000_W400,1,1,0,2026-07-03,FLAT,Thu-Fri,NORMAL,0,LOW,,3,2026-07-03,118.35,H2_EVAL,,0.48,BNF,,True,2,8450,3550,intraday,0,85.5,1,,85.5,S1_FULL_REGEN_20260715_DRAFT1,57400,,0,2039,11125,57861.2,False,BULL_PUT,True,primary,,11.95,LOW (<15),4,400,1
,,59000,,BEAR_CALL_BNF_58400_59000_W600,0,1,0,2026-07-03,FLAT,Thu-Fri,NORMAL,0,LOW,,3,2026-07-03,254.5,H2_EVAL,,0.48,BNF,,True,2,10365,7635,intraday,0,-85.5,0,,-85.5,S1_FULL_REGEN_20260715_DRAFT1,58400,,0,2040,11115,57896.15,True,BEAR_CALL,False,primary,,11.9,LOW (<15),4,600,0
,,57000,,BULL_PUT_BNF_57400_57000_W400,1,1,0,2026-07-03,FLAT,Thu-Fri,NORMAL,0,LOW,,3,2026-07-03,120,H2_EVAL,,0.48,BNF,,True,2,8400,3600,intraday,0,135.0,1,,135.0,S1_FULL_REGEN_20260715_DRAFT1,57400,,0,2041,11110,57880.15,False,BULL_PUT,True,primary,,11.96,LOW (<15),4,400,1
,,57000,,BULL_PUT_BNF_57400_57000_W400,1,1,0,2026-07-03,FLAT,Thu-Fri,NORMAL,0,LOW,,3,2026-07-03,117.85,H2_EVAL,,0.48,BNF,,True,2,8465,3535,intraday,0,70.5,1,,70.5,S1_FULL_REGEN_20260715_DRAFT1,57400,,0,2042,11105,57879.15,False,BULL_PUT,True,primary,,11.95,LOW (<15),4,400,1
,,58900,,BEAR_CALL_BNF_58400_58900_W500,0,1,0,2026-07-03,FLAT,Thu-Fri,NORMAL,0,LOW,,3,2026-07-03,214.65,H2_EVAL,,0.48,BNF,,True,2,8560,6439,intraday,0,-139.5,0,,-139.5,S1_FULL_REGEN_20260715_DRAFT1,58400,,0,2043,11100,57911.1,True,BEAR_CALL,False,primary,,11.9,LOW (<15),4,500,0
,,59000,,BEAR_CALL_BNF_58400_59000_W600,0,1,0,2026-07-03,FLAT,Thu-Fri,NORMAL,0,LOW,,3,2026-07-03,253.05,H2_EVAL,,0.48,BNF,,True,2,10409,7591,intraday,0,-129.0,0,,-129.0,S1_FULL_REGEN_20260715_DRAFT1,58400,,0,2044,11090,57905.05,True,BEAR_CALL,False,primary,,11.86,LOW (<15),4,600,0
,,58900,,BEAR_CALL_BNF_58400_58900_W500,0,1,0,2026-07-03,FLAT,Thu-Fri,NORMAL,0,LOW,,3,2026-07-03,217.85,H2_EVAL,,0.48,BNF,,True,2,8465,6535,intraday,0,-43.5,0,,-43.5,S1_FULL_REGEN_20260715_DRAFT1,58400,,0,2045,11085,57927.85,True,BEAR_CALL,False,primary,,11.78,LOW (<15),4,500,0
,,59000,,BEAR_CALL_BNF_58400_59000_W600,0,1,0,2026-07-03,FLAT,Thu-Fri,NORMAL,0,LOW,,3,2026-07-03,254.1,H2_EVAL,,0.48,BNF,,True,2,10377,7623,intraday,0,-97.5,0,,-97.5,S1_FULL_REGEN_20260715_DRAFT1,58400,,0,2046,11080,57929.95,True,BEAR_CALL,False,primary,,11.81,LOW (<15),4,600,0
,,59000,,BEAR_CALL_BNF_58400_59000_W600,0,1,0,2026-07-03,FLAT,Thu-Fri,NORMAL,0,LOW,,3,2026-07-03,255.35,H2_EVAL,,0.48,BNF,,True,2,10340,7660,intraday,0,-60.0,0,,-60.0,S1_FULL_REGEN_20260715_DRAFT1,58400,,0,2047,11075,57949.8,True,BEAR_CALL,False,primary,,11.78,LOW (<15),4,600,0
,,59000,,BEAR_CALL_BNF_58400_59000_W600,0,1,0,2026-07-03,FLAT,Thu-Fri,NORMAL,0,LOW,,3,2026-07-03,256.3,H2_EVAL,,0.48,BNF,,True,2,10311,7689,intraday,0,-31.5,0,,-31.5,S1_FULL_REGEN_20260715_DRAFT1,58400,,0,2048,11070,57945.75,True,BEAR_CALL,False,primary,,11.83,LOW (<15),4,600,0
,,57100,,BULL_PUT_BNF_57500_57100_W400,0,1,0,2026-07-03,FLAT,Thu-Fri,NORMAL,0,LOW,,3,2026-07-03,118.4,H2_EVAL,,0.48,BNF,,True,2,8448,3552,intraday,0,-138.0,0,,-138.0,S1_FULL_REGEN_20260715_DRAFT1,57500,,0,2049,11065,57953.25,True,BULL_PUT,False,primary,,11.81,LOW (<15),4,400,0
,,57600,,BULL_PUT_BNF_58000_57600_W400,0,1,0,2026-07-07,FLAT,Mon-Wed,NORMAL,0,LOW,,3,2026-07-07,118.65,H2_EVAL,,0.14,BNF,,True,2,8440,3559,intraday,0,-519.0,0,,-519.0,S1_FULL_REGEN_20260715_DRAFT1,58000,,0,2136,11925,58489.3,True,BULL_PUT,False,primary,,11.83,LOW (<15),1,400,0
,,57600,,BULL_PUT_BNF_58000_57600_W400,0,1,0,2026-07-07,FLAT,Mon-Wed,NORMAL,0,LOW,,3,2026-07-07,120.3,H2_EVAL,,0.14,BNF,,True,2,8391,3609,intraday,0,-469.5,0,,-469.5,S1_FULL_REGEN_20260715_DRAFT1,58000,,0,2137,11920,58490.85,True,BULL_PUT,False,primary,,11.8,LOW (<15),1,400,0
,,57500,,BULL_PUT_BNF_57900_57500_W400,0,1,0,2026-07-07,FLAT,Mon-Wed,NORMAL,0,LOW,,3,2026-07-07,118.05,H2_EVAL,,0.14,BNF,,True,2,8458,3542,intraday,0,-309.0,0,,-309.0,S1_FULL_REGEN_20260715_DRAFT1,57900,,0,2138,11910,58384.5,True,BULL_PUT,False,primary,,11.91,LOW (<15),1,400,0
,,57600,,BULL_PUT_BNF_58000_57600_W400,0,1,0,2026-07-07,FLAT,Mon-Wed,NORMAL,0,LOW,,3,2026-07-07,125.5,H2_EVAL,,0.14,BNF,,True,2,8235,3765,intraday,0,-313.5,0,,-313.5,S1_FULL_REGEN_20260715_DRAFT1,58000,,0,2139,11900,58376.6,True,BULL_PUT,False,primary,,11.87,LOW (<15),1,400,0
,,59300,,BEAR_CALL_BNF_58900_59300_W400,1,1,0,2026-07-07,FLAT,Mon-Wed,NORMAL,0,LOW,,3,2026-07-07,158.65,H2_EVAL,,0.14,BNF,,True,2,7241,4759,intraday,0,531.0,1,,531.0,S1_FULL_REGEN_20260715_DRAFT1,58900,,0,2140,11890,58414,False,BEAR_CALL,True,primary,,11.86,LOW (<15),1,400,1
,,59300,,BEAR_CALL_BNF_58900_59300_W400,1,1,0,2026-07-07,FLAT,Mon-Wed,NORMAL,0,LOW,,3,2026-07-07,159.15,H2_EVAL,,0.14,BNF,,True,2,7225,4775,intraday,0,546.0,1,,546.0,S1_FULL_REGEN_20260715_DRAFT1,58900,,0,2141,11880,58421.6,False,BEAR_CALL,True,primary,,11.84,LOW (<15),1,400,1
,,59300,,BEAR_CALL_BNF_58900_59300_W400,1,1,0,2026-07-07,FLAT,Mon-Wed,NORMAL,0,LOW,,3,2026-07-07,157.7,H2_EVAL,,0.14,BNF,,True,2,7269,4731,intraday,0,502.5,1,,502.5,S1_FULL_REGEN_20260715_DRAFT1,58900,,0,2142,11865,58400.2,False,BEAR_CALL,True,primary,,11.81,LOW (<15),1,400,1
,,59300,,BEAR_CALL_BNF_58900_59300_W400,1,1,0,2026-07-07,FLAT,Mon-Wed,NORMAL,0,LOW,,3,2026-07-07,159.75,H2_EVAL,,0.14,BNF,,True,2,7208,4792,intraday,0,564.0,1,,564.0,S1_FULL_REGEN_20260715_DRAFT1,58900,,0,2143,11855,58425.65,False,BEAR_CALL,True,primary,,11.79,LOW (<15),1,400,1
,,59300,,BEAR_CALL_BNF_58900_59300_W400,1,1,0,2026-07-07,FLAT,Mon-Wed,NORMAL,0,LOW,,3,2026-07-07,160.8,H2_EVAL,,0.14,BNF,,True,2,7176,4824,intraday,0,595.5,1,,595.5,S1_FULL_REGEN_20260715_DRAFT1,58900,,0,2144,11845,58420.5,False,BEAR_CALL,True,primary,,11.82,LOW (<15),1,400,1
,,59300,,BEAR_CALL_BNF_58900_59300_W400,1,1,0,2026-07-07,FLAT,Mon-Wed,NORMAL,0,LOW,,3,2026-07-07,158.35,H2_EVAL,,0.14,BNF,,True,2,7250,4750,intraday,0,522.0,1,,522.0,S1_FULL_REGEN_20260715_DRAFT1,58900,,0,2145,11830,58406.15,False,BEAR_CALL,True,primary,,11.8,LOW (<15),1,400,1
,,59300,,BEAR_CALL_BNF_58900_59300_W400,1,1,0,2026-07-07,FLAT,Mon-Wed,NORMAL,0,LOW,,3,2026-07-07,158.8,H2_EVAL,,0.14,BNF,,True,2,7236,4764,intraday,0,535.5,1,,535.5,S1_FULL_REGEN_20260715_DRAFT1,58900,,0,2146,11815,58406.25,False,BEAR_CALL,True,primary,,11.79,LOW (<15),1,400,1
,,57600,,BULL_PUT_BNF_58000_57600_W400,0,1,0,2026-07-07,FLAT,Mon-Wed,NORMAL,0,LOW,,3,2026-07-07,121.35,H2_EVAL,,0.14,BNF,,True,2,8360,3641,intraday,0,-438.0,0,,-438.0,S1_FULL_REGEN_20260715_DRAFT1,58000,,0,2147,11810,58456.5,True,BULL_PUT,False,primary,,11.79,LOW (<15),1,400,0
,,59300,,BEAR_CALL_BNF_58900_59300_W400,1,1,0,2026-07-07,FLAT,Mon-Wed,NORMAL,0,LOW,,3,2026-07-07,158.65,H2_EVAL,,0.14,BNF,,True,2,7241,4759,intraday,0,531.0,1,,531.0,S1_FULL_REGEN_20260715_DRAFT1,58900,,0,2148,11795,58405.65,False,BEAR_CALL,True,primary,,11.77,LOW (<15),1,400,1
,,59300,,BEAR_CALL_BNF_58900_59300_W400,1,1,0,2026-07-07,FLAT,Mon-Wed,NORMAL,0,LOW,,3,2026-07-07,159.25,H2_EVAL,,0.14,BNF,,True,2,7222,4778,intraday,0,549.0,1,,549.0,S1_FULL_REGEN_20260715_DRAFT1,58900,,0,2149,11780,58394.7,False,BEAR_CALL,True,primary,,11.77,LOW (<15),1,400,1
,,59300,,BEAR_CALL_BNF_58900_59300_W400,1,1,0,2026-07-07,FLAT,Mon-Wed,NORMAL,0,LOW,,3,2026-07-07,158.85,H2_EVAL,,0.14,BNF,,True,2,7234,4766,intraday,0,537.0,1,,537.0,S1_FULL_REGEN_20260715_DRAFT1,58900,,0,2150,11765,58399.1,False,BEAR_CALL,True,primary,,11.76,LOW (<15),1,400,1
,,59300,,BEAR_CALL_BNF_58900_59300_W400,1,1,0,2026-07-07,FLAT,Mon-Wed,NORMAL,0,LOW,,3,2026-07-07,159.75,H2_EVAL,,0.14,BNF,,True,2,7208,4792,intraday,0,564.0,1,,564.0,S1_FULL_REGEN_20260715_DRAFT1,58900,,0,2151,11755,58418.4,False,BEAR_CALL,True,primary,,11.72,LOW (<15),1,400,1
,,57600,,BULL_PUT_BNF_58000_57600_W400,0,1,0,2026-07-07,FLAT,Mon-Wed,NORMAL,0,LOW,,3,2026-07-07,124,H2_EVAL,,0.14,BNF,,True,2,8280,3720,intraday,0,-358.5,0,,-358.5,S1_FULL_REGEN_20260715_DRAFT1,58000,,0,2152,11745,58385.35,True,BULL_PUT,False,primary,,11.73,LOW (<15),1,400,0
,,59300,,BEAR_CALL_BNF_58900_59300_W400,1,1,0,2026-07-07,FLAT,Mon-Wed,NORMAL,0,LOW,,3,2026-07-07,159.45,H2_EVAL,,0.14,BNF,,True,2,7216,4784,intraday,0,555.0,1,,555.0,S1_FULL_REGEN_20260715_DRAFT1,58900,,0,2153,11735,58408.55,False,BEAR_CALL,True,primary,,11.75,LOW (<15),1,400,1
,,57600,,BULL_PUT_BNF_58000_57600_W400,0,1,0,2026-07-07,FLAT,Mon-Wed,NORMAL,0,LOW,,3,2026-07-07,124.4,H2_EVAL,,0.14,BNF,,True,2,8268,3732,intraday,0,-346.5,0,,-346.5,S1_FULL_REGEN_20260715_DRAFT1,58000,,0,2154,11725,58383,True,BULL_PUT,False,primary,,11.72,LOW (<15),1,400,0
,,57600,,BULL_PUT_BNF_58000_57600_W400,0,1,0,2026-07-07,FLAT,Mon-Wed,NORMAL,0,LOW,,3,2026-07-07,126.5,H2_EVAL,,0.14,BNF,,True,2,8205,3795,intraday,0,-283.5,0,,-283.5,S1_FULL_REGEN_20260715_DRAFT1,58000,,0,2155,11715,58386.25,True,BULL_PUT,False,primary,,11.7,LOW (<15),1,400,0
,,57600,,BULL_PUT_BNF_58000_57600_W400,0,1,0,2026-07-07,FLAT,Mon-Wed,NORMAL,0,LOW,,3,2026-07-07,126.3,H2_EVAL,,0.14,BNF,,True,2,8211,3789,intraday,0,-289.5,0,,-289.5,S1_FULL_REGEN_20260715_DRAFT1,58000,,0,2156,11705,58389.7,True,BULL_PUT,False,primary,,11.69,LOW (<15),1,400,0
,,59300,,BEAR_CALL_BNF_58900_59300_W400,1,1,0,2026-07-07,FLAT,Mon-Wed,NORMAL,0,LOW,,3,2026-07-07,159.45,H2_EVAL,,0.14,BNF,,True,2,7216,4784,intraday,0,555.0,1,,555.0,S1_FULL_REGEN_20260715_DRAFT1,58900,,0,2157,11695,58424.75,False,BEAR_CALL,True,primary,,11.71,LOW (<15),1,400,1
,,59300,,BEAR_CALL_BNF_58900_59300_W400,1,1,0,2026-07-07,FLAT,Mon-Wed,NORMAL,0,LOW,,3,2026-07-07,159.15,H2_EVAL,,0.14,BNF,,True,2,7225,4775,intraday,0,546.0,1,,546.0,S1_FULL_REGEN_20260715_DRAFT1,58900,,0,2158,11685,58428,False,BEAR_CALL,True,primary,,11.71,LOW (<15),1,400,1
,,57500,,BULL_PUT_BNF_57900_57500_W400,0,1,0,2026-07-07,FLAT,Mon-Wed,NORMAL,0,LOW,,3,2026-07-07,117.9,H2_EVAL,,0.14,BNF,,True,2,8463,3537,intraday,0,-313.5,0,,-313.5,S1_FULL_REGEN_20260715_DRAFT1,57900,,0,2159,11675,58393.05,True,BULL_PUT,False,primary,,11.72,LOW (<15),1,400,0
,,59300,,BEAR_CALL_BNF_58900_59300_W400,1,1,0,2026-07-07,FLAT,Mon-Wed,NORMAL,0,LOW,,3,2026-07-07,156.5,H2_EVAL,,0.14,BNF,,True,2,7305,4695,intraday,0,466.5,1,,466.5,S1_FULL_REGEN_20260715_DRAFT1,58900,,0,2160,11665,58405.7,False,BEAR_CALL,True,primary,,11.72,LOW (<15),1,400,1
,,59300,,BEAR_CALL_BNF_58900_59300_W400,1,1,0,2026-07-07,FLAT,Mon-Wed,NORMAL,0,LOW,,3,2026-07-07,157.7,H2_EVAL,,0.14,BNF,,True,2,7269,4731,intraday,0,502.5,1,,502.5,S1_FULL_REGEN_20260715_DRAFT1,58900,,0,2161,11655,58431.85,False,BEAR_CALL,True,primary,,11.76,LOW (<15),1,400,1
,,59300,,BEAR_CALL_BNF_58900_59300_W400,1,1,0,2026-07-07,FLAT,Mon-Wed,NORMAL,0,LOW,,3,2026-07-07,157.5,H2_EVAL,,0.14,BNF,,True,2,7275,4725,intraday,0,496.5,1,,496.5,S1_FULL_REGEN_20260715_DRAFT1,58900,,0,2162,11645,58427.45,False,BEAR_CALL,True,primary,,11.78,LOW (<15),1,400,1
,,59300,,BEAR_CALL_BNF_58900_59300_W400,1,1,0,2026-07-07,FLAT,Mon-Wed,NORMAL,0,LOW,,3,2026-07-07,159.35,H2_EVAL,,0.14,BNF,,True,2,7219,4781,intraday,0,552.0,1,,552.0,S1_FULL_REGEN_20260715_DRAFT1,58900,,0,2163,11635,58439.2,False,BEAR_CALL,True,primary,,11.79,LOW (<15),1,400,1
,,59300,,BEAR_CALL_BNF_58900_59300_W400,1,1,0,2026-07-07,FLAT,Mon-Wed,NORMAL,0,LOW,,3,2026-07-07,160.75,H2_EVAL,,0.14,BNF,,True,2,7178,4822,intraday,0,594.0,1,,594.0,S1_FULL_REGEN_20260715_DRAFT1,58900,,0,2164,11625,58447,False,BEAR_CALL,True,primary,,11.74,LOW (<15),1,400,1
,,59300,,BEAR_CALL_BNF_58900_59300_W400,1,1,0,2026-07-07,FLAT,Mon-Wed,NORMAL,0,LOW,,3,2026-07-07,159.45,H2_EVAL,,0.14,BNF,,True,2,7216,4784,intraday,0,555.0,1,,555.0,S1_FULL_REGEN_20260715_DRAFT1,58900,,0,2165,11615,58433.25,False,BEAR_CALL,True,primary,,11.75,LOW (<15),1,400,1
,,57600,,BULL_PUT_BNF_58000_57600_W400,0,1,0,2026-07-07,FLAT,Mon-Wed,NORMAL,0,LOW,,3,2026-07-07,118.9,H2_EVAL,,0.14,BNF,,True,2,8433,3567,intraday,0,-511.5,0,,-511.5,S1_FULL_REGEN_20260715_DRAFT1,58000,,0,2166,11610,58467.9,True,BULL_PUT,False,primary,,11.76,LOW (<15),1,400,0
,,57600,,BULL_PUT_BNF_58000_57600_W400,0,1,0,2026-07-07,FLAT,Mon-Wed,NORMAL,0,LOW,,3,2026-07-07,119,H2_EVAL,,0.14,BNF,,True,2,8430,3570,intraday,0,-508.5,0,,-508.5,S1_FULL_REGEN_20260715_DRAFT1,58000,,0,2167,11605,58466.4,True,BULL_PUT,False,primary,,11.76,LOW (<15),1,400,0
,,57600,,BULL_PUT_BNF_58000_57600_W400,0,1,0,2026-07-07,FLAT,Mon-Wed,NORMAL,0,LOW,,3,2026-07-07,121.15,H2_EVAL,,0.14,BNF,,True,2,8366,3634,intraday,0,-444.0,0,,-444.0,S1_FULL_REGEN_20260715_DRAFT1,58000,,0,2168,11600,58452.2,True,BULL_PUT,False,primary,,11.75,LOW (<15),1,400,0
,,57600,,BULL_PUT_BNF_58000_57600_W400,0,1,0,2026-07-07,FLAT,Mon-Wed,NORMAL,0,LOW,,3,2026-07-07,120,H2_EVAL,,0.14,BNF,,True,2,8400,3600,intraday,0,-478.5,0,,-478.5,S1_FULL_REGEN_20260715_DRAFT1,58000,,0,2169,11595,58457.3,True,BULL_PUT,False,primary,,11.74,LOW (<15),1,400,0
,,59300,,BEAR_CALL_BNF_58900_59300_W400,1,1,0,2026-07-07,FLAT,Mon-Wed,NORMAL,0,LOW,,3,2026-07-07,157.6,H2_EVAL,,0.14,BNF,,True,2,7272,4728,intraday,0,499.5,1,,499.5,S1_FULL_REGEN_20260715_DRAFT1,58900,,0,2170,11580,58403.5,False,BEAR_CALL,True,primary,,11.71,LOW (<15),1,400,1
,,57500,,BULL_PUT_BNF_57900_57500_W400,0,1,0,2026-07-07,FLAT,Mon-Wed,NORMAL,0,LOW,,3,2026-07-07,117,H2_EVAL,,0.14,BNF,,True,2,8490,3510,intraday,0,-340.5,0,,-340.5,S1_FULL_REGEN_20260715_DRAFT1,57900,,0,2171,11570,58376.65,True,BULL_PUT,False,primary,,11.72,LOW (<15),1,400,0
,,57600,,BULL_PUT_BNF_58000_57600_W400,0,1,0,2026-07-07,FLAT,Mon-Wed,NORMAL,0,LOW,,3,2026-07-07,123.7,H2_EVAL,,0.14,BNF,,True,2,8289,3711,intraday,0,-367.5,0,,-367.5,S1_FULL_REGEN_20260715_DRAFT1,58000,,0,2172,11560,58392.1,True,BULL_PUT,False,primary,,11.74,LOW (<15),1,400,0
,,59300,,BEAR_CALL_BNF_58900_59300_W400,1,1,0,2026-07-07,FLAT,Mon-Wed,NORMAL,0,LOW,,3,2026-07-07,155.85,H2_EVAL,,0.14,BNF,,True,2,7324,4676,intraday,0,447.0,1,,447.0,S1_FULL_REGEN_20260715_DRAFT1,58900,,0,2173,11545,58401,False,BEAR_CALL,True,primary,,11.71,LOW (<15),1,400,1
,,59200,,BEAR_CALL_BNF_58800_59200_W400,1,1,0,2026-07-07,FLAT,Mon-Wed,NORMAL,0,LOW,,3,2026-07-07,159.25,H2_EVAL,,0.14,BNF,,True,2,7222,4778,intraday,0,276.0,1,,276.0,S1_FULL_REGEN_20260715_DRAFT1,58800,,0,2174,11535,58332.75,False,BEAR_CALL,True,primary,,11.68,LOW (<15),1,400,1
,,59200,,BEAR_CALL_BNF_58800_59200_W400,1,1,0,2026-07-07,FLAT,Mon-Wed,NORMAL,0,LOW,,3,2026-07-07,158.35,H2_EVAL,,0.14,BNF,,True,2,7249,4751,intraday,0,249.0,1,,249.0,S1_FULL_REGEN_20260715_DRAFT1,58800,,0,2175,11525,58316.95,False,BEAR_CALL,True,primary,,11.71,LOW (<15),1,400,1
,,59200,,BEAR_CALL_BNF_58800_59200_W400,1,1,0,2026-07-07,FLAT,Mon-Wed,NORMAL,0,LOW,,3,2026-07-07,158.85,H2_EVAL,,0.14,BNF,,True,2,7234,4766,intraday,0,264.0,1,,264.0,S1_FULL_REGEN_20260715_DRAFT1,58800,,0,2176,11515,58325.8,False,BEAR_CALL,True,primary,,11.66,LOW (<15),1,400,1
,,59200,,BEAR_CALL_BNF_58800_59200_W400,1,1,0,2026-07-07,FLAT,Mon-Wed,NORMAL,0,LOW,,3,2026-07-07,158.85,H2_EVAL,,0.14,BNF,,True,2,7234,4766,intraday,0,264.0,1,,264.0,S1_FULL_REGEN_20260715_DRAFT1,58800,,0,2177,11510,58327,False,BEAR_CALL,True,primary,,11.68,LOW (<15),1,400,1
,,59200,,BEAR_CALL_BNF_58800_59200_W400,1,1,0,2026-07-07,FLAT,Mon-Wed,NORMAL,0,LOW,,3,2026-07-07,157.7,H2_EVAL,,0.14,BNF,,True,2,7269,4731,intraday,0,229.5,1,,229.5,S1_FULL_REGEN_20260715_DRAFT1,58800,,0,2178,11505,58318.65,False,BEAR_CALL,True,primary,,11.69,LOW (<15),1,400,1
,,59200,,BEAR_CALL_BNF_58800_59200_W400,1,1,0,2026-07-07,FLAT,Mon-Wed,NORMAL,0,LOW,,3,2026-07-07,160.25,H2_EVAL,,0.14,BNF,,True,2,7192,4808,intraday,0,306.0,1,,306.0,S1_FULL_REGEN_20260715_DRAFT1,58800,,0,2179,11500,58326.25,False,BEAR_CALL,True,primary,,11.72,LOW (<15),1,400,1
,,57400,,BULL_PUT_BNF_57800_57400_W400,0,1,0,2026-07-07,FLAT,Mon-Wed,NORMAL,0,LOW,,3,2026-07-07,114.75,H2_EVAL,,0.14,BNF,,True,2,8558,3442,intraday,0,-171.0,0,,-171.0,S1_FULL_REGEN_20260715_DRAFT1,57800,,0,2180,11495,58285.6,True,BULL_PUT,False,primary,,11.65,LOW (<15),1,400,0
,,59100,,BEAR_CALL_BNF_58700_59100_W400,1,1,0,2026-07-07,FLAT,Mon-Wed,NORMAL,0,LOW,,3,2026-07-07,163,H2_EVAL,,0.14,BNF,,True,2,7110,4890,intraday,0,91.5,1,,91.5,S1_FULL_REGEN_20260715_DRAFT1,58700,,0,2181,11490,58249.9,False,BEAR_CALL,True,primary,,11.72,LOW (<15),1,400,1
,,59100,,BEAR_CALL_BNF_58700_59100_W400,1,1,0,2026-07-07,FLAT,Mon-Wed,NORMAL,0,LOW,,3,2026-07-07,160.65,H2_EVAL,,0.14,BNF,,True,2,7181,4819,intraday,0,21.0,1,,21.0,S1_FULL_REGEN_20260715_DRAFT1,58700,,0,2182,11485,58233.25,False,BEAR_CALL,True,primary,,11.71,LOW (<15),1,400,1
,,59100,,BEAR_CALL_BNF_58700_59100_W400,0,1,0,2026-07-07,FLAT,Mon-Wed,NORMAL,0,LOW,,3,2026-07-07,159.95,H2_EVAL,,0.14,BNF,,True,2,7201,4799,intraday,0,0.0,0,,0.0,S1_FULL_REGEN_20260715_DRAFT1,58700,,0,2183,11480,58242.6,True,BEAR_CALL,False,primary,,11.74,LOW (<15),1,400,0
,,57400,,BULL_PUT_BNF_57800_57400_W400,0,1,0,2026-07-07,FLAT,Mon-Wed,NORMAL,0,LOW,,3,2026-07-07,116.7,H2_EVAL,,0.14,BNF,,True,2,8499,3501,intraday,0,-112.5,0,,-112.5,S1_FULL_REGEN_20260715_DRAFT1,57800,,0,2184,11475,58283.6,True,BULL_PUT,False,primary,,11.7,LOW (<15),1,400,0
,,57400,,BULL_PUT_BNF_57800_57400_W400,0,1,0,2026-07-07,FLAT,Mon-Wed,NORMAL,0,LOW,,3,2026-07-07,119.6,H2_EVAL,,0.14,BNF,,True,2,8412,3588,intraday,0,-25.5,0,,-25.5,S1_FULL_REGEN_20260715_DRAFT1,57800,,0,2185,11470,58260.65,True,BULL_PUT,False,primary,,11.71,LOW (<15),1,400,0
,,57400,,BULL_PUT_BNF_57800_57400_W400,0,1,0,2026-07-07,FLAT,Mon-Wed,NORMAL,0,LOW,,3,2026-07-07,118.9,H2_EVAL,,0.14,BNF,,True,2,8433,3567,intraday,0,-46.5,0,,-46.5,S1_FULL_REGEN_20260715_DRAFT1,57800,,0,2186,11465,58262.3,True,BULL_PUT,False,primary,,11.73,LOW (<15),1,400,0
,,57400,,BULL_PUT_BNF_57800_57400_W400,0,1,0,2026-07-07,FLAT,Mon-Wed,NORMAL,0,LOW,,3,2026-07-07,115.65,H2_EVAL,,0.14,BNF,,True,2,8530,3470,intraday,0,-144.0,0,,-144.0,S1_FULL_REGEN_20260715_DRAFT1,57800,,0,2187,11460,58282.6,True,BULL_PUT,False,primary,,11.67,LOW (<15),1,400,0
,,57600,,BULL_PUT_BNF_58000_57600_W400,0,1,0,2026-07-07,FLAT,Mon-Wed,NORMAL,0,LOW,,3,2026-07-07,134,H2_EVAL,,0.14,BNF,,True,2,7980,4020,intraday,0,-58.5,0,,-58.5,S1_FULL_REGEN_20260715_DRAFT1,58000,,0,2188,11450,58261.45,True,BULL_PUT,False,primary,,11.68,LOW (<15),1,400,0
,,59100,,BEAR_CALL_BNF_58700_59100_W400,1,1,0,2026-07-07,FLAT,Mon-Wed,NORMAL,0,LOW,,3,2026-07-07,160.85,H2_EVAL,,0.14,BNF,,True,2,7175,4825,intraday,0,27.0,1,,27.0,S1_FULL_REGEN_20260715_DRAFT1,58700,,0,2189,11440,58235.8,False,BEAR_CALL,True,primary,,11.66,LOW (<15),1,400,1
,,57600,,BULL_PUT_BNF_58000_57600_W400,0,1,0,2026-07-07,FLAT,Mon-Wed,NORMAL,0,LOW,,3,2026-07-07,132.9,H2_EVAL,,0.14,BNF,,True,2,8013,3987,intraday,0,-91.5,0,,-91.5,S1_FULL_REGEN_20260715_DRAFT1,58000,,0,2190,11430,58267.4,True,BULL_PUT,False,primary,,11.64,LOW (<15),1,400,0
,,57400,,BULL_PUT_BNF_57800_57400_W400,0,1,0,2026-07-07,FLAT,Mon-Wed,NORMAL,0,LOW,,3,2026-07-07,116.55,H2_EVAL,,0.14,BNF,,True,2,8504,3497,intraday,0,-117.0,0,,-117.0,S1_FULL_REGEN_20260715_DRAFT1,57800,,0,2191,11425,58280.2,True,BULL_PUT,False,primary,,11.64,LOW (<15),1,400,0
,,59200,,BEAR_CALL_BNF_58800_59200_W400,1,1,0,2026-07-07,FLAT,Mon-Wed,NORMAL,0,LOW,,3,2026-07-07,155.5,H2_EVAL,,0.14,BNF,,True,2,7335,4665,intraday,0,163.5,1,,163.5,S1_FULL_REGEN_20260715_DRAFT1,58800,,0,2192,11420,58305.9,False,BEAR_CALL,True,primary,,11.61,LOW (<15),1,400,1
,,57700,,BEAR_PUT_BNF_57100_57700_W600,1,1,0,2026-07-08,FLAT,Mon-Wed,NORMAL,0,LOW,,3,2026-07-08,232.2,H2_EVAL,,0.24,BNF,,False,2,6966,11034,intraday,0,2871.0,1,,2871.0,S1_FULL_REGEN_20260715_DRAFT1,57100,,0,2213,12026,57750,False,BEAR_PUT,True,primary,,12.49,LOW (<15),2,600,1
,,57800,,BEAR_PUT_BNF_56800_57800_W1000,1,1,0,2026-07-08,FLAT,Mon-Wed,NORMAL,0,LOW,,3,2026-07-08,364.75,H2_EVAL,,0.24,BNF,,False,2,10943,19058,intraday,0,4999.5,1,,4999.5,S1_FULL_REGEN_20260715_DRAFT1,56800,,0,2214,12024,57754,False,BEAR_PUT,True,primary,,12.49,LOW (<15),2,1000,1
,,57800,,BEAR_PUT_BNF_57000_57800_W800,1,1,0,2026-07-08,FLAT,Mon-Wed,NORMAL,0,LOW,,3,2026-07-08,298.1,H2_EVAL,,0.24,BNF,,False,2,8943,15057,intraday,0,4290.0,1,,4290.0,S1_FULL_REGEN_20260715_DRAFT1,57000,,0,2215,12023,57833.4,False,BEAR_PUT,True,primary,,12.45,LOW (<15),2,800,1
,,57900,,BEAR_PUT_BNF_57100_57900_W800,1,1,0,2026-07-08,FLAT,Mon-Wed,NORMAL,0,LOW,,3,2026-07-08,301.05,H2_EVAL,,0.24,BNF,,False,2,9032,14968,intraday,0,4743.0,1,,4743.0,S1_FULL_REGEN_20260715_DRAFT1,57100,,0,2217,12021,57898.4,False,BEAR_PUT,True,primary,,12.33,LOW (<15),2,800,1
,,57900,,BEAR_PUT_BNF_56900_57900_W1000,1,1,0,2026-07-08,FLAT,Mon-Wed,NORMAL,0,LOW,,3,2026-07-08,364.8,H2_EVAL,,0.24,BNF,,False,2,10944,19056,intraday,0,5611.5,1,,5611.5,S1_FULL_REGEN_20260715_DRAFT1,56900,,0,2218,12019,57851.05,False,BEAR_PUT,True,primary,,12.32,LOW (<15),2,1000,1
,,57800,,BEAR_PUT_BNF_57200_57800_W600,1,1,0,2026-07-08,FLAT,Mon-Wed,NORMAL,0,LOW,,3,2026-07-08,229.2,H2_EVAL,,0.24,BNF,,False,2,6876,11124,intraday,0,3400.5,1,,3400.5,S1_FULL_REGEN_20260715_DRAFT1,57200,,0,2219,12018,57838.7,False,BEAR_PUT,True,primary,,12.33,LOW (<15),2,600,1
,,58000,,BEAR_PUT_BNF_57400_58000_W600,1,1,0,2026-07-08,FLAT,Mon-Wed,NORMAL,0,LOW,,3,2026-07-08,222.5,H2_EVAL,,0.24,BNF,,False,2,6675,11325,intraday,0,4119.0,1,,4119.0,S1_FULL_REGEN_20260715_DRAFT1,57400,,0,2226,12014,58045.4,False,BEAR_PUT,True,primary,,12.16,LOW (<15),2,600,1
,,58000,,BEAR_PUT_BNF_57400_58000_W600,1,1,0,2026-07-08,FLAT,Mon-Wed,NORMAL,0,LOW,,3,2026-07-08,225.05,H2_EVAL,,0.24,BNF,,False,2,6752,11248,intraday,0,4042.5,1,,4042.5,S1_FULL_REGEN_20260715_DRAFT1,57400,,0,2227,12011,58013.35,False,BEAR_PUT,True,primary,,12.13,LOW (<15),2,600,1
,,58000,,BEAR_PUT_BNF_57400_58000_W600,1,1,0,2026-07-08,FLAT,Mon-Wed,NORMAL,0,LOW,,3,2026-07-08,228.2,H2_EVAL,,0.24,BNF,,False,2,6846,11154,intraday,0,3948.0,1,,3948.0,S1_FULL_REGEN_20260715_DRAFT1,57400,,0,2228,12008,57998.9,False,BEAR_PUT,True,primary,,12.15,LOW (<15),2,600,1
,,57600,,BEAR_PUT_BNF_57000_57600_W600,1,1,0,2026-07-08,FLAT,Mon-Wed,NORMAL,0,LOW,,3,2026-07-08,230.95,H2_EVAL,,0.24,BNF,,False,2,6928,11072,intraday,0,2868.0,1,,2868.0,S1_FULL_REGEN_20260715_DRAFT1,57000,,0,2264,12007,57600.05,False,BEAR_PUT,True,primary,,12.82,LOW (<15),2,600,1
,,57400,,BEAR_PUT_BNF_56600_57400_W800,1,1,0,2026-07-08,FLAT,Mon-Wed,NORMAL,0,LOW,,3,2026-07-08,294.6,H2_EVAL,,0.24,BNF,,False,2,8838,15162,intraday,0,2616.0,1,,2616.0,S1_FULL_REGEN_20260715_DRAFT1,56600,,0,2265,12005,57400.7,False,BEAR_PUT,True,primary,,13.33,LOW (<15),2,800,1
,,57200,,BEAR_PUT_BNF_56400_57200_W800,1,1,0,2026-07-08,FLAT,Mon-Wed,NORMAL,0,LOW,,3,2026-07-08,300.95,H2_EVAL,,0.24,BNF,,False,2,9029,14971,intraday,0,1627.5,1,,1627.5,S1_FULL_REGEN_20260715_DRAFT1,56400,,0,2266,12003,57197.45,False,BEAR_PUT,True,primary,,13.97,LOW (<15),2,800,1
,,24000,,BEAR_PUT_NF_23700_24000_W300,1,1,0,2026-07-08,FLAT,Mon-Wed,NORMAL,0,LOW,,3,2026-07-08,116.25,H2_EVAL,,0.24,NF,,False,2,7556,11944,intraday,0,1218.75,1,,1218.75,S1_FULL_REGEN_20260715_DRAFT1,23700,,0,2267,12000,23977.9,False,BEAR_PUT,True,primary,,14.28,LOW (<15),2,300,1
,,23850,,BEAR_PUT_NF_23750_23850_W100,1,1,0,2026-07-08,FLAT,Mon-Wed,NORMAL,0,LOW,,3,2026-07-08,38.05,H2_EVAL,,0.24,NF,,False,2,2473,4027,intraday,0,191.75,1,,191.75,S1_FULL_REGEN_20260715_DRAFT1,23750,,0,2268,11997,23917.85,False,BEAR_PUT,True,primary,,14.86,LOW (<15),2,100,1
,,23900,,BEAR_PUT_NF_23600_23900_W300,0,1,0,2026-07-08,FLAT,Mon-Wed,NORMAL,0,LOW,,3,2026-07-08,111,H2_EVAL,,0.24,NF,,False,2,7215,12285,intraday,0,-78.0,0,,-78.0,S1_FULL_REGEN_20260715_DRAFT1,23600,,0,2269,11989,23895.55,True,BEAR_PUT,False,primary,,14.96,LOW (<15),2,300,0
,,23900,,BEAR_PUT_NF_23650_23900_W250,1,1,0,2026-07-08,FLAT,Mon-Wed,NORMAL,0,LOW,,3,2026-07-08,94.2,H2_EVAL,,0.24,NF,,False,2,6123,10127,intraday,0,159.25,1,,159.25,S1_FULL_REGEN_20260715_DRAFT1,23650,,0,2270,11983,23910.15,False,BEAR_PUT,True,primary,,14.76,LOW (<15),2,250,1
,,23900,,BEAR_PUT_NF_23600_23900_W300,1,1,0,2026-07-08,FLAT,Mon-Wed,NORMAL,0,LOW,,3,2026-07-08,106.45,H2_EVAL,,0.24,NF,,False,2,6919,12581,intraday,0,217.75,1,,217.75,S1_FULL_REGEN_20260715_DRAFT1,23600,,0,2271,11974,23905.95,False,BEAR_PUT,True,primary,,14.8,LOW (<15),2,300,1
,,23850,,BEAR_PUT_NF_23600_23850_W250,0,1,0,2026-07-08,FLAT,Mon-Wed,NORMAL,0,NORMAL,,3,2026-07-08,91.35,H2_EVAL,,0.24,NF,,False,2,5938,10312,intraday,0,-321.75,0,,-321.75,S1_FULL_REGEN_20260715_DRAFT1,23600,,0,2272,11969,23874.45,True,BEAR_PUT,False,primary,,15.03,NORMAL (15-20),2,250,0
,,23900,,BEAR_PUT_NF_23600_23900_W300,1,1,0,2026-07-08,FLAT,Mon-Wed,NORMAL,0,NORMAL,,3,2026-07-08,109.65,H2_EVAL,,0.24,NF,,False,2,7127,12373,intraday,0,9.75,1,,9.75,S1_FULL_REGEN_20260715_DRAFT1,23600,,0,2273,11959,23882.35,False,BEAR_PUT,True,primary,,15.03,NORMAL (15-20),2,300,1
,,23850,,BEAR_PUT_NF_23550_23850_W300,0,1,0,2026-07-08,FLAT,Mon-Wed,NORMAL,0,LOW,,3,2026-07-08,106.7,H2_EVAL,,0.24,NF,,False,2,6936,12564,intraday,0,-572.0,0,,-572.0,S1_FULL_REGEN_20260715_DRAFT1,23550,,0,2276,11950,23844.25,True,BEAR_PUT,False,primary,,14.87,LOW (<15),2,300,0
,,23800,,BEAR_PUT_NF_23600_23800_W200,0,1,0,2026-07-08,FLAT,Mon-Wed,NORMAL,0,NORMAL,,3,2026-07-08,74.5,H2_EVAL,,0.24,NF,,False,2,4842,8158,intraday,0,-591.5,0,,-591.5,S1_FULL_REGEN_20260715_DRAFT1,23600,,0,2277,11942,23821.85,True,BEAR_PUT,False,primary,,15.08,NORMAL (15-20),2,200,0
,,23850,,BEAR_PUT_NF_23450_23850_W400,0,1,0,2026-07-08,FLAT,Mon-Wed,NORMAL,0,NORMAL,,3,2026-07-08,125.5,H2_EVAL,,0.24,NF,,False,2,8157,17842,intraday,0,-604.5,0,,-604.5,S1_FULL_REGEN_20260715_DRAFT1,23450,,0,2278,11930,23846.7,True,BEAR_PUT,False,primary,,15.04,NORMAL (15-20),2,400,0
,,24000,,BULL_CALL_NF_24400_24000_W400,0,1,0,2026-07-09,FLAT,Thu-Fri,NORMAL,0,LOW,,3,2026-07-09,131.6,H2_EVAL,,-0.13,NF,,False,2,8554,17446,intraday,0,-2574.0,0,,-2574.0,S1_FULL_REGEN_20260715_DRAFT1,24400,,0,2288,12027,24023.55,True,BULL_CALL,False,primary,,13.62,LOW (<15),3,400,0
,,59000,,BEAR_CALL_BNF_58500_59000_W500,1,1,0,2026-07-13,FLAT,Mon-Wed,NORMAL,0,LOW,,3,2026-07-13,219.05,H2_EVAL,,0.26,BNF,,True,2,8429,6571,intraday,0,69.0,1,,69.0,S1_FULL_REGEN_20260715_DRAFT1,58500,,0,2498,12031,58162.15,False,BEAR_CALL,True,primary,,13.23,LOW (<15),0,500,1
,,57500,,BEAR_PUT_BNF_56500_57500_W1000,0,1,0,2026-07-14,FLAT,Mon-Wed,NORMAL,0,LOW,,3,2026-07-14,353.25,H2_EVAL,,0.32,BNF,,False,2,10597,19402,intraday,0,-66.0,0,,-66.0,S1_FULL_REGEN_20260715_DRAFT1,56500,,0,2518,12056,57487.7,True,BEAR_PUT,False,primary,,13.82,LOW (<15),1,1000,0
,,57600,,BEAR_PUT_BNF_56600_57600_W1000,1,1,0,2026-07-14,FLAT,Mon-Wed,NORMAL,0,LOW,,3,2026-07-14,350.25,H2_EVAL,,0.32,BNF,,False,2,10507,19492,intraday,0,601.5,1,,601.5,S1_FULL_REGEN_20260715_DRAFT1,56600,,0,2529,12050,57569.1,False,BEAR_PUT,True,primary,,13.63,LOW (<15),1,1000,1
,,57500,,BEAR_PUT_BNF_56700_57500_W800,1,1,0,2026-07-14,FLAT,Mon-Wed,NORMAL,0,LOW,,3,2026-07-14,288.6,H2_EVAL,,0.32,BNF,,False,2,8658,15342,intraday,0,207.0,1,,207.0,S1_FULL_REGEN_20260715_DRAFT1,56700,,0,2580,12045,57499.95,False,BEAR_PUT,True,primary,,13.73,LOW (<15),1,800,1
,,57500,,BEAR_PUT_BNF_56500_57500_W1000,1,1,0,2026-07-14,FLAT,Mon-Wed,NORMAL,0,LOW,,3,2026-07-14,340.55,H2_EVAL,,0.32,BNF,,False,2,10216,19784,intraday,0,315.0,1,,315.0,S1_FULL_REGEN_20260715_DRAFT1,56500,,0,2581,12038,57507,False,BEAR_PUT,True,primary,,13.68,LOW (<15),1,1000,1
,,57500,,BEAR_PUT_BNF_56500_57500_W1000,0,1,0,2026-07-14,FLAT,Mon-Wed,NORMAL,0,LOW,,3,2026-07-14,351.55,H2_EVAL,,0.32,BNF,,False,2,10547,19453,intraday,0,-15.0,0,,-15.0,S1_FULL_REGEN_20260715_DRAFT1,56500,,0,2582,12033,57468.45,True,BEAR_PUT,False,primary,,13.73,LOW (<15),1,1000,0
,,24150,,BEAR_PUT_NF_23900_24150_W250,1,1,0,2026-07-16,FLAT,Thu-Fri,NORMAL,0,LOW,,3,2026-07-16,82.75,H2_EVAL,,-0.11,NF,,False,2,5379,10871,intraday,0,1355.25,1,,1355.25,S1_FORWARD_RECOVERY_20260723,23900,,0,2659,12103,24141.65,False,BEAR_PUT,True,primary,,12.95,LOW (<15),3,250,1
,,24150,,BEAR_PUT_NF_23850_24150_W300,1,1,0,2026-07-16,FLAT,Thu-Fri,NORMAL,0,LOW,,3,2026-07-16,94.55,H2_EVAL,,-0.11,NF,,False,2,6146,13354,intraday,0,1368.25,1,,1368.25,S1_FORWARD_RECOVERY_20260723,23850,,0,2660,12092,24130.15,False,BEAR_PUT,True,primary,,12.97,LOW (<15),3,300,1
,,24100,,BEAR_PUT_NF_23950_24100_W150,1,1,0,2026-07-16,FLAT,Thu-Fri,NORMAL,0,LOW,,3,2026-07-16,53,H2_EVAL,,-0.11,NF,,False,2,3445,6305,intraday,0,581.75,1,,581.75,S1_FORWARD_RECOVERY_20260723,23950,,0,2661,12086,24110.15,False,BEAR_PUT,True,primary,,13.01,LOW (<15),3,150,1
,,24100,,BEAR_PUT_NF_23900_24100_W200,1,1,0,2026-07-16,FLAT,Thu-Fri,NORMAL,0,LOW,,3,2026-07-16,68.75,H2_EVAL,,-0.11,NF,,False,2,4469,8531,intraday,0,523.25,1,,523.25,S1_FORWARD_RECOVERY_20260723,23900,,0,2662,12078,24107.7,False,BEAR_PUT,True,primary,,13.06,LOW (<15),3,200,1
,,24150,,BEAR_PUT_NF_24050_24150_W100,1,1,0,2026-07-16,FLAT,Thu-Fri,NORMAL,0,LOW,,3,2026-07-16,35.7,H2_EVAL,,-0.11,NF,,False,2,2320,4180,intraday,0,975.0,1,,975.0,S1_FORWARD_RECOVERY_20260723,24050,,0,2678,12073,24172.45,False,BEAR_PUT,True,primary,,12.89,LOW (<15),3,100,1
,,24150,,BEAR_PUT_NF_24050_24150_W100,1,1,0,2026-07-16,FLAT,Thu-Fri,NORMAL,0,LOW,,3,2026-07-16,35.9,H2_EVAL,,-0.11,NF,,False,2,2333,4167,intraday,0,962.0,1,,962.0,S1_FORWARD_RECOVERY_20260723,24050,,0,2679,12068,24174.45,False,BEAR_PUT,True,primary,,12.89,LOW (<15),3,100,1
,,24150,,BEAR_PUT_NF_24000_24150_W150,1,1,0,2026-07-16,FLAT,Thu-Fri,NORMAL,0,LOW,,3,2026-07-16,50.45,H2_EVAL,,-0.11,NF,,False,2,3279,6471,intraday,0,1365.0,1,,1365.0,S1_FORWARD_RECOVERY_20260723,24000,,0,2680,12063,24170.8,False,BEAR_PUT,True,primary,,12.89,LOW (<15),3,150,1
,,24200,,BEAR_PUT_NF_24000_24200_W200,0,1,0,2026-07-17,FLAT,Thu-Fri,NORMAL,0,LOW,,3,2026-07-17,71.45,H2_EVAL,,0.06,NF,,False,2,4644,8356,intraday,0,-1413.75,0,,-1413.75,S1_FORWARD_RECOVERY_20260723,24000,,0,2736,12207,24213.05,True,BEAR_PUT,False,primary,,13.06,LOW (<15),4,200,0
,,24200,,BEAR_PUT_NF_24000_24200_W200,0,1,0,2026-07-17,FLAT,Thu-Fri,NORMAL,0,LOW,,3,2026-07-17,73.6,H2_EVAL,,0.06,NF,,False,2,4784,8216,intraday,0,-1553.5,0,,-1553.5,S1_FORWARD_RECOVERY_20260723,24000,,0,2737,12198,24207.75,True,BEAR_PUT,False,primary,,13.07,LOW (<15),4,200,0
,,24200,,BEAR_PUT_NF_24000_24200_W200,0,1,0,2026-07-17,FLAT,Thu-Fri,NORMAL,0,LOW,,3,2026-07-17,71.3,H2_EVAL,,0.06,NF,,False,2,4635,8366,intraday,0,-1404.0,0,,-1404.0,S1_FORWARD_RECOVERY_20260723,24000,,0,2738,12189,24217.85,True,BEAR_PUT,False,primary,,13.06,LOW (<15),4,200,0
,,24250,,BEAR_PUT_NF_23950_24250_W300,0,1,0,2026-07-17,FLAT,Thu-Fri,NORMAL,0,LOW,,3,2026-07-17,104.7,H2_EVAL,,0.06,NF,,False,2,6806,12694,intraday,0,-1803.75,0,,-1803.75,S1_FORWARD_RECOVERY_20260723,23950,,0,2739,12178,24233.15,True,BEAR_PUT,False,primary,,13.08,LOW (<15),4,300,0
,,24250,,BEAR_PUT_NF_23950_24250_W300,0,1,0,2026-07-17,FLAT,Thu-Fri,NORMAL,0,LOW,,3,2026-07-17,103.9,H2_EVAL,,0.06,NF,,False,2,6753,12747,intraday,0,-1751.75,0,,-1751.75,S1_FORWARD_RECOVERY_20260723,23950,,0,2740,12167,24237.65,True,BEAR_PUT,False,primary,,13.14,LOW (<15),4,300,0
,,24300,,BEAR_PUT_NF_24000_24300_W300,0,1,0,2026-07-17,FLAT,Thu-Fri,NORMAL,0,LOW,,3,2026-07-17,106.8,H2_EVAL,,0.06,NF,,False,2,6942,12558,intraday,0,-981.5,0,,-981.5,S1_FORWARD_RECOVERY_20260723,24000,,0,2746,12154,24275.4,True,BEAR_PUT,False,primary,,13.29,LOW (<15),4,300,0
,,24250,,BEAR_PUT_NF_24050_24250_W200,0,1,0,2026-07-17,FLAT,Thu-Fri,NORMAL,0,LOW,,3,2026-07-17,73.75,H2_EVAL,,0.06,NF,,False,2,4794,8206,intraday,0,-832.0,0,,-832.0,S1_FORWARD_RECOVERY_20260723,24050,,0,2747,12145,24259.05,True,BEAR_PUT,False,primary,,13.24,LOW (<15),4,200,0
,,24300,,BEAR_PUT_NF_24000_24300_W300,0,1,0,2026-07-17,FLAT,Thu-Fri,NORMAL,0,LOW,,3,2026-07-17,105.45,H2_EVAL,,0.06,NF,,False,2,6854,12646,intraday,0,-893.75,0,,-893.75,S1_FORWARD_RECOVERY_20260723,24000,,0,2748,12133,24282.8,True,BEAR_PUT,False,primary,,13.32,LOW (<15),4,300,0
,,24300,,BEAR_PUT_NF_24000_24300_W300,0,1,0,2026-07-17,FLAT,Thu-Fri,NORMAL,0,LOW,,3,2026-07-17,104.8,H2_EVAL,,0.06,NF,,False,2,6812,12688,intraday,0,-851.5,0,,-851.5,S1_FORWARD_RECOVERY_20260723,24000,,0,2749,12121,24284.9,True,BEAR_PUT,False,primary,,13.34,LOW (<15),4,300,0
,,24250,,BEAR_PUT_NF_24050_24250_W200,0,1,0,2026-07-17,FLAT,Thu-Fri,NORMAL,0,LOW,,3,2026-07-17,73.5,H2_EVAL,,0.06,NF,,False,2,4778,8222,intraday,0,-815.75,0,,-815.75,S1_FORWARD_RECOVERY_20260723,24050,,0,2750,12112,24266.15,True,BEAR_PUT,False,primary,,13.24,LOW (<15),4,200,0
,,24250,,BEAR_PUT_NF_24050_24250_W200,0,1,0,2026-07-20,FLAT,Mon-Wed,NORMAL,0,LOW,,3,2026-07-20,77.8,H2_EVAL,,0.22,NF,,False,2,5057,7943,intraday,0,-1381.25,0,,-1381.25,S1_FORWARD_RECOVERY_20260723,24050,,0,2821,12220,24228,True,BEAR_PUT,False,primary,,13.5,LOW (<15),0,200,0
,,57800,,BEAR_PUT_BNF_57000_57800_W800,0,1,0,2026-07-20,FLAT,Mon-Wed,NORMAL,0,LOW,,3,2026-07-20,287.35,H2_EVAL,,0.22,BNF,,False,2,8620,15380,intraday,0,-2377.5,0,,-2377.5,S1_FORWARD_RECOVERY_20260723,57000,,0,2822,12216,57769,True,BEAR_PUT,False,primary,,13.59,LOW (<15),0,800,0
,,24250,,BEAR_PUT_NF_24150_24250_W100,1,1,0,2026-07-21,FLAT,Mon-Wed,NORMAL,0,LOW,,3,2026-07-21,37.9,H2_EVAL,,-0.02,NF,,False,2,2464,4036,intraday,0,1781.0,1,,1781.0,S1_FORWARD_RECOVERY_20260723,24150,,0,2879,12246,24234.35,False,BEAR_PUT,True,primary,,12.94,LOW (<15),1,100,1
,,58100,,BEAR_PUT_BNF_57500_58100_W600,1,1,0,2026-07-21,FLAT,Mon-Wed,NORMAL,0,LOW,,3,2026-07-21,209.55,H2_EVAL,,-0.02,BNF,,False,2,6286,11714,intraday,0,1395.0,1,,1395.0,S1_FORWARD_RECOVERY_20260723,57500,,0,2880,12241,58074.35,False,BEAR_PUT,True,primary,,12.92,LOW (<15),1,600,1
,,24250,,BEAR_PUT_NF_24100_24250_W150,1,1,0,2026-07-21,FLAT,Mon-Wed,NORMAL,0,LOW,,3,2026-07-21,48.75,H2_EVAL,,-0.02,NF,,False,2,3169,6581,intraday,0,1075.75,1,,1075.75,S1_FORWARD_RECOVERY_20260723,24100,,0,2881,12236,24226.05,False,BEAR_PUT,True,primary,,12.91,LOW (<15),1,150,1
,,24250,,BEAR_PUT_NF_24100_24250_W150,1,1,0,2026-07-21,FLAT,Mon-Wed,NORMAL,0,LOW,,3,2026-07-21,49.65,H2_EVAL,,-0.02,NF,,False,2,3227,6523,intraday,0,1017.25,1,,1017.25,S1_FORWARD_RECOVERY_20260723,24100,,0,2882,12231,24225.9,False,BEAR_PUT,True,primary,,12.87,LOW (<15),1,150,1
,,24250,,BEAR_PUT_NF_24150_24250_W100,1,1,0,2026-07-21,FLAT,Mon-Wed,NORMAL,0,LOW,,3,2026-07-21,38.15,H2_EVAL,,-0.02,NF,,False,2,2480,4020,intraday,0,1764.75,1,,1764.75,S1_FORWARD_RECOVERY_20260723,24150,,0,2883,12226,24235.35,False,BEAR_PUT,True,primary,,12.83,LOW (<15),1,100,1
,,24100,,BEAR_PUT_NF_23800_24100_W300,1,1,0,2026-07-22,FLAT,Mon-Wed,NORMAL,0,LOW,,3,2026-07-22,108.65,H2_EVAL,,0.07,NF,,False,2,7062,12438,intraday,0,1540.5,1,,1540.5,S1_FORWARD_RECOVERY_20260723,23800,,0,2954,12259,24096.5,False,BEAR_PUT,True,primary,,12.85,LOW (<15),2,300,1
,,24050,,BEAR_PUT_NF_23800_24050_W250,1,1,0,2026-07-22,FLAT,Mon-Wed,NORMAL,0,LOW,,3,2026-07-22,92.75,H2_EVAL,,0.07,NF,,False,2,6029,10221,intraday,0,780.0,1,,780.0,S1_FORWARD_RECOVERY_20260723,23800,,0,2955,12253,24051.25,False,BEAR_PUT,True,primary,,12.95,LOW (<15),2,250,1
,,57300,,BEAR_PUT_BNF_56800_57300_W500,1,1,0,2026-07-22,FLAT,Mon-Wed,NORMAL,0,LOW,,3,2026-07-22,189.7,H2_EVAL,,0.07,BNF,,False,2,5691,9309,intraday,0,670.5,1,,670.5,S1_FORWARD_RECOVERY_20260723,56800,,0,2956,12252,57294.15,False,BEAR_PUT,True,primary,,13.01,LOW (<15),2,500,1
,,23950,,BEAR_PUT_NF_23750_23950_W200,1,1,0,2026-07-23,FLAT,Thu-Fri,NORMAL,0,LOW,,3,2026-07-23,76.85,H2_EVAL,,0,NF,,False,2,4995,8005,intraday,0,861.25,1,,861.25,S1_FORWARD_RECOVERY_20260723,23750,,0,3029,12062,23946.6,False,BEAR_PUT,True,primary,,13.35,LOW (<15),3,200,1
