{"ver":"1.0","trained":true,"n_train":8372,"ta":0.5862020514261627,"va":0.595219123505976,"gru":{"in":6,"hid":8,"Wz":[-0.05047915105110265,-0.04343103550246905,-0.029490091120610847,-0.08253933088494775,0.04113591637735072,0.06652552382757064,-0.07972711414723112,0.04196576702608762,-0.0764739010126931,-0.05524202251019279,0.055794661697795456,-0.044537730707357774,-0.027208650474386385,-0.028242108662717598,0.003454156443628444,0.02733553498569419,-0.020602911351054208,-0.004011960582008499,0.03253667566745046,-0.019481490673966966,-0.07203293595417125,0.04493486965659393,0.05266703814379381,-0.08961206977870462,-0.03786867613241987,-0.07239655709104476,0.014694078261852149,-0.08693586845657059,-0.02646276923431096,0.08203263406654232,0.05930177870042253,0.0442346620357024,0.09032164434896353,-0.08729047273150643,-0.02655769454278447,0.0531789148616777,-0.09040952323752867,-0.05516060481530215,0.06943349968618058,-0.06249249460374343,-0.04195754256148913,0.07166252677904383,0.04847069937677937,0.08461205917219952,0.04341589344649151,-0.06674257179423547,-0.007375715392257306,0.01801194505508508,0.013693035150777771,-0.016865367555317326,-0.047513340063829866,0.022673842243499158,-0.008599759195746237,-0.08743650399202017,0.0499947040675654,-0.07003334337019186,-0.09009421559930736,0.03681573180731145,-0.019611844873260852,0.015585187454345267,-0.04286745239383551,0.09517874980995977,-0.068685135451591,-0.06486496033421424,-0.08875307408323788,0.003078165551868191,-0.042671764591521,-0.03417092550502328,0.04482496442211683,0.002083524725260961,-0.05771272900182397,0.007931405425753702,-0.05874243718437918,0.022824309281291782,-0.02229189605240146,-0.0679032497908579,-0.08331527292340848,0.038228132761145735,0.0929302866402911,-0.09137569783024323,-0.046831365794382386,-0.025560200276052127,0.057354458212970985,-0.0306422927007617,-0.03492230854769502,0.09184490474242171,0.009910152498915546,0.03928972784607351,0.06649454835602589,-0.09001519971048844,0.02826904273571279,-0.022846541763642376,-0.06501942623177745,-0.02194778632196921,0.07643685814584954,-0.0027972414917654554,0.08864434264699304,0.022199779927342084,0.07958224801766386,-0.05244239146339907,0.020691206600412664,-0.008672888655249567,-0.07553864560337939,0.035477831808266386,-0.03314628429840776,-0.05101718081146643,0.004419962183609923,0.032046551431148665,-0.004146469072976947,0.021592390566076765,0.07783950329358003,0.024694252415995613],"bz":[-0.0019444418465991928,-0.0004688999309990198,1.5129023813433635e-05,-2.6240802321917464e-05,-0.0016780333828044726,-0.0009476907217613514,5.986409720553214e-05,0.00018313254083655343],"Wr":[-0.04879680000539907,-0.025932531779191727,0.015206838689232074,0.00464618019421651,0.04176663807220359,0.062179590945522674,-0.047237180100260526,0.04083653193372852,-0.056567332600830994,0.07774059624254334,-0.05193686959739265,-0.002192064807510094,-0.08078815266758997,0.053633616012360295,-0.04670966508706113,-0.051214504343564206,-0.05214388592032699,0.031103884876999728,-0.04802736493643778,-0.08873900436625072,-0.015453560645578169,-0.002560402331761329,0.06095827720333332,0.07656511354516327,0.04106083680039832,-0.014092821214842406,0.05176509192862597,-0.04733181388973693,-0.0807401962953497,-0.032310281062862475,0.06940557153167852,0.01767552851730918,0.005442054752795588,-0.03369555687254325,-0.07150890411439181,0.06733486196203718,-0.03656636943496791,-0.08144167234226257,0.027057162089556573,0.08409515785690544,-0.08248383841083566,0.00920819539764062,-0.006664610411578425,0.02250313107703297,0.09111035606770944,-0.06885045526719302,-0.053002239661890396,-0.0007095711334598298,-0.06845118621340814,0.031221426574777413,0.011926532385141471,0.08407646025819705,-0.0847845498410004,-0.014158141492504701,-0.04406142385998558,-0.0828641426495005,0.022590992852578998,-0.006571208374252159,-0.08324214396489112,-0.0338305435345924,-0.08811254687657634,0.03839049520130644,-0.06995245693099156,-0.09108928185422693,0.0840423673561209,-0.016481091495303156,0.09626631295014293,-0.08198041211861336,-0.09387065988346559,0.011804495850520217,-0.0388402696714594,0.04301282110535147,-0.015737494544808057,0.019451905795351627,0.01260858639900574,0.0852482551630271,0.02929482942589788,0.08896560024689161,-0.08166592818638072,0.08936482558255532,-0.018817647617311056,-0.035518876837752844,-0.037307636591356955,0.07515317025628698,0.09585444311600064,-0.044357633959748684,0.03420681077109017,0.008355755938681928,-0.07246463362374188,-0.06851412461428402,0.005531390729979819,0.07922853626048448,-0.08866422026365083,0.08339087914668596,0.009002558711607982,0.06626635386714347,0.002916583122752066,0.0298098839758238,-0.08216091644716834,0.0774893397732635,-0.07090552231213584,0.0315437411963304,-0.0892697661596416,-0.0034988131780098837,0.044311520095016925,0.023412044907802604,-0.020095714383338775,0.020635928199214622,-0.06577437730138187,-0.05451906568674943,-0.022258093579961554,-0.08840322681064647],"br":[0.0007017007412551121,-0.00012299283101776512,0.001437952484609838,-0.0003065416980889187,-0.0007872626117776886,0.00012805583961655965,0.00026493222342130474,-0.0016564320047864768],"Wh":[-0.041563609156083016,0.02940979870332219,-0.05963661499354428,-0.08424587408557942,-0.08069300603286254,-0.0346961864389275,-0.04258732822571805,0.007318590901722179,-0.03402058909159416,0.039925235073074855,0.015553571211506367,-0.0813897468952918,0.05011396510748792,-0.07617759712266232,-0.01346533239090814,0.04429557784990026,0.017962885490471394,0.08386979887780358,-0.007274680142105658,-0.008497280124901781,-0.07870749860523459,-0.02663561318039243,-0.05996355458359877,0.07661743282579432,-0.027180226521832936,0.019792311723744002,-0.06635497383206017,0.09371097272289552,-0.02386914089619907,0.08531136148937035,-0.10462736476314448,0.0365915543523817,-0.10441214760606338,0.05048628120768851,0.03969710747168616,0.051088455497125686,-0.03796097143162596,0.016690578547943907,-0.05329133204785963,0.09257045738679831,-0.03360557180281599,-0.09735623507393106,-0.03845279904688257,-0.01869612654504465,0.01285054338033012,-0.06183583725408637,0.06087897664578657,0.07720013192211629,-0.03701035257677677,0.022618894394595995,-0.048728838084177814,0.09085459102606275,0.05143302108259465,-0.025704983843689,-0.02517048321695498,0.06268304132151307,-0.06392191240926282,-0.02296219564628494,0.03201403023315253,-0.0026343859571182683,-0.05715868571453852,0.017177729025741658,-0.0758834706473682,-0.05768499455388407,-0.0069054810737782905,0.024287312986552408,-0.06432354699478912,-0.04138649453657151,0.06633894927473821,0.08737810367044127,0.034803504097441436,0.07363776593717843,-0.022242997133171186,0.07515584350638316,-0.0505750701909484,0.060290150257608276,-0.0619380961902628,0.08287398369713496,-0.060598956353592956,0.010217116477830203,-0.08116437072516797,-0.017602698012965615,-0.08409580782251491,0.0353191192936205,-0.010901125948945533,-0.013406231562400962,0.00709522199580096,0.0817993661950491,0.03055730477571487,0.023594203176798886,0.009866898042394007,0.004616322062714771,-0.08575365950328835,-0.08404655585836712,-0.037342880784167705,-0.0796278065405383,-0.03301655807929132,0.06979742538178474,0.07058936596933395,-0.003757001387163843,-0.04852723970753099,0.06114885397703858,0.039413130891422066,0.03337736083639861,0.07492567149972562,-0.05096793058220042,0.08169847774049861,-0.0888572304757115,-0.03940154059411431,0.016062598800864948,0.08573156429484065,0.06787414960704789],"bh":[0.01737178740582679,-0.040285878859959746,-0.025708601573165492,-0.012005764748927845,8.298959086726912e-05,-0.05439810433048076,-0.02516023604328868,-0.04055352656814298],"Wo":[0.10117866918271201,-0.07014897561245872,0.0956054283187738,-0.027260877091737596,-0.03973429959768619,-0.033580857966000015,-0.07153450179548118,0.01017302877257199],"bo":[0.22529519620048766]}}