snapshot_id,day,candidate_id,role,index,strategy,predicted_pnl,actual_pnl,is_model_pick,is_brain_primary,is_oracle_pick
329,2026-06-03,BULL_PUT_NF_23100_22800_W300,secondary,NF,BULL_PUT,2484.16796875,1946.75,True,False,False
329,2026-06-03,BULL_PUT_NF_23100_22850_W250,secondary,NF,BULL_PUT,2448.578369140625,1699.75,False,False,False
329,2026-06-03,BULL_PUT_NF_23100_22900_W200,secondary,NF,BULL_PUT,2379.69970703125,1413.75,False,False,False
329,2026-06-03,BULL_PUT_NF_23100_22950_W150,secondary,NF,BULL_PUT,2314.9599609375,1114.75,False,False,False
329,2026-06-03,BULL_PUT_NF_23100_22700_W400,secondary,NF,BULL_PUT,2304.22021484375,2310.75,False,False,False
329,2026-06-03,BULL_PUT_NF_23150_22900_W250,secondary,NF,BULL_PUT,1929.216796875,1826.5,False,False,False
329,2026-06-03,BULL_PUT_NF_23150_22950_W200,secondary,NF,BULL_PUT,1914.1693115234375,1527.5,False,False,False
329,2026-06-03,BULL_PUT_NF_23150_22850_W300,secondary,NF,BULL_PUT,1886.403076171875,2112.5,False,False,False
329,2026-06-03,BULL_PUT_NF_23150_23000_W150,secondary,NF,BULL_PUT,1766.014404296875,1179.75,False,False,False
329,2026-06-03,BULL_PUT_NF_23150_22750_W400,secondary,NF,BULL_PUT,1616.4619140625,2561.0,False,False,True
329,2026-06-03,BEAR_CALL_NF_23450_23750_W300,secondary,NF,BEAR_CALL,-320.40216064453125,-2327.0,False,False,False
329,2026-06-03,BEAR_CALL_NF_23450_23850_W400,secondary,NF,BEAR_CALL,-375.5386657714844,-2853.5,False,False,False
329,2026-06-03,BEAR_CALL_NF_23450_23700_W250,secondary,NF,BEAR_CALL,-388.716552734375,-2054.0,False,False,False
329,2026-06-03,BEAR_CALL_NF_23450_23650_W200,secondary,NF,BEAR_CALL,-428.0719299316406,-1732.25,False,False,False
329,2026-06-03,BEAR_CALL_NF_23450_23600_W150,secondary,NF,BEAR_CALL,-471.2206115722656,-1381.25,False,False,False
329,2026-06-03,BEAR_CALL_NF_23400_23700_W300,secondary,NF,BEAR_CALL,-3915.419921875,-2528.5,False,False,False
329,2026-06-03,BEAR_CALL_NF_23400_23800_W400,secondary,NF,BEAR_CALL,-3920.59814453125,-3087.5,False,False,False
329,2026-06-03,BEAR_CALL_NF_23400_23650_W250,secondary,NF,BEAR_CALL,-3980.12109375,-2206.75,False,False,False
329,2026-06-03,BEAR_CALL_NF_23400_23600_W200,secondary,NF,BEAR_CALL,-4154.4541015625,-1855.75,False,False,False
329,2026-06-03,BEAR_CALL_NF_23400_23550_W150,primary,NF,BEAR_CALL,-4184.884765625,-1436.5,False,True,False
329,2026-06-03,__NO_TRADE__,synthetic_no_trade,NF,NO_TRADE,-5041.65234375,0.0,False,False,False
335,2026-06-03,BULL_PUT_NF_23100_22800_W300,secondary,NF,BULL_PUT,2190.841796875,2200.25,True,False,False
335,2026-06-03,BULL_PUT_NF_23100_22850_W250,secondary,NF,BULL_PUT,2177.80517578125,1917.5,False,False,False
335,2026-06-03,BULL_PUT_NF_23100_22900_W200,secondary,NF,BULL_PUT,2156.391357421875,1605.5,False,False,False
335,2026-06-03,BULL_PUT_NF_23100_22700_W400,secondary,NF,BULL_PUT,2010.858154296875,2635.75,False,False,True
335,2026-06-03,BULL_PUT_NF_23100_22950_W150,secondary,NF,BULL_PUT,1971.721923828125,1264.25,False,False,False
335,2026-06-03,BEAR_CALL_NF_23450_23750_W300,secondary,NF,BEAR_CALL,-223.96725463867188,-2629.25,False,False,False
335,2026-06-03,BEAR_CALL_NF_23450_23650_W200,secondary,NF,BEAR_CALL,-232.07675170898438,-1943.5,False,False,False
335,2026-06-03,BEAR_CALL_NF_23450_23700_W250,secondary,NF,BEAR_CALL,-244.7843780517578,-2307.5,False,False,False
335,2026-06-03,BEAR_CALL_NF_23450_23600_W150,secondary,NF,BEAR_CALL,-274.68829345703125,-1540.5,False,False,False
335,2026-06-03,BEAR_CALL_NF_23450_23850_W400,secondary,NF,BEAR_CALL,-333.10589599609375,-3233.75,False,False,False
335,2026-06-03,BEAR_CALL_NF_23400_23700_W300,secondary,NF,BEAR_CALL,-3616.931640625,-2860.0,False,False,False
335,2026-06-03,BEAR_CALL_NF_23400_23650_W250,secondary,NF,BEAR_CALL,-3715.0205078125,-2496.0,False,False,False
335,2026-06-03,BEAR_CALL_NF_23400_23800_W400,secondary,NF,BEAR_CALL,-3721.474853515625,-3516.5,False,False,False
335,2026-06-03,BEAR_CALL_NF_23400_23600_W200,secondary,NF,BEAR_CALL,-3808.291015625,-2093.0,False,False,False
335,2026-06-03,BEAR_CALL_NF_23400_23550_W150,primary,NF,BEAR_CALL,-3817.08251953125,-1608.75,False,True,False
335,2026-06-03,__NO_TRADE__,synthetic_no_trade,NF,NO_TRADE,-5130.72705078125,0.0,False,False,False
380,2026-06-03,BEAR_CALL_NF_23500_23750_W250,secondary,NF,BEAR_CALL,1432.47119140625,-1124.5,True,False,False
380,2026-06-03,BEAR_CALL_NF_23500_23700_W200,secondary,NF,BEAR_CALL,1412.4825439453125,-955.5,False,False,False
380,2026-06-03,BEAR_PUT_NF_23200_23300_W100,secondary,NF,BEAR_PUT,1410.373779296875,-549.25,False,False,False
380,2026-06-03,BEAR_PUT_NF_23150_23300_W150,primary,NF,BEAR_PUT,1404.267822265625,-838.5,False,True,False
380,2026-06-03,BEAR_CALL_NF_23500_23900_W400,secondary,NF,BEAR_CALL,1399.885498046875,-1579.5,False,False,False
380,2026-06-03,BEAR_CALL_NF_23500_23800_W300,secondary,NF,BEAR_CALL,1384.4561767578125,-1316.25,False,False,False
380,2026-06-03,BEAR_CALL_NF_23500_23650_W150,secondary,NF,BEAR_CALL,1381.170166015625,-763.75,False,False,False
380,2026-06-03,BEAR_PUT_BNF_53100_53700_W600,secondary,BNF,BEAR_PUT,779.4488525390625,-1081.5,False,False,False
380,2026-06-03,__NO_TRADE__,synthetic_no_trade,NF,NO_TRADE,9.113929748535156,0.0,False,False,True
380,2026-06-03,BEAR_CALL_NF_23450_23700_W250,secondary,NF,BEAR_CALL,-581.1591796875,-1300.0,False,False,False
380,2026-06-03,BEAR_CALL_NF_23450_23750_W300,secondary,NF,BEAR_CALL,-653.0430908203125,-1469.0,False,False,False
380,2026-06-03,BEAR_CALL_NF_23450_23850_W400,secondary,NF,BEAR_CALL,-703.2783813476562,-1810.25,False,False,False
380,2026-06-03,BEAR_CALL_NF_23450_23600_W150,secondary,NF,BEAR_CALL,-766.83349609375,-890.5,False,False,False
380,2026-06-03,BEAR_CALL_NF_23450_23650_W200,secondary,NF,BEAR_CALL,-809.6229858398438,-1108.25,False,False,False
391,2026-06-03,BEAR_CALL_NF_23550_23950_W400,secondary,NF,BEAR_CALL,1746.34033203125,354.25,True,False,True
391,2026-06-03,BULL_PUT_NF_23250_22850_W400,secondary,NF,BULL_PUT,1708.158203125,123.5,False,False,False
391,2026-06-03,BULL_PUT_NF_23250_22950_W300,secondary,NF,BULL_PUT,1696.071533203125,87.75,False,False,False
391,2026-06-03,BULL_PUT_NF_23200_22800_W400,secondary,NF,BULL_PUT,1687.634765625,130.0,False,False,False
391,2026-06-03,BULL_PUT_NF_23200_22900_W300,secondary,NF,BULL_PUT,1668.8426513671875,84.5,False,False,False
391,2026-06-03,BULL_PUT_NF_23250_23000_W250,secondary,NF,BULL_PUT,1660.4127197265625,74.75,False,False,False
391,2026-06-03,BULL_PUT_NF_23250_23050_W200,secondary,NF,BULL_PUT,1639.579345703125,52.0,False,False,False
391,2026-06-03,BEAR_CALL_NF_23550_23800_W250,secondary,NF,BEAR_CALL,1630.284912109375,195.0,False,False,False
391,2026-06-03,BULL_PUT_NF_23200_22950_W250,secondary,NF,BULL_PUT,1625.67919921875,74.75,False,False,False
391,2026-06-03,BEAR_CALL_NF_23550_23850_W300,secondary,NF,BEAR_CALL,1625.029296875,221.0,False,False,False
391,2026-06-03,BEAR_CALL_NF_23550_23750_W200,secondary,NF,BEAR_CALL,1616.8927001953125,162.5,False,False,False
391,2026-06-03,BULL_PUT_NF_23200_23000_W200,secondary,NF,BULL_PUT,1614.5263671875,61.75,False,False,False
391,2026-06-03,BEAR_CALL_NF_23550_23700_W150,primary,NF,BEAR_CALL,1566.732421875,94.25,False,True,False
391,2026-06-03,BULL_PUT_NF_23250_23100_W150,secondary,NF,BULL_PUT,1565.885498046875,29.25,False,False,False
391,2026-06-03,BULL_PUT_NF_23200_23050_W150,secondary,NF,BULL_PUT,1451.70703125,39.0,False,False,False
391,2026-06-03,__NO_TRADE__,synthetic_no_trade,NF,NO_TRADE,39.4757080078125,0.0,False,False,False
392,2026-06-03,BULL_PUT_NF_23250_22850_W400,secondary,NF,BULL_PUT,1737.543701171875,-126.75,True,False,False
392,2026-06-03,BEAR_CALL_NF_23600_24000_W400,secondary,NF,BEAR_CALL,1671.849365234375,903.5,False,False,False
392,2026-06-03,BEAR_CALL_NF_23550_23950_W400,secondary,NF,BEAR_CALL,1663.339599609375,906.75,False,False,True
392,2026-06-03,BULL_PUT_NF_23250_22950_W300,secondary,NF,BULL_PUT,1662.0906982421875,-123.5,False,False,False
392,2026-06-03,BEAR_CALL_NF_23600_23850_W250,secondary,NF,BEAR_CALL,1621.495849609375,575.25,False,False,False
392,2026-06-03,BULL_PUT_NF_23250_23000_W250,secondary,NF,BULL_PUT,1621.3748779296875,-126.75,False,False,False
392,2026-06-03,BULL_PUT_NF_23250_23050_W200,secondary,NF,BULL_PUT,1615.9222412109375,-120.25,False,False,False
392,2026-06-03,BEAR_CALL_NF_23600_23900_W300,secondary,NF,BEAR_CALL,1605.978515625,708.5,False,False,False
392,2026-06-03,BEAR_CALL_NF_23550_23850_W300,secondary,NF,BEAR_CALL,1602.203125,666.25,False,False,False
392,2026-06-03,BEAR_CALL_NF_23600_23750_W150,secondary,NF,BEAR_CALL,1597.308837890625,383.5,False,False,False
392,2026-06-03,BEAR_CALL_NF_23600_23800_W200,secondary,NF,BEAR_CALL,1579.873779296875,484.25,False,False,False
392,2026-06-03,BEAR_CALL_NF_23550_23800_W250,secondary,NF,BEAR_CALL,1565.361328125,575.25,False,False,False
392,2026-06-03,BEAR_CALL_NF_23550_23750_W200,secondary,NF,BEAR_CALL,1540.343017578125,474.5,False,False,False
392,2026-06-03,BULL_PUT_NF_23250_23100_W150,secondary,NF,BULL_PUT,1524.427734375,-110.5,False,False,False
392,2026-06-03,BEAR_CALL_NF_23550_23700_W150,primary,NF,BEAR_CALL,1515.95361328125,334.75,False,True,False
392,2026-06-03,__NO_TRADE__,synthetic_no_trade,NF,NO_TRADE,36.10986328125,0.0,False,False,False
393,2026-06-03,BULL_PUT_NF_23250_22850_W400,secondary,NF,BULL_PUT,1788.8028564453125,-390.0,True,False,False
393,2026-06-03,BULL_PUT_NF_23300_22900_W400,secondary,NF,BULL_PUT,1686.2078857421875,-445.25,False,False,False
393,2026-06-03,BULL_PUT_NF_23300_23000_W300,secondary,NF,BULL_PUT,1683.6295166015625,-383.5,False,False,False
393,2026-06-03,BULL_PUT_NF_23250_22950_W300,secondary,NF,BULL_PUT,1664.47314453125,-364.0,False,False,False
393,2026-06-03,BULL_PUT_NF_23300_23050_W250,secondary,NF,BULL_PUT,1657.973388671875,-351.0,False,False,False
393,2026-06-03,BULL_PUT_NF_23300_23100_W200,secondary,NF,BULL_PUT,1647.221435546875,-344.5,False,False,False
393,2026-06-03,BULL_PUT_NF_23250_23000_W250,secondary,NF,BULL_PUT,1628.2047119140625,-315.25,False,False,False
393,2026-06-03,BEAR_CALL_NF_23600_24000_W400,secondary,NF,BEAR_CALL,1627.2998046875,1569.75,False,False,True
393,2026-06-03,BULL_PUT_NF_23250_23050_W200,secondary,NF,BULL_PUT,1623.14111328125,-282.75,False,False,False
393,2026-06-03,BEAR_CALL_NF_23600_23900_W300,secondary,NF,BEAR_CALL,1605.5115966796875,1215.5,False,False,False
393,2026-06-03,BEAR_CALL_NF_23600_23850_W250,secondary,NF,BEAR_CALL,1591.59130859375,1023.75,False,False,False
393,2026-06-03,BULL_PUT_NF_23300_23150_W150,secondary,NF,BULL_PUT,1547.518798828125,-256.75,False,False,False
393,2026-06-03,BEAR_CALL_NF_23600_23800_W200,secondary,NF,BEAR_CALL,1530.38134765625,802.75,False,False,False
393,2026-06-03,BEAR_CALL_NF_23600_23750_W150,primary,NF,BEAR_CALL,1517.45849609375,656.5,False,True,False
393,2026-06-03,BULL_PUT_NF_23250_23100_W150,secondary,NF,BULL_PUT,1506.623046875,-276.25,False,False,False
393,2026-06-03,__NO_TRADE__,synthetic_no_trade,NF,NO_TRADE,-24.70105743408203,0.0,False,False,False
394,2026-06-03,BULL_PUT_NF_23250_22850_W400,secondary,NF,BULL_PUT,1740.702880859375,-234.0,True,False,False
394,2026-06-03,BEAR_CALL_NF_23550_23950_W400,secondary,NF,BEAR_CALL,1678.59912109375,1101.75,False,False,True
394,2026-06-03,BEAR_CALL_NF_23600_24000_W400,secondary,NF,BEAR_CALL,1665.83740234375,1069.25,False,False,False
394,2026-06-03,BULL_PUT_NF_23250_22950_W300,secondary,NF,BULL_PUT,1660.399169921875,-208.0,False,False,False
394,2026-06-03,BULL_PUT_NF_23250_23050_W200,secondary,NF,BULL_PUT,1620.8709716796875,-214.5,False,False,False
394,2026-06-03,BULL_PUT_NF_23250_23000_W250,secondary,NF,BULL_PUT,1620.29052734375,-191.75,False,False,False
394,2026-06-03,BEAR_CALL_NF_23600_23850_W250,secondary,NF,BEAR_CALL,1616.056396484375,669.5,False,False,False
394,2026-06-03,BEAR_CALL_NF_23600_23900_W300,secondary,NF,BEAR_CALL,1608.452392578125,838.5,False,False,False
394,2026-06-03,BEAR_CALL_NF_23550_23850_W300,secondary,NF,BEAR_CALL,1605.2384033203125,763.75,False,False,False
394,2026-06-03,BEAR_CALL_NF_23600_23750_W150,secondary,NF,BEAR_CALL,1597.19189453125,422.5,False,False,False
394,2026-06-03,BEAR_CALL_NF_23600_23800_W200,secondary,NF,BEAR_CALL,1575.825439453125,529.75,False,False,False
394,2026-06-03,BEAR_CALL_NF_23550_23800_W250,secondary,NF,BEAR_CALL,1562.7603759765625,624.0,False,False,False
394,2026-06-03,BEAR_CALL_NF_23550_23750_W200,secondary,NF,BEAR_CALL,1538.3746337890625,516.75,False,False,False
394,2026-06-03,BULL_PUT_NF_23250_23100_W150,secondary,NF,BULL_PUT,1524.87353515625,-143.0,False,False,False
394,2026-06-03,BEAR_CALL_NF_23550_23700_W150,primary,NF,BEAR_CALL,1515.2833251953125,357.5,False,True,False
394,2026-06-03,__NO_TRADE__,synthetic_no_trade,NF,NO_TRADE,36.10826110839844,0.0,False,False,False
395,2026-06-03,BULL_PUT_NF_23250_22850_W400,secondary,NF,BULL_PUT,1752.92236328125,-240.5,True,False,False
395,2026-06-03,BULL_PUT_NF_23250_22950_W300,secondary,NF,BULL_PUT,1625.758544921875,-234.0,False,False,False
395,2026-06-03,BEAR_CALL_NF_23550_23950_W400,secondary,NF,BEAR_CALL,1610.295166015625,1446.25,False,False,True
395,2026-06-03,BEAR_CALL_NF_23600_24000_W400,secondary,NF,BEAR_CALL,1597.2091064453125,1358.5,False,False,False
395,2026-06-03,BULL_PUT_NF_23250_23000_W250,secondary,NF,BULL_PUT,1590.1329345703125,-201.5,False,False,False
395,2026-06-03,BULL_PUT_NF_23250_23050_W200,secondary,NF,BULL_PUT,1583.328857421875,-169.0,False,False,False
395,2026-06-03,BEAR_CALL_NF_23600_23900_W300,secondary,NF,BEAR_CALL,1565.592529296875,994.5,False,False,False
395,2026-06-03,BEAR_CALL_NF_23600_23850_W250,secondary,NF,BEAR_CALL,1561.06689453125,864.5,False,False,False
395,2026-06-03,BEAR_CALL_NF_23550_23850_W300,secondary,NF,BEAR_CALL,1550.0177001953125,1108.25,False,False,False
395,2026-06-03,BEAR_CALL_NF_23600_23750_W150,secondary,NF,BEAR_CALL,1529.1285400390625,468.0,False,False,False
395,2026-06-03,BEAR_CALL_NF_23550_23800_W250,secondary,NF,BEAR_CALL,1520.05029296875,962.0,False,False,False
395,2026-06-03,BEAR_CALL_NF_23600_23800_W200,secondary,NF,BEAR_CALL,1497.494873046875,718.25,False,False,False
395,2026-06-03,BEAR_CALL_NF_23550_23750_W200,secondary,NF,BEAR_CALL,1480.982177734375,711.75,False,False,False
395,2026-06-03,BEAR_CALL_NF_23550_23700_W150,primary,NF,BEAR_CALL,1474.224609375,568.75,False,True,False
395,2026-06-03,BULL_PUT_NF_23250_23100_W150,secondary,NF,BULL_PUT,1473.112548828125,-169.0,False,False,False
395,2026-06-03,__NO_TRADE__,synthetic_no_trade,NF,NO_TRADE,33.809844970703125,0.0,False,False,False
396,2026-06-03,BULL_PUT_NF_23250_22850_W400,secondary,NF,BULL_PUT,1769.708984375,-305.5,True,False,False
396,2026-06-03,BULL_PUT_NF_23300_22900_W400,secondary,NF,BULL_PUT,1663.369140625,-435.5,False,False,False
396,2026-06-03,BULL_PUT_NF_23250_22950_W300,secondary,NF,BULL_PUT,1626.87451171875,-295.75,False,False,False
396,2026-06-03,BULL_PUT_NF_23300_23000_W300,secondary,NF,BULL_PUT,1621.917236328125,-393.25,False,False,False
396,2026-06-03,BULL_PUT_NF_23300_23050_W250,secondary,NF,BULL_PUT,1597.7236328125,-360.75,False,False,False
396,2026-06-03,BULL_PUT_NF_23250_23000_W250,secondary,NF,BULL_PUT,1592.58544921875,-273.0,False,False,False
396,2026-06-03,BULL_PUT_NF_23300_23100_W200,secondary,NF,BULL_PUT,1589.7159423828125,-308.75,False,False,False
396,2026-06-03,BEAR_CALL_NF_23600_24000_W400,secondary,NF,BEAR_CALL,1588.75,1566.5,False,False,True
396,2026-06-03,BULL_PUT_NF_23250_23050_W200,secondary,NF,BULL_PUT,1585.005615234375,-240.5,False,False,False
396,2026-06-03,BEAR_CALL_NF_23600_23900_W300,secondary,NF,BEAR_CALL,1569.10302734375,1179.75,False,False,False
396,2026-06-03,BEAR_CALL_NF_23600_23850_W250,secondary,NF,BEAR_CALL,1557.536376953125,1017.25,False,False,False
396,2026-06-03,BEAR_CALL_NF_23600_23800_W200,secondary,NF,BEAR_CALL,1489.3404541015625,780.0,False,False,False
396,2026-06-03,BULL_PUT_NF_23300_23150_W150,secondary,NF,BULL_PUT,1486.956298828125,-266.5,False,False,False
396,2026-06-03,BEAR_CALL_NF_23600_23750_W150,primary,NF,BEAR_CALL,1478.23388671875,591.5,False,True,False
396,2026-06-03,BULL_PUT_NF_23250_23100_W150,secondary,NF,BULL_PUT,1463.0501708984375,-188.5,False,False,False
396,2026-06-03,BULL_PUT_BNF_53600_53100_W500,secondary,BNF,BULL_PUT,1163.07666015625,15.0,False,False,False
396,2026-06-03,BULL_PUT_BNF_53600_52800_W800,secondary,BNF,BULL_PUT,1128.6224365234375,171.0,False,False,False
396,2026-06-03,BULL_PUT_BNF_53600_52600_W1000,secondary,BNF,BULL_PUT,974.4722290039062,262.5,False,False,False
396,2026-06-03,BULL_PUT_BNF_53600_53000_W600,secondary,BNF,BULL_PUT,952.985595703125,91.5,False,False,False
396,2026-06-03,BULL_PUT_BNF_53600_53200_W400,secondary,BNF,BULL_PUT,800.41357421875,-85.5,False,False,False
396,2026-06-03,__NO_TRADE__,synthetic_no_trade,NF,NO_TRADE,-28.57366943359375,0.0,False,False,False
397,2026-06-03,BULL_PUT_NF_23250_22850_W400,secondary,NF,BULL_PUT,1792.6453857421875,-461.5,True,False,False
397,2026-06-03,BULL_PUT_NF_23300_23000_W300,secondary,NF,BULL_PUT,1695.61328125,-419.25,False,False,False
397,2026-06-03,BULL_PUT_NF_23300_22900_W400,secondary,NF,BULL_PUT,1690.585693359375,-497.25,False,False,False
397,2026-06-03,BULL_PUT_NF_23300_23050_W250,secondary,NF,BULL_PUT,1669.7489013671875,-403.0,False,False,False
397,2026-06-03,BULL_PUT_NF_23250_22950_W300,secondary,NF,BULL_PUT,1669.5816650390625,-419.25,False,False,False
397,2026-06-03,BULL_PUT_NF_23300_23100_W200,secondary,NF,BULL_PUT,1658.1053466796875,-347.75,False,False,False
397,2026-06-03,BEAR_CALL_NF_23600_24000_W400,secondary,NF,BEAR_CALL,1636.4639892578125,1612.0,False,False,True
397,2026-06-03,BULL_PUT_NF_23250_23000_W250,secondary,NF,BULL_PUT,1634.3482666015625,-351.0,False,False,False
397,2026-06-03,BULL_PUT_NF_23250_23050_W200,secondary,NF,BULL_PUT,1631.2388916015625,-334.75,False,False,False
397,2026-06-03,BEAR_CALL_NF_23600_23900_W300,secondary,NF,BEAR_CALL,1616.427734375,1277.25,False,False,False
397,2026-06-03,BEAR_CALL_NF_23600_23850_W250,secondary,NF,BEAR_CALL,1599.578857421875,1030.25,False,False,False
397,2026-06-03,BULL_PUT_NF_23300_23150_W150,secondary,NF,BULL_PUT,1559.4798583984375,-263.25,False,False,False
397,2026-06-03,BEAR_CALL_NF_23600_23800_W200,secondary,NF,BEAR_CALL,1536.305419921875,913.25,False,False,False
397,2026-06-03,BEAR_CALL_NF_23600_23750_W150,primary,NF,BEAR_CALL,1527.997314453125,721.5,False,True,False
397,2026-06-03,BULL_PUT_NF_23250_23100_W150,secondary,NF,BULL_PUT,1513.7939453125,-279.5,False,False,False
397,2026-06-03,__NO_TRADE__,synthetic_no_trade,NF,NO_TRADE,-23.738250732421875,0.0,False,False,False
398,2026-06-03,BULL_PUT_NF_23300_22900_W400,secondary,NF,BULL_PUT,1641.80712890625,-708.5,True,False,False
398,2026-06-03,BEAR_CALL_NF_23650_23900_W250,secondary,NF,BEAR_CALL,1614.916259765625,1111.5,False,False,False
398,2026-06-03,BULL_PUT_NF_23300_23000_W300,secondary,NF,BULL_PUT,1605.384033203125,-611.0,False,False,False
398,2026-06-03,BEAR_CALL_NF_23600_24000_W400,secondary,NF,BEAR_CALL,1592.873046875,1846.0,False,False,True
398,2026-06-03,BEAR_CALL_NF_23650_23950_W300,secondary,NF,BEAR_CALL,1584.40966796875,1365.0,False,False,False
398,2026-06-03,BULL_PUT_NF_23300_23050_W250,secondary,NF,BULL_PUT,1581.113037109375,-513.5,False,False,False
398,2026-06-03,BULL_PUT_NF_23300_23100_W200,secondary,NF,BULL_PUT,1580.2734375,-438.75,False,False,False
398,2026-06-03,BEAR_CALL_NF_23650_24050_W400,secondary,NF,BEAR_CALL,1573.7080078125,1722.5,False,False,False
398,2026-06-03,BEAR_CALL_NF_23600_23900_W300,secondary,NF,BEAR_CALL,1573.1964111328125,1410.5,False,False,False
398,2026-06-03,BEAR_CALL_NF_23650_23800_W150,secondary,NF,BEAR_CALL,1560.683349609375,627.25,False,False,False
398,2026-06-03,BEAR_CALL_NF_23600_23850_W250,secondary,NF,BEAR_CALL,1546.0250244140625,1244.75,False,False,False
398,2026-06-03,BEAR_CALL_NF_23650_23850_W200,secondary,NF,BEAR_CALL,1544.740478515625,945.75,False,False,False
398,2026-06-03,BEAR_CALL_NF_23600_23800_W200,secondary,NF,BEAR_CALL,1492.3736572265625,926.25,False,False,False
398,2026-06-03,BEAR_CALL_NF_23600_23750_W150,primary,NF,BEAR_CALL,1491.398193359375,802.75,False,True,False
398,2026-06-03,BULL_PUT_NF_23300_23150_W150,secondary,NF,BULL_PUT,1482.635009765625,-386.75,False,False,False
398,2026-06-03,__NO_TRADE__,synthetic_no_trade,NF,NO_TRADE,-26.89178466796875,0.0,False,False,False
399,2026-06-03,BULL_PUT_NF_23250_22850_W400,secondary,NF,BULL_PUT,1758.9757080078125,-539.5,True,False,False
399,2026-06-03,BULL_PUT_NF_23300_22900_W400,secondary,NF,BULL_PUT,1649.796142578125,-650.0,False,False,False
399,2026-06-03,BULL_PUT_NF_23250_22950_W300,secondary,NF,BULL_PUT,1609.47216796875,-464.75,False,False,False
399,2026-06-03,BULL_PUT_NF_23300_23000_W300,secondary,NF,BULL_PUT,1600.2381591796875,-529.75,False,False,False
399,2026-06-03,BEAR_CALL_NF_23600_24000_W400,secondary,NF,BEAR_CALL,1588.054931640625,1540.5,False,False,True
399,2026-06-03,BULL_PUT_NF_23300_23050_W250,secondary,NF,BULL_PUT,1577.2894287109375,-490.75,False,False,False
399,2026-06-03,BULL_PUT_NF_23250_23000_W250,secondary,NF,BULL_PUT,1577.03662109375,-393.25,False,False,False
399,2026-06-03,BULL_PUT_NF_23300_23100_W200,secondary,NF,BULL_PUT,1574.1209716796875,-412.75,False,False,False
399,2026-06-03,BULL_PUT_NF_23250_23050_W200,secondary,NF,BULL_PUT,1571.175048828125,-354.25,False,False,False
399,2026-06-03,BEAR_CALL_NF_23600_23900_W300,secondary,NF,BEAR_CALL,1561.516845703125,1209.0,False,False,False
399,2026-06-03,BEAR_CALL_NF_23600_23850_W250,secondary,NF,BEAR_CALL,1549.109130859375,984.75,False,False,False
399,2026-06-03,BEAR_CALL_NF_23600_23800_W200,secondary,NF,BEAR_CALL,1483.573486328125,815.75,False,False,False
399,2026-06-03,BEAR_CALL_NF_23600_23750_W150,primary,NF,BEAR_CALL,1476.860595703125,624.0,False,True,False
399,2026-06-03,BULL_PUT_NF_23300_23150_W150,secondary,NF,BULL_PUT,1470.400634765625,-305.5,False,False,False
399,2026-06-03,BULL_PUT_NF_23250_23100_W150,secondary,NF,BULL_PUT,1446.224853515625,-276.25,False,False,False
399,2026-06-03,__NO_TRADE__,synthetic_no_trade,NF,NO_TRADE,-28.97502899169922,0.0,False,False,False
400,2026-06-03,BULL_PUT_NF_23250_22850_W400,secondary,NF,BULL_PUT,1760.551025390625,-295.75,True,False,False
400,2026-06-03,BEAR_CALL_NF_23600_24000_W400,secondary,NF,BEAR_CALL,1716.265380859375,841.75,False,False,True
400,2026-06-03,BULL_PUT_NF_23250_22950_W300,secondary,NF,BULL_PUT,1701.634033203125,-237.25,False,False,False
400,2026-06-03,BEAR_CALL_NF_23550_23950_W400,secondary,NF,BEAR_CALL,1699.7503662109375,812.5,False,False,False
400,2026-06-03,BEAR_CALL_NF_23600_23850_W250,secondary,NF,BEAR_CALL,1661.31103515625,575.25,False,False,False
400,2026-06-03,BULL_PUT_NF_23250_23050_W200,secondary,NF,BULL_PUT,1656.167236328125,-208.0,False,False,False
400,2026-06-03,BULL_PUT_NF_23250_23000_W250,secondary,NF,BULL_PUT,1655.9493408203125,-240.5,False,False,False
400,2026-06-03,BEAR_CALL_NF_23600_23750_W150,secondary,NF,BEAR_CALL,1642.137451171875,364.0,False,False,False
400,2026-06-03,BEAR_CALL_NF_23600_23900_W300,secondary,NF,BEAR_CALL,1638.6317138671875,702.0,False,False,False
400,2026-06-03,BEAR_CALL_NF_23550_23850_W300,secondary,NF,BEAR_CALL,1631.4693603515625,624.0,False,False,False
400,2026-06-03,BEAR_CALL_NF_23600_23800_W200,secondary,NF,BEAR_CALL,1624.4033203125,484.25,False,False,False
400,2026-06-03,BEAR_CALL_NF_23550_23800_W250,secondary,NF,BEAR_CALL,1590.77294921875,533.0,False,False,False
400,2026-06-03,BEAR_CALL_NF_23550_23750_W200,secondary,NF,BEAR_CALL,1576.427978515625,412.75,False,False,False
400,2026-06-03,BULL_PUT_NF_23250_23100_W150,secondary,NF,BULL_PUT,1568.6961669921875,-185.25,False,False,False
400,2026-06-03,BEAR_CALL_NF_23550_23700_W150,primary,NF,BEAR_CALL,1543.3837890625,351.0,False,True,False
400,2026-06-03,__NO_TRADE__,synthetic_no_trade,NF,NO_TRADE,37.282012939453125,0.0,False,False,False
401,2026-06-03,BULL_PUT_NF_23250_22850_W400,secondary,NF,BULL_PUT,1827.1202392578125,-500.5,True,False,False
401,2026-06-03,BULL_PUT_NF_23300_23000_W300,secondary,NF,BULL_PUT,1822.2586669921875,-477.75,False,False,False
401,2026-06-03,BULL_PUT_NF_23300_23050_W250,secondary,NF,BULL_PUT,1792.52197265625,-429.0,False,False,False
401,2026-06-03,BULL_PUT_NF_23300_23100_W200,secondary,NF,BULL_PUT,1772.3336181640625,-373.75,False,False,False
401,2026-06-03,BEAR_CALL_NF_23600_24000_W400,secondary,NF,BEAR_CALL,1752.53369140625,939.25,False,False,False
401,2026-06-03,BULL_PUT_NF_23250_22950_W300,secondary,NF,BULL_PUT,1749.2420654296875,-422.5,False,False,False
401,2026-06-03,BEAR_CALL_NF_23550_23950_W400,secondary,NF,BEAR_CALL,1734.147216796875,975.0,False,False,True
401,2026-06-03,BULL_PUT_NF_23300_22900_W400,secondary,NF,BULL_PUT,1731.122802734375,-594.75,False,False,False
401,2026-06-03,BULL_PUT_NF_23250_23050_W200,secondary,NF,BULL_PUT,1709.4814453125,-312.0,False,False,False
401,2026-06-03,BULL_PUT_NF_23250_23000_W250,secondary,NF,BULL_PUT,1709.36767578125,-360.75,False,False,False
401,2026-06-03,BEAR_CALL_NF_23600_23850_W250,secondary,NF,BEAR_CALL,1690.3876953125,611.0,False,False,False
401,2026-06-03,BULL_PUT_NF_23300_23150_W150,secondary,NF,BULL_PUT,1685.4521484375,-269.75,False,False,False
401,2026-06-03,BEAR_CALL_NF_23600_23750_W150,secondary,NF,BEAR_CALL,1676.3865966796875,373.75,False,False,False
401,2026-06-03,BEAR_CALL_NF_23600_23900_W300,secondary,NF,BEAR_CALL,1672.6240234375,757.25,False,False,False
401,2026-06-03,BEAR_CALL_NF_23550_23850_W300,secondary,NF,BEAR_CALL,1662.3167724609375,741.0,False,False,False
401,2026-06-03,BEAR_CALL_NF_23600_23800_W200,secondary,NF,BEAR_CALL,1652.5467529296875,526.5,False,False,False
401,2026-06-03,BEAR_CALL_NF_23550_23800_W250,secondary,NF,BEAR_CALL,1612.176513671875,656.5,False,False,False
401,2026-06-03,BULL_PUT_NF_23250_23100_W150,secondary,NF,BULL_PUT,1608.35546875,-256.75,False,False,False
401,2026-06-03,BEAR_CALL_NF_23550_23750_W200,secondary,NF,BEAR_CALL,1598.91796875,503.75,False,False,False
401,2026-06-03,BEAR_CALL_NF_23550_23700_W150,primary,NF,BEAR_CALL,1572.6826171875,390.0,False,True,False
401,2026-06-03,__NO_TRADE__,synthetic_no_trade,NF,NO_TRADE,36.15716552734375,0.0,False,False,False
402,2026-06-03,BEAR_CALL_NF_23550_23950_W400,secondary,NF,BEAR_CALL,1853.3271484375,45.5,True,False,True
402,2026-06-03,BULL_PUT_NF_23250_22950_W300,secondary,NF,BULL_PUT,1793.1796875,-74.75,False,False,False
402,2026-06-03,BULL_PUT_NF_23200_22900_W300,secondary,NF,BULL_PUT,1743.6326904296875,-81.25,False,False,False
402,2026-06-03,BULL_PUT_NF_23250_23000_W250,secondary,NF,BULL_PUT,1740.8468017578125,-48.75,False,False,False
402,2026-06-03,BULL_PUT_NF_23250_22850_W400,secondary,NF,BULL_PUT,1740.0279541015625,-74.75,False,False,False
402,2026-06-03,BULL_PUT_NF_23200_22800_W400,secondary,NF,BULL_PUT,1738.917724609375,-87.75,False,False,False
402,2026-06-03,BULL_PUT_NF_23250_23050_W200,secondary,NF,BULL_PUT,1720.62109375,-48.75,False,False,False
402,2026-06-03,BEAR_CALL_NF_23550_23750_W200,secondary,NF,BEAR_CALL,1708.7147216796875,35.75,False,False,False
402,2026-06-03,BULL_PUT_NF_23200_22950_W250,secondary,NF,BULL_PUT,1704.0548095703125,-78.0,False,False,False
402,2026-06-03,BULL_PUT_NF_23200_23000_W200,secondary,NF,BULL_PUT,1700.84423828125,-52.0,False,False,False
402,2026-06-03,BEAR_CALL_NF_23550_23800_W250,secondary,NF,BEAR_CALL,1696.39599609375,32.5,False,False,False
402,2026-06-03,BULL_PUT_NF_23250_23100_W150,secondary,NF,BULL_PUT,1671.9404296875,-48.75,False,False,False
402,2026-06-03,BEAR_CALL_NF_23550_23850_W300,secondary,NF,BEAR_CALL,1666.236572265625,22.75,False,False,False
402,2026-06-03,BEAR_CALL_NF_23550_23700_W150,primary,NF,BEAR_CALL,1634.8358154296875,29.25,False,True,False
402,2026-06-03,BULL_PUT_NF_23200_23050_W150,secondary,NF,BULL_PUT,1563.9970703125,-52.0,False,False,False
402,2026-06-03,__NO_TRADE__,synthetic_no_trade,NF,NO_TRADE,39.96112060546875,0.0,False,False,False
403,2026-06-03,BEAR_CALL_NF_23550_23950_W400,secondary,NF,BEAR_CALL,1827.03759765625,3.25,True,False,False
403,2026-06-03,BULL_PUT_NF_23250_22950_W300,secondary,NF,BULL_PUT,1791.316650390625,-6.5,False,False,False
403,2026-06-03,BULL_PUT_NF_23250_22850_W400,secondary,NF,BULL_PUT,1762.158203125,-3.25,False,False,False
403,2026-06-03,BULL_PUT_NF_23250_23000_W250,secondary,NF,BULL_PUT,1741.7257080078125,-3.25,False,False,False
403,2026-06-03,BULL_PUT_NF_23250_23050_W200,secondary,NF,BULL_PUT,1716.012939453125,-13.0,False,False,False
403,2026-06-03,BEAR_CALL_NF_23550_23750_W200,secondary,NF,BEAR_CALL,1685.947509765625,22.75,False,False,True
403,2026-06-03,BEAR_CALL_NF_23550_23800_W250,secondary,NF,BEAR_CALL,1679.936767578125,9.75,False,False,False
403,2026-06-03,BULL_PUT_NF_23250_23100_W150,secondary,NF,BULL_PUT,1656.1136474609375,-9.75,False,False,False
403,2026-06-03,BEAR_CALL_NF_23550_23850_W300,secondary,NF,BEAR_CALL,1647.33447265625,-3.25,False,False,False
403,2026-06-03,BEAR_CALL_NF_23550_23700_W150,primary,NF,BEAR_CALL,1614.19873046875,9.75,False,True,False
403,2026-06-03,__NO_TRADE__,synthetic_no_trade,NF,NO_TRADE,38.58650207519531,0.0,False,False,False
404,2026-06-03,BEAR_CALL_NF_23550_23950_W400,secondary,NF,BEAR_CALL,1887.046630859375,156.0,True,False,True
404,2026-06-03,BULL_PUT_NF_23250_22950_W300,secondary,NF,BULL_PUT,1866.2547607421875,-71.5,False,False,False
404,2026-06-03,BEAR_CALL_NF_23600_23800_W200,secondary,NF,BEAR_CALL,1839.2440185546875,84.5,False,False,False
404,2026-06-03,BEAR_CALL_NF_23600_23850_W250,secondary,NF,BEAR_CALL,1827.87353515625,84.5,False,False,False
404,2026-06-03,BEAR_CALL_NF_23600_23750_W150,secondary,NF,BEAR_CALL,1810.4501953125,94.25,False,False,False
404,2026-06-03,BULL_PUT_NF_23250_23000_W250,secondary,NF,BULL_PUT,1802.943115234375,-68.25,False,False,False
404,2026-06-03,BULL_PUT_NF_23250_22850_W400,secondary,NF,BULL_PUT,1792.497314453125,-78.0,False,False,False
404,2026-06-03,BEAR_CALL_NF_23600_23900_W300,secondary,NF,BEAR_CALL,1789.32373046875,107.25,False,False,False
404,2026-06-03,BULL_PUT_NF_23250_23050_W200,secondary,NF,BULL_PUT,1776.2413330078125,-45.5,False,False,False
404,2026-06-03,BEAR_CALL_NF_23600_24000_W400,secondary,NF,BEAR_CALL,1768.863037109375,100.75,False,False,False
404,2026-06-03,BULL_PUT_NF_23250_23100_W150,secondary,NF,BULL_PUT,1741.033935546875,-48.75,False,False,False
404,2026-06-03,BEAR_CALL_NF_23550_23750_W200,secondary,NF,BEAR_CALL,1727.6817626953125,136.5,False,False,False
404,2026-06-03,BEAR_CALL_NF_23550_23800_W250,secondary,NF,BEAR_CALL,1701.599853515625,126.75,False,False,False
404,2026-06-03,BEAR_CALL_NF_23550_23850_W300,secondary,NF,BEAR_CALL,1690.126220703125,126.75,False,False,False
404,2026-06-03,BEAR_CALL_NF_23550_23700_W150,primary,NF,BEAR_CALL,1660.680419921875,87.75,False,True,False
404,2026-06-03,__NO_TRADE__,synthetic_no_trade,NF,NO_TRADE,38.09489440917969,0.0,False,False,False
413,2026-06-04,BEAR_CALL_NF_23550_23700_W150,secondary,NF,BEAR_CALL,-288.06707763671875,-425.75,True,False,False
413,2026-06-04,__NO_TRADE__,synthetic_no_trade,NF,NO_TRADE,-423.7758483886719,0.0,False,False,True
413,2026-06-04,BEAR_CALL_NF_23550_23750_W200,secondary,NF,BEAR_CALL,-438.8853454589844,-510.25,False,False,False
413,2026-06-04,BEAR_CALL_NF_23550_23800_W250,secondary,NF,BEAR_CALL,-570.4706420898438,-559.0,False,False,False
413,2026-06-04,BEAR_CALL_NF_23550_23850_W300,secondary,NF,BEAR_CALL,-691.834228515625,-591.5,False,False,False
413,2026-06-04,BEAR_CALL_NF_23550_23950_W400,secondary,NF,BEAR_CALL,-761.5016479492188,-640.25,False,False,False
413,2026-06-04,BEAR_PUT_NF_23200_23400_W200,secondary,NF,BEAR_PUT,-866.75830078125,-968.5,False,False,False
413,2026-06-04,BEAR_PUT_NF_23250_23350_W100,secondary,NF,BEAR_PUT,-898.9979248046875,-503.75,False,False,False
413,2026-06-04,BEAR_PUT_NF_23300_23400_W100,secondary,NF,BEAR_PUT,-927.5863037109375,-503.75,False,False,False
413,2026-06-04,BEAR_PUT_NF_23150_23400_W250,primary,NF,BEAR_PUT,-937.9605102539062,-1173.25,False,True,False
413,2026-06-04,BEAR_PUT_NF_23250_23400_W150,secondary,NF,BEAR_PUT,-953.5309448242188,-711.75,False,False,False
414,2026-06-04,__NO_TRADE__,synthetic_no_trade,BNF,NO_TRADE,-156.15028381347656,0.0,True,False,True
414,2026-06-04,BEAR_PUT_BNF_53400_54200_W800,secondary,BNF,BEAR_PUT,-283.3327941894531,-484.5,False,False,False
414,2026-06-04,BEAR_CALL_NF_23550_23700_W150,secondary,NF,BEAR_CALL,-290.05096435546875,-481.0,False,False,False
414,2026-06-04,BEAR_PUT_BNF_53200_54200_W1000,primary,BNF,BEAR_PUT,-364.208251953125,-705.0,False,True,False
414,2026-06-04,BEAR_CALL_NF_23550_23750_W200,secondary,NF,BEAR_CALL,-428.25927734375,-526.5,False,False,False
414,2026-06-04,BEAR_CALL_NF_23550_23800_W250,secondary,NF,BEAR_CALL,-565.0821533203125,-604.5,False,False,False
414,2026-06-04,BEAR_CALL_NF_23550_23850_W300,secondary,NF,BEAR_CALL,-675.4581298828125,-627.25,False,False,False
414,2026-06-04,BEAR_CALL_NF_23550_23950_W400,secondary,NF,BEAR_CALL,-740.255615234375,-650.0,False,False,False
414,2026-06-04,BEAR_PUT_NF_23200_23400_W200,secondary,NF,BEAR_PUT,-864.757080078125,-975.0,False,False,False
414,2026-06-04,BEAR_PUT_NF_23150_23400_W250,secondary,NF,BEAR_PUT,-879.1759033203125,-1222.0,False,False,False
414,2026-06-04,BEAR_PUT_NF_23250_23350_W100,secondary,NF,BEAR_PUT,-910.8793334960938,-474.5,False,False,False
414,2026-06-04,BEAR_PUT_NF_23250_23400_W150,secondary,NF,BEAR_PUT,-941.7060546875,-731.25,False,False,False
415,2026-06-04,BEAR_CALL_NF_23550_23700_W150,secondary,NF,BEAR_CALL,-142.14585876464844,-211.25,True,False,False
415,2026-06-04,BEAR_CALL_NF_23550_23750_W200,secondary,NF,BEAR_CALL,-249.292236328125,-256.75,False,False,False
415,2026-06-04,BEAR_CALL_NF_23550_23800_W250,secondary,NF,BEAR_CALL,-335.0709533691406,-256.75,False,False,False
415,2026-06-04,__NO_TRADE__,synthetic_no_trade,NF,NO_TRADE,-362.777099609375,0.0,False,False,True
415,2026-06-04,BEAR_CALL_NF_23550_23850_W300,secondary,NF,BEAR_CALL,-457.7958679199219,-221.0,False,False,False
415,2026-06-04,BEAR_CALL_NF_23550_23950_W400,secondary,NF,BEAR_CALL,-540.5850830078125,-204.75,False,False,False
415,2026-06-04,BEAR_PUT_NF_23300_23400_W100,secondary,NF,BEAR_PUT,-1001.5443725585938,-292.5,False,False,False
415,2026-06-04,BEAR_PUT_NF_23200_23400_W200,primary,NF,BEAR_PUT,-1031.1282958984375,-601.25,False,True,False
415,2026-06-04,BEAR_PUT_NF_23250_23400_W150,secondary,NF,BEAR_PUT,-1039.674560546875,-429.0,False,False,False
416,2026-06-04,BEAR_CALL_NF_23600_23750_W150,secondary,NF,BEAR_CALL,295.60772705078125,19.5,True,False,False
416,2026-06-04,BEAR_CALL_NF_23600_23800_W200,secondary,NF,BEAR_CALL,122.02395629882812,61.75,False,False,False
416,2026-06-04,BEAR_CALL_NF_23550_23700_W150,secondary,NF,BEAR_CALL,31.21668243408203,-35.75,False,False,False
416,2026-06-04,BEAR_CALL_NF_23600_24000_W400,secondary,NF,BEAR_CALL,19.688560485839844,292.5,False,False,True
416,2026-06-04,BEAR_CALL_NF_23600_23850_W250,secondary,NF,BEAR_CALL,-10.359947204589844,130.0,False,False,False
416,2026-06-04,BEAR_CALL_NF_23550_23750_W200,secondary,NF,BEAR_CALL,-38.46739196777344,-13.0,False,False,False
416,2026-06-04,BEAR_CALL_NF_23600_23900_W300,secondary,NF,BEAR_CALL,-70.61973571777344,165.75,False,False,False
416,2026-06-04,BEAR_CALL_NF_23550_23800_W250,secondary,NF,BEAR_CALL,-81.71310424804688,29.25,False,False,False
416,2026-06-04,BEAR_PUT_BNF_53700_54300_W600,secondary,BNF,BEAR_PUT,-162.92201232910156,-135.0,False,False,False
416,2026-06-04,BEAR_CALL_NF_23550_23850_W300,secondary,NF,BEAR_CALL,-172.88829040527344,97.5,False,False,False
416,2026-06-04,BEAR_CALL_NF_23550_23950_W400,secondary,NF,BEAR_CALL,-229.98870849609375,198.25,False,False,False
416,2026-06-04,BEAR_PUT_BNF_53500_54300_W800,secondary,BNF,BEAR_PUT,-304.47216796875,-39.0,False,False,False
416,2026-06-04,BEAR_PUT_BNF_53300_54300_W1000,secondary,BNF,BEAR_PUT,-321.67218017578125,-109.5,False,False,False
416,2026-06-04,__NO_TRADE__,synthetic_no_trade,NF,NO_TRADE,-468.04461669921875,0.0,False,False,False
416,2026-06-04,BEAR_PUT_NF_23200_23450_W250,secondary,NF,BEAR_PUT,-944.7997436523438,-516.75,False,False,False
416,2026-06-04,BEAR_PUT_NF_23350_23450_W100,secondary,NF,BEAR_PUT,-973.2115478515625,-159.25,False,False,False
416,2026-06-04,BEAR_PUT_NF_23150_23450_W300,primary,NF,BEAR_PUT,-1005.0929565429688,-627.25,False,True,False
416,2026-06-04,BEAR_PUT_NF_23300_23400_W100,secondary,NF,BEAR_PUT,-1018.322021484375,-195.0,False,False,False
416,2026-06-04,BEAR_PUT_NF_23250_23450_W200,secondary,NF,BEAR_PUT,-1020.1310424804688,-386.75,False,False,False
416,2026-06-04,BEAR_PUT_NF_23250_23400_W150,secondary,NF,BEAR_PUT,-1065.544921875,-282.75,False,False,False
416,2026-06-04,BEAR_PUT_NF_23300_23450_W150,secondary,NF,BEAR_PUT,-1069.380126953125,-299.0,False,False,False
417,2026-06-04,BEAR_PUT_BNF_53500_54300_W800,secondary,BNF,BEAR_PUT,-229.86083984375,-256.5,True,False,False
417,2026-06-04,BEAR_PUT_BNF_53300_54300_W1000,secondary,BNF,BEAR_PUT,-301.91094970703125,-394.5,False,False,False
417,2026-06-04,__NO_TRADE__,synthetic_no_trade,NF,NO_TRADE,-483.8272705078125,0.0,False,False,True
417,2026-06-04,BEAR_PUT_NF_23200_23450_W250,secondary,NF,BEAR_PUT,-928.0250244140625,-468.0,False,False,False
417,2026-06-04,BEAR_PUT_NF_23150_23450_W300,primary,NF,BEAR_PUT,-986.66943359375,-546.0,False,True,False
417,2026-06-04,BEAR_PUT_NF_23350_23450_W100,secondary,NF,BEAR_PUT,-999.5716552734375,-146.25,False,False,False
417,2026-06-04,BEAR_PUT_NF_23250_23450_W200,secondary,NF,BEAR_PUT,-1022.2757568359375,-354.25,False,False,False
417,2026-06-04,BEAR_PUT_NF_23300_23400_W100,secondary,NF,BEAR_PUT,-1039.42529296875,-139.75,False,False,False
417,2026-06-04,BEAR_PUT_NF_23250_23400_W150,secondary,NF,BEAR_PUT,-1075.6414794921875,-256.75,False,False,False
417,2026-06-04,BEAR_PUT_NF_23300_23450_W150,secondary,NF,BEAR_PUT,-1112.7783203125,-237.25,False,False,False
424,2026-06-04,BEAR_PUT_BNF_53500_54100_W600,secondary,BNF,BEAR_PUT,-169.00979614257812,-411.0,True,False,False
424,2026-06-04,BEAR_PUT_BNF_53300_54100_W800,secondary,BNF,BEAR_PUT,-306.287841796875,-631.5,False,False,False
424,2026-06-04,__NO_TRADE__,synthetic_no_trade,NF,NO_TRADE,-493.72357177734375,0.0,False,False,True
424,2026-06-04,BEAR_PUT_NF_23100_23400_W300,primary,NF,BEAR_PUT,-892.4476318359375,-1290.25,False,True,False
424,2026-06-04,BEAR_PUT_NF_23200_23400_W200,secondary,NF,BEAR_PUT,-908.14306640625,-828.75,False,False,False
424,2026-06-04,BEAR_PUT_NF_23150_23400_W250,secondary,NF,BEAR_PUT,-912.343017578125,-1040.0,False,False,False
424,2026-06-04,BEAR_PUT_NF_23250_23350_W100,secondary,NF,BEAR_PUT,-936.1807250976562,-425.75,False,False,False
424,2026-06-04,BEAR_PUT_NF_23300_23400_W100,secondary,NF,BEAR_PUT,-976.602783203125,-396.5,False,False,False
424,2026-06-04,BEAR_PUT_NF_23250_23400_W150,secondary,NF,BEAR_PUT,-994.3369140625,-607.75,False,False,False
425,2026-06-04,BEAR_CALL_NF_23550_23700_W150,secondary,NF,BEAR_CALL,-259.10760498046875,-357.5,True,False,False
425,2026-06-04,BEAR_PUT_BNF_53300_54100_W800,secondary,BNF,BEAR_PUT,-302.38079833984375,-676.5,False,False,False
425,2026-06-04,BEAR_CALL_NF_23550_23750_W200,secondary,NF,BEAR_CALL,-407.6925048828125,-445.25,False,False,False
425,2026-06-04,__NO_TRADE__,synthetic_no_trade,NF,NO_TRADE,-494.0293884277344,0.0,False,False,True
425,2026-06-04,BEAR_CALL_NF_23550_23800_W250,secondary,NF,BEAR_CALL,-536.4482421875,-490.75,False,False,False
425,2026-06-04,BEAR_CALL_NF_23550_23850_W300,secondary,NF,BEAR_CALL,-671.2278442382812,-533.0,False,False,False
425,2026-06-04,BEAR_CALL_NF_23550_23950_W400,secondary,NF,BEAR_CALL,-740.0447387695312,-562.25,False,False,False
425,2026-06-04,BEAR_PUT_NF_23200_23400_W200,secondary,NF,BEAR_PUT,-870.2520751953125,-958.75,False,False,False
425,2026-06-04,BEAR_PUT_NF_23100_23400_W300,primary,NF,BEAR_PUT,-873.53662109375,-1394.25,False,True,False
425,2026-06-04,BEAR_PUT_NF_23150_23400_W250,secondary,NF,BEAR_PUT,-887.982177734375,-1176.5,False,False,False
425,2026-06-04,BEAR_PUT_NF_23250_23350_W100,secondary,NF,BEAR_PUT,-914.5110473632812,-471.25,False,False,False
425,2026-06-04,BEAR_PUT_NF_23300_23400_W100,secondary,NF,BEAR_PUT,-948.4271240234375,-458.25,False,False,False
425,2026-06-04,BEAR_PUT_NF_23250_23400_W150,secondary,NF,BEAR_PUT,-968.071044921875,-672.75,False,False,False
426,2026-06-04,BEAR_CALL_NF_23600_23750_W150,secondary,NF,BEAR_CALL,210.69313049316406,-120.25,True,False,False
426,2026-06-04,BEAR_CALL_NF_23600_23800_W200,secondary,NF,BEAR_CALL,4.421653747558594,-123.5,False,False,False
426,2026-06-04,BEAR_CALL_NF_23550_23700_W150,secondary,NF,BEAR_CALL,-104.53663635253906,-208.0,False,False,False
426,2026-06-04,BEAR_CALL_NF_23600_23850_W250,secondary,NF,BEAR_CALL,-155.64212036132812,-91.0,False,False,False
426,2026-06-04,__NO_TRADE__,synthetic_no_trade,BNF,NO_TRADE,-159.6367950439453,0.0,False,False,True
426,2026-06-04,BEAR_CALL_NF_23600_24000_W400,secondary,NF,BEAR_CALL,-162.62640380859375,-42.25,False,False,False
426,2026-06-04,BEAR_CALL_NF_23550_23750_W200,secondary,NF,BEAR_CALL,-202.58535766601562,-230.75,False,False,False
426,2026-06-04,BEAR_CALL_NF_23600_23900_W300,secondary,NF,BEAR_CALL,-218.37185668945312,-97.5,False,False,False
426,2026-06-04,BEAR_CALL_NF_23550_23800_W250,secondary,NF,BEAR_CALL,-282.520751953125,-234.0,False,False,False
426,2026-06-04,BEAR_PUT_BNF_53400_54200_W800,primary,BNF,BEAR_PUT,-355.52569580078125,-333.0,False,True,False
426,2026-06-04,BEAR_CALL_NF_23550_23850_W300,secondary,NF,BEAR_CALL,-402.4366455078125,-201.5,False,False,False
426,2026-06-04,BEAR_CALL_NF_23550_23950_W400,secondary,NF,BEAR_CALL,-484.22357177734375,-182.0,False,False,False
426,2026-06-04,BEAR_PUT_NF_23200_23400_W200,secondary,NF,BEAR_PUT,-969.37646484375,-607.75,False,False,False
426,2026-06-04,BEAR_PUT_NF_23300_23400_W100,secondary,NF,BEAR_PUT,-984.9588012695312,-315.25,False,False,False
426,2026-06-04,BEAR_PUT_NF_23250_23400_W150,secondary,NF,BEAR_PUT,-1034.017822265625,-438.75,False,False,False
427,2026-06-04,BEAR_PUT_BNF_53600_54400_W800,secondary,BNF,BEAR_PUT,-252.82589721679688,-88.5,True,False,False
427,2026-06-04,BEAR_PUT_BNF_53400_54400_W1000,secondary,BNF,BEAR_PUT,-333.5570068359375,-52.5,False,False,False
427,2026-06-04,__NO_TRADE__,synthetic_no_trade,NF,NO_TRADE,-465.0744323730469,0.0,False,False,True
427,2026-06-04,BEAR_PUT_NF_23200_23450_W250,secondary,NF,BEAR_PUT,-939.46142578125,-578.5,False,False,False
427,2026-06-04,BEAR_PUT_NF_23350_23450_W100,secondary,NF,BEAR_PUT,-954.6629028320312,-208.0,False,False,False
427,2026-06-04,BEAR_PUT_NF_23150_23450_W300,primary,NF,BEAR_PUT,-996.7135009765625,-689.0,False,True,False
427,2026-06-04,BEAR_PUT_NF_23200_23400_W200,secondary,NF,BEAR_PUT,-1000.040283203125,-464.75,False,False,False
427,2026-06-04,BEAR_PUT_NF_23300_23400_W100,secondary,NF,BEAR_PUT,-1005.4246215820312,-234.0,False,False,False
427,2026-06-04,BEAR_PUT_NF_23250_23450_W200,secondary,NF,BEAR_PUT,-1011.8072509765625,-438.75,False,False,False
427,2026-06-04,BEAR_PUT_NF_23250_23400_W150,secondary,NF,BEAR_PUT,-1055.475341796875,-325.0,False,False,False
427,2026-06-04,BEAR_PUT_NF_23300_23450_W150,secondary,NF,BEAR_PUT,-1056.147705078125,-347.75,False,False,False
428,2026-06-04,BEAR_PUT_BNF_53400_54400_W1000,secondary,BNF,BEAR_PUT,-327.502197265625,-79.5,True,False,False
428,2026-06-04,__NO_TRADE__,synthetic_no_trade,NF,NO_TRADE,-467.2071533203125,0.0,False,False,True
428,2026-06-04,BEAR_PUT_NF_23200_23450_W250,secondary,NF,BEAR_PUT,-933.9297485351562,-585.0,False,False,False
428,2026-06-04,BEAR_PUT_NF_23350_23450_W100,secondary,NF,BEAR_PUT,-956.2489624023438,-214.5,False,False,False
428,2026-06-04,BEAR_PUT_NF_23150_23450_W300,primary,NF,BEAR_PUT,-987.967529296875,-711.75,False,True,False
428,2026-06-04,BEAR_PUT_NF_23300_23400_W100,secondary,NF,BEAR_PUT,-1006.3342895507812,-237.25,False,False,False
428,2026-06-04,BEAR_PUT_NF_23250_23450_W200,secondary,NF,BEAR_PUT,-1014.230712890625,-438.75,False,False,False
428,2026-06-04,BEAR_PUT_NF_23300_23450_W150,secondary,NF,BEAR_PUT,-1064.4505615234375,-360.75,False,False,False
428,2026-06-04,BEAR_PUT_NF_23250_23400_W150,secondary,NF,BEAR_PUT,-1064.592041015625,-315.25,False,False,False
429,2026-06-04,__NO_TRADE__,synthetic_no_trade,BNF,NO_TRADE,-160.53294372558594,0.0,True,False,True
429,2026-06-04,BEAR_PUT_BNF_53600_54400_W800,secondary,BNF,BEAR_PUT,-250.30723571777344,-106.5,False,False,False
429,2026-06-04,BEAR_PUT_BNF_53400_54400_W1000,primary,BNF,BEAR_PUT,-369.74725341796875,-51.0,False,True,False
429,2026-06-04,BEAR_PUT_NF_23300_23400_W100,secondary,NF,BEAR_PUT,-1011.5096435546875,-221.0,False,False,False
429,2026-06-04,BEAR_PUT_NF_23250_23400_W150,secondary,NF,BEAR_PUT,-1050.6298828125,-347.75,False,False,False
430,2026-06-04,BEAR_PUT_BNF_53700_54300_W600,secondary,BNF,BEAR_PUT,-146.69717407226562,-207.0,True,False,False
430,2026-06-04,__NO_TRADE__,synthetic_no_trade,BNF,NO_TRADE,-152.31939697265625,0.0,False,False,True
430,2026-06-04,BEAR_PUT_BNF_53800_54300_W500,secondary,BNF,BEAR_PUT,-168.54397583007812,-52.5,False,False,False
430,2026-06-04,BEAR_PUT_BNF_53500_54300_W800,secondary,BNF,BEAR_PUT,-270.24432373046875,-208.5,False,False,False
430,2026-06-04,BEAR_PUT_BNF_53300_54300_W1000,primary,BNF,BEAR_PUT,-362.5390625,-313.5,False,True,False
430,2026-06-04,BEAR_PUT_NF_23200_23400_W200,secondary,NF,BEAR_PUT,-893.4885864257812,-867.75,False,False,False
430,2026-06-04,BEAR_PUT_NF_23150_23400_W250,secondary,NF,BEAR_PUT,-900.1175537109375,-1082.25,False,False,False
430,2026-06-04,BEAR_PUT_NF_23250_23350_W100,secondary,NF,BEAR_PUT,-920.350341796875,-448.5,False,False,False
430,2026-06-04,BEAR_PUT_NF_23300_23400_W100,secondary,NF,BEAR_PUT,-949.0420532226562,-442.0,False,False,False
430,2026-06-04,BEAR_PUT_NF_23250_23400_W150,secondary,NF,BEAR_PUT,-979.515869140625,-640.25,False,False,False
457,2026-06-04,__NO_TRADE__,synthetic_no_trade,BNF,NO_TRADE,-143.87704467773438,0.0,True,False,True
457,2026-06-04,BEAR_PUT_BNF_53100_54100_W1000,primary,BNF,BEAR_PUT,-355.6116027832031,-1216.5,False,True,False
458,2026-06-04,__NO_TRADE__,synthetic_no_trade,BNF,NO_TRADE,-140.61756896972656,0.0,True,False,True
458,2026-06-04,BEAR_PUT_BNF_53100_54100_W1000,primary,BNF,BEAR_PUT,-350.45806884765625,-1219.5,False,True,False
458,2026-06-04,BEAR_PUT_NF_23150_23350_W200,secondary,NF,BEAR_PUT,-795.9784545898438,-1452.75,False,False,False
459,2026-06-04,__NO_TRADE__,synthetic_no_trade,NF,NO_TRADE,-401.47857666015625,0.0,True,False,True
459,2026-06-04,BEAR_PUT_NF_23150_23350_W200,primary,NF,BEAR_PUT,-872.2932739257812,-1433.25,False,True,False
460,2026-06-04,__NO_TRADE__,synthetic_no_trade,BNF,NO_TRADE,-148.00643920898438,0.0,True,False,True
460,2026-06-04,BEAR_PUT_BNF_53100_54100_W1000,primary,BNF,BEAR_PUT,-360.89678955078125,-1213.5,False,True,False
460,2026-06-04,BEAR_PUT_NF_23200_23350_W150,secondary,NF,BEAR_PUT,-825.2659301757812,-994.5,False,False,False
471,2026-06-04,BULL_PUT_BNF_54000_53500_W500,secondary,BNF,BULL_PUT,661.5648193359375,73.5,True,False,False
471,2026-06-04,BULL_PUT_BNF_54000_53400_W600,secondary,BNF,BULL_PUT,586.5792236328125,78.0,False,False,False
471,2026-06-04,BULL_PUT_BNF_54000_53000_W1000,secondary,BNF,BULL_PUT,521.88330078125,151.5,False,False,False
471,2026-06-04,BULL_PUT_BNF_54000_53600_W400,primary,BNF,BULL_PUT,494.9067077636719,22.5,False,True,False
471,2026-06-04,BULL_PUT_BNF_54000_53200_W800,secondary,BNF,BULL_PUT,444.0155334472656,198.0,False,False,True
471,2026-06-04,__NO_TRADE__,synthetic_no_trade,BNF,NO_TRADE,-169.07235717773438,0.0,False,False,False
472,2026-06-04,BULL_PUT_BNF_54000_53400_W600,secondary,BNF,BULL_PUT,651.1661376953125,-190.5,True,False,False
472,2026-06-04,BULL_PUT_BNF_54000_53500_W500,secondary,BNF,BULL_PUT,650.4698486328125,-144.0,False,False,False
472,2026-06-04,BULL_PUT_BNF_54000_53000_W1000,secondary,BNF,BULL_PUT,557.7359619140625,-261.0,False,False,False
472,2026-06-04,BULL_PUT_BNF_54000_53600_W400,primary,BNF,BULL_PUT,495.8863525390625,-174.0,False,True,False
472,2026-06-04,BULL_PUT_BNF_54000_53200_W800,secondary,BNF,BULL_PUT,442.9393615722656,-129.0,False,False,False
472,2026-06-04,__NO_TRADE__,synthetic_no_trade,BNF,NO_TRADE,-168.1543731689453,0.0,False,False,True
473,2026-06-04,BULL_PUT_BNF_54000_53500_W500,secondary,BNF,BULL_PUT,630.413818359375,-133.5,True,False,False
473,2026-06-04,BULL_PUT_BNF_54000_53400_W600,secondary,BNF,BULL_PUT,621.5353393554688,-156.0,False,False,False
473,2026-06-04,BULL_PUT_BNF_54000_53000_W1000,secondary,BNF,BULL_PUT,546.7945556640625,-204.0,False,False,False
473,2026-06-04,BULL_PUT_BNF_54000_53600_W400,primary,BNF,BULL_PUT,472.77667236328125,-165.0,False,True,False
473,2026-06-04,BULL_PUT_BNF_54000_53200_W800,secondary,BNF,BULL_PUT,430.40704345703125,-61.5,False,False,False
473,2026-06-04,__NO_TRADE__,synthetic_no_trade,BNF,NO_TRADE,-169.90257263183594,0.0,False,False,True
474,2026-06-04,BULL_PUT_BNF_54000_53400_W600,secondary,BNF,BULL_PUT,677.8305053710938,-189.0,True,False,False
474,2026-06-04,BULL_PUT_BNF_54000_53500_W500,secondary,BNF,BULL_PUT,674.0972900390625,-147.0,False,False,False
474,2026-06-04,BULL_PUT_BNF_54000_53000_W1000,secondary,BNF,BULL_PUT,568.5332641601562,-262.5,False,False,False
474,2026-06-04,BULL_PUT_BNF_54000_53600_W400,primary,BNF,BULL_PUT,520.7100830078125,-172.5,False,True,False
474,2026-06-04,BULL_PUT_BNF_54000_53200_W800,secondary,BNF,BULL_PUT,458.0977783203125,-121.5,False,False,False
474,2026-06-04,__NO_TRADE__,synthetic_no_trade,BNF,NO_TRADE,-166.13299560546875,0.0,False,False,True
476,2026-06-04,BULL_PUT_BNF_54000_53500_W500,secondary,BNF,BULL_PUT,671.3078002929688,31.5,True,False,False
476,2026-06-04,BULL_PUT_BNF_54000_53400_W600,secondary,BNF,BULL_PUT,609.017822265625,21.0,False,False,False
476,2026-06-04,BULL_PUT_BNF_54000_53000_W1000,secondary,BNF,BULL_PUT,525.4874877929688,157.5,False,False,False
476,2026-06-04,BULL_PUT_BNF_54000_53600_W400,primary,BNF,BULL_PUT,508.3211975097656,33.0,False,True,False
476,2026-06-04,BULL_PUT_BNF_54000_53200_W800,secondary,BNF,BULL_PUT,452.4660339355469,229.5,False,False,True
476,2026-06-04,__NO_TRADE__,synthetic_no_trade,BNF,NO_TRADE,-168.12026977539062,0.0,False,False,False
478,2026-06-04,BULL_PUT_BNF_54000_53500_W500,secondary,BNF,BULL_PUT,617.4457397460938,-1.5,True,False,False
478,2026-06-04,BULL_PUT_BNF_54000_53400_W600,secondary,BNF,BULL_PUT,560.0025634765625,7.5,False,False,False
478,2026-06-04,BULL_PUT_BNF_54000_53000_W1000,secondary,BNF,BULL_PUT,522.5823974609375,39.0,False,False,False
478,2026-06-04,BULL_PUT_BNF_54000_53600_W400,primary,BNF,BULL_PUT,445.5513610839844,-54.0,False,True,False
478,2026-06-04,BULL_PUT_BNF_54000_53200_W800,secondary,BNF,BULL_PUT,420.5455017089844,103.5,False,False,True
478,2026-06-04,__NO_TRADE__,synthetic_no_trade,BNF,NO_TRADE,-171.29782104492188,0.0,False,False,False
479,2026-06-04,BULL_PUT_BNF_54000_53500_W500,secondary,BNF,BULL_PUT,599.7108154296875,-21.0,True,False,False
479,2026-06-04,BULL_PUT_BNF_54000_53400_W600,secondary,BNF,BULL_PUT,554.0322265625,-43.5,False,False,False
479,2026-06-04,BULL_PUT_BNF_54000_53000_W1000,secondary,BNF,BULL_PUT,521.41455078125,16.5,False,False,False
479,2026-06-04,BULL_PUT_BNF_54000_53600_W400,primary,BNF,BULL_PUT,426.6210021972656,-66.0,False,True,False
479,2026-06-04,BULL_PUT_BNF_54000_53200_W800,secondary,BNF,BULL_PUT,412.59368896484375,81.0,False,False,True
479,2026-06-04,__NO_TRADE__,synthetic_no_trade,BNF,NO_TRADE,-172.09866333007812,0.0,False,False,False
480,2026-06-04,BULL_PUT_BNF_54000_53500_W500,secondary,BNF,BULL_PUT,592.5540771484375,-58.5,True,False,False
480,2026-06-04,BULL_PUT_BNF_54000_53400_W600,secondary,BNF,BULL_PUT,551.8955078125,-51.0,False,False,False
480,2026-06-04,BULL_PUT_BNF_54000_53000_W1000,secondary,BNF,BULL_PUT,527.8477783203125,-78.0,False,False,False
480,2026-06-04,BULL_PUT_BNF_54000_53600_W400,primary,BNF,BULL_PUT,421.52001953125,-82.5,False,True,False
480,2026-06-04,BULL_PUT_BNF_54000_53200_W800,secondary,BNF,BULL_PUT,409.347412109375,21.0,False,False,True
480,2026-06-04,__NO_TRADE__,synthetic_no_trade,BNF,NO_TRADE,-172.31500244140625,0.0,False,False,False
481,2026-06-04,BULL_PUT_BNF_54000_53500_W500,secondary,BNF,BULL_PUT,565.9530029296875,-91.5,True,False,False
481,2026-06-04,BULL_PUT_BNF_54000_53400_W600,secondary,BNF,BULL_PUT,544.072265625,-130.5,False,False,False
481,2026-06-04,BULL_PUT_BNF_54000_53000_W1000,secondary,BNF,BULL_PUT,528.8583984375,-168.0,False,False,False
481,2026-06-04,BULL_PUT_BNF_54000_53200_W800,secondary,BNF,BULL_PUT,398.4364013671875,-108.0,False,False,False
481,2026-06-04,BULL_PUT_BNF_54000_53600_W400,primary,BNF,BULL_PUT,393.0992431640625,-112.5,False,True,False
481,2026-06-04,__NO_TRADE__,synthetic_no_trade,BNF,NO_TRADE,-173.63050842285156,0.0,False,False,True
497,2026-06-05,BEAR_PUT_NF_23400_23500_W100,secondary,NF,BEAR_PUT,66.8560562133789,848.25,True,False,False
497,2026-06-05,__NO_TRADE__,synthetic_no_trade,BNF,NO_TRADE,-36.41844177246094,0.0,False,False,False
497,2026-06-05,BEAR_PUT_BNF_54100_54700_W600,secondary,BNF,BEAR_PUT,-59.03746032714844,480.0,False,False,False
497,2026-06-05,BEAR_PUT_NF_23350_23500_W150,secondary,NF,BEAR_PUT,-76.73150634765625,1124.5,False,False,False
497,2026-06-05,BEAR_PUT_BNF_53900_54700_W800,primary,BNF,BEAR_PUT,-167.1150665283203,625.5,False,True,False
497,2026-06-05,BEAR_PUT_NF_23300_23500_W200,secondary,NF,BEAR_PUT,-290.27215576171875,1485.25,False,False,True
498,2026-06-05,BEAR_PUT_NF_23350_23450_W100,secondary,NF,BEAR_PUT,-1.1532821655273438,650.0,True,False,False
498,2026-06-05,BEAR_PUT_BNF_54200_54600_W400,secondary,BNF,BEAR_PUT,-18.633811950683594,54.0,False,False,False
498,2026-06-05,BEAR_PUT_BNF_54100_54600_W500,secondary,BNF,BEAR_PUT,-32.23682403564453,204.0,False,False,False
498,2026-06-05,__NO_TRADE__,synthetic_no_trade,BNF,NO_TRADE,-35.218963623046875,0.0,False,False,False
498,2026-06-05,BEAR_PUT_BNF_54000_54600_W600,secondary,BNF,BEAR_PUT,-64.99996948242188,225.0,False,False,False
498,2026-06-05,BEAR_PUT_NF_23300_23450_W150,secondary,NF,BEAR_PUT,-139.58892822265625,916.5,False,False,True
498,2026-06-05,BEAR_PUT_BNF_53800_54600_W800,primary,BNF,BEAR_PUT,-177.1297607421875,300.0,False,True,False
499,2026-06-05,BEAR_PUT_BNF_54000_54500_W500,secondary,BNF,BEAR_PUT,-36.61972427368164,22.5,True,False,False
499,2026-06-05,__NO_TRADE__,synthetic_no_trade,NF,NO_TRADE,-105.479248046875,0.0,False,False,False
499,2026-06-05,BEAR_PUT_NF_23350_23450_W100,secondary,NF,BEAR_PUT,-114.31663513183594,266.5,False,False,False
499,2026-06-05,BEAR_PUT_NF_23300_23400_W100,secondary,NF,BEAR_PUT,-171.52664184570312,282.75,False,False,False
499,2026-06-05,BEAR_PUT_NF_23300_23450_W150,secondary,NF,BEAR_PUT,-333.4665832519531,474.5,False,False,False
499,2026-06-05,BEAR_PUT_NF_23250_23450_W200,secondary,NF,BEAR_PUT,-629.857666015625,591.5,False,False,False
499,2026-06-05,BEAR_PUT_NF_23200_23450_W250,primary,NF,BEAR_PUT,-997.4927368164062,594.75,False,True,True
500,2026-06-05,__NO_TRADE__,synthetic_no_trade,NF,NO_TRADE,-105.16828918457031,0.0,True,False,True
500,2026-06-05,BEAR_PUT_NF_23250_23350_W100,secondary,NF,BEAR_PUT,-347.0943298339844,-243.75,False,False,False
500,2026-06-05,BEAR_PUT_NF_23200_23350_W150,primary,NF,BEAR_PUT,-692.4056396484375,-438.75,False,True,False
501,2026-06-05,__NO_TRADE__,synthetic_no_trade,BNF,NO_TRADE,-27.992042541503906,0.0,True,False,True
501,2026-06-05,BEAR_PUT_BNF_53300_54300_W1000,primary,BNF,BEAR_PUT,-488.2738037109375,-1753.5,False,True,False
502,2026-06-05,__NO_TRADE__,synthetic_no_trade,BNF,NO_TRADE,-26.767921447753906,0.0,True,False,True
502,2026-06-05,BEAR_PUT_BNF_53600_54400_W800,primary,BNF,BEAR_PUT,-318.19012451171875,-583.5,False,True,False
502,2026-06-05,BEAR_PUT_NF_23200_23400_W200,secondary,NF,BEAR_PUT,-984.4150390625,-607.75,False,False,False
502,2026-06-05,BEAR_PUT_NF_23150_23400_W250,secondary,NF,BEAR_PUT,-1150.61865234375,-773.5,False,False,False
503,2026-06-05,__NO_TRADE__,synthetic_no_trade,NF,NO_TRADE,-139.9987335205078,0.0,True,False,True
503,2026-06-05,BEAR_PUT_BNF_53600_54400_W800,secondary,BNF,BEAR_PUT,-157.8563232421875,-660.0,False,False,False
503,2026-06-05,BEAR_PUT_NF_23250_23350_W100,secondary,NF,BEAR_PUT,-305.5082702636719,-237.25,False,False,False
503,2026-06-05,BEAR_PUT_NF_23200_23400_W200,secondary,NF,BEAR_PUT,-971.7662963867188,-594.75,False,False,False
503,2026-06-05,BEAR_PUT_NF_23150_23400_W250,primary,NF,BEAR_PUT,-1199.81103515625,-744.25,False,True,False
504,2026-06-05,__NO_TRADE__,synthetic_no_trade,BNF,NO_TRADE,-31.316932678222656,0.0,True,False,False
504,2026-06-05,BEAR_PUT_BNF_53700_54500_W800,primary,BNF,BEAR_PUT,-237.690185546875,-396.0,False,True,False
504,2026-06-05,BEAR_PUT_NF_23250_23400_W150,secondary,NF,BEAR_PUT,-412.88140869140625,29.25,False,False,True
505,2026-06-05,BEAR_PUT_NF_23400_23500_W100,secondary,NF,BEAR_PUT,50.760650634765625,763.75,True,False,False
505,2026-06-05,BEAR_PUT_NF_23350_23450_W100,secondary,NF,BEAR_PUT,8.824310302734375,620.75,False,False,False
505,2026-06-05,BEAR_PUT_BNF_54200_54700_W500,secondary,BNF,BEAR_PUT,-29.12320327758789,372.0,False,False,False
505,2026-06-05,BEAR_PUT_BNF_54100_54700_W600,secondary,BNF,BEAR_PUT,-56.44538116455078,589.5,False,False,False
505,2026-06-05,__NO_TRADE__,synthetic_no_trade,NF,NO_TRADE,-61.03230667114258,0.0,False,False,False
505,2026-06-05,BEAR_PUT_NF_23350_23500_W150,secondary,NF,BEAR_PUT,-105.65325927734375,978.25,False,False,False
505,2026-06-05,BEAR_PUT_NF_23300_23500_W200,secondary,NF,BEAR_PUT,-375.113037109375,1244.75,False,False,False
505,2026-06-05,BEAR_PUT_NF_23250_23500_W250,primary,NF,BEAR_PUT,-712.2518920898438,1488.5,False,True,True
506,2026-06-05,BEAR_PUT_BNF_54400_54800_W400,secondary,BNF,BEAR_PUT,-13.332172393798828,435.0,True,False,False
506,2026-06-05,BEAR_PUT_BNF_54300_54800_W500,secondary,BNF,BEAR_PUT,-23.37873077392578,678.0,False,False,False
506,2026-06-05,BEAR_PUT_NF_23350_23450_W100,secondary,NF,BEAR_PUT,-24.293838500976562,601.25,False,False,False
506,2026-06-05,__NO_TRADE__,synthetic_no_trade,BNF,NO_TRADE,-29.141136169433594,0.0,False,False,False
506,2026-06-05,BEAR_PUT_BNF_54200_54800_W600,secondary,BNF,BEAR_PUT,-52.39618682861328,640.5,False,False,False
506,2026-06-05,BEAR_PUT_NF_23300_23450_W150,secondary,NF,BEAR_PUT,-167.25927734375,864.5,False,False,False
506,2026-06-05,BEAR_PUT_BNF_54000_54800_W800,primary,BNF,BEAR_PUT,-168.7737579345703,960.0,False,True,True
507,2026-06-05,BEAR_PUT_BNF_54300_54700_W400,secondary,BNF,BEAR_PUT,-16.909957885742188,502.5,True,False,False
507,2026-06-05,BEAR_PUT_BNF_54200_54700_W500,secondary,BNF,BEAR_PUT,-29.7730712890625,462.0,False,False,False
507,2026-06-05,BEAR_PUT_BNF_54100_54700_W600,secondary,BNF,BEAR_PUT,-54.94904327392578,648.0,False,False,False
507,2026-06-05,BEAR_PUT_NF_23350_23450_W100,secondary,NF,BEAR_PUT,-62.39697265625,549.25,False,False,False
507,2026-06-05,__NO_TRADE__,synthetic_no_trade,NF,NO_TRADE,-74.38990783691406,0.0,False,False,False
507,2026-06-05,BEAR_PUT_NF_23300_23450_W150,secondary,NF,BEAR_PUT,-221.01052856445312,767.0,False,False,False
507,2026-06-05,BEAR_PUT_NF_23250_23450_W200,primary,NF,BEAR_PUT,-507.5657958984375,919.75,False,True,True
508,2026-06-05,__NO_TRADE__,synthetic_no_trade,BNF,NO_TRADE,-30.090377807617188,0.0,True,False,False
508,2026-06-05,BEAR_PUT_BNF_54000_54600_W600,secondary,BNF,BEAR_PUT,-79.16790008544922,84.0,False,False,False
508,2026-06-05,BEAR_PUT_BNF_53800_54600_W800,primary,BNF,BEAR_PUT,-219.39239501953125,115.5,False,True,True
508,2026-06-05,BEAR_PUT_NF_23300_23400_W100,secondary,NF,BEAR_PUT,-257.2471008300781,0.0,False,False,False
508,2026-06-05,BEAR_PUT_NF_23250_23400_W150,secondary,NF,BEAR_PUT,-484.14990234375,-26.0,False,False,False
509,2026-06-05,BEAR_PUT_BNF_54200_54600_W400,secondary,BNF,BEAR_PUT,-23.850582122802734,162.0,True,False,False
509,2026-06-05,BEAR_PUT_BNF_54100_54600_W500,secondary,BNF,BEAR_PUT,-32.609683990478516,231.0,False,False,False
509,2026-06-05,BEAR_PUT_BNF_54000_54600_W600,secondary,BNF,BEAR_PUT,-72.63471984863281,402.0,False,False,False
509,2026-06-05,__NO_TRADE__,synthetic_no_trade,NF,NO_TRADE,-101.38882446289062,0.0,False,False,False
509,2026-06-05,BEAR_PUT_NF_23350_23450_W100,secondary,NF,BEAR_PUT,-124.62171936035156,282.75,False,False,False
509,2026-06-05,BEAR_PUT_NF_23300_23400_W100,secondary,NF,BEAR_PUT,-202.2996826171875,201.5,False,False,False
509,2026-06-05,BEAR_PUT_NF_23300_23450_W150,secondary,NF,BEAR_PUT,-370.52685546875,412.75,False,False,False
509,2026-06-05,BEAR_PUT_NF_23250_23450_W200,secondary,NF,BEAR_PUT,-703.770263671875,435.5,False,False,False
509,2026-06-05,BEAR_PUT_NF_23200_23450_W250,primary,NF,BEAR_PUT,-1044.4395751953125,516.75,False,True,True
510,2026-06-05,BEAR_PUT_BNF_54200_54600_W400,secondary,BNF,BEAR_PUT,-15.417884826660156,51.0,True,False,False
510,2026-06-05,BEAR_PUT_BNF_54100_54600_W500,secondary,BNF,BEAR_PUT,-26.98922348022461,196.5,False,False,False
510,2026-06-05,__NO_TRADE__,synthetic_no_trade,BNF,NO_TRADE,-30.601165771484375,0.0,False,False,False
510,2026-06-05,BEAR_PUT_BNF_54000_54600_W600,secondary,BNF,BEAR_PUT,-68.08513641357422,216.0,False,False,False
510,2026-06-05,BEAR_PUT_BNF_53800_54600_W800,primary,BNF,BEAR_PUT,-197.33279418945312,277.5,False,True,True
510,2026-06-05,BEAR_PUT_NF_23300_23400_W100,secondary,NF,BEAR_PUT,-219.44436645507812,143.0,False,False,False
511,2026-06-05,__NO_TRADE__,synthetic_no_trade,NF,NO_TRADE,-78.0561294555664,0.0,True,False,False
511,2026-06-05,BEAR_PUT_NF_23300_23400_W100,secondary,NF,BEAR_PUT,-227.81471252441406,136.5,False,False,True
511,2026-06-05,BEAR_PUT_NF_23250_23400_W150,primary,NF,BEAR_PUT,-433.12823486328125,117.0,False,True,False
512,2026-06-05,__NO_TRADE__,synthetic_no_trade,BNF,NO_TRADE,-35.423011779785156,0.0,True,False,False
512,2026-06-05,BEAR_PUT_BNF_54000_54600_W600,secondary,BNF,BEAR_PUT,-67.64988708496094,67.5,False,False,False
512,2026-06-05,BEAR_PUT_BNF_53800_54600_W800,primary,BNF,BEAR_PUT,-178.49490356445312,120.0,False,True,True
512,2026-06-05,BEAR_PUT_NF_23300_23400_W100,secondary,NF,BEAR_PUT,-209.40333557128906,71.5,False,False,False
512,2026-06-05,BEAR_PUT_NF_23250_23400_W150,secondary,NF,BEAR_PUT,-399.98016357421875,29.25,False,False,False
523,2026-06-05,__NO_TRADE__,synthetic_no_trade,BNF,NO_TRADE,-33.10354232788086,0.0,True,False,True
523,2026-06-05,BEAR_PUT_BNF_53700_54500_W800,secondary,BNF,BEAR_PUT,-83.66139221191406,-528.0,False,False,False
523,2026-06-05,BEAR_PUT_BNF_53500_54500_W1000,primary,BNF,BEAR_PUT,-236.59115600585938,-381.0,False,True,False
523,2026-06-05,BEAR_PUT_NF_23250_23350_W100,secondary,NF,BEAR_PUT,-318.9777526855469,-253.5,False,False,False
534,2026-06-05,__NO_TRADE__,synthetic_no_trade,BNF,NO_TRADE,-11.509223937988281,0.0,True,False,True
534,2026-06-05,BEAR_PUT_BNF_53200_54200_W1000,primary,BNF,BEAR_PUT,-865.3306274414062,-1585.5,False,True,False
535,2026-06-05,__NO_TRADE__,synthetic_no_trade,NF,NO_TRADE,-201.69869995117188,0.0,True,False,True
535,2026-06-05,BEAR_PUT_NF_23100_23300_W200,primary,NF,BEAR_PUT,-1108.1383056640625,-1742.0,False,True,False
542,2026-06-05,BULL_PUT_BNF_54000_53400_W600,secondary,BNF,BULL_PUT,219.96829223632812,714.0,True,False,False
542,2026-06-05,BULL_PUT_BNF_54000_53000_W1000,secondary,BNF,BULL_PUT,197.37115478515625,1104.0,False,False,True
542,2026-06-05,BULL_PUT_BNF_54000_53200_W800,secondary,BNF,BULL_PUT,191.657470703125,756.0,False,False,False
542,2026-06-05,BULL_PUT_BNF_54000_53500_W500,secondary,BNF,BULL_PUT,136.6029815673828,552.0,False,False,False
542,2026-06-05,BULL_PUT_BNF_54000_53600_W400,primary,BNF,BULL_PUT,90.74378967285156,490.5,False,True,False
542,2026-06-05,__NO_TRADE__,synthetic_no_trade,BNF,NO_TRADE,-28.188335418701172,0.0,False,False,False
543,2026-06-05,__NO_TRADE__,synthetic_no_trade,BNF,NO_TRADE,-33.954368591308594,0.0,True,False,True
543,2026-06-05,BEAR_PUT_BNF_53800_54400_W600,secondary,BNF,BEAR_PUT,-118.72769165039062,-462.0,False,False,False
543,2026-06-05,BEAR_PUT_BNF_53600_54400_W800,secondary,BNF,BEAR_PUT,-135.72096252441406,-646.5,False,False,False
543,2026-06-05,BEAR_PUT_BNF_53400_54400_W1000,primary,BNF,BEAR_PUT,-321.82794189453125,-757.5,False,True,False
543,2026-06-05,BEAR_PUT_NF_23200_23350_W150,secondary,NF,BEAR_PUT,-698.629150390625,-594.75,False,False,False
544,2026-06-05,__NO_TRADE__,synthetic_no_trade,BNF,NO_TRADE,-27.928817749023438,0.0,True,False,True
544,2026-06-05,BEAR_PUT_BNF_53500_54300_W800,primary,BNF,BEAR_PUT,-359.3507080078125,-885.0,False,True,False
544,2026-06-05,BEAR_PUT_NF_23250_23350_W100,secondary,NF,BEAR_PUT,-370.4178161621094,-481.0,False,False,False
544,2026-06-05,BEAR_PUT_NF_23200_23350_W150,secondary,NF,BEAR_PUT,-776.6888427734375,-705.25,False,False,False
544,2026-06-05,BEAR_PUT_NF_23150_23350_W200,secondary,NF,BEAR_PUT,-1008.348388671875,-913.25,False,False,False
545,2026-06-05,__NO_TRADE__,synthetic_no_trade,NF,NO_TRADE,-155.44300842285156,0.0,True,False,True
545,2026-06-05,BEAR_PUT_NF_23200_23350_W150,secondary,NF,BEAR_PUT,-822.3333740234375,-812.5,False,False,False
545,2026-06-05,BEAR_PUT_NF_23150_23350_W200,primary,NF,BEAR_PUT,-1119.5850830078125,-1049.75,False,True,False
546,2026-06-05,__NO_TRADE__,synthetic_no_trade,BNF,NO_TRADE,-45.44002914428711,0.0,True,False,False
546,2026-06-05,BEAR_PUT_BNF_53900_54500_W600,primary,BNF,BEAR_PUT,-158.55886840820312,18.0,False,True,False
546,2026-06-05,BEAR_PUT_NF_23300_23400_W100,secondary,NF,BEAR_PUT,-198.31365966796875,204.75,False,False,True
547,2026-06-05,BEAR_PUT_BNF_53700_54500_W800,secondary,BNF,BEAR_PUT,-88.71232604980469,-457.5,True,False,False
547,2026-06-05,__NO_TRADE__,synthetic_no_trade,NF,NO_TRADE,-166.28765869140625,0.0,False,False,False
547,2026-06-05,BEAR_PUT_NF_23250_23350_W100,secondary,NF,BEAR_PUT,-264.1946105957031,3.25,False,False,True
547,2026-06-05,BEAR_PUT_NF_23300_23400_W100,secondary,NF,BEAR_PUT,-270.58642578125,-16.25,False,False,False
547,2026-06-05,BEAR_PUT_NF_23250_23400_W150,secondary,NF,BEAR_PUT,-539.1812744140625,-61.75,False,False,False
547,2026-06-05,BEAR_PUT_NF_23200_23400_W200,secondary,NF,BEAR_PUT,-876.209228515625,-120.25,False,False,False
547,2026-06-05,BEAR_PUT_NF_23150_23400_W250,primary,NF,BEAR_PUT,-1098.8348388671875,-146.25,False,True,False
548,2026-06-05,__NO_TRADE__,synthetic_no_trade,BNF,NO_TRADE,-32.48870086669922,0.0,True,False,True
548,2026-06-05,BEAR_PUT_BNF_53700_54500_W800,primary,BNF,BEAR_PUT,-220.14625549316406,-418.5,False,True,False
549,2026-06-05,__NO_TRADE__,synthetic_no_trade,NF,NO_TRADE,-168.65151977539062,0.0,True,False,True
549,2026-06-05,BEAR_PUT_NF_23250_23350_W100,secondary,NF,BEAR_PUT,-396.42156982421875,-409.5,False,False,False
549,2026-06-05,BEAR_PUT_NF_23200_23350_W150,secondary,NF,BEAR_PUT,-784.2901000976562,-562.25,False,False,False
549,2026-06-05,BEAR_PUT_NF_23150_23350_W200,primary,NF,BEAR_PUT,-1072.4361572265625,-718.25,False,True,False
550,2026-06-05,__NO_TRADE__,synthetic_no_trade,BNF,NO_TRADE,-31.91968536376953,0.0,True,False,True
550,2026-06-05,BEAR_PUT_BNF_53700_54500_W800,primary,BNF,BEAR_PUT,-228.19338989257812,-334.5,False,True,False
550,2026-06-05,BEAR_PUT_NF_23250_23350_W100,secondary,NF,BEAR_PUT,-320.75909423828125,-136.5,False,False,False
551,2026-06-05,__NO_TRADE__,synthetic_no_trade,BNF,NO_TRADE,-37.57270050048828,0.0,True,False,True
551,2026-06-05,BEAR_PUT_BNF_53700_54500_W800,primary,BNF,BEAR_PUT,-192.13983154296875,-409.5,False,True,False
551,2026-06-05,BEAR_PUT_NF_23250_23350_W100,secondary,NF,BEAR_PUT,-311.75518798828125,-175.5,False,False,False
554,2026-06-05,BEAR_PUT_BNF_54200_54500_W300,secondary,BNF,BEAR_PUT,-12.00008773803711,-124.5,True,False,False
554,2026-06-05,BEAR_PUT_BNF_54000_54500_W500,secondary,BNF,BEAR_PUT,-34.726253509521484,-91.5,False,False,False
554,2026-06-05,__NO_TRADE__,synthetic_no_trade,BNF,NO_TRADE,-34.89350128173828,0.0,False,False,False
554,2026-06-05,BEAR_PUT_BNF_53900_54500_W600,secondary,BNF,BEAR_PUT,-74.8344955444336,13.5,False,False,True
554,2026-06-05,BEAR_PUT_BNF_53700_54500_W800,primary,BNF,BEAR_PUT,-190.93899536132812,-141.0,False,True,False
578,2026-06-08,__NO_TRADE__,synthetic_no_trade,NF,NO_TRADE,-326.8104248046875,0.0,True,False,False
578,2026-06-08,BEAR_CALL_BNF_54500_54900_W400,secondary,BNF,BEAR_CALL,-723.736328125,-88.5,False,False,False
578,2026-06-08,BEAR_PUT_NF_23100_23200_W100,secondary,NF,BEAR_PUT,-742.3406982421875,471.25,False,False,False
578,2026-06-08,BEAR_CALL_BNF_54500_55100_W600,secondary,BNF,BEAR_CALL,-790.513916015625,-9.0,False,False,False
578,2026-06-08,BEAR_CALL_BNF_54500_55000_W500,secondary,BNF,BEAR_CALL,-794.5325927734375,15.0,False,False,False
578,2026-06-08,BEAR_CALL_BNF_54500_55300_W800,secondary,BNF,BEAR_CALL,-925.9810791015625,84.0,False,False,False
578,2026-06-08,BEAR_CALL_BNF_54500_55500_W1000,secondary,BNF,BEAR_CALL,-932.9017333984375,-3.0,False,False,False
578,2026-06-08,BEAR_PUT_NF_23050_23200_W150,secondary,NF,BEAR_PUT,-1715.71826171875,663.0,False,False,False
578,2026-06-08,BEAR_PUT_NF_23000_23200_W200,secondary,NF,BEAR_PUT,-2390.015380859375,838.5,False,False,False
578,2026-06-08,BEAR_CALL_NF_23350_23500_W150,secondary,NF,BEAR_CALL,-2394.92529296875,1007.5,False,False,False
578,2026-06-08,BEAR_PUT_NF_22950_23200_W250,primary,NF,BEAR_PUT,-2647.043212890625,848.25,False,True,False
578,2026-06-08,BEAR_CALL_NF_23350_23550_W200,secondary,NF,BEAR_CALL,-2702.92919921875,1225.25,False,False,False
578,2026-06-08,BEAR_CALL_NF_23350_23650_W300,secondary,NF,BEAR_CALL,-2941.11181640625,1540.5,False,False,False
578,2026-06-08,BEAR_CALL_NF_23350_23600_W250,secondary,NF,BEAR_CALL,-3027.18603515625,1407.25,False,False,False
578,2026-06-08,BEAR_CALL_NF_23350_23750_W400,secondary,NF,BEAR_CALL,-3035.86181640625,1703.0,False,False,True
612,2026-06-08,BULL_PUT_NF_23000_22600_W400,secondary,NF,BULL_PUT,1459.0416259765625,104.0,True,False,False
612,2026-06-08,BULL_PUT_NF_23000_22700_W300,secondary,NF,BULL_PUT,1408.24267578125,91.0,False,False,False
612,2026-06-08,BULL_PUT_NF_23000_22750_W250,secondary,NF,BULL_PUT,1391.986083984375,81.25,False,False,False
612,2026-06-08,BULL_PUT_NF_23000_22800_W200,secondary,NF,BULL_PUT,1309.087890625,61.75,False,False,False
612,2026-06-08,BULL_PUT_NF_23000_22850_W150,secondary,NF,BULL_PUT,1114.60302734375,55.25,False,False,False
612,2026-06-08,__NO_TRADE__,synthetic_no_trade,NF,NO_TRADE,-727.2667236328125,0.0,False,False,False
612,2026-06-08,BEAR_CALL_NF_23300_23450_W150,primary,NF,BEAR_CALL,-2151.4658203125,490.75,False,True,False
612,2026-06-08,BEAR_CALL_NF_23350_23500_W150,secondary,NF,BEAR_CALL,-2421.09228515625,416.0,False,False,False
612,2026-06-08,BEAR_CALL_NF_23350_23650_W300,secondary,NF,BEAR_CALL,-2805.92236328125,627.25,False,False,False
612,2026-06-08,BEAR_CALL_NF_23300_23500_W200,secondary,NF,BEAR_CALL,-2877.81787109375,611.0,False,False,False
612,2026-06-08,BEAR_CALL_NF_23350_23550_W200,secondary,NF,BEAR_CALL,-2878.89599609375,500.5,False,False,False
612,2026-06-08,BEAR_CALL_NF_23350_23600_W250,secondary,NF,BEAR_CALL,-3025.125,578.5,False,False,False
612,2026-06-08,BEAR_CALL_NF_23300_23550_W250,secondary,NF,BEAR_CALL,-3332.86083984375,695.5,False,False,False
612,2026-06-08,BEAR_CALL_NF_23300_23600_W300,secondary,NF,BEAR_CALL,-3353.50048828125,773.5,False,False,False
612,2026-06-08,BEAR_CALL_NF_23300_23700_W400,secondary,NF,BEAR_CALL,-3368.3115234375,864.5,False,False,True
613,2026-06-08,BULL_PUT_NF_23000_22750_W250,secondary,NF,BULL_PUT,1279.828369140625,-110.5,True,False,False
613,2026-06-08,BULL_PUT_NF_23000_22700_W300,secondary,NF,BULL_PUT,1269.6378173828125,-117.0,False,False,False
613,2026-06-08,BULL_PUT_NF_23000_22800_W200,secondary,NF,BULL_PUT,1223.302490234375,-107.25,False,False,False
613,2026-06-08,BULL_PUT_NF_23000_22850_W150,secondary,NF,BULL_PUT,1047.732421875,-78.0,False,False,False
613,2026-06-08,BEAR_CALL_BNF_54600_55000_W400,secondary,BNF,BEAR_CALL,-698.318603515625,78.0,False,False,False
613,2026-06-08,__NO_TRADE__,synthetic_no_trade,NF,NO_TRADE,-718.9517822265625,0.0,False,False,False
613,2026-06-08,BEAR_CALL_BNF_54600_55200_W600,secondary,BNF,BEAR_CALL,-786.8701171875,79.5,False,False,False
613,2026-06-08,BEAR_CALL_BNF_54600_55100_W500,secondary,BNF,BEAR_CALL,-794.9337158203125,51.0,False,False,False
613,2026-06-08,BEAR_CALL_BNF_54600_55400_W800,secondary,BNF,BEAR_CALL,-889.9952392578125,88.5,False,False,False
613,2026-06-08,BEAR_CALL_BNF_54600_55600_W1000,secondary,BNF,BEAR_CALL,-916.9613037109375,142.5,False,False,False
613,2026-06-08,BEAR_CALL_NF_23300_23450_W150,primary,NF,BEAR_CALL,-2188.178466796875,578.5,False,True,False
613,2026-06-08,BEAR_CALL_NF_23350_23500_W150,secondary,NF,BEAR_CALL,-2405.34375,487.5,False,False,False
613,2026-06-08,BEAR_CALL_NF_23350_23650_W300,secondary,NF,BEAR_CALL,-2816.56884765625,702.0,False,False,False
613,2026-06-08,BEAR_CALL_NF_23300_23500_W200,secondary,NF,BEAR_CALL,-2845.25244140625,718.25,False,False,False
613,2026-06-08,BEAR_CALL_NF_23350_23550_W200,secondary,NF,BEAR_CALL,-2856.595703125,568.75,False,False,False
613,2026-06-08,BEAR_CALL_NF_23350_23600_W250,secondary,NF,BEAR_CALL,-3029.39599609375,650.0,False,False,False
613,2026-06-08,BEAR_CALL_NF_23300_23550_W250,secondary,NF,BEAR_CALL,-3301.214111328125,799.5,False,False,False
613,2026-06-08,BEAR_CALL_NF_23300_23600_W300,secondary,NF,BEAR_CALL,-3332.6650390625,880.75,False,False,False
613,2026-06-08,BEAR_CALL_NF_23300_23700_W400,secondary,NF,BEAR_CALL,-3393.77783203125,975.0,False,False,True
614,2026-06-08,BULL_PUT_NF_23000_22600_W400,secondary,NF,BULL_PUT,1404.419189453125,13.0,True,False,False
614,2026-06-08,BULL_PUT_NF_23000_22700_W300,secondary,NF,BULL_PUT,1368.068359375,13.0,False,False,False
614,2026-06-08,BULL_PUT_NF_23000_22750_W250,secondary,NF,BULL_PUT,1357.518798828125,9.75,False,False,False
614,2026-06-08,BULL_PUT_NF_23000_22800_W200,secondary,NF,BULL_PUT,1279.19775390625,3.25,False,False,False
614,2026-06-08,BULL_PUT_NF_22950_22700_W250,secondary,NF,BULL_PUT,1174.40673828125,-13.0,False,False,False
614,2026-06-08,BULL_PUT_NF_22950_22750_W200,secondary,NF,BULL_PUT,1116.7039794921875,-16.25,False,False,False
614,2026-06-08,BULL_PUT_NF_23000_22850_W150,secondary,NF,BULL_PUT,1091.3228759765625,9.75,False,False,False
614,2026-06-08,BULL_PUT_NF_22950_22800_W150,secondary,NF,BULL_PUT,1056.45947265625,-22.75,False,False,False
614,2026-06-08,__NO_TRADE__,synthetic_no_trade,NF,NO_TRADE,-737.2174072265625,0.0,False,False,False
614,2026-06-08,BEAR_CALL_NF_23300_23450_W150,primary,NF,BEAR_CALL,-2130.05859375,461.5,False,True,False
614,2026-06-08,BEAR_CALL_NF_23350_23500_W150,secondary,NF,BEAR_CALL,-2435.23974609375,383.5,False,False,False
614,2026-06-08,BEAR_CALL_NF_23350_23650_W300,secondary,NF,BEAR_CALL,-2771.531982421875,572.0,False,False,False
614,2026-06-08,BEAR_CALL_NF_23300_23500_W200,secondary,NF,BEAR_CALL,-2865.143310546875,572.0,False,False,False
614,2026-06-08,BEAR_CALL_NF_23350_23550_W200,secondary,NF,BEAR_CALL,-2881.814453125,458.25,False,False,False
614,2026-06-08,BEAR_CALL_NF_23350_23600_W250,secondary,NF,BEAR_CALL,-3004.70703125,526.5,False,False,False
614,2026-06-08,BEAR_CALL_NF_23300_23550_W250,secondary,NF,BEAR_CALL,-3313.509765625,646.75,False,False,False
614,2026-06-08,BEAR_CALL_NF_23300_23700_W400,secondary,NF,BEAR_CALL,-3313.740234375,796.25,False,False,True
614,2026-06-08,BEAR_CALL_NF_23300_23600_W300,secondary,NF,BEAR_CALL,-3326.73046875,715.0,False,False,False
615,2026-06-08,BULL_PUT_NF_23000_22600_W400,secondary,NF,BULL_PUT,1486.4879150390625,100.75,True,False,False
615,2026-06-08,BULL_PUT_NF_23000_22700_W300,secondary,NF,BULL_PUT,1444.2623291015625,97.5,False,False,False
615,2026-06-08,BULL_PUT_NF_23000_22750_W250,secondary,NF,BULL_PUT,1419.90234375,87.75,False,False,False
615,2026-06-08,BULL_PUT_NF_23000_22800_W200,secondary,NF,BULL_PUT,1329.551025390625,74.75,False,False,False
615,2026-06-08,BULL_PUT_NF_22950_22700_W250,secondary,NF,BULL_PUT,1217.9581298828125,45.5,False,False,False
615,2026-06-08,BULL_PUT_NF_22950_22750_W200,secondary,NF,BULL_PUT,1159.2880859375,35.75,False,False,False
615,2026-06-08,BULL_PUT_NF_23000_22850_W150,secondary,NF,BULL_PUT,1125.69482421875,61.75,False,False,False
615,2026-06-08,BULL_PUT_NF_22950_22800_W150,secondary,NF,BULL_PUT,1061.29052734375,22.75,False,False,False
615,2026-06-08,__NO_TRADE__,synthetic_no_trade,NF,NO_TRADE,-732.8628540039062,0.0,False,False,False
615,2026-06-08,BEAR_CALL_NF_23300_23450_W150,primary,NF,BEAR_CALL,-2109.35791015625,406.25,False,True,False
615,2026-06-08,BEAR_CALL_NF_23350_23500_W150,secondary,NF,BEAR_CALL,-2452.03173828125,344.5,False,False,False
615,2026-06-08,BEAR_CALL_NF_23300_23500_W200,secondary,NF,BEAR_CALL,-2877.44580078125,513.5,False,False,False
615,2026-06-08,BEAR_CALL_NF_23350_23550_W200,secondary,NF,BEAR_CALL,-2892.14453125,416.0,False,False,False
615,2026-06-08,BEAR_CALL_NF_23350_23600_W250,secondary,NF,BEAR_CALL,-3016.2236328125,481.0,False,False,False
615,2026-06-08,BEAR_CALL_NF_23300_23700_W400,secondary,NF,BEAR_CALL,-3310.33740234375,721.5,False,False,True
615,2026-06-08,BEAR_CALL_NF_23300_23550_W250,secondary,NF,BEAR_CALL,-3329.676025390625,585.0,False,False,False
615,2026-06-08,BEAR_CALL_NF_23300_23600_W300,secondary,NF,BEAR_CALL,-3355.017822265625,650.0,False,False,False
616,2026-06-08,BULL_PUT_NF_23000_22750_W250,secondary,NF,BULL_PUT,1297.3070068359375,-81.25,True,False,False
616,2026-06-08,BULL_PUT_NF_23000_22700_W300,secondary,NF,BULL_PUT,1292.560546875,-84.5,False,False,False
616,2026-06-08,BULL_PUT_NF_23000_22800_W200,secondary,NF,BULL_PUT,1235.778564453125,-74.75,False,False,False
616,2026-06-08,BULL_PUT_NF_23000_22850_W150,secondary,NF,BULL_PUT,1059.6119384765625,-48.75,False,False,False
616,2026-06-08,BEAR_CALL_BNF_54600_55000_W400,secondary,BNF,BEAR_CALL,-696.638671875,78.0,False,False,False
616,2026-06-08,BEAR_CALL_BNF_54600_55200_W600,secondary,BNF,BEAR_CALL,-783.576904296875,69.0,False,False,False
616,2026-06-08,BEAR_CALL_BNF_54600_55100_W500,secondary,BNF,BEAR_CALL,-791.9747314453125,87.0,False,False,False
616,2026-06-08,__NO_TRADE__,synthetic_no_trade,NF,NO_TRADE,-798.650390625,0.0,False,False,False
616,2026-06-08,BEAR_CALL_BNF_54600_55400_W800,secondary,BNF,BEAR_CALL,-882.6278076171875,63.0,False,False,False
616,2026-06-08,BEAR_CALL_BNF_54600_55600_W1000,secondary,BNF,BEAR_CALL,-913.3271484375,118.5,False,False,False
616,2026-06-08,BEAR_CALL_NF_23350_23500_W150,primary,NF,BEAR_CALL,-2202.772705078125,412.75,False,True,False
616,2026-06-08,BEAR_CALL_NF_23300_23450_W150,secondary,NF,BEAR_CALL,-2315.41015625,471.25,False,False,False
616,2026-06-08,BEAR_CALL_NF_23350_23650_W300,secondary,NF,BEAR_CALL,-2769.572265625,607.75,False,False,False
616,2026-06-08,BEAR_CALL_NF_23300_23500_W200,secondary,NF,BEAR_CALL,-2844.748291015625,578.5,False,False,False
616,2026-06-08,BEAR_CALL_NF_23350_23550_W200,secondary,NF,BEAR_CALL,-2880.14306640625,494.0,False,False,False
616,2026-06-08,BEAR_CALL_NF_23350_23600_W250,secondary,NF,BEAR_CALL,-3004.994140625,565.5,False,False,False
616,2026-06-08,BEAR_CALL_NF_23300_23550_W250,secondary,NF,BEAR_CALL,-3284.775634765625,659.75,False,False,False
616,2026-06-08,BEAR_CALL_NF_23300_23700_W400,secondary,NF,BEAR_CALL,-3293.429931640625,806.0,False,False,True
616,2026-06-08,BEAR_CALL_NF_23300_23600_W300,secondary,NF,BEAR_CALL,-3295.33056640625,731.25,False,False,False
617,2026-06-08,BULL_PUT_NF_23000_22600_W400,secondary,NF,BULL_PUT,1389.9783935546875,-9.75,True,False,False
617,2026-06-08,BULL_PUT_NF_23000_22700_W300,secondary,NF,BULL_PUT,1362.225830078125,6.5,False,False,False
617,2026-06-08,BULL_PUT_NF_23000_22750_W250,secondary,NF,BULL_PUT,1356.1507568359375,3.25,False,False,False
617,2026-06-08,BULL_PUT_NF_23000_22800_W200,secondary,NF,BULL_PUT,1281.603759765625,-6.5,False,False,False
617,2026-06-08,BULL_PUT_NF_23000_22850_W150,secondary,NF,BULL_PUT,1099.093994140625,13.0,False,False,False
617,2026-06-08,__NO_TRADE__,synthetic_no_trade,NF,NO_TRADE,-730.0982666015625,0.0,False,False,False
617,2026-06-08,BEAR_CALL_NF_23300_23450_W150,primary,NF,BEAR_CALL,-2129.624267578125,438.75,False,True,False
617,2026-06-08,BEAR_CALL_NF_23350_23500_W150,secondary,NF,BEAR_CALL,-2459.19677734375,367.25,False,False,False
617,2026-06-08,BEAR_CALL_NF_23300_23500_W200,secondary,NF,BEAR_CALL,-2872.392578125,542.75,False,False,False
617,2026-06-08,BEAR_CALL_NF_23350_23550_W200,secondary,NF,BEAR_CALL,-2903.861083984375,438.75,False,False,False
617,2026-06-08,BEAR_CALL_NF_23350_23600_W250,secondary,NF,BEAR_CALL,-3018.1630859375,500.5,False,False,False
617,2026-06-08,BEAR_CALL_NF_23300_23700_W400,secondary,NF,BEAR_CALL,-3297.5341796875,744.25,False,False,True
617,2026-06-08,BEAR_CALL_NF_23300_23550_W250,secondary,NF,BEAR_CALL,-3314.828125,614.25,False,False,False
617,2026-06-08,BEAR_CALL_NF_23300_23600_W300,secondary,NF,BEAR_CALL,-3331.43994140625,676.0,False,False,False
618,2026-06-08,BULL_PUT_NF_23050_22650_W400,secondary,NF,BULL_PUT,1356.621337890625,-903.5,True,False,False
618,2026-06-08,BULL_PUT_NF_23050_22800_W250,secondary,NF,BULL_PUT,1252.084228515625,-741.0,False,False,False
618,2026-06-08,BULL_PUT_NF_23050_22750_W300,secondary,NF,BULL_PUT,1231.4368896484375,-809.25,False,False,False
618,2026-06-08,BULL_PUT_NF_23050_22850_W200,secondary,NF,BULL_PUT,1182.570068359375,-656.5,False,False,False
618,2026-06-08,BULL_PUT_NF_23000_22750_W250,secondary,NF,BULL_PUT,1095.040283203125,-529.75,False,False,False
618,2026-06-08,BULL_PUT_NF_23000_22800_W200,secondary,NF,BULL_PUT,1053.2635498046875,-461.5,False,False,False
618,2026-06-08,BULL_PUT_NF_23050_22900_W150,secondary,NF,BULL_PUT,1007.8297119140625,-578.5,False,False,False
618,2026-06-08,BULL_PUT_NF_23000_22850_W150,secondary,NF,BULL_PUT,956.6143798828125,-377.0,False,False,False
618,2026-06-08,__NO_TRADE__,synthetic_no_trade,NF,NO_TRADE,-797.7464599609375,0.0,False,False,False
618,2026-06-08,BEAR_CALL_NF_23350_23500_W150,primary,NF,BEAR_CALL,-2194.76220703125,607.75,False,True,False
618,2026-06-08,BEAR_CALL_NF_23350_23550_W200,secondary,NF,BEAR_CALL,-2820.0283203125,731.25,False,False,False
618,2026-06-08,BEAR_CALL_NF_23350_23650_W300,secondary,NF,BEAR_CALL,-2860.541748046875,880.75,False,False,True
618,2026-06-08,BEAR_CALL_NF_23350_23600_W250,secondary,NF,BEAR_CALL,-3047.42578125,822.25,False,False,False
619,2026-06-08,BULL_PUT_NF_23050_22650_W400,secondary,NF,BULL_PUT,1437.5078125,-767.0,True,False,False
619,2026-06-08,BULL_PUT_NF_23050_22800_W250,secondary,NF,BULL_PUT,1298.4869384765625,-637.0,False,False,False
619,2026-06-08,BULL_PUT_NF_23050_22750_W300,secondary,NF,BULL_PUT,1289.688720703125,-679.25,False,False,False
619,2026-06-08,BULL_PUT_NF_23050_22850_W200,secondary,NF,BULL_PUT,1216.090087890625,-549.25,False,False,False
619,2026-06-08,BULL_PUT_NF_23000_22750_W250,secondary,NF,BULL_PUT,1110.877197265625,-458.25,False,False,False
619,2026-06-08,BULL_PUT_NF_23000_22700_W300,secondary,NF,BULL_PUT,1073.80029296875,-507.0,False,False,False
619,2026-06-08,BULL_PUT_NF_23000_22800_W200,secondary,NF,BULL_PUT,1070.5797119140625,-416.0,False,False,False
619,2026-06-08,BULL_PUT_NF_23050_22900_W150,secondary,NF,BULL_PUT,1034.177734375,-487.5,False,False,False
619,2026-06-08,BULL_PUT_NF_23000_22850_W150,secondary,NF,BULL_PUT,942.5444946289062,-328.25,False,False,False
619,2026-06-08,BULL_PUT_BNF_53700_52700_W1000,secondary,BNF,BULL_PUT,169.70013427734375,-358.5,False,False,False
619,2026-06-08,BULL_PUT_BNF_53700_53100_W600,secondary,BNF,BULL_PUT,147.06362915039062,-393.0,False,False,False
619,2026-06-08,BULL_PUT_BNF_53700_52900_W800,secondary,BNF,BULL_PUT,108.62798309326172,-370.5,False,False,False
619,2026-06-08,BULL_PUT_BNF_53700_53200_W500,secondary,BNF,BULL_PUT,37.89989471435547,-289.5,False,False,False
619,2026-06-08,BULL_PUT_BNF_53700_53300_W400,secondary,BNF,BULL_PUT,-59.96501922607422,-247.5,False,False,False
619,2026-06-08,__NO_TRADE__,synthetic_no_trade,NF,NO_TRADE,-800.6469116210938,0.0,False,False,False
619,2026-06-08,BEAR_CALL_NF_23350_23500_W150,primary,NF,BEAR_CALL,-2186.89404296875,591.5,False,True,False
619,2026-06-08,BEAR_CALL_NF_23350_23550_W200,secondary,NF,BEAR_CALL,-2810.796142578125,708.5,False,False,False
619,2026-06-08,BEAR_CALL_NF_23350_23650_W300,secondary,NF,BEAR_CALL,-2833.053466796875,861.25,False,False,True
619,2026-06-08,BEAR_CALL_NF_23350_23600_W250,secondary,NF,BEAR_CALL,-3027.766357421875,809.25,False,False,False
620,2026-06-08,BULL_PUT_NF_23050_22650_W400,secondary,NF,BULL_PUT,1531.848876953125,-601.25,True,False,False
620,2026-06-08,BULL_PUT_NF_23050_22800_W250,secondary,NF,BULL_PUT,1364.062255859375,-503.75,False,False,False
620,2026-06-08,BULL_PUT_NF_23050_22750_W300,secondary,NF,BULL_PUT,1363.880859375,-533.0,False,False,False
620,2026-06-08,BULL_PUT_NF_23050_22850_W200,secondary,NF,BULL_PUT,1244.6763916015625,-442.0,False,False,False
620,2026-06-08,BULL_PUT_NF_23000_22750_W250,secondary,NF,BULL_PUT,1140.5059814453125,-325.0,False,False,False
620,2026-06-08,BULL_PUT_NF_23000_22700_W300,secondary,NF,BULL_PUT,1110.24951171875,-364.0,False,False,False
620,2026-06-08,BULL_PUT_NF_23000_22800_W200,secondary,NF,BULL_PUT,1108.527099609375,-295.75,False,False,False
620,2026-06-08,BULL_PUT_NF_23050_22900_W150,secondary,NF,BULL_PUT,1060.08544921875,-396.5,False,False,False
620,2026-06-08,BULL_PUT_NF_23000_22850_W150,primary,NF,BULL_PUT,784.5095825195312,-234.0,False,True,False
620,2026-06-08,__NO_TRADE__,synthetic_no_trade,NF,NO_TRADE,165.5704345703125,0.0,False,False,False
620,2026-06-08,BEAR_CALL_NF_23350_23500_W150,secondary,NF,BEAR_CALL,-2415.53955078125,464.75,False,False,False
620,2026-06-08,BEAR_CALL_NF_23350_23650_W300,secondary,NF,BEAR_CALL,-2724.910888671875,646.75,False,False,True
620,2026-06-08,BEAR_CALL_NF_23350_23550_W200,secondary,NF,BEAR_CALL,-2851.65185546875,539.5,False,False,False
620,2026-06-08,BEAR_CALL_NF_23350_23600_W250,secondary,NF,BEAR_CALL,-2972.69970703125,611.0,False,False,False
621,2026-06-08,BULL_PUT_NF_23000_22750_W250,secondary,NF,BULL_PUT,1147.7802734375,-409.5,True,False,False
621,2026-06-08,BULL_PUT_NF_23000_22700_W300,secondary,NF,BULL_PUT,1115.1107177734375,-451.75,False,False,False
621,2026-06-08,BULL_PUT_NF_23000_22800_W200,secondary,NF,BULL_PUT,1113.5980224609375,-370.5,False,False,False
621,2026-06-08,BULL_PUT_NF_23000_22850_W150,secondary,NF,BULL_PUT,965.7334594726562,-308.75,False,False,False
621,2026-06-08,__NO_TRADE__,synthetic_no_trade,NF,NO_TRADE,-695.46826171875,0.0,False,False,False
621,2026-06-08,BEAR_CALL_NF_23300_23450_W150,primary,NF,BEAR_CALL,-2196.39013671875,591.5,False,True,False
621,2026-06-08,BEAR_CALL_NF_23350_23500_W150,secondary,NF,BEAR_CALL,-2443.224853515625,484.25,False,False,False
621,2026-06-08,BEAR_CALL_NF_23350_23650_W300,secondary,NF,BEAR_CALL,-2819.384765625,659.75,False,False,False
621,2026-06-08,BEAR_CALL_NF_23300_23500_W200,secondary,NF,BEAR_CALL,-2834.8291015625,715.0,False,False,False
621,2026-06-08,BEAR_CALL_NF_23350_23550_W200,secondary,NF,BEAR_CALL,-2894.43701171875,562.25,False,False,False
621,2026-06-08,BEAR_CALL_NF_23350_23600_W250,secondary,NF,BEAR_CALL,-3051.237060546875,614.25,False,False,False
621,2026-06-08,BEAR_CALL_NF_23300_23550_W250,secondary,NF,BEAR_CALL,-3291.9248046875,793.0,False,False,False
621,2026-06-08,BEAR_CALL_NF_23300_23600_W300,secondary,NF,BEAR_CALL,-3325.760498046875,845.0,False,False,False
621,2026-06-08,BEAR_CALL_NF_23300_23700_W400,secondary,NF,BEAR_CALL,-3365.0673828125,916.5,False,False,True
622,2026-06-08,BULL_PUT_NF_22950_22700_W250,secondary,NF,BULL_PUT,1387.397705078125,253.5,True,False,False
622,2026-06-08,BULL_PUT_NF_22950_22650_W300,secondary,NF,BULL_PUT,1334.056640625,263.25,False,False,True
622,2026-06-08,BULL_PUT_NF_22950_22750_W200,secondary,NF,BULL_PUT,1328.1845703125,224.25,False,False,False
622,2026-06-08,BULL_PUT_NF_22950_22800_W150,secondary,NF,BULL_PUT,1138.442626953125,165.75,False,False,False
622,2026-06-08,__NO_TRADE__,synthetic_no_trade,NF,NO_TRADE,-652.3079833984375,0.0,False,False,False
622,2026-06-08,BEAR_CALL_BNF_54500_54900_W400,secondary,BNF,BEAR_CALL,-693.7037963867188,-207.0,False,False,False
622,2026-06-08,BEAR_CALL_BNF_54500_55100_W600,secondary,BNF,BEAR_CALL,-792.6456298828125,-165.0,False,False,False
622,2026-06-08,BEAR_CALL_BNF_54500_55000_W500,secondary,BNF,BEAR_CALL,-799.5662231445312,-138.0,False,False,False
622,2026-06-08,BEAR_CALL_BNF_54500_55300_W800,secondary,BNF,BEAR_CALL,-895.4307861328125,-189.0,False,False,False
622,2026-06-08,BEAR_CALL_BNF_54500_55500_W1000,secondary,BNF,BEAR_CALL,-921.421630859375,-352.5,False,False,False
622,2026-06-08,BEAR_CALL_NF_23250_23400_W150,primary,NF,BEAR_CALL,-2051.72021484375,-204.75,False,True,False
622,2026-06-08,BEAR_CALL_NF_23300_23450_W150,secondary,NF,BEAR_CALL,-2554.89599609375,-185.25,False,False,False
622,2026-06-08,BEAR_CALL_NF_23250_23450_W200,secondary,NF,BEAR_CALL,-2700.3662109375,-256.75,False,False,False
622,2026-06-08,BEAR_CALL_NF_23300_23500_W200,secondary,NF,BEAR_CALL,-3006.81787109375,-204.75,False,False,False
622,2026-06-08,BEAR_CALL_NF_23250_23500_W250,secondary,NF,BEAR_CALL,-3227.843017578125,-276.25,False,False,False
622,2026-06-08,BEAR_CALL_NF_23250_23550_W300,secondary,NF,BEAR_CALL,-3370.105712890625,-318.5,False,False,False
622,2026-06-08,BEAR_CALL_NF_23250_23650_W400,secondary,NF,BEAR_CALL,-3371.01416015625,-351.0,False,False,False
623,2026-06-08,BULL_PUT_NF_23000_22600_W400,secondary,NF,BULL_PUT,1556.911865234375,58.5,True,False,False
623,2026-06-08,BULL_PUT_NF_23000_22700_W300,secondary,NF,BULL_PUT,1524.145751953125,68.25,False,False,False
623,2026-06-08,BULL_PUT_NF_23000_22750_W250,secondary,NF,BULL_PUT,1491.974853515625,71.5,False,False,True
623,2026-06-08,BULL_PUT_NF_23000_22800_W200,secondary,NF,BULL_PUT,1393.259033203125,58.5,False,False,False
623,2026-06-08,BULL_PUT_NF_22950_22700_W250,secondary,NF,BULL_PUT,1278.651123046875,13.0,False,False,False
623,2026-06-08,BULL_PUT_NF_22950_22750_W200,secondary,NF,BULL_PUT,1224.212158203125,16.25,False,False,False
623,2026-06-08,BULL_PUT_NF_23000_22850_W150,secondary,NF,BULL_PUT,1186.825927734375,65.0,False,False,False
623,2026-06-08,BULL_PUT_NF_22950_22800_W150,secondary,NF,BULL_PUT,1135.4625244140625,3.25,False,False,False
623,2026-06-08,__NO_TRADE__,synthetic_no_trade,NF,NO_TRADE,-705.6648559570312,0.0,False,False,False
623,2026-06-08,BEAR_CALL_NF_23300_23450_W150,primary,NF,BEAR_CALL,-2212.25146484375,-19.5,False,True,False
623,2026-06-08,BEAR_CALL_NF_23300_23500_W200,secondary,NF,BEAR_CALL,-3031.4931640625,-19.5,False,False,False
623,2026-06-08,BEAR_CALL_NF_23300_23550_W250,secondary,NF,BEAR_CALL,-3300.51806640625,-26.0,False,False,False
624,2026-06-08,BULL_PUT_NF_23000_22600_W400,secondary,NF,BULL_PUT,1502.0439453125,0.0,True,False,False
624,2026-06-08,BULL_PUT_NF_23000_22700_W300,secondary,NF,BULL_PUT,1474.551025390625,9.75,False,False,False
624,2026-06-08,BULL_PUT_NF_23000_22750_W250,secondary,NF,BULL_PUT,1455.237548828125,16.25,False,False,False
624,2026-06-08,BULL_PUT_NF_23000_22800_W200,secondary,NF,BULL_PUT,1363.3406982421875,0.0,False,False,False
624,2026-06-08,BULL_PUT_NF_22950_22700_W250,secondary,NF,BULL_PUT,1262.5526123046875,0.0,False,False,False
624,2026-06-08,BULL_PUT_NF_22950_22750_W200,secondary,NF,BULL_PUT,1209.80712890625,6.5,False,False,False
624,2026-06-08,BULL_PUT_NF_23000_22850_W150,secondary,NF,BULL_PUT,1168.70849609375,22.75,False,False,True
624,2026-06-08,BULL_PUT_NF_22950_22800_W150,secondary,NF,BULL_PUT,1130.7890625,-9.75,False,False,False
624,2026-06-08,__NO_TRADE__,synthetic_no_trade,NF,NO_TRADE,-709.330322265625,0.0,False,False,False
624,2026-06-08,BEAR_CALL_NF_23300_23450_W150,primary,NF,BEAR_CALL,-2210.295166015625,-13.0,False,True,False
624,2026-06-08,BEAR_CALL_NF_23300_23500_W200,secondary,NF,BEAR_CALL,-3023.975830078125,-6.5,False,False,False
624,2026-06-08,BEAR_CALL_NF_23300_23600_W300,secondary,NF,BEAR_CALL,-3246.291015625,-9.75,False,False,False
624,2026-06-08,BEAR_CALL_NF_23300_23550_W250,secondary,NF,BEAR_CALL,-3289.7763671875,-9.75,False,False,False
625,2026-06-08,BULL_PUT_NF_23000_22600_W400,secondary,NF,BULL_PUT,1599.077880859375,84.5,True,False,True
625,2026-06-08,BULL_PUT_NF_23000_22700_W300,secondary,NF,BULL_PUT,1551.5606689453125,74.75,False,False,False
625,2026-06-08,BULL_PUT_NF_23000_22750_W250,secondary,NF,BULL_PUT,1510.171142578125,74.75,False,False,False
625,2026-06-08,BULL_PUT_NF_23000_22800_W200,secondary,NF,BULL_PUT,1403.0400390625,52.0,False,False,False
625,2026-06-08,BULL_PUT_NF_22950_22700_W250,secondary,NF,BULL_PUT,1296.5218505859375,9.75,False,False,False
625,2026-06-08,BULL_PUT_NF_22950_22750_W200,secondary,NF,BULL_PUT,1239.1168212890625,9.75,False,False,False
625,2026-06-08,BULL_PUT_NF_23000_22850_W150,secondary,NF,BULL_PUT,1195.98583984375,65.0,False,False,False
625,2026-06-08,BULL_PUT_NF_22950_22800_W150,secondary,NF,BULL_PUT,1152.16162109375,-13.0,False,False,False
625,2026-06-08,__NO_TRADE__,synthetic_no_trade,NF,NO_TRADE,-635.4574584960938,0.0,False,False,False
625,2026-06-08,BEAR_CALL_NF_23250_23400_W150,primary,NF,BEAR_CALL,-2140.21923828125,-81.25,False,True,False
625,2026-06-08,BEAR_CALL_NF_23300_23450_W150,secondary,NF,BEAR_CALL,-2474.640625,-42.25,False,False,False
625,2026-06-08,BEAR_CALL_NF_23250_23450_W200,secondary,NF,BEAR_CALL,-2776.8017578125,-94.25,False,False,False
625,2026-06-08,BEAR_CALL_NF_23300_23500_W200,secondary,NF,BEAR_CALL,-3025.53955078125,-32.5,False,False,False
625,2026-06-08,BEAR_CALL_NF_23300_23550_W250,secondary,NF,BEAR_CALL,-3298.37890625,-39.0,False,False,False
625,2026-06-08,BEAR_CALL_NF_23250_23500_W250,secondary,NF,BEAR_CALL,-3339.242919921875,-84.5,False,False,False
625,2026-06-08,BEAR_CALL_NF_23250_23550_W300,secondary,NF,BEAR_CALL,-3479.04052734375,-91.0,False,False,False
625,2026-06-08,BEAR_CALL_NF_23250_23650_W400,secondary,NF,BEAR_CALL,-3506.61572265625,-87.75,False,False,False
626,2026-06-08,__NO_TRADE__,synthetic_no_trade,NF,NO_TRADE,-318.02984619140625,0.0,True,False,True
626,2026-06-08,BEAR_PUT_BNF_53200_54000_W800,secondary,BNF,BEAR_PUT,-505.1002502441406,-537.0,False,False,False
626,2026-06-08,BEAR_PUT_BNF_53000_54000_W1000,secondary,BNF,BEAR_PUT,-772.7230834960938,-558.0,False,False,False
626,2026-06-08,BEAR_PUT_NF_23000_23100_W100,secondary,NF,BEAR_PUT,-834.028076171875,-110.5,False,False,False
626,2026-06-08,BEAR_PUT_NF_22950_23100_W150,primary,NF,BEAR_PUT,-1686.81005859375,-240.5,False,True,False
626,2026-06-08,BEAR_CALL_NF_23250_23400_W150,secondary,NF,BEAR_CALL,-2348.971435546875,-299.0,False,False,False
626,2026-06-08,BEAR_CALL_NF_23300_23450_W150,secondary,NF,BEAR_CALL,-2603.320556640625,-208.0,False,False,False
626,2026-06-08,BEAR_CALL_NF_23250_23450_W200,secondary,NF,BEAR_CALL,-2745.321533203125,-338.0,False,False,False
626,2026-06-08,BEAR_CALL_NF_23300_23500_W200,secondary,NF,BEAR_CALL,-3061.23681640625,-234.0,False,False,False
626,2026-06-08,BEAR_CALL_NF_23250_23500_W250,secondary,NF,BEAR_CALL,-3250.8193359375,-364.0,False,False,False
626,2026-06-08,BEAR_CALL_NF_23250_23550_W300,secondary,NF,BEAR_CALL,-3394.73974609375,-406.25,False,False,False
654,2026-06-09,BEAR_PUT_BNF_53700_54500_W800,secondary,BNF,BEAR_PUT,-22.446449279785156,-2536.5,True,False,False
654,2026-06-09,__NO_TRADE__,synthetic_no_trade,BNF,NO_TRADE,-108.53166198730469,0.0,False,False,True
654,2026-06-09,BEAR_PUT_BNF_53500_54500_W1000,primary,BNF,BEAR_PUT,-224.35794067382812,-3130.5,False,True,False
655,2026-06-09,BEAR_PUT_BNF_53800_54600_W800,secondary,BNF,BEAR_PUT,-3.592254638671875,-2521.5,True,False,False
655,2026-06-09,__NO_TRADE__,synthetic_no_trade,BNF,NO_TRADE,-101.6196060180664,0.0,False,False,True
655,2026-06-09,BEAR_PUT_BNF_53600_54600_W1000,primary,BNF,BEAR_PUT,-212.0261688232422,-2985.0,False,True,False
656,2026-06-09,BEAR_PUT_BNF_53800_54600_W800,secondary,BNF,BEAR_PUT,-7.341529846191406,-2370.0,True,False,False
656,2026-06-09,__NO_TRADE__,synthetic_no_trade,BNF,NO_TRADE,-108.16453552246094,0.0,False,False,True
656,2026-06-09,BEAR_PUT_BNF_53600_54600_W1000,primary,BNF,BEAR_PUT,-192.09495544433594,-2817.0,False,True,False
659,2026-06-09,BEAR_PUT_NF_23100_23200_W100,secondary,NF,BEAR_PUT,146.76463317871094,-2411.5,True,False,False
659,2026-06-09,BEAR_PUT_NF_23050_23200_W150,secondary,NF,BEAR_PUT,82.64947509765625,-2889.25,False,False,False
659,2026-06-09,BEAR_PUT_BNF_53900_54700_W800,secondary,BNF,BEAR_PUT,77.65787506103516,-1771.5,False,False,False
659,2026-06-09,__NO_TRADE__,synthetic_no_trade,NF,NO_TRADE,41.063255310058594,0.0,False,False,True
659,2026-06-09,BEAR_PUT_NF_23000_23200_W200,primary,NF,BEAR_PUT,-0.22093963623046875,-3103.75,False,True,False
659,2026-06-09,BEAR_PUT_BNF_53700_54700_W1000,secondary,BNF,BEAR_PUT,-122.2494125366211,-2200.5,False,False,False
660,2026-06-09,BEAR_PUT_NF_23100_23200_W100,secondary,NF,BEAR_PUT,186.98165893554688,-2574.0,True,False,False
660,2026-06-09,BEAR_PUT_BNF_54000_54800_W800,secondary,BNF,BEAR_PUT,77.73284149169922,-1720.5,False,False,False
660,2026-06-09,__NO_TRADE__,synthetic_no_trade,NF,NO_TRADE,46.747344970703125,0.0,False,False,True
660,2026-06-09,BEAR_PUT_NF_23050_23200_W150,primary,NF,BEAR_PUT,28.45240020751953,-3100.5,False,True,False
660,2026-06-09,BEAR_PUT_BNF_53800_54800_W1000,secondary,BNF,BEAR_PUT,-104.63169860839844,-2166.0,False,False,False
661,2026-06-09,BULL_PUT_BNF_54500_54100_W400,primary,BNF,BULL_PUT,0.8042469024658203,780.0,True,True,False
661,2026-06-09,__NO_TRADE__,synthetic_no_trade,BNF,NO_TRADE,-85.7091064453125,0.0,False,False,False
661,2026-06-09,BULL_PUT_BNF_54500_53700_W800,secondary,BNF,BULL_PUT,-120.50159454345703,1497.0,False,False,False
661,2026-06-09,BULL_PUT_BNF_54500_53500_W1000,secondary,BNF,BULL_PUT,-130.85568237304688,1911.0,False,False,True
661,2026-06-09,BULL_PUT_BNF_54500_53900_W600,secondary,BNF,BULL_PUT,-130.89193725585938,1123.5,False,False,False
661,2026-06-09,BULL_PUT_BNF_54500_54000_W500,secondary,BNF,BULL_PUT,-140.54452514648438,949.5,False,False,False
662,2026-06-09,BEAR_PUT_BNF_54200_54800_W600,secondary,BNF,BEAR_PUT,176.99685668945312,-1191.0,True,False,False
662,2026-06-09,BEAR_PUT_BNF_54000_54800_W800,secondary,BNF,BEAR_PUT,95.14805603027344,-1483.5,False,False,False
662,2026-06-09,BEAR_PUT_NF_23100_23200_W100,primary,NF,BEAR_PUT,77.70246887207031,-2297.75,False,True,False
662,2026-06-09,__NO_TRADE__,synthetic_no_trade,NF,NO_TRADE,37.981292724609375,0.0,False,False,True
662,2026-06-09,BEAR_PUT_BNF_53800_54800_W1000,secondary,BNF,BEAR_PUT,-88.39523315429688,-1818.0,False,False,False
663,2026-06-09,BEAR_PUT_NF_23100_23200_W100,secondary,NF,BEAR_PUT,186.12411499023438,-2466.75,True,False,False
663,2026-06-09,__NO_TRADE__,synthetic_no_trade,NF,NO_TRADE,47.82375717163086,0.0,False,False,True
663,2026-06-09,BEAR_PUT_NF_23050_23200_W150,primary,NF,BEAR_PUT,39.01240539550781,-2951.0,False,True,False
663,2026-06-09,BEAR_PUT_BNF_54000_54800_W800,secondary,BNF,BEAR_PUT,38.34507751464844,-1596.0,False,False,False
663,2026-06-09,BEAR_PUT_BNF_53800_54800_W1000,secondary,BNF,BEAR_PUT,-81.53372192382812,-2034.0,False,False,False
664,2026-06-09,BEAR_CALL_BNF_55300_56300_W1000,secondary,BNF,BEAR_CALL,321.04888916015625,-2002.5,True,False,False
664,2026-06-09,BEAR_CALL_BNF_55300_56100_W800,secondary,BNF,BEAR_CALL,274.6004943847656,-1512.0,False,False,False
664,2026-06-09,BEAR_CALL_BNF_55300_55900_W600,secondary,BNF,BEAR_CALL,214.11141967773438,-1312.5,False,False,False
664,2026-06-09,BEAR_CALL_BNF_55300_55700_W400,secondary,BNF,BEAR_CALL,151.00344848632812,-951.0,False,False,False
664,2026-06-09,BEAR_CALL_BNF_55300_55800_W500,primary,BNF,BEAR_CALL,139.27047729492188,-1081.5,False,True,False
664,2026-06-09,__NO_TRADE__,synthetic_no_trade,BNF,NO_TRADE,-92.83977508544922,0.0,False,False,False
664,2026-06-09,BULL_PUT_BNF_54500_53500_W1000,secondary,BNF,BULL_PUT,-216.9462127685547,1551.0,False,False,True
664,2026-06-09,BULL_PUT_BNF_54500_53700_W800,secondary,BNF,BULL_PUT,-224.0961151123047,1219.5,False,False,False
664,2026-06-09,BULL_PUT_BNF_54500_54100_W400,secondary,BNF,BULL_PUT,-231.64089965820312,642.0,False,False,False
664,2026-06-09,BULL_PUT_BNF_54500_53900_W600,secondary,BNF,BULL_PUT,-260.041748046875,891.0,False,False,False
664,2026-06-09,BULL_PUT_BNF_54500_54000_W500,secondary,BNF,BULL_PUT,-272.68267822265625,748.5,False,False,False
665,2026-06-09,__NO_TRADE__,synthetic_no_trade,BNF,NO_TRADE,-97.59580993652344,0.0,True,False,False
665,2026-06-09,BULL_PUT_BNF_54500_54100_W400,primary,BNF,BULL_PUT,-98.54634094238281,585.0,False,True,False
665,2026-06-09,BULL_PUT_BNF_54500_53500_W1000,secondary,BNF,BULL_PUT,-185.3229217529297,1432.5,False,False,True
665,2026-06-09,BULL_PUT_BNF_54500_53700_W800,secondary,BNF,BULL_PUT,-199.16470336914062,1093.5,False,False,False
665,2026-06-09,BULL_PUT_BNF_54500_53900_W600,secondary,BNF,BULL_PUT,-238.2706756591797,793.5,False,False,False
665,2026-06-09,BULL_PUT_BNF_54500_54000_W500,secondary,BNF,BULL_PUT,-247.19189453125,672.0,False,False,False
666,2026-06-09,BULL_PUT_BNF_54500_54100_W400,primary,BNF,BULL_PUT,-46.756710052490234,555.0,True,True,False
666,2026-06-09,__NO_TRADE__,synthetic_no_trade,BNF,NO_TRADE,-89.16645812988281,0.0,False,False,False
666,2026-06-09,BULL_PUT_BNF_54500_53500_W1000,secondary,BNF,BULL_PUT,-139.2379150390625,1413.0,False,False,True
666,2026-06-09,BULL_PUT_BNF_54500_53700_W800,secondary,BNF,BULL_PUT,-152.04055786132812,1086.0,False,False,False
666,2026-06-09,BULL_PUT_BNF_54500_53900_W600,secondary,BNF,BULL_PUT,-183.38096618652344,772.5,False,False,False
666,2026-06-09,BULL_PUT_BNF_54500_54000_W500,secondary,BNF,BULL_PUT,-191.34933471679688,670.5,False,False,False
667,2026-06-09,BULL_PUT_BNF_54500_54100_W400,primary,BNF,BULL_PUT,-33.76094436645508,529.5,True,True,False
667,2026-06-09,__NO_TRADE__,synthetic_no_trade,BNF,NO_TRADE,-87.9937515258789,0.0,False,False,False
667,2026-06-09,BULL_PUT_BNF_54500_53500_W1000,secondary,BNF,BULL_PUT,-98.09363555908203,1332.0,False,False,True
667,2026-06-09,BULL_PUT_BNF_54500_53700_W800,secondary,BNF,BULL_PUT,-111.99861145019531,1008.0,False,False,False
667,2026-06-09,BULL_PUT_BNF_54500_53900_W600,secondary,BNF,BULL_PUT,-138.11363220214844,708.0,False,False,False
667,2026-06-09,BULL_PUT_BNF_54500_54000_W500,secondary,BNF,BULL_PUT,-145.33050537109375,645.0,False,False,False
668,2026-06-09,BEAR_PUT_BNF_54400_55000_W600,secondary,BNF,BEAR_PUT,192.11767578125,-843.0,True,False,False
668,2026-06-09,BEAR_PUT_BNF_54500_55000_W500,secondary,BNF,BEAR_PUT,175.70651245117188,-670.5,False,False,False
668,2026-06-09,BEAR_PUT_BNF_54600_55000_W400,secondary,BNF,BEAR_PUT,111.318603515625,-564.0,False,False,False
668,2026-06-09,BEAR_PUT_BNF_54200_55000_W800,secondary,BNF,BEAR_PUT,98.9471435546875,-1083.0,False,False,False
668,2026-06-09,BEAR_PUT_BNF_54700_55000_W300,secondary,BNF,BEAR_PUT,47.270713806152344,-502.5,False,False,False
668,2026-06-09,__NO_TRADE__,synthetic_no_trade,BNF,NO_TRADE,-84.13531494140625,0.0,False,False,True
668,2026-06-09,BEAR_PUT_BNF_54000_55000_W1000,primary,BNF,BEAR_PUT,-136.2449951171875,-1198.5,False,True,False
670,2026-06-09,BULL_PUT_BNF_54500_54100_W400,primary,BNF,BULL_PUT,17.504989624023438,469.5,True,True,False
670,2026-06-09,BULL_PUT_BNF_54500_53500_W1000,secondary,BNF,BULL_PUT,-5.432849884033203,1177.5,False,False,True
670,2026-06-09,BULL_PUT_BNF_54500_53700_W800,secondary,BNF,BULL_PUT,-31.693016052246094,915.0,False,False,False
670,2026-06-09,BULL_PUT_BNF_54500_53900_W600,secondary,BNF,BULL_PUT,-51.584075927734375,609.0,False,False,False
670,2026-06-09,BULL_PUT_BNF_54500_54000_W500,secondary,BNF,BULL_PUT,-60.084442138671875,579.0,False,False,False
670,2026-06-09,__NO_TRADE__,synthetic_no_trade,BNF,NO_TRADE,-82.50422668457031,0.0,False,False,False
673,2026-06-09,BULL_PUT_BNF_54500_54100_W400,primary,BNF,BULL_PUT,-16.740859985351562,490.5,True,True,False
673,2026-06-09,BULL_PUT_BNF_54500_53500_W1000,secondary,BNF,BULL_PUT,-57.80126953125,1264.5,False,False,True
673,2026-06-09,BULL_PUT_BNF_54500_53700_W800,secondary,BNF,BULL_PUT,-76.19261932373047,937.5,False,False,False
673,2026-06-09,__NO_TRADE__,synthetic_no_trade,BNF,NO_TRADE,-86.32127380371094,0.0,False,False,False
673,2026-06-09,BULL_PUT_BNF_54500_53900_W600,secondary,BNF,BULL_PUT,-97.82530212402344,646.5,False,False,False
673,2026-06-09,BULL_PUT_BNF_54500_54000_W500,secondary,BNF,BULL_PUT,-103.81194305419922,544.5,False,False,False
685,2026-06-09,BULL_PUT_BNF_54600_54200_W400,primary,BNF,BULL_PUT,5.611328125,274.5,True,True,False
685,2026-06-09,BULL_PUT_BNF_54600_53600_W1000,secondary,BNF,BULL_PUT,-8.765453338623047,577.5,False,False,True
685,2026-06-09,BULL_PUT_BNF_54600_53800_W800,secondary,BNF,BULL_PUT,-36.16455078125,493.5,False,False,False
685,2026-06-09,BULL_PUT_BNF_54600_54000_W600,secondary,BNF,BULL_PUT,-55.56818389892578,328.5,False,False,False
685,2026-06-09,BULL_PUT_BNF_54600_54100_W500,secondary,BNF,BULL_PUT,-62.350242614746094,267.0,False,False,False
685,2026-06-09,__NO_TRADE__,synthetic_no_trade,BNF,NO_TRADE,-83.54125213623047,0.0,False,False,False
876,2026-06-12,BEAR_PUT_BNF_55300_55900_W600,secondary,BNF,BEAR_PUT,233.57989501953125,-3013.5,True,False,False
876,2026-06-12,BEAR_PUT_BNF_55100_55900_W800,secondary,BNF,BEAR_PUT,216.68072509765625,-3954.0,False,False,False
876,2026-06-12,BEAR_PUT_BNF_54900_55900_W1000,secondary,BNF,BEAR_PUT,95.497314453125,-4732.5,False,False,False
876,2026-06-12,BEAR_PUT_NF_23250_23350_W100,secondary,NF,BEAR_PUT,28.138694763183594,-1647.75,False,False,False
876,2026-06-12,__NO_TRADE__,synthetic_no_trade,NF,NO_TRADE,-125.47367095947266,0.0,False,False,True
876,2026-06-12,BEAR_PUT_NF_23200_23350_W150,secondary,NF,BEAR_PUT,-138.07862854003906,-2359.5,False,False,False
876,2026-06-12,BEAR_PUT_NF_23150_23350_W200,primary,NF,BEAR_PUT,-411.1580505371094,-2964.0,False,True,False
877,2026-06-12,BEAR_PUT_BNF_55300_55900_W600,secondary,BNF,BEAR_PUT,230.12547302246094,-3096.0,True,False,False
877,2026-06-12,BEAR_PUT_BNF_55100_55900_W800,secondary,BNF,BEAR_PUT,220.4810791015625,-4084.5,False,False,False
877,2026-06-12,BEAR_PUT_BNF_54900_55900_W1000,secondary,BNF,BEAR_PUT,94.07439422607422,-4876.5,False,False,False
877,2026-06-12,BEAR_PUT_NF_23250_23350_W100,secondary,NF,BEAR_PUT,22.55791664123535,-1657.5,False,False,False
877,2026-06-12,__NO_TRADE__,synthetic_no_trade,NF,NO_TRADE,-125.93544006347656,0.0,False,False,True
877,2026-06-12,BEAR_PUT_NF_23200_23350_W150,secondary,NF,BEAR_PUT,-150.57960510253906,-2379.0,False,False,False
877,2026-06-12,BEAR_PUT_NF_23150_23350_W200,primary,NF,BEAR_PUT,-436.89453125,-3006.25,False,True,False
928,2026-06-12,BEAR_CALL_NF_23750_23950_W200,secondary,NF,BEAR_CALL,210.6381378173828,-474.5,True,False,False
928,2026-06-12,BEAR_CALL_NF_23750_23900_W150,secondary,NF,BEAR_CALL,68.4151840209961,-253.5,False,False,False
928,2026-06-12,__NO_TRADE__,synthetic_no_trade,NF,NO_TRADE,-127.74665832519531,0.0,False,False,False
928,2026-06-12,BULL_PUT_NF_23450_23250_W200,secondary,NF,BULL_PUT,-321.91534423828125,565.5,False,False,False
928,2026-06-12,BULL_PUT_NF_23450_23200_W250,secondary,NF,BULL_PUT,-381.6539306640625,708.5,False,False,True
928,2026-06-12,BULL_PUT_NF_23450_23300_W150,primary,NF,BULL_PUT,-546.3430786132812,458.25,False,True,False
1000,2026-06-15,BEAR_CALL_NF_24000_24200_W200,secondary,NF,BEAR_CALL,207.5302276611328,731.25,True,False,True
1000,2026-06-15,BULL_PUT_NF_23750_23600_W150,secondary,NF,BULL_PUT,156.00506591796875,-390.0,False,False,False
1000,2026-06-15,BEAR_CALL_NF_24050_24250_W200,secondary,NF,BEAR_CALL,109.83467864990234,581.75,False,False,False
1000,2026-06-15,BEAR_CALL_NF_24050_24200_W150,secondary,NF,BEAR_CALL,98.43663787841797,487.5,False,False,False
1000,2026-06-15,BEAR_CALL_NF_24000_24150_W150,primary,NF,BEAR_CALL,18.40502166748047,604.5,False,True,False
1000,2026-06-15,__NO_TRADE__,synthetic_no_trade,NF,NO_TRADE,-212.90541076660156,0.0,False,False,False
1001,2026-06-15,BULL_PUT_NF_23750_23600_W150,secondary,NF,BULL_PUT,148.51083374023438,-513.5,True,False,False
1001,2026-06-15,BEAR_CALL_NF_24050_24300_W250,secondary,NF,BEAR_CALL,141.1370391845703,903.5,False,False,True
1001,2026-06-15,BULL_PUT_NF_23750_23550_W200,secondary,NF,BULL_PUT,132.23609924316406,-562.25,False,False,False
1001,2026-06-15,BEAR_CALL_NF_24050_24250_W200,secondary,NF,BEAR_CALL,132.18231201171875,799.5,False,False,False
1001,2026-06-15,BEAR_CALL_NF_24050_24200_W150,primary,NF,BEAR_CALL,-66.8587875366211,679.25,False,True,False
1001,2026-06-15,__NO_TRADE__,synthetic_no_trade,NF,NO_TRADE,-221.82403564453125,0.0,False,False,False
1002,2026-06-15,BULL_PUT_NF_23750_23600_W150,secondary,NF,BULL_PUT,147.15591430664062,-529.75,True,False,False
1002,2026-06-15,BULL_PUT_NF_23750_23550_W200,secondary,NF,BULL_PUT,131.11097717285156,-578.5,False,False,False
1002,2026-06-15,BEAR_CALL_NF_24050_24300_W250,secondary,NF,BEAR_CALL,126.60694122314453,763.75,False,False,True
1002,2026-06-15,BEAR_CALL_NF_24050_24250_W200,secondary,NF,BEAR_CALL,113.41911315917969,659.75,False,False,False
1002,2026-06-15,BEAR_CALL_NF_24050_24200_W150,primary,NF,BEAR_CALL,-83.48721313476562,533.0,False,True,False
1002,2026-06-15,__NO_TRADE__,synthetic_no_trade,NF,NO_TRADE,-221.74191284179688,0.0,False,False,False
1003,2026-06-15,BULL_PUT_NF_23800_23650_W150,secondary,NF,BULL_PUT,168.7736358642578,-747.5,True,False,False
1003,2026-06-15,BULL_PUT_NF_23750_23600_W150,secondary,NF,BULL_PUT,144.02212524414062,-581.75,False,False,False
1003,2026-06-15,BULL_PUT_NF_23750_23550_W200,secondary,NF,BULL_PUT,128.73654174804688,-646.75,False,False,False
1003,2026-06-15,BEAR_CALL_NF_24050_24250_W200,secondary,NF,BEAR_CALL,128.56993103027344,802.75,False,False,True
1003,2026-06-15,BEAR_CALL_NF_24050_24200_W150,primary,NF,BEAR_CALL,-68.90543365478516,676.0,False,True,False
1003,2026-06-15,__NO_TRADE__,synthetic_no_trade,NF,NO_TRADE,-222.4083709716797,0.0,False,False,False
1004,2026-06-15,BULL_PUT_NF_23800_23650_W150,secondary,NF,BULL_PUT,166.7911376953125,-731.25,True,False,False
1004,2026-06-15,BULL_PUT_NF_23750_23600_W150,secondary,NF,BULL_PUT,141.74111938476562,-607.75,False,False,False
1004,2026-06-15,BEAR_CALL_NF_24050_24250_W200,secondary,NF,BEAR_CALL,128.823974609375,796.25,False,False,True
1004,2026-06-15,BULL_PUT_NF_23750_23550_W200,secondary,NF,BULL_PUT,126.3205337524414,-676.0,False,False,False
1004,2026-06-15,BEAR_CALL_NF_24050_24200_W150,primary,NF,BEAR_CALL,-67.69841003417969,679.25,False,True,False
1004,2026-06-15,__NO_TRADE__,synthetic_no_trade,NF,NO_TRADE,-222.10887145996094,0.0,False,False,False
1005,2026-06-15,BEAR_CALL_NF_24050_24250_W200,secondary,NF,BEAR_CALL,170.09408569335938,1085.5,True,False,True
1005,2026-06-15,BULL_PUT_NF_23800_23650_W150,secondary,NF,BULL_PUT,150.3856964111328,-1062.75,False,False,False
1005,2026-06-15,BEAR_CALL_NF_24100_24300_W200,secondary,NF,BEAR_CALL,74.9996337890625,838.5,False,False,False
1005,2026-06-15,BEAR_CALL_NF_24100_24250_W150,secondary,NF,BEAR_CALL,66.51496124267578,692.25,False,False,False
1005,2026-06-15,BEAR_CALL_NF_24050_24200_W150,primary,NF,BEAR_CALL,-43.83656311035156,906.75,False,True,False
1005,2026-06-15,__NO_TRADE__,synthetic_no_trade,NF,NO_TRADE,-224.27159118652344,0.0,False,False,False
1006,2026-06-15,BULL_PUT_NF_23800_23600_W200,secondary,NF,BULL_PUT,143.08958435058594,-1160.25,True,False,False
1006,2026-06-15,BEAR_CALL_NF_24050_24200_W150,secondary,NF,BEAR_CALL,140.7687225341797,822.25,False,False,True
1006,2026-06-15,BEAR_CALL_NF_24100_24300_W200,secondary,NF,BEAR_CALL,67.06957244873047,760.5,False,False,False
1006,2026-06-15,BEAR_CALL_NF_24100_24250_W150,secondary,NF,BEAR_CALL,60.34382247924805,624.0,False,False,False
1006,2026-06-15,BULL_PUT_NF_23800_23650_W150,primary,NF,BULL_PUT,32.34719467163086,-958.75,False,True,False
1006,2026-06-15,__NO_TRADE__,synthetic_no_trade,NF,NO_TRADE,-204.8319854736328,0.0,False,False,False
1007,2026-06-15,BULL_PUT_NF_23800_23650_W150,secondary,NF,BULL_PUT,166.7684326171875,-874.25,True,False,False
1007,2026-06-15,BULL_PUT_NF_23800_23600_W200,secondary,NF,BULL_PUT,147.16561889648438,-1062.75,False,False,False
1007,2026-06-15,BEAR_CALL_NF_24050_24250_W200,secondary,NF,BEAR_CALL,136.89187622070312,848.25,False,False,True
1007,2026-06-15,BEAR_CALL_NF_24050_24200_W150,secondary,NF,BEAR_CALL,123.54640197753906,711.75,False,False,False
1007,2026-06-15,BULL_PUT_NF_23750_23600_W150,primary,NF,BULL_PUT,16.25326919555664,-702.0,False,True,False
1007,2026-06-15,__NO_TRADE__,synthetic_no_trade,NF,NO_TRADE,-195.9354705810547,0.0,False,False,False
1008,2026-06-15,BULL_PUT_NF_23800_23650_W150,secondary,NF,BULL_PUT,166.83322143554688,-864.5,True,False,False
1008,2026-06-15,BULL_PUT_NF_23800_23600_W200,secondary,NF,BULL_PUT,146.99598693847656,-1049.75,False,False,False
1008,2026-06-15,BEAR_CALL_NF_24050_24250_W200,secondary,NF,BEAR_CALL,128.61383056640625,793.0,False,False,True
1008,2026-06-15,BEAR_CALL_NF_24050_24200_W150,secondary,NF,BEAR_CALL,114.95929718017578,659.75,False,False,False
1008,2026-06-15,BULL_PUT_NF_23750_23600_W150,primary,NF,BULL_PUT,16.496910095214844,-715.0,False,True,False
1008,2026-06-15,__NO_TRADE__,synthetic_no_trade,NF,NO_TRADE,-195.68211364746094,0.0,False,False,False
1009,2026-06-15,BULL_PUT_NF_23750_23550_W200,secondary,NF,BULL_PUT,134.2484130859375,-503.75,True,False,False
1009,2026-06-15,BEAR_CALL_NF_24050_24300_W250,secondary,NF,BEAR_CALL,94.96834564208984,445.25,False,False,True
1009,2026-06-15,BEAR_CALL_NF_24050_24250_W200,secondary,NF,BEAR_CALL,83.60619354248047,390.0,False,False,False
1009,2026-06-15,BEAR_CALL_NF_24050_24200_W150,secondary,NF,BEAR_CALL,77.21957397460938,328.25,False,False,False
1009,2026-06-15,BULL_PUT_NF_23750_23600_W150,primary,NF,BULL_PUT,28.053237915039062,-448.5,False,True,False
1009,2026-06-15,__NO_TRADE__,synthetic_no_trade,NF,NO_TRADE,-193.15615844726562,0.0,False,False,False
1010,2026-06-15,BULL_PUT_NF_23750_23550_W200,secondary,NF,BULL_PUT,137.17849731445312,-455.0,True,False,False
1010,2026-06-15,BEAR_CALL_NF_24050_24300_W250,secondary,NF,BEAR_CALL,86.57193756103516,373.75,False,False,True
1010,2026-06-15,BEAR_CALL_NF_24050_24250_W200,secondary,NF,BEAR_CALL,75.43452453613281,315.25,False,False,False
1010,2026-06-15,BEAR_CALL_NF_24050_24200_W150,secondary,NF,BEAR_CALL,73.39456939697266,289.25,False,False,False
1010,2026-06-15,BULL_PUT_NF_23750_23600_W150,primary,NF,BULL_PUT,30.64348602294922,-409.5,False,True,False
1010,2026-06-15,__NO_TRADE__,synthetic_no_trade,NF,NO_TRADE,-193.27633666992188,0.0,False,False,False
1011,2026-06-15,BEAR_CALL_NF_24000_24250_W250,secondary,NF,BEAR_CALL,165.98182678222656,351.0,True,False,True
1011,2026-06-15,BEAR_CALL_NF_24000_24200_W200,secondary,NF,BEAR_CALL,158.62698364257812,325.0,False,False,False
1011,2026-06-15,BULL_PUT_NF_23750_23600_W150,secondary,NF,BULL_PUT,144.21337890625,-370.5,False,False,False
1011,2026-06-15,BULL_PUT_NF_23750_23550_W200,secondary,NF,BULL_PUT,121.7369613647461,-403.0,False,False,False
1011,2026-06-15,BEAR_CALL_NF_24000_24150_W150,primary,NF,BEAR_CALL,-20.99181365966797,266.5,False,True,False
1011,2026-06-15,__NO_TRADE__,synthetic_no_trade,NF,NO_TRADE,-210.52357482910156,0.0,False,False,False
1012,2026-06-15,BULL_PUT_NF_23700_23550_W150,secondary,NF,BULL_PUT,143.65771484375,-87.75,True,False,False
1012,2026-06-15,BEAR_CALL_NF_24000_24250_W250,secondary,NF,BEAR_CALL,140.71267700195312,42.25,False,False,False
1012,2026-06-15,BEAR_CALL_NF_24000_24200_W200,secondary,NF,BEAR_CALL,129.6339569091797,55.25,False,False,True
1012,2026-06-15,BEAR_CALL_NF_24000_24300_W300,secondary,NF,BEAR_CALL,107.09166717529297,42.25,False,False,False
1012,2026-06-15,BEAR_CALL_NF_24000_24150_W150,primary,NF,BEAR_CALL,-41.947021484375,52.0,False,True,False
1012,2026-06-15,__NO_TRADE__,synthetic_no_trade,NF,NO_TRADE,-208.50335693359375,0.0,False,False,False
1013,2026-06-15,BULL_PUT_NF_23700_23550_W150,secondary,NF,BULL_PUT,150.3914794921875,9.75,True,False,True
1013,2026-06-15,BEAR_CALL_NF_24000_24250_W250,secondary,NF,BEAR_CALL,138.2126007080078,-9.75,False,False,False
1013,2026-06-15,BULL_PUT_NF_23700_23500_W200,secondary,NF,BULL_PUT,133.32469177246094,9.75,False,False,False
1013,2026-06-15,BEAR_CALL_NF_24000_24200_W200,secondary,NF,BEAR_CALL,124.4024429321289,-9.75,False,False,False
1013,2026-06-15,BEAR_CALL_NF_24000_24150_W150,primary,NF,BEAR_CALL,-43.99696350097656,-9.75,False,True,False
1013,2026-06-15,__NO_TRADE__,synthetic_no_trade,NF,NO_TRADE,-206.96031188964844,0.0,False,False,False
1014,2026-06-15,BEAR_CALL_NF_24000_24250_W250,secondary,NF,BEAR_CALL,176.28700256347656,386.75,True,False,True
1014,2026-06-15,BEAR_CALL_NF_24000_24200_W200,secondary,NF,BEAR_CALL,160.87413024902344,299.0,False,False,False
1014,2026-06-15,BULL_PUT_NF_23750_23600_W150,secondary,NF,BULL_PUT,137.96363830566406,-409.5,False,False,False
1014,2026-06-15,BULL_PUT_NF_23750_23550_W200,secondary,NF,BULL_PUT,112.90367126464844,-468.0,False,False,False
1014,2026-06-15,BEAR_CALL_NF_24000_24150_W150,primary,NF,BEAR_CALL,-20.79247283935547,217.75,False,True,False
1014,2026-06-15,__NO_TRADE__,synthetic_no_trade,NF,NO_TRADE,-208.00880432128906,0.0,False,False,False
1015,2026-06-15,BEAR_CALL_NF_24000_24250_W250,secondary,NF,BEAR_CALL,156.91993713378906,188.5,True,False,False
1015,2026-06-15,BEAR_CALL_NF_24000_24200_W200,secondary,NF,BEAR_CALL,145.45899963378906,172.25,False,False,False
1015,2026-06-15,BEAR_CALL_NF_24000_24300_W300,secondary,NF,BEAR_CALL,132.81629943847656,247.0,False,False,True
1015,2026-06-15,BEAR_CALL_NF_24000_24150_W150,primary,NF,BEAR_CALL,-34.29881286621094,91.0,False,True,False
1015,2026-06-15,__NO_TRADE__,synthetic_no_trade,NF,NO_TRADE,-207.19100952148438,0.0,False,False,False
938,2026-06-15,BEAR_PUT_BNF_57000_57600_W600,secondary,BNF,BEAR_PUT,204.7370147705078,1033.5,True,False,False
938,2026-06-15,BEAR_PUT_BNF_57200_57600_W400,secondary,BNF,BEAR_PUT,170.65489196777344,652.5,False,False,False
938,2026-06-15,BEAR_PUT_BNF_57100_57600_W500,secondary,BNF,BEAR_PUT,166.82846069335938,855.0,False,False,False
938,2026-06-15,BEAR_PUT_BNF_56800_57600_W800,secondary,BNF,BEAR_PUT,143.47732543945312,1359.0,False,False,False
938,2026-06-15,BEAR_CALL_NF_24100_24300_W200,secondary,NF,BEAR_CALL,89.73040771484375,1007.5,False,False,False
938,2026-06-15,BEAR_PUT_BNF_56600_57600_W1000,secondary,BNF,BEAR_PUT,30.32583999633789,1723.5,False,False,True
938,2026-06-15,BEAR_CALL_NF_24100_24250_W150,primary,NF,BEAR_CALL,-118.07537841796875,838.5,False,True,False
938,2026-06-15,__NO_TRADE__,synthetic_no_trade,NF,NO_TRADE,-233.90476989746094,0.0,False,False,False
939,2026-06-15,BEAR_PUT_BNF_56700_57500_W800,secondary,BNF,BEAR_PUT,149.96380615234375,828.0,True,False,False
939,2026-06-15,BEAR_CALL_NF_24100_24350_W250,secondary,NF,BEAR_CALL,107.75729370117188,1196.0,False,False,False
939,2026-06-15,BEAR_CALL_NF_24100_24300_W200,secondary,NF,BEAR_CALL,95.37303161621094,1072.5,False,False,False
939,2026-06-15,BEAR_CALL_NF_24100_24400_W300,secondary,NF,BEAR_CALL,86.37849426269531,1283.75,False,False,True
939,2026-06-15,BEAR_PUT_BNF_56500_57500_W1000,secondary,BNF,BEAR_PUT,41.924713134765625,1002.0,False,False,False
939,2026-06-15,BEAR_CALL_NF_24100_24250_W150,primary,NF,BEAR_CALL,-111.11225128173828,900.25,False,True,False
939,2026-06-15,__NO_TRADE__,synthetic_no_trade,NF,NO_TRADE,-233.68434143066406,0.0,False,False,False
940,2026-06-15,BEAR_PUT_BNF_56700_57500_W800,secondary,BNF,BEAR_PUT,150.77471923828125,790.5,True,False,False
940,2026-06-15,BEAR_CALL_NF_24100_24350_W250,secondary,NF,BEAR_CALL,104.83833312988281,1111.5,False,False,False
940,2026-06-15,BEAR_CALL_NF_24100_24300_W200,secondary,NF,BEAR_CALL,91.3284683227539,1001.0,False,False,False
940,2026-06-15,BEAR_CALL_NF_24100_24400_W300,secondary,NF,BEAR_CALL,81.64694213867188,1189.5,False,False,True
940,2026-06-15,BEAR_PUT_BNF_56500_57500_W1000,secondary,BNF,BEAR_PUT,49.11724090576172,903.0,False,False,False
940,2026-06-15,BEAR_CALL_NF_24100_24250_W150,primary,NF,BEAR_CALL,-116.82231140136719,828.75,False,True,False
940,2026-06-15,__NO_TRADE__,synthetic_no_trade,NF,NO_TRADE,-232.99945068359375,0.0,False,False,False
941,2026-06-15,BEAR_PUT_BNF_56600_57400_W800,secondary,BNF,BEAR_PUT,141.12619018554688,576.0,True,False,False
941,2026-06-15,BEAR_CALL_NF_24100_24350_W250,secondary,NF,BEAR_CALL,105.21139526367188,1105.0,False,False,False
941,2026-06-15,BEAR_CALL_NF_24100_24300_W200,secondary,NF,BEAR_CALL,91.06138610839844,991.25,False,False,False
941,2026-06-15,BEAR_CALL_NF_24100_24400_W300,secondary,NF,BEAR_CALL,81.44792175292969,1179.75,False,False,True
941,2026-06-15,BEAR_PUT_BNF_56400_57400_W1000,secondary,BNF,BEAR_PUT,28.720321655273438,469.5,False,False,False
941,2026-06-15,BEAR_CALL_NF_24100_24250_W150,primary,NF,BEAR_CALL,-116.76737976074219,819.0,False,True,False
941,2026-06-15,__NO_TRADE__,synthetic_no_trade,NF,NO_TRADE,-232.59591674804688,0.0,False,False,False
942,2026-06-15,BEAR_PUT_NF_23750_23950_W200,primary,NF,BEAR_PUT,193.27108764648438,1222.0,True,True,True
942,2026-06-15,BEAR_CALL_NF_24050_24250_W200,secondary,NF,BEAR_CALL,176.025390625,1212.25,False,False,False
942,2026-06-15,BEAR_CALL_NF_24050_24200_W150,secondary,NF,BEAR_CALL,157.2338409423828,1010.75,False,False,False
942,2026-06-15,BEAR_PUT_BNF_56600_57400_W800,secondary,BNF,BEAR_PUT,142.7759552001953,547.5,False,False,False
942,2026-06-15,BEAR_CALL_NF_24100_24300_W200,secondary,NF,BEAR_CALL,90.96134948730469,971.75,False,False,False
942,2026-06-15,BEAR_CALL_NF_24100_24250_W150,secondary,NF,BEAR_CALL,80.71768951416016,806.0,False,False,False
942,2026-06-15,BEAR_PUT_BNF_56400_57400_W1000,secondary,BNF,BEAR_PUT,29.83838653564453,439.5,False,False,False
942,2026-06-15,__NO_TRADE__,synthetic_no_trade,NF,NO_TRADE,-184.2617645263672,0.0,False,False,False
943,2026-06-15,BEAR_PUT_BNF_56800_57400_W600,secondary,BNF,BEAR_PUT,214.43963623046875,495.0,True,False,False
943,2026-06-15,BEAR_PUT_BNF_56600_57400_W800,secondary,BNF,BEAR_PUT,132.2338409423828,729.0,False,False,False
943,2026-06-15,BEAR_CALL_NF_24100_24350_W250,secondary,NF,BEAR_CALL,122.61064147949219,1371.5,False,False,False
943,2026-06-15,BEAR_CALL_NF_24100_24300_W200,secondary,NF,BEAR_CALL,113.94758605957031,1231.75,False,False,False
943,2026-06-15,BEAR_CALL_NF_24100_24400_W300,secondary,NF,BEAR_CALL,104.89185333251953,1465.75,False,False,True
943,2026-06-15,BEAR_PUT_BNF_56400_57400_W1000,secondary,BNF,BEAR_PUT,25.829465866088867,658.5,False,False,False
943,2026-06-15,BEAR_CALL_NF_24100_24250_W150,primary,NF,BEAR_CALL,-97.12340545654297,1027.0,False,True,False
943,2026-06-15,__NO_TRADE__,synthetic_no_trade,NF,NO_TRADE,-234.09243774414062,0.0,False,False,False
1105,2026-06-17,BEAR_PUT_BNF_56900_57500_W600,secondary,BNF,BEAR_PUT,34.167457580566406,-642.0,True,False,False
1105,2026-06-17,BEAR_PUT_BNF_57100_57500_W400,secondary,BNF,BEAR_PUT,21.450767517089844,-492.0,False,False,False
1105,2026-06-17,BEAR_PUT_BNF_57000_57500_W500,secondary,BNF,BEAR_PUT,0.9896087646484375,-508.5,False,False,False
1105,2026-06-17,BEAR_PUT_BNF_56700_57500_W800,secondary,BNF,BEAR_PUT,0.18364715576171875,-877.5,False,False,False
1105,2026-06-17,__NO_TRADE__,synthetic_no_trade,BNF,NO_TRADE,-1.4134483337402344,0.0,False,False,True
1105,2026-06-17,BEAR_PUT_BNF_56500_57500_W1000,primary,BNF,BEAR_PUT,-68.75879669189453,-1029.0,False,True,False
1106,2026-06-17,BEAR_CALL_NF_24200_24600_W400,secondary,NF,BEAR_CALL,1015.632080078125,607.75,True,False,True
1106,2026-06-17,BEAR_CALL_NF_24200_24500_W300,secondary,NF,BEAR_CALL,780.4403076171875,487.5,False,False,False
1106,2026-06-17,BEAR_CALL_NF_24200_24450_W250,secondary,NF,BEAR_CALL,713.0350341796875,393.25,False,False,False
1106,2026-06-17,BEAR_CALL_NF_24200_24400_W200,secondary,NF,BEAR_CALL,579.380859375,328.25,False,False,False
1106,2026-06-17,BEAR_CALL_NF_24200_24350_W150,secondary,NF,BEAR_CALL,478.40875244140625,227.5,False,False,False
1106,2026-06-17,BEAR_PUT_NF_23800_24100_W300,primary,NF,BEAR_PUT,270.3165283203125,-104.0,False,True,False
1106,2026-06-17,__NO_TRADE__,synthetic_no_trade,NF,NO_TRADE,65.18717956542969,0.0,False,False,False
1106,2026-06-17,BEAR_PUT_BNF_57000_57600_W600,secondary,BNF,BEAR_PUT,24.69741439819336,-301.5,False,False,False
1106,2026-06-17,BEAR_PUT_BNF_56800_57600_W800,secondary,BNF,BEAR_PUT,-1.9104232788085938,-436.5,False,False,False
1106,2026-06-17,BEAR_PUT_BNF_57100_57600_W500,secondary,BNF,BEAR_PUT,-5.105644226074219,-330.0,False,False,False
1106,2026-06-17,BEAR_PUT_BNF_56600_57600_W1000,secondary,BNF,BEAR_PUT,-33.25373077392578,-576.0,False,False,False
1107,2026-06-17,BEAR_PUT_BNF_56900_57500_W600,secondary,BNF,BEAR_PUT,35.20832824707031,-634.5,True,False,False
1107,2026-06-17,BEAR_PUT_BNF_57000_57500_W500,secondary,BNF,BEAR_PUT,4.069541931152344,-469.5,False,False,False
1107,2026-06-17,BEAR_PUT_BNF_56700_57500_W800,secondary,BNF,BEAR_PUT,0.9293212890625,-862.5,False,False,False
1107,2026-06-17,__NO_TRADE__,synthetic_no_trade,BNF,NO_TRADE,-1.354705810546875,0.0,False,False,True
1107,2026-06-17,BEAR_PUT_BNF_56500_57500_W1000,primary,BNF,BEAR_PUT,-66.76073455810547,-1008.0,False,True,False
1108,2026-06-17,BEAR_PUT_NF_23800_24100_W300,primary,NF,BEAR_PUT,265.7391052246094,-188.5,True,True,False
1108,2026-06-17,__NO_TRADE__,synthetic_no_trade,NF,NO_TRADE,65.16644287109375,0.0,False,False,True
1108,2026-06-17,BEAR_PUT_BNF_56900_57500_W600,secondary,BNF,BEAR_PUT,36.83819580078125,-591.0,False,False,False
1108,2026-06-17,BEAR_PUT_BNF_56700_57500_W800,secondary,BNF,BEAR_PUT,1.2945632934570312,-775.5,False,False,False
1108,2026-06-17,BEAR_PUT_BNF_56500_57500_W1000,secondary,BNF,BEAR_PUT,-17.610069274902344,-936.0,False,False,False
1109,2026-06-17,BEAR_PUT_NF_23800_24100_W300,primary,NF,BEAR_PUT,266.4573059082031,-188.5,True,True,False
1109,2026-06-17,__NO_TRADE__,synthetic_no_trade,NF,NO_TRADE,65.16922760009766,0.0,False,False,True
1109,2026-06-17,BEAR_PUT_BNF_56900_57500_W600,secondary,BNF,BEAR_PUT,38.539249420166016,-544.5,False,False,False
1109,2026-06-17,BEAR_PUT_BNF_56700_57500_W800,secondary,BNF,BEAR_PUT,1.6124420166015625,-724.5,False,False,False
1109,2026-06-17,BEAR_PUT_BNF_56500_57500_W1000,secondary,BNF,BEAR_PUT,-16.33470916748047,-907.5,False,False,False
1393,2026-06-22,BULL_PUT_BNF_57400_56600_W800,secondary,BNF,BULL_PUT,300.609375,453.0,True,False,True
1393,2026-06-22,BULL_PUT_BNF_57400_56800_W600,secondary,BNF,BULL_PUT,265.55816650390625,370.5,False,False,False
1393,2026-06-22,BULL_PUT_BNF_57400_56900_W500,secondary,BNF,BULL_PUT,231.56967163085938,319.5,False,False,False
1393,2026-06-22,BEAR_CALL_BNF_58400_59400_W1000,secondary,BNF,BEAR_CALL,213.0051727294922,-400.5,False,False,False
1393,2026-06-22,BULL_PUT_BNF_57400_57000_W400,secondary,BNF,BULL_PUT,197.165283203125,280.5,False,False,False
1393,2026-06-22,BEAR_CALL_BNF_58400_59200_W800,secondary,BNF,BEAR_CALL,148.99142456054688,-355.5,False,False,False
1393,2026-06-22,BEAR_CALL_BNF_58400_59000_W600,secondary,BNF,BEAR_CALL,124.51634216308594,-276.0,False,False,False
1393,2026-06-22,BEAR_CALL_BNF_58400_58900_W500,secondary,BNF,BEAR_CALL,106.58822631835938,-283.5,False,False,False
1393,2026-06-22,BEAR_CALL_NF_24250_24400_W150,primary,NF,BEAR_CALL,101.95665740966797,224.25,False,True,False
1393,2026-06-22,BEAR_CALL_BNF_58400_58800_W400,secondary,BNF,BEAR_CALL,91.919677734375,-220.5,False,False,False
1393,2026-06-22,__NO_TRADE__,synthetic_no_trade,NF,NO_TRADE,35.1249885559082,0.0,False,False,False
1393,2026-06-22,BULL_PUT_NF_24000_23850_W150,secondary,NF,BULL_PUT,-23.736263275146484,9.75,False,False,False
1394,2026-06-22,BULL_PUT_BNF_57400_56600_W800,secondary,BNF,BULL_PUT,300.14306640625,375.0,True,False,True
1394,2026-06-22,BULL_PUT_BNF_57400_56800_W600,secondary,BNF,BULL_PUT,265.3430480957031,309.0,False,False,False
1394,2026-06-22,BULL_PUT_BNF_57400_56900_W500,secondary,BNF,BULL_PUT,232.45933532714844,270.0,False,False,False
1394,2026-06-22,BEAR_CALL_BNF_58400_59400_W1000,secondary,BNF,BEAR_CALL,210.15744018554688,-303.0,False,False,False
1394,2026-06-22,BULL_PUT_BNF_57400_57000_W400,secondary,BNF,BULL_PUT,197.53823852539062,235.5,False,False,False
1394,2026-06-22,BEAR_CALL_NF_24250_24400_W150,secondary,NF,BEAR_CALL,169.08782958984375,240.5,False,False,False
1394,2026-06-22,BEAR_CALL_BNF_58400_59200_W800,secondary,BNF,BEAR_CALL,148.09329223632812,-271.5,False,False,False
1394,2026-06-22,BEAR_CALL_BNF_58400_59000_W600,secondary,BNF,BEAR_CALL,124.21176147460938,-208.5,False,False,False
1394,2026-06-22,BEAR_CALL_BNF_58400_58900_W500,secondary,BNF,BEAR_CALL,106.38433837890625,-225.0,False,False,False
1394,2026-06-22,BEAR_CALL_BNF_58400_58800_W400,secondary,BNF,BEAR_CALL,91.37543487548828,-171.0,False,False,False
1394,2026-06-22,__NO_TRADE__,synthetic_no_trade,NF,NO_TRADE,2.7543067932128906,0.0,False,False,False
1394,2026-06-22,BULL_PUT_NF_24000_23850_W150,primary,NF,BULL_PUT,-6.8713531494140625,-13.0,False,True,False
1395,2026-06-22,BULL_PUT_BNF_57400_56600_W800,secondary,BNF,BULL_PUT,299.7276916503906,337.5,True,False,True
1395,2026-06-22,BULL_PUT_BNF_57400_56800_W600,secondary,BNF,BULL_PUT,264.7039794921875,268.5,False,False,False
1395,2026-06-22,BULL_PUT_BNF_57400_56900_W500,secondary,BNF,BULL_PUT,232.5782012939453,234.0,False,False,False
1395,2026-06-22,BEAR_CALL_NF_24250_24450_W200,secondary,NF,BEAR_CALL,216.1833038330078,305.5,False,False,False
1395,2026-06-22,BEAR_CALL_BNF_58400_59400_W1000,secondary,BNF,BEAR_CALL,207.0114288330078,-219.0,False,False,False
1395,2026-06-22,BULL_PUT_BNF_57400_57000_W400,secondary,BNF,BULL_PUT,197.23556518554688,199.5,False,False,False
1395,2026-06-22,BEAR_CALL_NF_24250_24400_W150,secondary,NF,BEAR_CALL,168.3886260986328,266.5,False,False,False
1395,2026-06-22,BEAR_CALL_BNF_58400_59200_W800,secondary,BNF,BEAR_CALL,146.89808654785156,-196.5,False,False,False
1395,2026-06-22,BEAR_CALL_BNF_58400_59000_W600,secondary,BNF,BEAR_CALL,123.46044158935547,-141.0,False,False,False
1395,2026-06-22,BEAR_CALL_BNF_58400_58900_W500,secondary,BNF,BEAR_CALL,106.01362609863281,-168.0,False,False,False
1395,2026-06-22,BEAR_CALL_BNF_58400_58800_W400,secondary,BNF,BEAR_CALL,90.36062622070312,-118.5,False,False,False
1395,2026-06-22,__NO_TRADE__,synthetic_no_trade,NF,NO_TRADE,2.6652984619140625,0.0,False,False,False
1395,2026-06-22,BULL_PUT_NF_24000_23850_W150,primary,NF,BULL_PUT,-7.6096038818359375,-45.5,False,True,False
1396,2026-06-22,BULL_PUT_BNF_57400_56600_W800,secondary,BNF,BULL_PUT,296.9335021972656,156.0,True,False,False
1396,2026-06-22,BULL_PUT_BNF_57400_56800_W600,secondary,BNF,BULL_PUT,261.14892578125,120.0,False,False,False
1396,2026-06-22,BULL_PUT_BNF_57400_56900_W500,secondary,BNF,BULL_PUT,231.86376953125,109.5,False,False,False
1396,2026-06-22,BEAR_CALL_NF_24250_24450_W200,secondary,NF,BEAR_CALL,200.29808044433594,471.25,False,False,True
1396,2026-06-22,BEAR_CALL_BNF_58400_59400_W1000,secondary,BNF,BEAR_CALL,199.70761108398438,-73.5,False,False,False
1396,2026-06-22,BULL_PUT_BNF_57400_57000_W400,secondary,BNF,BULL_PUT,195.65252685546875,99.0,False,False,False
1396,2026-06-22,BEAR_CALL_BNF_58400_59200_W800,secondary,BNF,BEAR_CALL,143.72311401367188,-66.0,False,False,False
1396,2026-06-22,BEAR_CALL_BNF_58400_59000_W600,secondary,BNF,BEAR_CALL,121.16728210449219,-30.0,False,False,False
1396,2026-06-22,BEAR_CALL_BNF_58400_58900_W500,secondary,BNF,BEAR_CALL,104.94343566894531,-69.0,False,False,False
1396,2026-06-22,BEAR_CALL_NF_24250_24400_W150,primary,NF,BEAR_CALL,104.15629577636719,406.25,False,True,False
1396,2026-06-22,BEAR_CALL_BNF_58400_58800_W400,secondary,BNF,BEAR_CALL,87.97722625732422,-39.0,False,False,False
1396,2026-06-22,__NO_TRADE__,synthetic_no_trade,NF,NO_TRADE,34.88484191894531,0.0,False,False,False
1397,2026-06-22,BULL_PUT_BNF_57400_56600_W800,secondary,BNF,BULL_PUT,298.4817810058594,153.0,True,False,False
1397,2026-06-22,BULL_PUT_BNF_57400_56800_W600,secondary,BNF,BULL_PUT,262.22076416015625,114.0,False,False,False
1397,2026-06-22,BULL_PUT_BNF_57400_56900_W500,secondary,BNF,BULL_PUT,232.66769409179688,103.5,False,False,False
1397,2026-06-22,BEAR_CALL_NF_24250_24450_W200,secondary,NF,BEAR_CALL,215.66958618164062,455.0,False,False,True
1397,2026-06-22,BEAR_CALL_BNF_58400_59400_W1000,secondary,BNF,BEAR_CALL,203.65037536621094,-81.0,False,False,False
1397,2026-06-22,BULL_PUT_BNF_57400_57000_W400,secondary,BNF,BULL_PUT,195.8230438232422,99.0,False,False,False
1397,2026-06-22,BEAR_CALL_BNF_58400_59200_W800,secondary,BNF,BEAR_CALL,146.440185546875,-69.0,False,False,False
1397,2026-06-22,BEAR_CALL_BNF_58400_59000_W600,secondary,BNF,BEAR_CALL,123.72520446777344,-40.5,False,False,False
1397,2026-06-22,BEAR_CALL_BNF_58400_58900_W500,secondary,BNF,BEAR_CALL,107.2490005493164,-78.0,False,False,False
1397,2026-06-22,BEAR_CALL_NF_24250_24400_W150,primary,NF,BEAR_CALL,105.8263931274414,399.75,False,True,False
1397,2026-06-22,BEAR_CALL_BNF_58400_58800_W400,secondary,BNF,BEAR_CALL,90.23792266845703,-48.0,False,False,False
1397,2026-06-22,__NO_TRADE__,synthetic_no_trade,NF,NO_TRADE,34.893070220947266,0.0,False,False,False
1397,2026-06-22,BULL_PUT_NF_24000_23850_W150,secondary,NF,BULL_PUT,-24.229019165039062,-139.75,False,False,False
1398,2026-06-22,BULL_PUT_BNF_57500_56700_W800,secondary,BNF,BULL_PUT,302.24639892578125,15.0,True,False,False
1398,2026-06-22,BULL_PUT_BNF_57500_56900_W600,secondary,BNF,BULL_PUT,266.45074462890625,-3.0,False,False,False
1398,2026-06-22,BULL_PUT_BNF_57500_57000_W500,secondary,BNF,BULL_PUT,231.5569610595703,-3.0,False,False,False
1398,2026-06-22,BEAR_CALL_BNF_58500_59500_W1000,secondary,BNF,BEAR_CALL,224.79159545898438,108.0,False,False,False
1398,2026-06-22,BEAR_CALL_NF_24250_24450_W200,secondary,NF,BEAR_CALL,207.84234619140625,438.75,False,False,True
1398,2026-06-22,BULL_PUT_BNF_57500_57100_W400,secondary,BNF,BULL_PUT,197.22320556640625,-30.0,False,False,False
1398,2026-06-22,BEAR_CALL_NF_24250_24400_W150,secondary,NF,BEAR_CALL,161.78121948242188,383.5,False,False,False
1398,2026-06-22,BEAR_CALL_BNF_58500_59300_W800,secondary,BNF,BEAR_CALL,157.4462432861328,84.0,False,False,False
1398,2026-06-22,BEAR_CALL_BNF_58500_59100_W600,secondary,BNF,BEAR_CALL,129.406494140625,75.0,False,False,False
1398,2026-06-22,BEAR_CALL_BNF_58500_59000_W500,secondary,BNF,BEAR_CALL,111.75283813476562,75.0,False,False,False
1398,2026-06-22,BEAR_CALL_BNF_58500_58900_W400,secondary,BNF,BEAR_CALL,96.37176513671875,16.5,False,False,False
1398,2026-06-22,__NO_TRADE__,synthetic_no_trade,NF,NO_TRADE,2.3667755126953125,0.0,False,False,False
1398,2026-06-22,BULL_PUT_NF_24000_23850_W150,primary,NF,BULL_PUT,-9.799724578857422,-143.0,False,True,False
1399,2026-06-22,BULL_PUT_BNF_57400_56600_W800,secondary,BNF,BULL_PUT,297.23809814453125,16.5,True,False,False
1399,2026-06-22,BULL_PUT_BNF_57400_56800_W600,secondary,BNF,BULL_PUT,259.96771240234375,7.5,False,False,False
1399,2026-06-22,BULL_PUT_BNF_57400_56900_W500,secondary,BNF,BULL_PUT,231.95156860351562,9.0,False,False,False
1399,2026-06-22,BEAR_CALL_NF_24250_24450_W200,secondary,NF,BEAR_CALL,209.87596130371094,445.25,False,False,True
1399,2026-06-22,BEAR_CALL_BNF_58400_59400_W1000,secondary,BNF,BEAR_CALL,198.2484893798828,154.5,False,False,False
1399,2026-06-22,BULL_PUT_BNF_57400_57000_W400,secondary,BNF,BULL_PUT,193.95440673828125,16.5,False,False,False
1399,2026-06-22,BEAR_CALL_BNF_58400_59200_W800,secondary,BNF,BEAR_CALL,145.18460083007812,141.0,False,False,False
1399,2026-06-22,BEAR_CALL_BNF_58400_59000_W600,secondary,BNF,BEAR_CALL,123.93537902832031,132.0,False,False,False
1399,2026-06-22,BEAR_CALL_BNF_58400_58900_W500,secondary,BNF,BEAR_CALL,110.141845703125,70.5,False,False,False
1399,2026-06-22,BEAR_CALL_NF_24250_24400_W150,primary,NF,BEAR_CALL,104.99748229980469,390.0,False,True,False
1399,2026-06-22,BEAR_CALL_BNF_58400_58800_W400,secondary,BNF,BEAR_CALL,90.38125610351562,70.5,False,False,False
1399,2026-06-22,__NO_TRADE__,synthetic_no_trade,NF,NO_TRADE,34.86809539794922,0.0,False,False,False
1400,2026-06-22,BEAR_CALL_NF_24250_24450_W200,secondary,NF,BEAR_CALL,202.01809692382812,516.75,True,False,True
1400,2026-06-22,BEAR_CALL_NF_24250_24400_W150,primary,NF,BEAR_CALL,105.59331512451172,448.5,False,True,False
1400,2026-06-22,__NO_TRADE__,synthetic_no_trade,NF,NO_TRADE,34.7899169921875,0.0,False,False,False
1401,2026-06-22,BEAR_CALL_NF_24250_24450_W200,secondary,NF,BEAR_CALL,205.05023193359375,325.0,True,False,True
1401,2026-06-22,BEAR_CALL_NF_24250_24400_W150,primary,NF,BEAR_CALL,102.07882690429688,286.0,False,True,False
1401,2026-06-22,__NO_TRADE__,synthetic_no_trade,NF,NO_TRADE,34.93772888183594,0.0,False,False,False
1402,2026-06-22,BEAR_CALL_NF_24250_24450_W200,secondary,NF,BEAR_CALL,200.1988067626953,455.0,True,False,True
1402,2026-06-22,BEAR_CALL_NF_24250_24400_W150,primary,NF,BEAR_CALL,104.04725646972656,399.75,False,True,False
1402,2026-06-22,__NO_TRADE__,synthetic_no_trade,NF,NO_TRADE,34.89154815673828,0.0,False,False,False
1403,2026-06-22,BEAR_CALL_NF_24250_24400_W150,primary,NF,BEAR_CALL,99.71036529541016,71.5,True,True,True
1403,2026-06-22,__NO_TRADE__,synthetic_no_trade,NF,NO_TRADE,35.02720642089844,0.0,False,False,False
1403,2026-06-22,BULL_PUT_NF_24000_23850_W150,secondary,NF,BULL_PUT,-29.145774841308594,-32.5,False,False,False
1404,2026-06-22,__NO_TRADE__,synthetic_no_trade,NF,NO_TRADE,3.008045196533203,0.0,True,False,False
1404,2026-06-22,BULL_PUT_NF_24000_23850_W150,primary,NF,BULL_PUT,-3.3385658264160156,159.25,False,True,False
1404,2026-06-22,BULL_PUT_NF_24000_23800_W200,secondary,NF,BULL_PUT,-36.751609802246094,169.0,False,False,True
1405,2026-06-22,__NO_TRADE__,synthetic_no_trade,NF,NO_TRADE,2.9146881103515625,0.0,True,False,False
1405,2026-06-22,BULL_PUT_NF_24000_23850_W150,primary,NF,BULL_PUT,-8.399578094482422,3.25,False,True,True
1406,2026-06-22,BEAR_CALL_NF_24200_24450_W250,secondary,NF,BEAR_CALL,269.9261169433594,-120.25,True,False,False
1406,2026-06-22,BEAR_CALL_NF_24200_24400_W200,secondary,NF,BEAR_CALL,208.92550659179688,-113.75,False,False,False
1406,2026-06-22,BEAR_CALL_NF_24200_24350_W150,primary,NF,BEAR_CALL,110.31465148925781,-100.75,False,True,False
1406,2026-06-22,__NO_TRADE__,synthetic_no_trade,NF,NO_TRADE,35.3786506652832,0.0,False,False,True
1411,2026-06-23,BULL_PUT_BNF_57400_56600_W800,secondary,BNF,BULL_PUT,325.5545959472656,-4569.0,True,False,False
1411,2026-06-23,BULL_PUT_BNF_57400_56800_W600,secondary,BNF,BULL_PUT,231.45877075195312,-3673.5,False,False,False
1411,2026-06-23,BULL_PUT_BNF_57400_56900_W500,secondary,BNF,BULL_PUT,184.0415802001953,-3174.0,False,False,False
1411,2026-06-23,BULL_PUT_BNF_57400_57000_W400,secondary,BNF,BULL_PUT,139.96084594726562,-2629.5,False,False,False
1411,2026-06-23,BEAR_CALL_BNF_58400_59400_W1000,secondary,BNF,BEAR_CALL,109.69480895996094,3378.0,False,False,True
1411,2026-06-23,BEAR_CALL_BNF_58400_59200_W800,secondary,BNF,BEAR_CALL,103.16737365722656,3046.5,False,False,False
1411,2026-06-23,BEAR_CALL_BNF_58400_58900_W500,secondary,BNF,BEAR_CALL,80.11286163330078,2259.0,False,False,False
1411,2026-06-23,BEAR_CALL_BNF_58400_59000_W600,secondary,BNF,BEAR_CALL,69.02204895019531,2524.5,False,False,False
1411,2026-06-23,BEAR_CALL_BNF_58400_58800_W400,primary,BNF,BEAR_CALL,37.715110778808594,1882.5,False,True,False
1411,2026-06-23,__NO_TRADE__,synthetic_no_trade,BNF,NO_TRADE,-185.7228546142578,0.0,False,False,False
1441,2026-06-23,BEAR_PUT_NF_24000_24100_W100,secondary,NF,BEAR_PUT,-87.75053405761719,4650.75,True,False,False
1441,2026-06-23,BEAR_PUT_BNF_57500_57700_W200,secondary,BNF,BEAR_PUT,-138.96945190429688,1281.0,False,False,False
1441,2026-06-23,__NO_TRADE__,synthetic_no_trade,NF,NO_TRADE,-139.79454040527344,0.0,False,False,False
1441,2026-06-23,BEAR_PUT_NF_23950_24100_W150,secondary,NF,BEAR_PUT,-141.89410400390625,7618.0,False,False,False
1441,2026-06-23,BEAR_PUT_NF_23900_24100_W200,primary,NF,BEAR_PUT,-326.32763671875,10855.0,False,True,True
1442,2026-06-23,__NO_TRADE__,synthetic_no_trade,BNF,NO_TRADE,-163.3959197998047,0.0,True,False,False
1442,2026-06-23,BEAR_PUT_BNF_57400_57600_W200,secondary,BNF,BEAR_PUT,-211.43960571289062,882.0,False,False,False
1442,2026-06-23,BEAR_PUT_BNF_57300_57600_W300,secondary,BNF,BEAR_PUT,-229.1427001953125,1246.5,False,False,False
1442,2026-06-23,BEAR_PUT_BNF_57200_57600_W400,primary,BNF,BEAR_PUT,-277.974365234375,1780.5,False,True,True
1443,2026-06-23,__NO_TRADE__,synthetic_no_trade,BNF,NO_TRADE,-163.1043701171875,0.0,True,False,False
1443,2026-06-23,BEAR_PUT_BNF_57400_57600_W200,secondary,BNF,BEAR_PUT,-199.26040649414062,981.0,False,False,False
1443,2026-06-23,BEAR_PUT_BNF_57300_57600_W300,primary,BNF,BEAR_PUT,-219.87661743164062,1419.0,False,True,True
1444,2026-06-23,BEAR_CALL_BNF_58000_59000_W1000,secondary,BNF,BEAR_CALL,94.69575500488281,1902.0,True,False,False
1444,2026-06-23,BEAR_CALL_BNF_58000_58500_W500,secondary,BNF,BEAR_CALL,63.328399658203125,1267.5,False,False,False
1444,2026-06-23,BEAR_CALL_BNF_58000_58800_W800,secondary,BNF,BEAR_CALL,58.51647186279297,1722.0,False,False,False
1444,2026-06-23,BEAR_CALL_BNF_58000_58400_W400,secondary,BNF,BEAR_CALL,58.01350402832031,1063.5,False,False,False
1444,2026-06-23,BEAR_CALL_BNF_58000_58600_W600,secondary,BNF,BEAR_CALL,25.29157257080078,1428.0,False,False,False
1444,2026-06-23,BEAR_PUT_NF_23900_24000_W100,primary,NF,BEAR_PUT,-83.92081451416016,4036.5,False,True,True
1444,2026-06-23,__NO_TRADE__,synthetic_no_trade,NF,NO_TRADE,-197.25372314453125,0.0,False,False,False
1445,2026-06-23,BEAR_CALL_BNF_58000_59000_W1000,secondary,BNF,BEAR_CALL,97.8530044555664,1734.0,True,False,True
1445,2026-06-23,BEAR_CALL_BNF_58000_58500_W500,secondary,BNF,BEAR_CALL,67.8144302368164,1147.5,False,False,False
1445,2026-06-23,BEAR_CALL_BNF_58000_58800_W800,secondary,BNF,BEAR_CALL,64.2183837890625,1573.5,False,False,False
1445,2026-06-23,BEAR_CALL_BNF_58000_58400_W400,secondary,BNF,BEAR_CALL,59.7545166015625,963.0,False,False,False
1445,2026-06-23,BEAR_CALL_BNF_58000_58600_W600,secondary,BNF,BEAR_CALL,32.73394012451172,1293.0,False,False,False
1445,2026-06-23,__NO_TRADE__,synthetic_no_trade,BNF,NO_TRADE,-182.71060180664062,0.0,False,False,False
1445,2026-06-23,BEAR_PUT_BNF_57100_57500_W400,primary,BNF,BEAR_PUT,-387.6392822265625,1212.0,False,True,False
1446,2026-06-23,BEAR_CALL_BNF_58000_59000_W1000,secondary,BNF,BEAR_CALL,90.78506469726562,1638.0,True,False,True
1446,2026-06-23,BEAR_CALL_BNF_58000_58500_W500,secondary,BNF,BEAR_CALL,68.33085632324219,1081.5,False,False,False
1446,2026-06-23,BEAR_CALL_BNF_58000_58800_W800,secondary,BNF,BEAR_CALL,63.513572692871094,1471.5,False,False,False
1446,2026-06-23,BEAR_CALL_BNF_58000_58400_W400,secondary,BNF,BEAR_CALL,58.92704772949219,910.5,False,False,False
1446,2026-06-23,BEAR_CALL_BNF_58000_58600_W600,secondary,BNF,BEAR_CALL,36.78001403808594,1215.0,False,False,False
1446,2026-06-23,__NO_TRADE__,synthetic_no_trade,BNF,NO_TRADE,-186.0738983154297,0.0,False,False,False
1446,2026-06-23,BEAR_PUT_BNF_57200_57500_W300,secondary,BNF,BEAR_PUT,-333.0917053222656,885.0,False,False,False
1446,2026-06-23,BEAR_PUT_BNF_57100_57500_W400,primary,BNF,BEAR_PUT,-408.4971923828125,1146.0,False,True,False
1447,2026-06-23,BEAR_CALL_BNF_58000_59000_W1000,secondary,BNF,BEAR_CALL,94.90755462646484,1779.0,True,False,True
1447,2026-06-23,BEAR_CALL_BNF_58000_58500_W500,secondary,BNF,BEAR_CALL,65.01333618164062,1170.0,False,False,False
1447,2026-06-23,BEAR_CALL_BNF_58000_58800_W800,secondary,BNF,BEAR_CALL,62.69337463378906,1594.5,False,False,False
1447,2026-06-23,BEAR_CALL_BNF_58000_58400_W400,secondary,BNF,BEAR_CALL,59.507240295410156,973.5,False,False,False
1447,2026-06-23,BEAR_CALL_BNF_58000_58600_W600,secondary,BNF,BEAR_CALL,29.541725158691406,1317.0,False,False,False
1447,2026-06-23,__NO_TRADE__,synthetic_no_trade,BNF,NO_TRADE,-186.83729553222656,0.0,False,False,False
1447,2026-06-23,BEAR_PUT_BNF_57100_57500_W400,primary,BNF,BEAR_PUT,-409.6338806152344,1192.5,False,True,False
1448,2026-06-23,BEAR_CALL_BNF_58000_59000_W1000,secondary,BNF,BEAR_CALL,95.41873931884766,1849.5,True,False,True
1448,2026-06-23,BEAR_CALL_BNF_58000_58800_W800,secondary,BNF,BEAR_CALL,61.9892692565918,1653.0,False,False,False
1448,2026-06-23,BEAR_CALL_BNF_58000_58500_W500,secondary,BNF,BEAR_CALL,56.81583786010742,1201.5,False,False,False
1448,2026-06-23,BEAR_CALL_BNF_58000_58400_W400,primary,BNF,BEAR_CALL,20.610084533691406,1005.0,False,True,False
1448,2026-06-23,BEAR_CALL_BNF_58000_58600_W600,secondary,BNF,BEAR_CALL,17.294391632080078,1348.5,False,False,False
1448,2026-06-23,__NO_TRADE__,synthetic_no_trade,BNF,NO_TRADE,-202.39474487304688,0.0,False,False,False
1449,2026-06-23,BULL_PUT_BNF_56900_56100_W800,secondary,BNF,BULL_PUT,519.3131103515625,-795.0,True,False,False
1449,2026-06-23,BULL_PUT_BNF_56900_56300_W600,secondary,BNF,BULL_PUT,333.05010986328125,-696.0,False,False,False
1449,2026-06-23,BULL_PUT_BNF_56900_56400_W500,secondary,BNF,BULL_PUT,293.87017822265625,-592.5,False,False,False
1449,2026-06-23,BULL_PUT_BNF_56900_56500_W400,secondary,BNF,BULL_PUT,235.20509338378906,-493.5,False,False,False
1449,2026-06-23,BEAR_CALL_BNF_57900_58900_W1000,secondary,BNF,BEAR_CALL,95.89073181152344,1333.5,False,False,True
1449,2026-06-23,BEAR_CALL_BNF_57900_58700_W800,secondary,BNF,BEAR_CALL,55.04633331298828,1147.5,False,False,False
1449,2026-06-23,BEAR_CALL_BNF_57900_58400_W500,secondary,BNF,BEAR_CALL,54.381103515625,811.5,False,False,False
1449,2026-06-23,BEAR_CALL_BNF_57900_58500_W600,secondary,BNF,BEAR_CALL,17.662914276123047,945.0,False,False,False
1449,2026-06-23,BEAR_CALL_BNF_57900_58300_W400,primary,BNF,BEAR_CALL,10.418746948242188,655.5,False,True,False
1449,2026-06-23,__NO_TRADE__,synthetic_no_trade,BNF,NO_TRADE,-197.31275939941406,0.0,False,False,False
1450,2026-06-23,BULL_PUT_BNF_56900_56100_W800,secondary,BNF,BULL_PUT,526.9207153320312,-1185.0,True,False,False
1450,2026-06-23,BULL_PUT_BNF_56900_56300_W600,secondary,BNF,BULL_PUT,293.0466613769531,-1000.5,False,False,False
1450,2026-06-23,BULL_PUT_BNF_56900_56400_W500,secondary,BNF,BULL_PUT,288.1168518066406,-862.5,False,False,False
1450,2026-06-23,BULL_PUT_BNF_56900_56500_W400,secondary,BNF,BULL_PUT,241.51266479492188,-715.5,False,False,False
1450,2026-06-23,BEAR_CALL_BNF_57900_58900_W1000,secondary,BNF,BEAR_CALL,74.90349578857422,1567.5,False,False,True
1450,2026-06-23,BEAR_CALL_BNF_58000_58500_W500,secondary,BNF,BEAR_CALL,66.83999633789062,934.5,False,False,False
1450,2026-06-23,BEAR_CALL_BNF_58000_59000_W1000,secondary,BNF,BEAR_CALL,65.52476501464844,1447.5,False,False,False
1450,2026-06-23,BEAR_CALL_BNF_58000_58800_W800,secondary,BNF,BEAR_CALL,56.691871643066406,1299.0,False,False,False
1450,2026-06-23,BEAR_CALL_BNF_58000_58400_W400,secondary,BNF,BEAR_CALL,52.462215423583984,783.0,False,False,False
1450,2026-06-23,BEAR_CALL_BNF_57900_58700_W800,secondary,BNF,BEAR_CALL,41.558326721191406,1368.0,False,False,False
1450,2026-06-23,BEAR_CALL_BNF_58000_58600_W600,secondary,BNF,BEAR_CALL,38.3616828918457,1054.5,False,False,False
1450,2026-06-23,BEAR_CALL_BNF_57900_58400_W500,secondary,BNF,BEAR_CALL,32.758365631103516,973.5,False,False,False
1450,2026-06-23,BEAR_CALL_BNF_57900_58300_W400,primary,BNF,BEAR_CALL,11.927627563476562,795.0,False,True,False
1450,2026-06-23,BEAR_CALL_BNF_57900_58500_W600,secondary,BNF,BEAR_CALL,-18.89569854736328,1125.0,False,False,False
1450,2026-06-23,__NO_TRADE__,synthetic_no_trade,BNF,NO_TRADE,-201.45896911621094,0.0,False,False,False
1451,2026-06-23,BULL_PUT_BNF_56900_56100_W800,secondary,BNF,BULL_PUT,527.6767578125,-1173.0,True,False,False
1451,2026-06-23,BULL_PUT_BNF_56900_56300_W600,secondary,BNF,BULL_PUT,292.2598876953125,-996.0,False,False,False
1451,2026-06-23,BULL_PUT_BNF_56900_56400_W500,secondary,BNF,BULL_PUT,287.54437255859375,-849.0,False,False,False
1451,2026-06-23,BULL_PUT_BNF_56900_56500_W400,secondary,BNF,BULL_PUT,241.970947265625,-703.5,False,False,False
1451,2026-06-23,BEAR_CALL_BNF_57900_58900_W1000,secondary,BNF,BEAR_CALL,80.67691802978516,1483.5,False,False,True
1451,2026-06-23,BEAR_CALL_BNF_58000_58500_W500,secondary,BNF,BEAR_CALL,67.23555755615234,879.0,False,False,False
1451,2026-06-23,BEAR_CALL_BNF_58000_59000_W1000,secondary,BNF,BEAR_CALL,64.8851089477539,1369.5,False,False,False
1451,2026-06-23,BEAR_CALL_BNF_58000_58800_W800,secondary,BNF,BEAR_CALL,61.57085418701172,1224.0,False,False,False
1451,2026-06-23,BEAR_CALL_BNF_58000_58400_W400,secondary,BNF,BEAR_CALL,51.74226379394531,732.0,False,False,False
1451,2026-06-23,BEAR_CALL_BNF_57900_58700_W800,secondary,BNF,BEAR_CALL,43.95848846435547,1284.0,False,False,False
1451,2026-06-23,BEAR_CALL_BNF_58000_58600_W600,secondary,BNF,BEAR_CALL,38.775115966796875,987.0,False,False,False
1451,2026-06-23,BEAR_CALL_BNF_57900_58400_W500,secondary,BNF,BEAR_CALL,37.733543395996094,915.0,False,False,False
1451,2026-06-23,BEAR_CALL_BNF_57900_58300_W400,primary,BNF,BEAR_CALL,13.235984802246094,750.0,False,True,False
1451,2026-06-23,BEAR_CALL_BNF_57900_58500_W600,secondary,BNF,BEAR_CALL,-12.714714050292969,1062.0,False,False,False
1451,2026-06-23,__NO_TRADE__,synthetic_no_trade,BNF,NO_TRADE,-201.33311462402344,0.0,False,False,False
1452,2026-06-23,BULL_PUT_BNF_56900_56100_W800,secondary,BNF,BULL_PUT,527.5119018554688,-1173.0,True,False,False
1452,2026-06-23,BULL_PUT_BNF_56900_56300_W600,secondary,BNF,BULL_PUT,292.076904296875,-996.0,False,False,False
1452,2026-06-23,BULL_PUT_BNF_56900_56400_W500,secondary,BNF,BULL_PUT,287.4150085449219,-849.0,False,False,False
1452,2026-06-23,BULL_PUT_BNF_56900_56500_W400,secondary,BNF,BULL_PUT,241.90602111816406,-703.5,False,False,False
1452,2026-06-23,BEAR_CALL_BNF_57900_58900_W1000,secondary,BNF,BEAR_CALL,78.80894470214844,1483.5,False,False,True
1452,2026-06-23,BEAR_CALL_BNF_58000_58500_W500,secondary,BNF,BEAR_CALL,67.25028991699219,879.0,False,False,False
1452,2026-06-23,BEAR_CALL_BNF_58000_59000_W1000,secondary,BNF,BEAR_CALL,64.92709350585938,1369.5,False,False,False
1452,2026-06-23,BEAR_CALL_BNF_58000_58800_W800,secondary,BNF,BEAR_CALL,61.62278747558594,1224.0,False,False,False
1452,2026-06-23,BEAR_CALL_BNF_58000_58400_W400,secondary,BNF,BEAR_CALL,51.7538948059082,732.0,False,False,False
1452,2026-06-23,BEAR_CALL_BNF_57900_58700_W800,secondary,BNF,BEAR_CALL,41.51924514770508,1284.0,False,False,False
1452,2026-06-23,BEAR_CALL_BNF_58000_58600_W600,secondary,BNF,BEAR_CALL,38.81251525878906,987.0,False,False,False
1452,2026-06-23,BEAR_CALL_BNF_57900_58400_W500,secondary,BNF,BEAR_CALL,35.13974380493164,915.0,False,False,False
1452,2026-06-23,BEAR_CALL_BNF_57900_58300_W400,primary,BNF,BEAR_CALL,13.283958435058594,750.0,False,True,False
1452,2026-06-23,BEAR_CALL_BNF_57900_58500_W600,secondary,BNF,BEAR_CALL,-16.324493408203125,1062.0,False,False,False
1452,2026-06-23,__NO_TRADE__,synthetic_no_trade,BNF,NO_TRADE,-201.3297576904297,0.0,False,False,False
1453,2026-06-23,BULL_PUT_BNF_56900_56100_W800,secondary,BNF,BULL_PUT,526.271484375,-1104.0,True,False,False
1453,2026-06-23,BULL_PUT_BNF_56900_56300_W600,secondary,BNF,BULL_PUT,297.1047668457031,-933.0,False,False,False
1453,2026-06-23,BULL_PUT_BNF_56900_56400_W500,secondary,BNF,BULL_PUT,284.99102783203125,-769.5,False,False,False
1453,2026-06-23,BULL_PUT_BNF_56900_56500_W400,secondary,BNF,BULL_PUT,240.78004455566406,-652.5,False,False,False
1453,2026-06-23,BEAR_CALL_BNF_57900_58900_W1000,secondary,BNF,BEAR_CALL,83.74322509765625,1543.5,False,False,True
1453,2026-06-23,BEAR_CALL_BNF_58000_59000_W1000,secondary,BNF,BEAR_CALL,69.13859558105469,1429.5,False,False,False
1453,2026-06-23,BEAR_CALL_BNF_58000_58500_W500,secondary,BNF,BEAR_CALL,67.93070220947266,904.5,False,False,False
1453,2026-06-23,BEAR_CALL_BNF_58000_58800_W800,secondary,BNF,BEAR_CALL,60.16044616699219,1263.0,False,False,False
1453,2026-06-23,BEAR_CALL_BNF_58000_58400_W400,secondary,BNF,BEAR_CALL,53.072265625,748.5,False,False,False
1453,2026-06-23,BEAR_CALL_BNF_57900_58700_W800,secondary,BNF,BEAR_CALL,46.655189514160156,1332.0,False,False,False
1453,2026-06-23,BEAR_CALL_BNF_58000_58600_W600,secondary,BNF,BEAR_CALL,39.488746643066406,1018.5,False,False,False
1453,2026-06-23,BEAR_CALL_BNF_57900_58400_W500,secondary,BNF,BEAR_CALL,36.38343811035156,942.0,False,False,False
1453,2026-06-23,BEAR_CALL_BNF_57900_58300_W400,primary,BNF,BEAR_CALL,14.468620300292969,763.5,False,True,False
1453,2026-06-23,BEAR_CALL_BNF_57900_58500_W600,secondary,BNF,BEAR_CALL,-13.350555419921875,1098.0,False,False,False
1453,2026-06-23,__NO_TRADE__,synthetic_no_trade,BNF,NO_TRADE,-198.89784240722656,0.0,False,False,False
1454,2026-06-23,BULL_PUT_BNF_57000_56200_W800,secondary,BNF,BULL_PUT,501.22576904296875,-1489.5,True,False,False
1454,2026-06-23,BULL_PUT_BNF_57000_56400_W600,secondary,BNF,BULL_PUT,339.8492431640625,-1174.5,False,False,False
1454,2026-06-23,BULL_PUT_BNF_57000_56500_W500,secondary,BNF,BULL_PUT,292.8746643066406,-1003.5,False,False,False
1454,2026-06-23,BULL_PUT_BNF_57000_56600_W400,secondary,BNF,BULL_PUT,229.2843780517578,-870.0,False,False,False
1454,2026-06-23,BEAR_CALL_BNF_58000_59000_W1000,secondary,BNF,BEAR_CALL,80.52275848388672,1485.0,False,False,True
1454,2026-06-23,BEAR_CALL_BNF_58000_58500_W500,secondary,BNF,BEAR_CALL,68.35302734375,949.5,False,False,False
1454,2026-06-23,BEAR_CALL_BNF_58000_58800_W800,secondary,BNF,BEAR_CALL,66.84065246582031,1317.0,False,False,False
1454,2026-06-23,BEAR_CALL_BNF_58000_58600_W600,secondary,BNF,BEAR_CALL,38.80970001220703,1068.0,False,False,False
1454,2026-06-23,BEAR_CALL_BNF_58000_58400_W400,primary,BNF,BEAR_CALL,15.998832702636719,786.0,False,True,False
1454,2026-06-23,__NO_TRADE__,synthetic_no_trade,BNF,NO_TRADE,-203.75059509277344,0.0,False,False,False
1455,2026-06-23,BULL_PUT_BNF_57000_56200_W800,secondary,BNF,BULL_PUT,500.2301025390625,-1504.5,True,False,False
1455,2026-06-23,BULL_PUT_BNF_57000_56400_W600,secondary,BNF,BULL_PUT,338.01934814453125,-1177.5,False,False,False
1455,2026-06-23,BULL_PUT_BNF_57000_56500_W500,secondary,BNF,BULL_PUT,291.5530700683594,-1009.5,False,False,False
1455,2026-06-23,BULL_PUT_BNF_57000_56600_W400,secondary,BNF,BULL_PUT,229.50413513183594,-865.5,False,False,False
1455,2026-06-23,BEAR_CALL_BNF_58000_59000_W1000,secondary,BNF,BEAR_CALL,80.36984252929688,1341.0,False,False,True
1455,2026-06-23,BEAR_CALL_BNF_58000_58800_W800,secondary,BNF,BEAR_CALL,75.45640563964844,1197.0,False,False,False
1455,2026-06-23,BEAR_CALL_BNF_58000_58500_W500,secondary,BNF,BEAR_CALL,69.00238037109375,868.5,False,False,False
1455,2026-06-23,BEAR_CALL_BNF_58000_58600_W600,secondary,BNF,BEAR_CALL,39.89012145996094,966.0,False,False,False
1455,2026-06-23,BEAR_CALL_BNF_58000_58400_W400,primary,BNF,BEAR_CALL,14.049877166748047,718.5,False,True,False
1455,2026-06-23,__NO_TRADE__,synthetic_no_trade,BNF,NO_TRADE,-203.73846435546875,0.0,False,False,False
1456,2026-06-23,BULL_PUT_BNF_56900_56100_W800,secondary,BNF,BULL_PUT,522.015380859375,-925.5,True,False,False
1456,2026-06-23,BULL_PUT_BNF_56900_56300_W600,secondary,BNF,BULL_PUT,331.3993225097656,-778.5,False,False,False
1456,2026-06-23,BULL_PUT_BNF_56900_56400_W500,secondary,BNF,BULL_PUT,293.777587890625,-664.5,False,False,False
1456,2026-06-23,BULL_PUT_BNF_56900_56500_W400,secondary,BNF,BULL_PUT,240.43814086914062,-549.0,False,False,False
1456,2026-06-23,BEAR_CALL_BNF_57900_58900_W1000,secondary,BNF,BEAR_CALL,100.73261260986328,1113.0,False,False,True
1456,2026-06-23,BEAR_CALL_BNF_57900_58700_W800,secondary,BNF,BEAR_CALL,65.09751892089844,961.5,False,False,False
1456,2026-06-23,BEAR_CALL_BNF_57900_58400_W500,secondary,BNF,BEAR_CALL,61.53361511230469,696.0,False,False,False
1456,2026-06-23,BEAR_CALL_BNF_57900_58500_W600,secondary,BNF,BEAR_CALL,23.646217346191406,805.5,False,False,False
1456,2026-06-23,BEAR_CALL_BNF_57900_58300_W400,primary,BNF,BEAR_CALL,14.985870361328125,562.5,False,True,False
1456,2026-06-23,__NO_TRADE__,synthetic_no_trade,BNF,NO_TRADE,-199.60276794433594,0.0,False,False,False
1457,2026-06-23,BULL_PUT_BNF_56900_56100_W800,secondary,BNF,BULL_PUT,519.9075317382812,-981.0,True,False,False
1457,2026-06-23,BULL_PUT_BNF_56900_56300_W600,secondary,BNF,BULL_PUT,317.2142333984375,-831.0,False,False,False
1457,2026-06-23,BULL_PUT_BNF_56900_56400_W500,secondary,BNF,BULL_PUT,287.069580078125,-696.0,False,False,False
1457,2026-06-23,BULL_PUT_BNF_56900_56500_W400,secondary,BNF,BULL_PUT,239.0741424560547,-568.5,False,False,False
1457,2026-06-23,BEAR_CALL_BNF_57900_58900_W1000,secondary,BNF,BEAR_CALL,102.46481323242188,1261.5,False,False,True
1457,2026-06-23,BEAR_CALL_BNF_57900_58700_W800,secondary,BNF,BEAR_CALL,61.445899963378906,1087.5,False,False,False
1457,2026-06-23,BEAR_CALL_BNF_57900_58400_W500,secondary,BNF,BEAR_CALL,53.24326705932617,775.5,False,False,False
1457,2026-06-23,BEAR_CALL_BNF_57900_58300_W400,primary,BNF,BEAR_CALL,15.802974700927734,616.5,False,True,False
1457,2026-06-23,BEAR_CALL_BNF_57900_58500_W600,secondary,BNF,BEAR_CALL,12.389476776123047,909.0,False,False,False
1457,2026-06-23,__NO_TRADE__,synthetic_no_trade,BNF,NO_TRADE,-197.35182189941406,0.0,False,False,False
1458,2026-06-23,BULL_PUT_BNF_56900_56100_W800,secondary,BNF,BULL_PUT,516.5120239257812,-988.5,True,False,False
1458,2026-06-23,BULL_PUT_BNF_56900_56300_W600,secondary,BNF,BULL_PUT,317.2295227050781,-834.0,False,False,False
1458,2026-06-23,BULL_PUT_BNF_56900_56400_W500,secondary,BNF,BULL_PUT,285.0715026855469,-712.5,False,False,False
1458,2026-06-23,BULL_PUT_BNF_56900_56500_W400,secondary,BNF,BULL_PUT,236.58648681640625,-589.5,False,False,False
1458,2026-06-23,BEAR_CALL_BNF_57900_58900_W1000,secondary,BNF,BEAR_CALL,101.7741928100586,1233.0,False,False,True
1458,2026-06-23,BEAR_CALL_BNF_57900_58700_W800,secondary,BNF,BEAR_CALL,61.98076629638672,1063.5,False,False,False
1458,2026-06-23,BEAR_CALL_BNF_57900_58400_W500,secondary,BNF,BEAR_CALL,57.06410598754883,766.5,False,False,False
1458,2026-06-23,BEAR_CALL_BNF_57900_58500_W600,secondary,BNF,BEAR_CALL,17.52802276611328,888.0,False,False,False
1458,2026-06-23,BEAR_CALL_BNF_57900_58300_W400,primary,BNF,BEAR_CALL,15.644878387451172,621.0,False,True,False
1458,2026-06-23,__NO_TRADE__,synthetic_no_trade,BNF,NO_TRADE,-197.96852111816406,0.0,False,False,False
1459,2026-06-23,BULL_PUT_BNF_56900_56100_W800,secondary,BNF,BULL_PUT,502.4373474121094,-1050.0,True,False,False
1459,2026-06-23,BULL_PUT_BNF_56900_56300_W600,secondary,BNF,BULL_PUT,305.4106140136719,-894.0,False,False,False
1459,2026-06-23,BULL_PUT_BNF_56900_56400_W500,secondary,BNF,BULL_PUT,276.94427490234375,-751.5,False,False,False
1459,2026-06-23,BULL_PUT_BNF_56900_56500_W400,secondary,BNF,BULL_PUT,228.76742553710938,-631.5,False,False,False
1459,2026-06-23,BEAR_CALL_BNF_57900_58900_W1000,secondary,BNF,BEAR_CALL,99.61233520507812,1317.0,False,False,True
1459,2026-06-23,BEAR_CALL_BNF_57900_58700_W800,secondary,BNF,BEAR_CALL,59.06016540527344,1138.5,False,False,False
1459,2026-06-23,BEAR_CALL_BNF_57900_58400_W500,secondary,BNF,BEAR_CALL,57.00217819213867,819.0,False,False,False
1459,2026-06-23,BEAR_CALL_BNF_57900_58500_W600,secondary,BNF,BEAR_CALL,17.418872833251953,951.0,False,False,False
1459,2026-06-23,BEAR_CALL_BNF_57900_58300_W400,primary,BNF,BEAR_CALL,15.40838623046875,660.0,False,True,False
1459,2026-06-23,__NO_TRADE__,synthetic_no_trade,BNF,NO_TRADE,-197.1053466796875,0.0,False,False,False
1460,2026-06-23,BULL_PUT_BNF_57000_56200_W800,secondary,BNF,BULL_PUT,488.111328125,-1630.5,True,False,False
1460,2026-06-23,BULL_PUT_BNF_57000_56400_W600,secondary,BNF,BULL_PUT,313.98126220703125,-1291.5,False,False,False
1460,2026-06-23,BULL_PUT_BNF_57000_56500_W500,secondary,BNF,BULL_PUT,273.3900146484375,-1116.0,False,False,False
1460,2026-06-23,BULL_PUT_BNF_57000_56600_W400,secondary,BNF,BULL_PUT,222.642333984375,-934.5,False,False,False
1460,2026-06-23,BEAR_CALL_BNF_58000_59000_W1000,secondary,BNF,BEAR_CALL,82.5097427368164,1497.0,False,False,True
1460,2026-06-23,BEAR_CALL_BNF_58000_58500_W500,secondary,BNF,BEAR_CALL,68.45993041992188,970.5,False,False,False
1460,2026-06-23,BEAR_CALL_BNF_58000_58800_W800,secondary,BNF,BEAR_CALL,66.17381286621094,1335.0,False,False,False
1460,2026-06-23,BEAR_CALL_BNF_58000_58600_W600,secondary,BNF,BEAR_CALL,39.028900146484375,1083.0,False,False,False
1460,2026-06-23,BEAR_CALL_BNF_58000_58400_W400,primary,BNF,BEAR_CALL,15.651683807373047,808.5,False,True,False
1460,2026-06-23,__NO_TRADE__,synthetic_no_trade,BNF,NO_TRADE,-202.85125732421875,0.0,False,False,False
1461,2026-06-23,BULL_PUT_BNF_56900_56100_W800,secondary,BNF,BULL_PUT,513.43896484375,-1159.5,True,False,False
1461,2026-06-23,BULL_PUT_BNF_56900_56300_W600,secondary,BNF,BULL_PUT,293.4823913574219,-981.0,False,False,False
1461,2026-06-23,BULL_PUT_BNF_56900_56400_W500,secondary,BNF,BULL_PUT,279.92388916015625,-837.0,False,False,False
1461,2026-06-23,BULL_PUT_BNF_56900_56500_W400,secondary,BNF,BULL_PUT,235.53207397460938,-685.5,False,False,False
1461,2026-06-23,BEAR_CALL_BNF_57900_58900_W1000,secondary,BNF,BEAR_CALL,98.4250259399414,1323.0,False,False,True
1461,2026-06-23,BEAR_CALL_BNF_58000_58800_W800,secondary,BNF,BEAR_CALL,68.89701080322266,1072.5,False,False,False
1461,2026-06-23,BEAR_CALL_BNF_58000_58500_W500,secondary,BNF,BEAR_CALL,68.130126953125,769.5,False,False,False
1461,2026-06-23,BEAR_CALL_BNF_58000_59000_W1000,secondary,BNF,BEAR_CALL,64.34856414794922,1206.0,False,False,False
1461,2026-06-23,BEAR_CALL_BNF_57900_58700_W800,secondary,BNF,BEAR_CALL,55.96604919433594,1146.0,False,False,False
1461,2026-06-23,BEAR_CALL_BNF_58000_58400_W400,secondary,BNF,BEAR_CALL,51.55855178833008,645.0,False,False,False
1461,2026-06-23,BEAR_CALL_BNF_57900_58400_W500,secondary,BNF,BEAR_CALL,45.54170227050781,826.5,False,False,False
1461,2026-06-23,BEAR_CALL_BNF_58000_58600_W600,secondary,BNF,BEAR_CALL,40.185943603515625,867.0,False,False,False
1461,2026-06-23,BEAR_CALL_BNF_57900_58300_W400,primary,BNF,BEAR_CALL,15.943058013916016,669.0,False,True,False
1461,2026-06-23,BEAR_CALL_BNF_57900_58500_W600,secondary,BNF,BEAR_CALL,1.8058242797851562,951.0,False,False,False
1461,2026-06-23,__NO_TRADE__,synthetic_no_trade,BNF,NO_TRADE,-197.92845153808594,0.0,False,False,False
1462,2026-06-23,BULL_PUT_BNF_56900_56100_W800,secondary,BNF,BULL_PUT,518.353271484375,-1129.5,True,False,False
1462,2026-06-23,BULL_PUT_BNF_56900_56300_W600,secondary,BNF,BULL_PUT,297.3234558105469,-955.5,False,False,False
1462,2026-06-23,BULL_PUT_BNF_56900_56400_W500,secondary,BNF,BULL_PUT,282.3587646484375,-814.5,False,False,False
1462,2026-06-23,BULL_PUT_BNF_56900_56500_W400,secondary,BNF,BULL_PUT,237.80279541015625,-672.0,False,False,False
1462,2026-06-23,BEAR_CALL_BNF_57900_58900_W1000,secondary,BNF,BEAR_CALL,97.13631439208984,1338.0,False,False,True
1462,2026-06-23,BEAR_CALL_BNF_58000_58500_W500,secondary,BNF,BEAR_CALL,67.44639587402344,777.0,False,False,False
1462,2026-06-23,BEAR_CALL_BNF_58000_58800_W800,secondary,BNF,BEAR_CALL,65.3425521850586,1084.5,False,False,False
1462,2026-06-23,BEAR_CALL_BNF_58000_59000_W1000,secondary,BNF,BEAR_CALL,58.98033142089844,1216.5,False,False,False
1462,2026-06-23,BEAR_CALL_BNF_57900_58700_W800,secondary,BNF,BEAR_CALL,55.843666076660156,1159.5,False,False,False
1462,2026-06-23,BEAR_CALL_BNF_58000_58400_W400,secondary,BNF,BEAR_CALL,51.08338165283203,652.5,False,False,False
1462,2026-06-23,BEAR_CALL_BNF_57900_58400_W500,secondary,BNF,BEAR_CALL,47.32878875732422,835.5,False,False,False
1462,2026-06-23,BEAR_CALL_BNF_58000_58600_W600,secondary,BNF,BEAR_CALL,39.456886291503906,871.5,False,False,False
1462,2026-06-23,BEAR_CALL_BNF_57900_58300_W400,primary,BNF,BEAR_CALL,15.605712890625,678.0,False,True,False
1462,2026-06-23,BEAR_CALL_BNF_57900_58500_W600,secondary,BNF,BEAR_CALL,3.5321388244628906,960.0,False,False,False
1462,2026-06-23,__NO_TRADE__,synthetic_no_trade,BNF,NO_TRADE,-198.58834838867188,0.0,False,False,False
1463,2026-06-23,BULL_PUT_BNF_57000_56200_W800,secondary,BNF,BULL_PUT,508.15069580078125,-1345.5,True,False,False
1463,2026-06-23,BULL_PUT_BNF_57000_56400_W600,secondary,BNF,BULL_PUT,347.97149658203125,-1054.5,False,False,False
1463,2026-06-23,BULL_PUT_BNF_57000_56500_W500,secondary,BNF,BULL_PUT,300.3790283203125,-913.5,False,False,False
1463,2026-06-23,BULL_PUT_BNF_57000_56600_W400,secondary,BNF,BULL_PUT,229.06546020507812,-786.0,False,False,False
1463,2026-06-23,BEAR_CALL_BNF_58000_59000_W1000,secondary,BNF,BEAR_CALL,80.43910217285156,1287.0,False,False,True
1463,2026-06-23,BEAR_CALL_BNF_58000_58800_W800,secondary,BNF,BEAR_CALL,76.58978271484375,1143.0,False,False,False
1463,2026-06-23,BEAR_CALL_BNF_58000_58500_W500,secondary,BNF,BEAR_CALL,69.4901351928711,823.5,False,False,False
1463,2026-06-23,BEAR_CALL_BNF_58000_58600_W600,secondary,BNF,BEAR_CALL,40.977394104003906,925.5,False,False,False
1463,2026-06-23,BEAR_CALL_BNF_58000_58400_W400,primary,BNF,BEAR_CALL,12.587879180908203,696.0,False,True,False
1463,2026-06-23,__NO_TRADE__,synthetic_no_trade,BNF,NO_TRADE,-201.26950073242188,0.0,False,False,False
1464,2026-06-23,BULL_PUT_BNF_56900_56100_W800,secondary,BNF,BULL_PUT,528.4490966796875,-993.0,True,False,False
1464,2026-06-23,BULL_PUT_BNF_56900_56300_W600,secondary,BNF,BULL_PUT,318.9439697265625,-835.5,False,False,False
1464,2026-06-23,BULL_PUT_BNF_56900_56400_W500,secondary,BNF,BULL_PUT,288.2662658691406,-720.0,False,False,False
1464,2026-06-23,BULL_PUT_BNF_56900_56500_W400,secondary,BNF,BULL_PUT,241.49420166015625,-601.5,False,False,False
1464,2026-06-23,BEAR_CALL_BNF_57900_58900_W1000,secondary,BNF,BEAR_CALL,104.35066223144531,1182.0,False,False,True
1464,2026-06-23,BEAR_CALL_BNF_58000_58800_W800,secondary,BNF,BEAR_CALL,69.44279479980469,948.0,False,False,False
1464,2026-06-23,BEAR_CALL_BNF_58000_58500_W500,secondary,BNF,BEAR_CALL,67.12213134765625,676.5,False,False,False
1464,2026-06-23,BEAR_CALL_BNF_57900_58700_W800,secondary,BNF,BEAR_CALL,64.02464294433594,1027.5,False,False,False
1464,2026-06-23,BEAR_CALL_BNF_58000_59000_W1000,secondary,BNF,BEAR_CALL,55.261985778808594,1072.5,False,False,False
1464,2026-06-23,BEAR_CALL_BNF_57900_58400_W500,secondary,BNF,BEAR_CALL,52.347835540771484,741.0,False,False,False
1464,2026-06-23,BEAR_CALL_BNF_58000_58400_W400,secondary,BNF,BEAR_CALL,50.680755615234375,573.0,False,False,False
1464,2026-06-23,BEAR_CALL_BNF_58000_58600_W600,secondary,BNF,BEAR_CALL,39.72333526611328,759.0,False,False,False
1464,2026-06-23,BEAR_CALL_BNF_57900_58300_W400,primary,BNF,BEAR_CALL,15.868282318115234,589.5,False,True,False
1464,2026-06-23,BEAR_CALL_BNF_57900_58500_W600,secondary,BNF,BEAR_CALL,12.425582885742188,844.5,False,False,False
1464,2026-06-23,__NO_TRADE__,synthetic_no_trade,BNF,NO_TRADE,-198.26718139648438,0.0,False,False,False
1465,2026-06-23,BULL_PUT_BNF_56900_56100_W800,secondary,BNF,BULL_PUT,520.7081909179688,-1119.0,True,False,False
1465,2026-06-23,BULL_PUT_BNF_56900_56300_W600,secondary,BNF,BULL_PUT,296.65313720703125,-940.5,False,False,False
1465,2026-06-23,BULL_PUT_BNF_56900_56400_W500,secondary,BNF,BULL_PUT,281.78729248046875,-798.0,False,False,False
1465,2026-06-23,BULL_PUT_BNF_56900_56500_W400,secondary,BNF,BULL_PUT,237.9283447265625,-664.5,False,False,False
1465,2026-06-23,BEAR_CALL_BNF_57900_58900_W1000,secondary,BNF,BEAR_CALL,101.0086669921875,1269.0,False,False,True
1465,2026-06-23,BEAR_CALL_BNF_58000_58800_W800,secondary,BNF,BEAR_CALL,71.44761657714844,1024.5,False,False,False
1465,2026-06-23,BEAR_CALL_BNF_58000_58500_W500,secondary,BNF,BEAR_CALL,68.19540405273438,739.5,False,False,False
1465,2026-06-23,BEAR_CALL_BNF_58000_59000_W1000,secondary,BNF,BEAR_CALL,64.41828155517578,1152.0,False,False,False
1465,2026-06-23,BEAR_CALL_BNF_57900_58700_W800,secondary,BNF,BEAR_CALL,58.649261474609375,1096.5,False,False,False
1465,2026-06-23,BEAR_CALL_BNF_58000_58400_W400,secondary,BNF,BEAR_CALL,51.38808059692383,618.0,False,False,False
1465,2026-06-23,BEAR_CALL_BNF_57900_58400_W500,secondary,BNF,BEAR_CALL,46.752845764160156,792.0,False,False,False
1465,2026-06-23,BEAR_CALL_BNF_58000_58600_W600,secondary,BNF,BEAR_CALL,40.36754608154297,828.0,False,False,False
1465,2026-06-23,BEAR_CALL_BNF_57900_58300_W400,primary,BNF,BEAR_CALL,16.104572296142578,640.5,False,True,False
1465,2026-06-23,BEAR_CALL_BNF_57900_58500_W600,secondary,BNF,BEAR_CALL,4.020336151123047,913.5,False,False,False
1465,2026-06-23,__NO_TRADE__,synthetic_no_trade,BNF,NO_TRADE,-197.9276580810547,0.0,False,False,False
1466,2026-06-23,BULL_PUT_BNF_56900_56100_W800,secondary,BNF,BULL_PUT,509.868896484375,-1116.0,True,False,False
1466,2026-06-23,BULL_PUT_BNF_56900_56300_W600,secondary,BNF,BULL_PUT,297.50323486328125,-954.0,False,False,False
1466,2026-06-23,BULL_PUT_BNF_56900_56400_W500,secondary,BNF,BULL_PUT,279.5965576171875,-780.0,False,False,False
1466,2026-06-23,BULL_PUT_BNF_56900_56500_W400,secondary,BNF,BULL_PUT,231.92904663085938,-682.5,False,False,False
1466,2026-06-23,BEAR_CALL_BNF_57900_58900_W1000,secondary,BNF,BEAR_CALL,104.41340637207031,1225.5,False,False,True
1466,2026-06-23,BEAR_CALL_BNF_58000_58800_W800,secondary,BNF,BEAR_CALL,68.72320556640625,972.0,False,False,False
1466,2026-06-23,BEAR_CALL_BNF_58000_58500_W500,secondary,BNF,BEAR_CALL,67.39933013916016,705.0,False,False,False
1466,2026-06-23,BEAR_CALL_BNF_57900_58700_W800,secondary,BNF,BEAR_CALL,63.038917541503906,1057.5,False,False,False
1466,2026-06-23,BEAR_CALL_BNF_58000_59000_W1000,secondary,BNF,BEAR_CALL,56.6031494140625,1113.0,False,False,False
1466,2026-06-23,BEAR_CALL_BNF_57900_58400_W500,secondary,BNF,BEAR_CALL,51.67942810058594,762.0,False,False,False
1466,2026-06-23,BEAR_CALL_BNF_58000_58400_W400,secondary,BNF,BEAR_CALL,51.04216384887695,579.0,False,False,False
1466,2026-06-23,BEAR_CALL_BNF_58000_58600_W600,secondary,BNF,BEAR_CALL,40.050567626953125,789.0,False,False,False
1466,2026-06-23,BEAR_CALL_BNF_57900_58300_W400,primary,BNF,BEAR_CALL,15.887317657470703,628.5,False,True,False
1466,2026-06-23,BEAR_CALL_BNF_57900_58500_W600,secondary,BNF,BEAR_CALL,11.30978012084961,888.0,False,False,False
1466,2026-06-23,__NO_TRADE__,synthetic_no_trade,BNF,NO_TRADE,-197.07382202148438,0.0,False,False,False
1467,2026-06-23,BULL_PUT_BNF_56900_56100_W800,secondary,BNF,BULL_PUT,506.7689208984375,-888.0,True,False,False
1467,2026-06-23,BULL_PUT_BNF_56900_56300_W600,secondary,BNF,BULL_PUT,324.90069580078125,-744.0,False,False,False
1467,2026-06-23,BULL_PUT_BNF_56900_56400_W500,secondary,BNF,BULL_PUT,278.9666442871094,-682.5,False,False,False
1467,2026-06-23,BULL_PUT_BNF_56900_56500_W400,secondary,BNF,BULL_PUT,229.89358520507812,-519.0,False,False,False
1467,2026-06-23,BEAR_CALL_BNF_57900_58900_W1000,secondary,BNF,BEAR_CALL,99.45521545410156,1078.5,False,False,True
1467,2026-06-23,BEAR_CALL_BNF_57900_58400_W500,secondary,BNF,BEAR_CALL,62.21155548095703,679.5,False,False,False
1467,2026-06-23,BEAR_CALL_BNF_57900_58700_W800,secondary,BNF,BEAR_CALL,61.04291915893555,940.5,False,False,False
1467,2026-06-23,BEAR_CALL_BNF_57900_58500_W600,secondary,BNF,BEAR_CALL,29.795202255249023,754.5,False,False,False
1467,2026-06-23,BEAR_CALL_BNF_57900_58300_W400,primary,BNF,BEAR_CALL,10.065811157226562,526.5,False,True,False
1467,2026-06-23,__NO_TRADE__,synthetic_no_trade,BNF,NO_TRADE,-196.86834716796875,0.0,False,False,False
1468,2026-06-23,BULL_PUT_BNF_56800_56000_W800,secondary,BNF,BULL_PUT,541.1644287109375,-240.0,True,False,False
1468,2026-06-23,BULL_PUT_BNF_56800_56200_W600,secondary,BNF,BULL_PUT,338.75714111328125,-240.0,False,False,False
1468,2026-06-23,BULL_PUT_BNF_56800_56300_W500,secondary,BNF,BULL_PUT,304.8323059082031,-189.0,False,False,False
1468,2026-06-23,BULL_PUT_BNF_56800_56400_W400,secondary,BNF,BULL_PUT,250.34027099609375,-162.0,False,False,False
1468,2026-06-23,BEAR_CALL_BNF_57800_58800_W1000,secondary,BNF,BEAR_CALL,85.89590454101562,633.0,False,False,True
1468,2026-06-23,BEAR_CALL_BNF_57800_58300_W500,secondary,BNF,BEAR_CALL,43.0015869140625,340.5,False,False,False
1468,2026-06-23,BEAR_CALL_BNF_57800_58600_W800,secondary,BNF,BEAR_CALL,42.33015060424805,517.5,False,False,False
1468,2026-06-23,BEAR_CALL_BNF_57800_58400_W600,secondary,BNF,BEAR_CALL,3.0914459228515625,423.0,False,False,False
1468,2026-06-23,BEAR_CALL_BNF_57800_58200_W400,primary,BNF,BEAR_CALL,-1.5182991027832031,300.0,False,True,False
1468,2026-06-23,__NO_TRADE__,synthetic_no_trade,BNF,NO_TRADE,-199.97512817382812,0.0,False,False,False
1469,2026-06-23,BULL_PUT_BNF_56800_56000_W800,secondary,BNF,BULL_PUT,541.1939697265625,-301.5,True,False,False
1469,2026-06-23,BULL_PUT_BNF_56800_56200_W600,secondary,BNF,BULL_PUT,329.80474853515625,-292.5,False,False,False
1469,2026-06-23,BULL_PUT_BNF_56800_56300_W500,secondary,BNF,BULL_PUT,302.8282470703125,-217.5,False,False,False
1469,2026-06-23,BULL_PUT_BNF_56800_56400_W400,secondary,BNF,BULL_PUT,251.6162109375,-193.5,False,False,False
1469,2026-06-23,BEAR_CALL_BNF_57800_58800_W1000,secondary,BNF,BEAR_CALL,79.86367797851562,687.0,False,False,True
1469,2026-06-23,BEAR_CALL_BNF_57800_58300_W500,secondary,BNF,BEAR_CALL,38.50941848754883,372.0,False,False,False
1469,2026-06-23,BEAR_CALL_BNF_57800_58600_W800,secondary,BNF,BEAR_CALL,37.295753479003906,561.0,False,False,False
1469,2026-06-23,BEAR_CALL_BNF_57800_58400_W600,secondary,BNF,BEAR_CALL,-2.715007781982422,460.5,False,False,False
1469,2026-06-23,BEAR_CALL_BNF_57800_58200_W400,primary,BNF,BEAR_CALL,-3.8486061096191406,318.0,False,True,False
1469,2026-06-23,__NO_TRADE__,synthetic_no_trade,BNF,NO_TRADE,-201.4135284423828,0.0,False,False,False
1470,2026-06-23,BULL_PUT_BNF_56800_55800_W1000,secondary,BNF,BULL_PUT,603.9957885742188,-84.0,True,False,False
1470,2026-06-23,BULL_PUT_BNF_56800_56000_W800,secondary,BNF,BULL_PUT,541.0880737304688,-75.0,False,False,False
1470,2026-06-23,BULL_PUT_BNF_56800_56200_W600,secondary,BNF,BULL_PUT,358.6448059082031,-97.5,False,False,False
1470,2026-06-23,BULL_PUT_BNF_56800_56300_W500,secondary,BNF,BULL_PUT,319.9653015136719,-58.5,False,False,False
1470,2026-06-23,BULL_PUT_BNF_56800_56400_W400,secondary,BNF,BULL_PUT,247.69876098632812,-69.0,False,False,False
1470,2026-06-23,BEAR_CALL_BNF_57800_58800_W1000,secondary,BNF,BEAR_CALL,91.71833801269531,339.0,False,False,True
1470,2026-06-23,BEAR_CALL_BNF_57800_58300_W500,secondary,BNF,BEAR_CALL,59.08357238769531,175.5,False,False,False
1470,2026-06-23,BEAR_CALL_BNF_57800_58600_W800,secondary,BNF,BEAR_CALL,53.70365905761719,264.0,False,False,False
1470,2026-06-23,BEAR_CALL_BNF_57800_58400_W600,secondary,BNF,BEAR_CALL,24.446870803833008,220.5,False,False,False
1470,2026-06-23,BEAR_CALL_BNF_57800_58200_W400,primary,BNF,BEAR_CALL,-3.9126014709472656,162.0,False,True,False
1470,2026-06-23,__NO_TRADE__,synthetic_no_trade,BNF,NO_TRADE,-200.0325164794922,0.0,False,False,False
1471,2026-06-23,BULL_PUT_BNF_56800_55800_W1000,secondary,BNF,BULL_PUT,599.4033203125,-133.5,True,False,False
1471,2026-06-23,BULL_PUT_BNF_56800_56000_W800,secondary,BNF,BULL_PUT,541.0374755859375,-111.0,False,False,False
1471,2026-06-23,BULL_PUT_BNF_56800_56200_W600,secondary,BNF,BULL_PUT,351.6921691894531,-145.5,False,False,False
1471,2026-06-23,BULL_PUT_BNF_56800_56300_W500,secondary,BNF,BULL_PUT,312.6110534667969,-115.5,False,False,False
1471,2026-06-23,BULL_PUT_BNF_56800_56400_W400,secondary,BNF,BULL_PUT,249.24192810058594,-82.5,False,False,False
1471,2026-06-23,BEAR_CALL_BNF_57800_58800_W1000,secondary,BNF,BEAR_CALL,89.55763244628906,522.0,False,False,True
1471,2026-06-23,BEAR_CALL_BNF_57800_58300_W500,secondary,BNF,BEAR_CALL,50.747283935546875,291.0,False,False,False
1471,2026-06-23,BEAR_CALL_BNF_57800_58600_W800,secondary,BNF,BEAR_CALL,46.38189697265625,427.5,False,False,False
1471,2026-06-23,BEAR_CALL_BNF_57800_58400_W600,secondary,BNF,BEAR_CALL,13.975448608398438,345.0,False,False,False
1471,2026-06-23,BEAR_CALL_BNF_57800_58200_W400,primary,BNF,BEAR_CALL,-2.4929733276367188,240.0,False,True,False
1471,2026-06-23,__NO_TRADE__,synthetic_no_trade,BNF,NO_TRADE,-200.01034545898438,0.0,False,False,False
1472,2026-06-23,BULL_PUT_BNF_56800_56000_W800,secondary,BNF,BULL_PUT,546.0143432617188,-325.5,True,False,False
1472,2026-06-23,BULL_PUT_BNF_56800_56200_W600,secondary,BNF,BULL_PUT,328.68951416015625,-319.5,False,False,False
1472,2026-06-23,BULL_PUT_BNF_56800_56300_W500,secondary,BNF,BULL_PUT,296.74041748046875,-265.5,False,False,False
1472,2026-06-23,BULL_PUT_BNF_56800_56400_W400,secondary,BNF,BULL_PUT,249.53067016601562,-222.0,False,False,False
1472,2026-06-23,BEAR_CALL_BNF_57800_58800_W1000,secondary,BNF,BEAR_CALL,91.53135681152344,657.0,False,False,True
1472,2026-06-23,BEAR_CALL_BNF_57800_58600_W800,secondary,BNF,BEAR_CALL,45.62512969970703,535.5,False,False,False
1472,2026-06-23,BEAR_CALL_BNF_57800_58300_W500,secondary,BNF,BEAR_CALL,37.75474548339844,372.0,False,False,False
1472,2026-06-23,BEAR_CALL_BNF_57800_58200_W400,primary,BNF,BEAR_CALL,5.7662200927734375,310.5,False,True,False
1472,2026-06-23,BEAR_CALL_BNF_57800_58400_W600,secondary,BNF,BEAR_CALL,-5.012874603271484,448.5,False,False,False
1472,2026-06-23,__NO_TRADE__,synthetic_no_trade,BNF,NO_TRADE,-196.2762451171875,0.0,False,False,False
1473,2026-06-23,BULL_PUT_BNF_56800_56000_W800,secondary,BNF,BULL_PUT,530.8949584960938,-496.5,True,False,False
1473,2026-06-23,BULL_PUT_BNF_56800_56200_W600,secondary,BNF,BULL_PUT,306.4684753417969,-450.0,False,False,False
1473,2026-06-23,BULL_PUT_BNF_56800_56300_W500,secondary,BNF,BULL_PUT,287.8984069824219,-369.0,False,False,False
1473,2026-06-23,BULL_PUT_BNF_56800_56400_W400,secondary,BNF,BULL_PUT,242.2338409423828,-312.0,False,False,False
1473,2026-06-23,BEAR_CALL_BNF_57800_58800_W1000,secondary,BNF,BEAR_CALL,95.15953063964844,697.5,False,False,True
1473,2026-06-23,BEAR_CALL_BNF_57800_58600_W800,secondary,BNF,BEAR_CALL,48.68709945678711,586.5,False,False,False
1473,2026-06-23,BEAR_CALL_BNF_57800_58300_W500,secondary,BNF,BEAR_CALL,40.689064025878906,414.0,False,False,False
1473,2026-06-23,BEAR_CALL_BNF_57800_58200_W400,primary,BNF,BEAR_CALL,10.58233642578125,349.5,False,True,False
1473,2026-06-23,BEAR_CALL_BNF_57800_58400_W600,secondary,BNF,BEAR_CALL,-5.523082733154297,492.0,False,False,False
1473,2026-06-23,__NO_TRADE__,synthetic_no_trade,BNF,NO_TRADE,-194.3108367919922,0.0,False,False,False
1474,2026-06-23,BULL_PUT_BNF_56800_56000_W800,secondary,BNF,BULL_PUT,531.625244140625,-139.5,True,False,False
1474,2026-06-23,BULL_PUT_BNF_56800_56200_W600,secondary,BNF,BULL_PUT,349.9261474609375,-157.5,False,False,False
1474,2026-06-23,BULL_PUT_BNF_56800_56300_W500,secondary,BNF,BULL_PUT,310.2762451171875,-114.0,False,False,False
1474,2026-06-23,BULL_PUT_BNF_56800_56400_W400,secondary,BNF,BULL_PUT,242.70350646972656,-85.5,False,False,False
1474,2026-06-23,BEAR_CALL_BNF_57800_58800_W1000,secondary,BNF,BEAR_CALL,95.64149475097656,247.5,False,False,True
1474,2026-06-23,BEAR_CALL_BNF_57800_58300_W500,secondary,BNF,BEAR_CALL,63.41551208496094,145.5,False,False,False
1474,2026-06-23,BEAR_CALL_BNF_57800_58600_W800,secondary,BNF,BEAR_CALL,60.76636505126953,199.5,False,False,False
1474,2026-06-23,BEAR_CALL_BNF_57800_58400_W600,secondary,BNF,BEAR_CALL,29.183439254760742,180.0,False,False,False
1474,2026-06-23,BEAR_CALL_BNF_57800_58200_W400,primary,BNF,BEAR_CALL,1.0762901306152344,130.5,False,True,False
1474,2026-06-23,__NO_TRADE__,synthetic_no_trade,BNF,NO_TRADE,-197.09385681152344,0.0,False,False,False
1475,2026-06-23,BULL_PUT_BNF_56800_55800_W1000,secondary,BNF,BULL_PUT,612.1505737304688,-52.5,True,False,False
1475,2026-06-23,BULL_PUT_BNF_56800_56000_W800,secondary,BNF,BULL_PUT,538.2921752929688,-34.5,False,False,False
1475,2026-06-23,BULL_PUT_BNF_56800_56200_W600,secondary,BNF,BULL_PUT,363.890625,-58.5,False,False,False
1475,2026-06-23,BULL_PUT_BNF_56800_56300_W500,secondary,BNF,BULL_PUT,315.4695129394531,-69.0,False,False,False
1475,2026-06-23,BULL_PUT_BNF_56800_56400_W400,secondary,BNF,BULL_PUT,245.79669189453125,-15.0,False,False,False
1475,2026-06-23,BEAR_CALL_BNF_57800_58800_W1000,secondary,BNF,BEAR_CALL,85.54181671142578,85.5,False,False,True
1475,2026-06-23,BEAR_CALL_BNF_57800_58300_W500,secondary,BNF,BEAR_CALL,66.44335174560547,25.5,False,False,False
1475,2026-06-23,BEAR_CALL_BNF_57800_58600_W800,secondary,BNF,BEAR_CALL,61.535125732421875,51.0,False,False,False
1475,2026-06-23,BEAR_CALL_BNF_57800_58400_W600,secondary,BNF,BEAR_CALL,33.48088073730469,54.0,False,False,False
1475,2026-06-23,BEAR_CALL_BNF_57800_58200_W400,primary,BNF,BEAR_CALL,-5.741283416748047,27.0,False,True,False
1475,2026-06-23,__NO_TRADE__,synthetic_no_trade,BNF,NO_TRADE,-199.17678833007812,0.0,False,False,False
1476,2026-06-23,BULL_PUT_BNF_56800_56000_W800,secondary,BNF,BULL_PUT,525.8491821289062,-517.5,True,False,False
1476,2026-06-23,BULL_PUT_BNF_56800_56200_W600,secondary,BNF,BULL_PUT,307.4893798828125,-453.0,False,False,False
1476,2026-06-23,BULL_PUT_BNF_56800_56300_W500,secondary,BNF,BULL_PUT,287.7873229980469,-375.0,False,False,False
1476,2026-06-23,BULL_PUT_BNF_56800_56400_W400,secondary,BNF,BULL_PUT,243.81553649902344,-285.0,False,False,False
1476,2026-06-23,BEAR_CALL_BNF_57800_58800_W1000,secondary,BNF,BEAR_CALL,106.06735229492188,486.0,False,False,True
1476,2026-06-23,BEAR_CALL_BNF_57800_58600_W800,secondary,BNF,BEAR_CALL,60.843475341796875,406.5,False,False,False
1476,2026-06-23,BEAR_CALL_BNF_57800_58300_W500,secondary,BNF,BEAR_CALL,48.495391845703125,288.0,False,False,False
1476,2026-06-23,BEAR_CALL_BNF_57800_58200_W400,primary,BNF,BEAR_CALL,11.664726257324219,238.5,False,True,False
1476,2026-06-23,BEAR_CALL_BNF_57800_58400_W600,secondary,BNF,BEAR_CALL,6.751613616943359,331.5,False,False,False
1476,2026-06-23,__NO_TRADE__,synthetic_no_trade,BNF,NO_TRADE,-194.4777374267578,0.0,False,False,False
1477,2026-06-23,BULL_PUT_BNF_56800_56000_W800,secondary,BNF,BULL_PUT,527.4459228515625,-403.5,True,False,False
1477,2026-06-23,BULL_PUT_BNF_56800_56200_W600,secondary,BNF,BULL_PUT,317.37548828125,-367.5,False,False,False
1477,2026-06-23,BULL_PUT_BNF_56800_56300_W500,secondary,BNF,BULL_PUT,289.88446044921875,-295.5,False,False,False
1477,2026-06-23,BULL_PUT_BNF_56800_56400_W400,secondary,BNF,BULL_PUT,243.6727294921875,-238.5,False,False,False
1477,2026-06-23,BEAR_CALL_BNF_57800_58800_W1000,secondary,BNF,BEAR_CALL,99.87735748291016,451.5,False,False,True
1477,2026-06-23,BEAR_CALL_BNF_57800_58600_W800,secondary,BNF,BEAR_CALL,56.3129768371582,367.5,False,False,False
1477,2026-06-23,BEAR_CALL_BNF_57800_58300_W500,secondary,BNF,BEAR_CALL,48.06767654418945,252.0,False,False,False
1477,2026-06-23,BEAR_CALL_BNF_57800_58400_W600,secondary,BNF,BEAR_CALL,11.041149139404297,307.5,False,False,False
1477,2026-06-23,BEAR_CALL_BNF_57800_58200_W400,primary,BNF,BEAR_CALL,2.513092041015625,210.0,False,True,False
1477,2026-06-23,__NO_TRADE__,synthetic_no_trade,BNF,NO_TRADE,-197.38343811035156,0.0,False,False,False
1478,2026-06-23,BULL_PUT_BNF_56900_56100_W800,secondary,BNF,BULL_PUT,516.1429443359375,-757.5,True,False,False
1478,2026-06-23,BULL_PUT_BNF_56900_56300_W600,secondary,BNF,BULL_PUT,347.2401123046875,-634.5,False,False,False
1478,2026-06-23,BULL_PUT_BNF_56900_56400_W500,secondary,BNF,BULL_PUT,301.4769592285156,-549.0,False,False,False
1478,2026-06-23,BULL_PUT_BNF_56900_56500_W400,secondary,BNF,BULL_PUT,235.15419006347656,-423.0,False,False,False
1478,2026-06-23,BEAR_CALL_BNF_57900_58900_W1000,secondary,BNF,BEAR_CALL,96.0594711303711,604.5,False,False,True
1478,2026-06-23,BEAR_CALL_BNF_57900_58700_W800,secondary,BNF,BEAR_CALL,86.36565399169922,522.0,False,False,False
1478,2026-06-23,BEAR_CALL_BNF_57900_58400_W500,secondary,BNF,BEAR_CALL,70.05355072021484,378.0,False,False,False
1478,2026-06-23,BEAR_CALL_BNF_57900_58500_W600,secondary,BNF,BEAR_CALL,40.09254455566406,430.5,False,False,False
1478,2026-06-23,BEAR_CALL_BNF_57900_58300_W400,primary,BNF,BEAR_CALL,8.343929290771484,288.0,False,True,False
1478,2026-06-23,__NO_TRADE__,synthetic_no_trade,BNF,NO_TRADE,-196.72702026367188,0.0,False,False,False
1479,2026-06-23,BULL_PUT_BNF_56800_56000_W800,secondary,BNF,BULL_PUT,530.54052734375,-499.5,True,False,False
1479,2026-06-23,BULL_PUT_BNF_56800_56200_W600,secondary,BNF,BULL_PUT,307.48541259765625,-444.0,False,False,False
1479,2026-06-23,BULL_PUT_BNF_56800_56300_W500,secondary,BNF,BULL_PUT,288.181640625,-366.0,False,False,False
1479,2026-06-23,BULL_PUT_BNF_56800_56400_W400,secondary,BNF,BULL_PUT,244.5831756591797,-283.5,False,False,False
1479,2026-06-23,BEAR_CALL_BNF_57800_58800_W1000,secondary,BNF,BEAR_CALL,111.4046859741211,352.5,False,False,True
1479,2026-06-23,BEAR_CALL_BNF_57800_58600_W800,secondary,BNF,BEAR_CALL,69.51493072509766,285.0,False,False,False
1479,2026-06-23,BEAR_CALL_BNF_57800_58300_W500,secondary,BNF,BEAR_CALL,47.023521423339844,192.0,False,False,False
1479,2026-06-23,BEAR_CALL_BNF_57800_58200_W400,primary,BNF,BEAR_CALL,10.324020385742188,172.5,False,True,False
1479,2026-06-23,BEAR_CALL_BNF_57800_58400_W600,secondary,BNF,BEAR_CALL,7.100120544433594,249.0,False,False,False
1479,2026-06-23,__NO_TRADE__,synthetic_no_trade,BNF,NO_TRADE,-194.2879638671875,0.0,False,False,False
1480,2026-06-23,BULL_PUT_BNF_56900_56100_W800,secondary,BNF,BULL_PUT,510.0472412109375,-804.0,True,False,False
1480,2026-06-23,BULL_PUT_BNF_56900_56300_W600,secondary,BNF,BULL_PUT,340.4427490234375,-673.5,False,False,False
1480,2026-06-23,BULL_PUT_BNF_56900_56400_W500,secondary,BNF,BULL_PUT,297.3612060546875,-567.0,False,False,False
1480,2026-06-23,BULL_PUT_BNF_56900_56500_W400,secondary,BNF,BULL_PUT,230.8438720703125,-460.5,False,False,False
1480,2026-06-23,BEAR_CALL_BNF_57900_58900_W1000,secondary,BNF,BEAR_CALL,88.8082504272461,549.0,False,False,True
1480,2026-06-23,BEAR_CALL_BNF_57900_58700_W800,secondary,BNF,BEAR_CALL,82.73445892333984,477.0,False,False,False
1480,2026-06-23,BEAR_CALL_BNF_57900_58400_W500,secondary,BNF,BEAR_CALL,69.87938690185547,360.0,False,False,False
1480,2026-06-23,BEAR_CALL_BNF_57900_58500_W600,secondary,BNF,BEAR_CALL,40.307861328125,400.5,False,False,False
1480,2026-06-23,BEAR_CALL_BNF_57900_58300_W400,primary,BNF,BEAR_CALL,7.706920623779297,280.5,False,True,False
1480,2026-06-23,__NO_TRADE__,synthetic_no_trade,BNF,NO_TRADE,-196.5738983154297,0.0,False,False,False
1482,2026-06-23,BULL_PUT_BNF_56800_56000_W800,secondary,BNF,BULL_PUT,526.8590087890625,-573.0,True,False,False
1482,2026-06-23,BULL_PUT_BNF_56800_56200_W600,secondary,BNF,BULL_PUT,299.9464416503906,-507.0,False,False,False
1482,2026-06-23,BULL_PUT_BNF_56800_56300_W500,secondary,BNF,BULL_PUT,288.1886901855469,-417.0,False,False,False
1482,2026-06-23,BULL_PUT_BNF_56800_56400_W400,secondary,BNF,BULL_PUT,243.03163146972656,-330.0,False,False,False
1482,2026-06-23,BEAR_CALL_BNF_57800_58800_W1000,secondary,BNF,BEAR_CALL,109.15937042236328,393.0,False,False,True
1482,2026-06-23,BEAR_CALL_BNF_57800_58600_W800,secondary,BNF,BEAR_CALL,64.44613647460938,342.0,False,False,False
1482,2026-06-23,BEAR_CALL_BNF_57800_58300_W500,secondary,BNF,BEAR_CALL,45.79051971435547,240.0,False,False,False
1482,2026-06-23,BEAR_CALL_BNF_57800_58200_W400,primary,BNF,BEAR_CALL,12.123252868652344,228.0,False,True,False
1482,2026-06-23,BEAR_CALL_BNF_57800_58400_W600,secondary,BNF,BEAR_CALL,2.4914627075195312,304.5,False,False,False
1482,2026-06-23,__NO_TRADE__,synthetic_no_trade,BNF,NO_TRADE,-194.77261352539062,0.0,False,False,False
1483,2026-06-23,BULL_PUT_BNF_56800_56000_W800,secondary,BNF,BULL_PUT,532.516845703125,-463.5,True,False,False
1483,2026-06-23,BULL_PUT_BNF_56800_56200_W600,secondary,BNF,BULL_PUT,313.3828430175781,-421.5,False,False,False
1483,2026-06-23,BULL_PUT_BNF_56800_56300_W500,secondary,BNF,BULL_PUT,290.0898742675781,-354.0,False,False,False
1483,2026-06-23,BULL_PUT_BNF_56800_56400_W400,secondary,BNF,BULL_PUT,244.40316772460938,-286.5,False,False,False
1483,2026-06-23,BEAR_CALL_BNF_57800_58800_W1000,secondary,BNF,BEAR_CALL,113.55479431152344,286.5,False,False,True
1483,2026-06-23,BEAR_CALL_BNF_57800_58600_W800,secondary,BNF,BEAR_CALL,75.48772430419922,241.5,False,False,False
1483,2026-06-23,BEAR_CALL_BNF_57800_58300_W500,secondary,BNF,BEAR_CALL,51.9583854675293,184.5,False,False,False
1483,2026-06-23,BEAR_CALL_BNF_57800_58400_W600,secondary,BNF,BEAR_CALL,12.60959243774414,216.0,False,False,False
1483,2026-06-23,BEAR_CALL_BNF_57800_58200_W400,primary,BNF,BEAR_CALL,11.190258026123047,154.5,False,True,False
1483,2026-06-23,__NO_TRADE__,synthetic_no_trade,BNF,NO_TRADE,-194.79087829589844,0.0,False,False,False
1484,2026-06-23,BULL_PUT_BNF_56900_56100_W800,secondary,BNF,BULL_PUT,499.3988342285156,-1105.5,True,False,False
1484,2026-06-23,BULL_PUT_BNF_56900_56300_W600,secondary,BNF,BULL_PUT,312.9847106933594,-927.0,False,False,False
1484,2026-06-23,BULL_PUT_BNF_56900_56400_W500,secondary,BNF,BULL_PUT,282.4958801269531,-786.0,False,False,False
1484,2026-06-23,BULL_PUT_BNF_56900_56500_W400,secondary,BNF,BULL_PUT,233.07366943359375,-633.0,False,False,False
1484,2026-06-23,BEAR_CALL_BNF_57900_58900_W1000,secondary,BNF,BEAR_CALL,93.87080383300781,792.0,False,False,True
1484,2026-06-23,BEAR_CALL_BNF_57900_58700_W800,secondary,BNF,BEAR_CALL,77.33735656738281,697.5,False,False,False
1484,2026-06-23,BEAR_CALL_BNF_57900_58400_W500,secondary,BNF,BEAR_CALL,67.26878356933594,534.0,False,False,False
1484,2026-06-23,BEAR_CALL_BNF_57900_58500_W600,secondary,BNF,BEAR_CALL,33.608333587646484,594.0,False,False,False
1484,2026-06-23,BEAR_CALL_BNF_57900_58300_W400,primary,BNF,BEAR_CALL,12.873878479003906,430.5,False,True,False
1484,2026-06-23,__NO_TRADE__,synthetic_no_trade,BNF,NO_TRADE,-201.80177307128906,0.0,False,False,False
1485,2026-06-23,BULL_PUT_BNF_56900_56100_W800,secondary,BNF,BULL_PUT,517.7352294921875,-819.0,True,False,False
1485,2026-06-23,BULL_PUT_BNF_56900_56300_W600,secondary,BNF,BULL_PUT,354.4658203125,-691.5,False,False,False
1485,2026-06-23,BULL_PUT_BNF_56900_56400_W500,secondary,BNF,BULL_PUT,306.2625732421875,-588.0,False,False,False
1485,2026-06-23,BULL_PUT_BNF_56900_56500_W400,secondary,BNF,BULL_PUT,238.8375244140625,-486.0,False,False,False
1485,2026-06-23,BEAR_CALL_BNF_57900_58900_W1000,secondary,BNF,BEAR_CALL,81.86466979980469,537.0,False,False,True
1485,2026-06-23,BEAR_CALL_BNF_57900_58700_W800,secondary,BNF,BEAR_CALL,81.60163116455078,478.5,False,False,False
1485,2026-06-23,BEAR_CALL_BNF_57900_58400_W500,secondary,BNF,BEAR_CALL,68.77479553222656,357.0,False,False,False
1485,2026-06-23,BEAR_CALL_BNF_57900_58500_W600,secondary,BNF,BEAR_CALL,37.6246337890625,414.0,False,False,False
1485,2026-06-23,BEAR_CALL_BNF_57900_58300_W400,primary,BNF,BEAR_CALL,9.313251495361328,292.5,False,True,False
1485,2026-06-23,__NO_TRADE__,synthetic_no_trade,BNF,NO_TRADE,-201.84036254882812,0.0,False,False,False
1486,2026-06-23,BULL_PUT_BNF_56900_56100_W800,secondary,BNF,BULL_PUT,520.55224609375,-810.0,True,False,False
1486,2026-06-23,BULL_PUT_BNF_56900_56300_W600,secondary,BNF,BULL_PUT,356.94329833984375,-696.0,False,False,False
1486,2026-06-23,BULL_PUT_BNF_56900_56400_W500,secondary,BNF,BULL_PUT,309.19696044921875,-582.0,False,False,False
1486,2026-06-23,BULL_PUT_BNF_56900_56500_W400,secondary,BNF,BULL_PUT,241.8560791015625,-468.0,False,False,False
1486,2026-06-23,BEAR_CALL_BNF_57900_58700_W800,secondary,BNF,BEAR_CALL,83.6773681640625,447.0,False,False,False
1486,2026-06-23,BEAR_CALL_BNF_57900_58900_W1000,secondary,BNF,BEAR_CALL,81.90217590332031,507.0,False,False,True
1486,2026-06-23,BEAR_CALL_BNF_57900_58400_W500,secondary,BNF,BEAR_CALL,68.71318817138672,354.0,False,False,False
1486,2026-06-23,BEAR_CALL_BNF_57900_58500_W600,secondary,BNF,BEAR_CALL,37.80901336669922,394.5,False,False,False
1486,2026-06-23,BEAR_CALL_BNF_57900_58300_W400,primary,BNF,BEAR_CALL,9.647457122802734,288.0,False,True,False
1486,2026-06-23,__NO_TRADE__,synthetic_no_trade,BNF,NO_TRADE,-201.8870391845703,0.0,False,False,False
1487,2026-06-23,BULL_PUT_BNF_56900_56100_W800,secondary,BNF,BULL_PUT,517.0469970703125,-805.5,True,False,False
1487,2026-06-23,BULL_PUT_BNF_56900_56300_W600,secondary,BNF,BULL_PUT,352.56939697265625,-690.0,False,False,False
1487,2026-06-23,BULL_PUT_BNF_56900_56400_W500,secondary,BNF,BULL_PUT,309.82244873046875,-559.5,False,False,False
1487,2026-06-23,BULL_PUT_BNF_56900_56500_W400,secondary,BNF,BULL_PUT,237.61917114257812,-481.5,False,False,False
1487,2026-06-23,BEAR_CALL_BNF_57900_58700_W800,secondary,BNF,BEAR_CALL,83.56292724609375,393.0,False,False,False
1487,2026-06-23,BEAR_CALL_BNF_57900_58900_W1000,secondary,BNF,BEAR_CALL,79.26483154296875,430.5,False,False,True
1487,2026-06-23,BEAR_CALL_BNF_57900_58400_W500,secondary,BNF,BEAR_CALL,68.73847198486328,310.5,False,False,False
1487,2026-06-23,BEAR_CALL_BNF_57900_58500_W600,secondary,BNF,BEAR_CALL,38.56250762939453,337.5,False,False,False
1487,2026-06-23,BEAR_CALL_BNF_57900_58300_W400,primary,BNF,BEAR_CALL,7.923526763916016,247.5,False,True,False
1487,2026-06-23,__NO_TRADE__,synthetic_no_trade,BNF,NO_TRADE,-201.7102508544922,0.0,False,False,False
1488,2026-06-23,BEAR_CALL_BNF_57700_58700_W1000,secondary,BNF,BEAR_CALL,82.78411865234375,79.5,True,False,False
1488,2026-06-23,BEAR_CALL_BNF_57700_58100_W400,secondary,BNF,BEAR_CALL,47.109840393066406,21.0,False,False,False
1488,2026-06-23,BEAR_CALL_BNF_57700_58500_W800,secondary,BNF,BEAR_CALL,38.6148796081543,60.0,False,False,False
1488,2026-06-23,BEAR_CALL_BNF_57700_58200_W500,secondary,BNF,BEAR_CALL,35.644004821777344,31.5,False,False,False
1488,2026-06-23,BEAR_CALL_BNF_57700_58300_W600,secondary,BNF,BEAR_CALL,-18.793655395507812,25.5,False,False,False
1488,2026-06-23,BEAR_CALL_BNF_57500_57900_W400,secondary,BNF,BEAR_CALL,-73.5517807006836,-9.0,False,False,False
1488,2026-06-23,BEAR_CALL_BNF_57500_58500_W1000,secondary,BNF,BEAR_CALL,-92.95848083496094,51.0,False,False,False
1488,2026-06-23,BEAR_CALL_BNF_57500_58300_W800,secondary,BNF,BEAR_CALL,-142.7650146484375,16.5,False,False,False
1488,2026-06-23,BEAR_CALL_BNF_57500_58000_W500,secondary,BNF,BEAR_CALL,-151.026123046875,6.0,False,False,False
1488,2026-06-23,BEAR_CALL_BNF_57500_58100_W600,secondary,BNF,BEAR_CALL,-189.49693298339844,12.0,False,False,False
1488,2026-06-23,__NO_TRADE__,synthetic_no_trade,NF,NO_TRADE,-220.18919372558594,0.0,False,False,False
1488,2026-06-23,BEAR_PUT_NF_23750_23850_W100,secondary,NF,BEAR_PUT,-274.03759765625,-123.5,False,False,False
1488,2026-06-23,BEAR_PUT_BNF_57000_57200_W200,secondary,BNF,BEAR_PUT,-278.37628173828125,19.5,False,False,False
1488,2026-06-23,BEAR_PUT_BNF_56900_57200_W300,secondary,BNF,BEAR_PUT,-336.06195068359375,24.0,False,False,False
1488,2026-06-23,BEAR_PUT_NF_23700_23850_W150,secondary,NF,BEAR_PUT,-364.9378662109375,-126.75,False,False,False
1488,2026-06-23,BEAR_PUT_BNF_56800_57200_W400,secondary,BNF,BEAR_PUT,-442.0706481933594,79.5,False,False,True
1488,2026-06-23,BEAR_PUT_NF_23650_23850_W200,primary,NF,BEAR_PUT,-543.4959716796875,-130.0,False,True,False
1489,2026-06-23,BEAR_CALL_BNF_57700_58700_W1000,secondary,BNF,BEAR_CALL,64.61125183105469,223.5,True,False,False
1489,2026-06-23,BEAR_CALL_BNF_57700_58100_W400,secondary,BNF,BEAR_CALL,34.70698928833008,108.0,False,False,False
1489,2026-06-23,BEAR_CALL_BNF_57700_58500_W800,secondary,BNF,BEAR_CALL,23.831809997558594,192.0,False,False,False
1489,2026-06-23,BEAR_CALL_BNF_57700_58200_W500,secondary,BNF,BEAR_CALL,12.819656372070312,139.5,False,False,False
1489,2026-06-23,BEAR_CALL_BNF_57700_58300_W600,secondary,BNF,BEAR_CALL,-54.498687744140625,148.5,False,False,False
1489,2026-06-23,BEAR_CALL_BNF_57500_57900_W400,secondary,BNF,BEAR_CALL,-91.37500762939453,139.5,False,False,False
1489,2026-06-23,BEAR_CALL_BNF_57500_58500_W1000,secondary,BNF,BEAR_CALL,-108.65840148925781,273.0,False,False,False
1489,2026-06-23,BEAR_CALL_BNF_57500_58300_W800,secondary,BNF,BEAR_CALL,-156.001708984375,229.5,False,False,False
1489,2026-06-23,BEAR_CALL_BNF_57500_58000_W500,secondary,BNF,BEAR_CALL,-171.07473754882812,159.0,False,False,False
1489,2026-06-23,BEAR_CALL_BNF_57500_58100_W600,secondary,BNF,BEAR_CALL,-188.36245727539062,189.0,False,False,False
1489,2026-06-23,__NO_TRADE__,synthetic_no_trade,NF,NO_TRADE,-223.1068115234375,0.0,False,False,False
1489,2026-06-23,BEAR_PUT_NF_23750_23850_W100,secondary,NF,BEAR_PUT,-324.47821044921875,435.5,False,False,True
1489,2026-06-23,BEAR_PUT_BNF_56900_57200_W300,secondary,BNF,BEAR_PUT,-336.311767578125,79.5,False,False,False
1489,2026-06-23,BEAR_PUT_NF_23700_23850_W150,secondary,NF,BEAR_PUT,-390.09820556640625,435.5,False,False,False
1489,2026-06-23,BEAR_PUT_NF_23650_23850_W200,primary,NF,BEAR_PUT,-543.750732421875,435.5,False,True,False
1490,2026-06-23,BEAR_CALL_BNF_57700_58700_W1000,secondary,BNF,BEAR_CALL,82.33738708496094,-1.5,True,False,False
1490,2026-06-23,BEAR_CALL_BNF_57700_58100_W400,secondary,BNF,BEAR_CALL,49.78565216064453,-3.0,False,False,False
1490,2026-06-23,BEAR_CALL_BNF_57700_58200_W500,secondary,BNF,BEAR_CALL,40.71455764770508,-3.0,False,False,False
1490,2026-06-23,BEAR_CALL_BNF_57700_58500_W800,secondary,BNF,BEAR_CALL,37.419532775878906,-1.5,False,False,False
1490,2026-06-23,BEAR_CALL_BNF_57700_58300_W600,secondary,BNF,BEAR_CALL,-8.148479461669922,-16.5,False,False,False
1490,2026-06-23,BEAR_CALL_BNF_57500_57900_W400,secondary,BNF,BEAR_CALL,-69.7244873046875,-7.5,False,False,False
1490,2026-06-23,BEAR_CALL_BNF_57500_58500_W1000,secondary,BNF,BEAR_CALL,-92.16363525390625,-6.0,False,False,False
1490,2026-06-23,BEAR_CALL_BNF_57500_58300_W800,secondary,BNF,BEAR_CALL,-141.39219665527344,-21.0,False,False,False
1490,2026-06-23,BEAR_CALL_BNF_57500_58000_W500,secondary,BNF,BEAR_CALL,-147.1533203125,-4.5,False,False,False
1490,2026-06-23,BEAR_CALL_BNF_57500_58100_W600,secondary,BNF,BEAR_CALL,-188.1787567138672,-7.5,False,False,False
1490,2026-06-23,__NO_TRADE__,synthetic_no_trade,NF,NO_TRADE,-221.34375,0.0,False,False,False
1490,2026-06-23,BEAR_PUT_BNF_57000_57200_W200,secondary,BNF,BEAR_PUT,-282.157470703125,7.5,False,False,True
1490,2026-06-23,BEAR_PUT_NF_23750_23850_W100,secondary,NF,BEAR_PUT,-287.29644775390625,0.0,False,False,False
1490,2026-06-23,BEAR_PUT_BNF_56900_57200_W300,secondary,BNF,BEAR_PUT,-343.0628662109375,-4.5,False,False,False
1490,2026-06-23,BEAR_PUT_NF_23700_23850_W150,secondary,NF,BEAR_PUT,-372.59368896484375,0.0,False,False,False
1490,2026-06-23,BEAR_PUT_BNF_56800_57200_W400,secondary,BNF,BEAR_PUT,-457.3831787109375,6.0,False,False,False
1490,2026-06-23,BEAR_PUT_NF_23650_23850_W200,secondary,NF,BEAR_PUT,-473.835205078125,0.0,False,False,False
1490,2026-06-23,BEAR_PUT_NF_23600_23850_W250,primary,NF,BEAR_PUT,-609.89990234375,-3.25,False,True,False
1491,2026-06-23,BULL_PUT_BNF_56600_55800_W800,secondary,BNF,BULL_PUT,569.54833984375,591.0,True,False,True
1491,2026-06-23,BULL_PUT_BNF_56600_56000_W600,secondary,BNF,BULL_PUT,335.0443420410156,498.0,False,False,False
1491,2026-06-23,BULL_PUT_BNF_56600_56100_W500,secondary,BNF,BULL_PUT,312.9666748046875,441.0,False,False,False
1491,2026-06-23,BULL_PUT_BNF_56600_56200_W400,secondary,BNF,BULL_PUT,269.0999755859375,309.0,False,False,False
1491,2026-06-23,BEAR_CALL_BNF_57600_58600_W1000,secondary,BNF,BEAR_CALL,62.54818344116211,-853.5,False,False,False
1491,2026-06-23,BEAR_CALL_BNF_57600_58000_W400,secondary,BNF,BEAR_CALL,37.429771423339844,-469.5,False,False,False
1491,2026-06-23,BEAR_CALL_BNF_57600_58100_W500,secondary,BNF,BEAR_CALL,23.360143661499023,-567.0,False,False,False
1491,2026-06-23,BEAR_CALL_BNF_57600_58400_W800,secondary,BNF,BEAR_CALL,15.541557312011719,-751.5,False,False,False
1491,2026-06-23,BEAR_CALL_BNF_57500_57900_W400,primary,BNF,BEAR_CALL,-24.052059173583984,-540.0,False,True,False
1491,2026-06-23,BEAR_CALL_BNF_57500_58500_W1000,secondary,BNF,BEAR_CALL,-28.22949981689453,-973.5,False,False,False
1491,2026-06-23,BEAR_CALL_BNF_57600_58200_W600,secondary,BNF,BEAR_CALL,-32.76459503173828,-634.5,False,False,False
1491,2026-06-23,BEAR_CALL_BNF_57500_58000_W500,secondary,BNF,BEAR_CALL,-62.935447692871094,-634.5,False,False,False
1491,2026-06-23,BEAR_CALL_BNF_57500_58300_W800,secondary,BNF,BEAR_CALL,-64.21947479248047,-882.0,False,False,False
1491,2026-06-23,__NO_TRADE__,synthetic_no_trade,BNF,NO_TRADE,-195.51181030273438,0.0,False,False,False
1491,2026-06-23,BEAR_CALL_BNF_57500_58100_W600,secondary,BNF,BEAR_CALL,-219.40560913085938,-732.0,False,False,False
1492,2026-06-23,BULL_PUT_BNF_56600_55800_W800,secondary,BNF,BULL_PUT,576.0570068359375,769.5,True,False,True
1492,2026-06-23,BULL_PUT_BNF_56600_56000_W600,secondary,BNF,BULL_PUT,356.8663330078125,633.0,False,False,False
1492,2026-06-23,BULL_PUT_BNF_56600_56100_W500,secondary,BNF,BULL_PUT,326.3935546875,555.0,False,False,False
1492,2026-06-23,BULL_PUT_BNF_56600_56200_W400,secondary,BNF,BULL_PUT,277.05364990234375,418.5,False,False,False
1492,2026-06-23,BEAR_CALL_BNF_57600_58600_W1000,secondary,BNF,BEAR_CALL,60.94044494628906,-954.0,False,False,False
1492,2026-06-23,BEAR_CALL_BNF_57600_58000_W400,secondary,BNF,BEAR_CALL,41.33843231201172,-550.5,False,False,False
1492,2026-06-23,BEAR_CALL_BNF_57600_58100_W500,secondary,BNF,BEAR_CALL,30.807415008544922,-639.0,False,False,False
1492,2026-06-23,BEAR_CALL_BNF_57600_58400_W800,secondary,BNF,BEAR_CALL,15.063514709472656,-846.0,False,False,False
1492,2026-06-23,BEAR_CALL_BNF_57600_58200_W600,secondary,BNF,BEAR_CALL,-17.39742660522461,-729.0,False,False,False
1492,2026-06-23,BEAR_CALL_BNF_57500_57900_W400,primary,BNF,BEAR_CALL,-30.950439453125,-565.5,False,True,False
1492,2026-06-23,BEAR_CALL_BNF_57500_58500_W1000,secondary,BNF,BEAR_CALL,-42.957916259765625,-1018.5,False,False,False
1492,2026-06-23,BEAR_CALL_BNF_57500_58000_W500,secondary,BNF,BEAR_CALL,-59.38396453857422,-673.5,False,False,False
1492,2026-06-23,BEAR_CALL_BNF_57500_58300_W800,secondary,BNF,BEAR_CALL,-71.2293701171875,-916.5,False,False,False
1492,2026-06-23,__NO_TRADE__,synthetic_no_trade,BNF,NO_TRADE,-202.22669982910156,0.0,False,False,False
1492,2026-06-23,BEAR_CALL_BNF_57500_58100_W600,secondary,BNF,BEAR_CALL,-218.28341674804688,-762.0,False,False,False
1496,2026-06-24,BEAR_PUT_NF_23700_23850_W150,primary,NF,BEAR_PUT,294.283935546875,-1592.5,True,True,False
1496,2026-06-24,BEAR_CALL_BNF_58000_58800_W800,secondary,BNF,BEAR_CALL,241.43472290039062,-4728.0,False,False,False
1496,2026-06-24,BEAR_CALL_BNF_58000_59000_W1000,secondary,BNF,BEAR_CALL,232.329345703125,-5368.5,False,False,False
1496,2026-06-24,BEAR_CALL_BNF_58000_58500_W500,secondary,BNF,BEAR_CALL,213.1175994873047,-3313.5,False,False,False
1496,2026-06-24,BEAR_CALL_BNF_58000_58600_W600,secondary,BNF,BEAR_CALL,207.89813232421875,-3864.0,False,False,False
1496,2026-06-24,BEAR_CALL_BNF_58000_58400_W400,secondary,BNF,BEAR_CALL,195.52838134765625,-2746.5,False,False,False
1496,2026-06-24,BEAR_PUT_BNF_57100_57500_W400,secondary,BNF,BEAR_PUT,18.039546966552734,-2511.0,False,False,False
1496,2026-06-24,__NO_TRADE__,synthetic_no_trade,NF,NO_TRADE,11.755821228027344,0.0,False,False,True
1496,2026-06-24,BEAR_PUT_BNF_57200_57500_W300,secondary,BNF,BEAR_PUT,-9.491561889648438,-1956.0,False,False,False
1496,2026-06-24,BEAR_PUT_BNF_57000_57500_W500,secondary,BNF,BEAR_PUT,-55.93205642700195,-3054.0,False,False,False
1496,2026-06-24,BEAR_PUT_BNF_57300_57500_W200,secondary,BNF,BEAR_PUT,-80.74336242675781,-1344.0,False,False,False
1496,2026-06-24,BEAR_PUT_BNF_56900_57500_W600,secondary,BNF,BEAR_PUT,-97.88838195800781,-3516.0,False,False,False
1497,2026-06-24,BEAR_CALL_BNF_58000_59000_W1000,secondary,BNF,BEAR_CALL,295.181640625,-5223.0,True,False,False
1497,2026-06-24,BEAR_PUT_NF_23700_23850_W150,primary,NF,BEAR_PUT,294.27215576171875,-1576.25,False,True,False
1497,2026-06-24,BEAR_CALL_BNF_58000_58800_W800,secondary,BNF,BEAR_CALL,290.9281005859375,-4584.0,False,False,False
1497,2026-06-24,BEAR_CALL_BNF_58000_58500_W500,secondary,BNF,BEAR_CALL,240.71849060058594,-3207.0,False,False,False
1497,2026-06-24,BEAR_CALL_BNF_58000_58600_W600,secondary,BNF,BEAR_CALL,237.69964599609375,-3745.5,False,False,False
1497,2026-06-24,BEAR_CALL_BNF_58000_58400_W400,secondary,BNF,BEAR_CALL,216.94216918945312,-2668.5,False,False,False
1497,2026-06-24,BEAR_PUT_NF_23750_23850_W100,secondary,NF,BEAR_PUT,102.97392272949219,-1085.5,False,False,False
1497,2026-06-24,BEAR_PUT_BNF_57100_57500_W400,secondary,BNF,BEAR_PUT,20.963165283203125,-2454.0,False,False,False
1497,2026-06-24,__NO_TRADE__,synthetic_no_trade,NF,NO_TRADE,9.641708374023438,0.0,False,False,True
1497,2026-06-24,BEAR_PUT_BNF_57200_57500_W300,secondary,BNF,BEAR_PUT,-8.727001190185547,-1872.0,False,False,False
1497,2026-06-24,BEAR_PUT_BNF_57000_57500_W500,secondary,BNF,BEAR_PUT,-53.259986877441406,-2907.0,False,False,False
1497,2026-06-24,BEAR_PUT_BNF_57300_57500_W200,secondary,BNF,BEAR_PUT,-89.11750793457031,-1291.5,False,False,False
1498,2026-06-24,BEAR_CALL_BNF_58000_59000_W1000,secondary,BNF,BEAR_CALL,388.8890380859375,-4900.5,True,False,False
1498,2026-06-24,BEAR_CALL_BNF_58000_58800_W800,secondary,BNF,BEAR_CALL,388.06280517578125,-4308.0,False,False,False
1498,2026-06-24,BEAR_PUT_NF_23650_23900_W250,primary,NF,BEAR_PUT,319.4404602050781,-2440.75,False,True,False
1498,2026-06-24,BEAR_CALL_BNF_58000_58600_W600,secondary,BNF,BEAR_CALL,305.1084899902344,-3522.0,False,False,False
1498,2026-06-24,BEAR_CALL_BNF_58000_58500_W500,secondary,BNF,BEAR_CALL,301.1581115722656,-3025.5,False,False,False
1498,2026-06-24,BEAR_CALL_BNF_58000_58400_W400,secondary,BNF,BEAR_CALL,270.2176513671875,-2496.0,False,False,False
1498,2026-06-24,BEAR_PUT_NF_23700_23900_W200,secondary,NF,BEAR_PUT,268.596435546875,-2015.0,False,False,False
1498,2026-06-24,BEAR_PUT_NF_23750_23900_W150,secondary,NF,BEAR_PUT,224.9998779296875,-1579.5,False,False,False
1498,2026-06-24,BEAR_PUT_BNF_57100_57500_W400,secondary,BNF,BEAR_PUT,27.73767852783203,-2239.5,False,False,False
1498,2026-06-24,__NO_TRADE__,synthetic_no_trade,NF,NO_TRADE,10.597835540771484,0.0,False,False,True
1498,2026-06-24,BEAR_PUT_BNF_57200_57500_W300,secondary,BNF,BEAR_PUT,-11.236957550048828,-1731.0,False,False,False
1498,2026-06-24,BEAR_PUT_BNF_57300_57500_W200,secondary,BNF,BEAR_PUT,-107.6081771850586,-1168.5,False,False,False
1499,2026-06-24,BEAR_PUT_NF_23700_23850_W150,primary,NF,BEAR_PUT,301.7149353027344,-1647.75,True,True,False
1499,2026-06-24,BEAR_CALL_BNF_58000_58800_W800,secondary,BNF,BEAR_CALL,255.47080993652344,-4911.0,False,False,False
1499,2026-06-24,BEAR_CALL_BNF_58000_59000_W1000,secondary,BNF,BEAR_CALL,225.46932983398438,-5592.0,False,False,False
1499,2026-06-24,BEAR_CALL_BNF_58000_58600_W600,secondary,BNF,BEAR_CALL,221.14385986328125,-4003.5,False,False,False
1499,2026-06-24,BEAR_CALL_BNF_58000_58500_W500,secondary,BNF,BEAR_CALL,219.82582092285156,-3433.5,False,False,False
1499,2026-06-24,BEAR_CALL_BNF_58000_58400_W400,secondary,BNF,BEAR_CALL,204.4446258544922,-2842.5,False,False,False
1499,2026-06-24,BEAR_PUT_BNF_57100_57500_W400,secondary,BNF,BEAR_PUT,22.135257720947266,-2607.0,False,False,False
1499,2026-06-24,__NO_TRADE__,synthetic_no_trade,NF,NO_TRADE,3.8202896118164062,0.0,False,False,True
1499,2026-06-24,BEAR_PUT_BNF_57200_57500_W300,secondary,BNF,BEAR_PUT,-16.65781021118164,-2008.5,False,False,False
1499,2026-06-24,BEAR_PUT_BNF_57000_57500_W500,secondary,BNF,BEAR_PUT,-46.62196731567383,-3127.5,False,False,False
1499,2026-06-24,BEAR_PUT_BNF_56900_57500_W600,secondary,BNF,BEAR_PUT,-95.08120727539062,-3606.0,False,False,False
1500,2026-06-24,BEAR_CALL_BNF_58000_58800_W800,secondary,BNF,BEAR_CALL,354.02069091796875,-4639.5,True,False,False
1500,2026-06-24,BEAR_CALL_BNF_58000_59000_W1000,secondary,BNF,BEAR_CALL,339.8515625,-5281.5,False,False,False
1500,2026-06-24,BEAR_PUT_NF_23600_23900_W300,primary,NF,BEAR_PUT,323.4299621582031,-2905.5,False,True,False
1500,2026-06-24,BEAR_CALL_BNF_58000_58600_W600,secondary,BNF,BEAR_CALL,278.9976806640625,-3795.0,False,False,False
1500,2026-06-24,BEAR_CALL_BNF_58000_58500_W500,secondary,BNF,BEAR_CALL,275.586181640625,-3256.5,False,False,False
1500,2026-06-24,BEAR_PUT_NF_23700_23900_W200,secondary,NF,BEAR_PUT,270.7760925292969,-2089.75,False,False,False
1500,2026-06-24,BEAR_CALL_BNF_58000_58400_W400,secondary,BNF,BEAR_CALL,249.66888427734375,-2694.0,False,False,False
1500,2026-06-24,BEAR_PUT_NF_23750_23900_W150,secondary,NF,BEAR_PUT,224.3111114501953,-1612.0,False,False,False
1500,2026-06-24,BEAR_PUT_NF_23650_23900_W250,secondary,NF,BEAR_PUT,208.0595245361328,-2535.0,False,False,False
1500,2026-06-24,BEAR_PUT_NF_23800_23900_W100,secondary,NF,BEAR_PUT,114.6122817993164,-1095.25,False,False,False
1500,2026-06-24,BEAR_PUT_BNF_57100_57500_W400,secondary,BNF,BEAR_PUT,26.08456039428711,-2490.0,False,False,False
1500,2026-06-24,__NO_TRADE__,synthetic_no_trade,NF,NO_TRADE,4.309303283691406,0.0,False,False,True
1500,2026-06-24,BEAR_PUT_BNF_57000_57500_W500,secondary,BNF,BEAR_PUT,-45.182369232177734,-2956.5,False,False,False
1501,2026-06-24,BEAR_CALL_BNF_58000_58800_W800,secondary,BNF,BEAR_CALL,277.02752685546875,-4918.5,True,False,False
1501,2026-06-24,BEAR_CALL_BNF_58000_58400_W400,primary,BNF,BEAR_CALL,266.0526123046875,-2874.0,False,True,False
1501,2026-06-24,BEAR_CALL_BNF_58000_58600_W600,secondary,BNF,BEAR_CALL,234.74803161621094,-4026.0,False,False,False
1501,2026-06-24,BEAR_CALL_BNF_58000_59000_W1000,secondary,BNF,BEAR_CALL,233.93850708007812,-5604.0,False,False,False
1501,2026-06-24,BEAR_CALL_BNF_58000_58500_W500,secondary,BNF,BEAR_CALL,229.7816619873047,-3475.5,False,False,False
1501,2026-06-24,__NO_TRADE__,synthetic_no_trade,BNF,NO_TRADE,-75.49839782714844,0.0,False,False,False
1501,2026-06-24,BULL_PUT_BNF_57000_56500_W500,secondary,BNF,BULL_PUT,-163.642578125,2044.5,False,False,False
1501,2026-06-24,BULL_PUT_BNF_57000_56600_W400,secondary,BNF,BULL_PUT,-174.75665283203125,1696.5,False,False,False
1501,2026-06-24,BULL_PUT_BNF_57000_56400_W600,secondary,BNF,BULL_PUT,-242.17337036132812,2293.5,False,False,False
1501,2026-06-24,BULL_PUT_BNF_57000_56200_W800,secondary,BNF,BULL_PUT,-321.6522216796875,2785.5,False,False,True
1502,2026-06-24,BEAR_CALL_BNF_57900_58500_W600,secondary,BNF,BEAR_CALL,147.42774963378906,-4942.5,True,False,False
1502,2026-06-24,BEAR_CALL_BNF_57900_58400_W500,secondary,BNF,BEAR_CALL,146.36871337890625,-4233.0,False,False,False
1502,2026-06-24,BEAR_CALL_BNF_57900_58700_W800,secondary,BNF,BEAR_CALL,145.5201416015625,-6117.0,False,False,False
1502,2026-06-24,BEAR_CALL_BNF_57900_58300_W400,secondary,BNF,BEAR_CALL,139.20266723632812,-3489.0,False,False,False
1502,2026-06-24,BEAR_CALL_BNF_57900_58900_W1000,secondary,BNF,BEAR_CALL,125.42938995361328,-7030.5,False,False,False
1502,2026-06-24,BEAR_PUT_BNF_56800_57400_W600,primary,BNF,BEAR_PUT,27.25731658935547,-4194.0,False,True,False
1502,2026-06-24,__NO_TRADE__,synthetic_no_trade,BNF,NO_TRADE,-69.1015396118164,0.0,False,False,True
1502,2026-06-24,BEAR_PUT_BNF_56900_57400_W500,secondary,BNF,BEAR_PUT,-95.71025085449219,-3679.5,False,False,False
1503,2026-06-24,BEAR_PUT_NF_23550_23850_W300,primary,NF,BEAR_PUT,297.2007751464844,-3809.0,True,True,False
1503,2026-06-24,BEAR_PUT_NF_23650_23850_W200,secondary,NF,BEAR_PUT,239.07351684570312,-2785.25,False,False,False
1503,2026-06-24,BEAR_PUT_NF_23600_23850_W250,secondary,NF,BEAR_PUT,168.3724365234375,-3360.5,False,False,False
1503,2026-06-24,BEAR_CALL_BNF_57900_58500_W600,secondary,BNF,BEAR_CALL,146.56661987304688,-4912.5,False,False,False
1503,2026-06-24,BEAR_CALL_BNF_57900_58700_W800,secondary,BNF,BEAR_CALL,144.03392028808594,-6100.5,False,False,False
1503,2026-06-24,BEAR_CALL_BNF_57900_58400_W500,secondary,BNF,BEAR_CALL,142.10586547851562,-4246.5,False,False,False
1503,2026-06-24,BEAR_CALL_BNF_57900_58300_W400,secondary,BNF,BEAR_CALL,133.07864379882812,-3496.5,False,False,False
1503,2026-06-24,BEAR_CALL_BNF_57900_58900_W1000,secondary,BNF,BEAR_CALL,119.8721694946289,-6999.0,False,False,False
1503,2026-06-24,__NO_TRADE__,synthetic_no_trade,NF,NO_TRADE,-5.155124664306641,0.0,False,False,True
1503,2026-06-24,BEAR_PUT_BNF_57000_57400_W400,secondary,BNF,BEAR_PUT,-18.96056365966797,-3103.5,False,False,False
1503,2026-06-24,BEAR_PUT_BNF_57100_57400_W300,secondary,BNF,BEAR_PUT,-26.33334732055664,-2418.0,False,False,False
1503,2026-06-24,BEAR_PUT_BNF_56900_57400_W500,secondary,BNF,BEAR_PUT,-96.13282012939453,-3714.0,False,False,False
1503,2026-06-24,BEAR_PUT_BNF_56600_57400_W800,secondary,BNF,BEAR_PUT,-138.7999267578125,-5316.0,False,False,False
1503,2026-06-24,BEAR_PUT_BNF_56800_57400_W600,secondary,BNF,BEAR_PUT,-144.77149963378906,-4324.5,False,False,False
1504,2026-06-24,BEAR_PUT_NF_23600_23850_W250,primary,NF,BEAR_PUT,277.70574951171875,-3038.75,True,True,False
1504,2026-06-24,BEAR_PUT_NF_23650_23850_W200,secondary,NF,BEAR_PUT,236.75636291503906,-2525.25,False,False,False
1504,2026-06-24,BEAR_CALL_BNF_57900_58700_W800,secondary,BNF,BEAR_CALL,227.81533813476562,-5734.5,False,False,False
1504,2026-06-24,BEAR_CALL_BNF_57900_58900_W1000,secondary,BNF,BEAR_CALL,212.64212036132812,-6598.5,False,False,False
1504,2026-06-24,BEAR_CALL_BNF_57900_58500_W600,secondary,BNF,BEAR_CALL,186.20843505859375,-4612.5,False,False,False
1504,2026-06-24,BEAR_CALL_BNF_57900_58400_W500,secondary,BNF,BEAR_CALL,183.86767578125,-3963.0,False,False,False
1504,2026-06-24,BEAR_CALL_BNF_57900_58300_W400,secondary,BNF,BEAR_CALL,171.27639770507812,-3280.5,False,False,False
1504,2026-06-24,BEAR_PUT_BNF_57000_57400_W400,secondary,BNF,BEAR_PUT,-0.6347541809082031,-2872.5,False,False,False
1504,2026-06-24,__NO_TRADE__,synthetic_no_trade,NF,NO_TRADE,-2.712451934814453,0.0,False,False,True
1504,2026-06-24,BEAR_PUT_BNF_56900_57400_W500,secondary,BNF,BEAR_PUT,-83.80014038085938,-3408.0,False,False,False
1504,2026-06-24,BEAR_PUT_BNF_56800_57400_W600,secondary,BNF,BEAR_PUT,-131.15115356445312,-3939.0,False,False,False
1505,2026-06-24,BEAR_CALL_BNF_58100_58900_W800,secondary,BNF,BEAR_CALL,331.4310607910156,-4066.5,True,False,False
1505,2026-06-24,BEAR_PUT_NF_23650_23900_W250,primary,NF,BEAR_PUT,318.62615966796875,-2327.0,False,True,False
1505,2026-06-24,BEAR_CALL_BNF_58100_58700_W600,secondary,BNF,BEAR_CALL,298.3387756347656,-3352.5,False,False,False
1505,2026-06-24,BEAR_CALL_BNF_58100_58600_W500,secondary,BNF,BEAR_CALL,296.8990783691406,-2925.0,False,False,False
1505,2026-06-24,BEAR_CALL_BNF_58100_58500_W400,secondary,BNF,BEAR_CALL,282.79302978515625,-2412.0,False,False,False
1505,2026-06-24,BEAR_CALL_BNF_58100_59100_W1000,secondary,BNF,BEAR_CALL,277.5682067871094,-4596.0,False,False,False
1505,2026-06-24,BEAR_PUT_NF_23700_23900_W200,secondary,NF,BEAR_PUT,274.70831298828125,-1959.75,False,False,False
1505,2026-06-24,BEAR_PUT_BNF_57200_57600_W400,secondary,BNF,BEAR_PUT,35.1761360168457,-2407.5,False,False,False
1505,2026-06-24,__NO_TRADE__,synthetic_no_trade,NF,NO_TRADE,5.149959564208984,0.0,False,False,True
1505,2026-06-24,BEAR_PUT_BNF_57100_57600_W500,secondary,BNF,BEAR_PUT,-0.7007865905761719,-2916.0,False,False,False
1505,2026-06-24,BEAR_PUT_BNF_57000_57600_W600,secondary,BNF,BEAR_PUT,-49.685943603515625,-3354.0,False,False,False
1506,2026-06-24,BEAR_CALL_BNF_58100_58900_W800,secondary,BNF,BEAR_CALL,390.2657165527344,-3873.0,True,False,False
1506,2026-06-24,BEAR_PUT_NF_23700_23900_W200,primary,NF,BEAR_PUT,363.09515380859375,-1781.0,False,True,False
1506,2026-06-24,BEAR_CALL_BNF_58100_59100_W1000,secondary,BNF,BEAR_CALL,340.99560546875,-4383.0,False,False,False
1506,2026-06-24,BEAR_CALL_BNF_58100_58600_W500,secondary,BNF,BEAR_CALL,335.8116455078125,-2800.5,False,False,False
1506,2026-06-24,BEAR_CALL_BNF_58100_58700_W600,secondary,BNF,BEAR_CALL,335.670166015625,-3204.0,False,False,False
1506,2026-06-24,BEAR_CALL_BNF_58100_58500_W400,secondary,BNF,BEAR_CALL,314.9193420410156,-2298.0,False,False,False
1506,2026-06-24,BEAR_PUT_BNF_57200_57600_W400,secondary,BNF,BEAR_PUT,47.411102294921875,-2253.0,False,False,False
1506,2026-06-24,__NO_TRADE__,synthetic_no_trade,NF,NO_TRADE,9.251773834228516,0.0,False,False,True
1506,2026-06-24,BEAR_PUT_BNF_57100_57600_W500,secondary,BNF,BEAR_PUT,-1.6608009338378906,-2749.5,False,False,False
1507,2026-06-24,BEAR_CALL_BNF_58200_59000_W800,secondary,BNF,BEAR_CALL,357.33575439453125,-3129.0,True,False,False
1507,2026-06-24,BEAR_PUT_NF_23700_23900_W200,primary,NF,BEAR_PUT,352.6633605957031,-1602.25,False,True,False
1507,2026-06-24,BEAR_CALL_BNF_58200_58800_W600,secondary,BNF,BEAR_CALL,339.3713073730469,-2595.0,False,False,False
1507,2026-06-24,BEAR_CALL_BNF_58200_58700_W500,secondary,BNF,BEAR_CALL,336.90435791015625,-2298.0,False,False,False
1507,2026-06-24,BEAR_CALL_BNF_58200_58600_W400,secondary,BNF,BEAR_CALL,325.78814697265625,-1923.0,False,False,False
1507,2026-06-24,BEAR_PUT_NF_23750_23900_W150,secondary,NF,BEAR_PUT,228.75096130371094,-1270.75,False,False,False
1507,2026-06-24,BEAR_PUT_NF_23800_23900_W100,secondary,NF,BEAR_PUT,143.04510498046875,-851.5,False,False,False
1507,2026-06-24,BEAR_PUT_BNF_57300_57700_W400,secondary,BNF,BEAR_PUT,48.48690414428711,-2103.0,False,False,False
1507,2026-06-24,BEAR_PUT_BNF_57200_57700_W500,secondary,BNF,BEAR_PUT,24.9666805267334,-2547.0,False,False,False
1507,2026-06-24,__NO_TRADE__,synthetic_no_trade,NF,NO_TRADE,7.7760009765625,0.0,False,False,True
1507,2026-06-24,BEAR_PUT_BNF_56900_57700_W800,secondary,BNF,BEAR_PUT,-12.6898193359375,-3643.5,False,False,False
1507,2026-06-24,BEAR_PUT_BNF_57400_57700_W300,secondary,BNF,BEAR_PUT,-13.457405090332031,-1665.0,False,False,False
1507,2026-06-24,BEAR_PUT_BNF_57100_57700_W600,secondary,BNF,BEAR_PUT,-17.84058380126953,-2992.5,False,False,False
1508,2026-06-24,BEAR_CALL_BNF_58100_58900_W800,secondary,BNF,BEAR_CALL,485.6793212890625,-3601.5,True,False,False
1508,2026-06-24,BEAR_CALL_BNF_58100_59100_W1000,secondary,BNF,BEAR_CALL,421.803466796875,-4068.0,False,False,False
1508,2026-06-24,BEAR_CALL_BNF_58100_58600_W500,secondary,BNF,BEAR_CALL,415.2275695800781,-2586.0,False,False,False
1508,2026-06-24,BEAR_CALL_BNF_58100_58700_W600,secondary,BNF,BEAR_CALL,409.70880126953125,-2968.5,False,False,False
1508,2026-06-24,BEAR_CALL_BNF_58100_58500_W400,secondary,BNF,BEAR_CALL,372.8639831542969,-2128.5,False,False,False
1508,2026-06-24,BEAR_PUT_NF_23700_23900_W200,primary,NF,BEAR_PUT,355.9446716308594,-1621.75,False,True,False
1508,2026-06-24,BEAR_PUT_NF_23750_23900_W150,secondary,NF,BEAR_PUT,231.70120239257812,-1277.25,False,False,False
1508,2026-06-24,BEAR_PUT_BNF_57200_57600_W400,secondary,BNF,BEAR_PUT,59.74501037597656,-2086.5,False,False,False
1508,2026-06-24,__NO_TRADE__,synthetic_no_trade,NF,NO_TRADE,7.137260437011719,0.0,False,False,True
1508,2026-06-24,BEAR_PUT_BNF_57300_57600_W300,secondary,BNF,BEAR_PUT,-4.700092315673828,-1627.5,False,False,False
1509,2026-06-24,BEAR_CALL_BNF_58200_59000_W800,secondary,BNF,BEAR_CALL,432.4411315917969,-2884.5,True,False,False
1509,2026-06-24,BEAR_CALL_BNF_58200_58700_W500,secondary,BNF,BEAR_CALL,401.647216796875,-2103.0,False,False,False
1509,2026-06-24,BEAR_PUT_NF_23750_23950_W200,primary,NF,BEAR_PUT,398.93505859375,-1329.25,False,True,False
1509,2026-06-24,BEAR_CALL_BNF_58200_58800_W600,secondary,BNF,BEAR_CALL,393.1817626953125,-2394.0,False,False,False
1509,2026-06-24,BEAR_CALL_BNF_58200_58600_W400,secondary,BNF,BEAR_CALL,379.9989013671875,-1753.5,False,False,False
1509,2026-06-24,BEAR_CALL_BNF_58200_59200_W1000,secondary,BNF,BEAR_CALL,370.5457763671875,-3250.5,False,False,False
1509,2026-06-24,BEAR_PUT_BNF_57300_57700_W400,secondary,BNF,BEAR_PUT,71.53519439697266,-1924.5,False,False,False
1509,2026-06-24,BEAR_PUT_BNF_57200_57700_W500,secondary,BNF,BEAR_PUT,37.06405258178711,-2340.0,False,False,False
1509,2026-06-24,__NO_TRADE__,synthetic_no_trade,NF,NO_TRADE,16.265003204345703,0.0,False,False,True
1510,2026-06-24,BEAR_CALL_BNF_58200_59000_W800,secondary,BNF,BEAR_CALL,448.852294921875,-2668.5,True,False,False
1510,2026-06-24,BEAR_CALL_BNF_58200_59200_W1000,secondary,BNF,BEAR_CALL,407.9771423339844,-2986.5,False,False,False
1510,2026-06-24,BEAR_CALL_BNF_58200_58700_W500,secondary,BNF,BEAR_CALL,402.19805908203125,-1953.0,False,False,False
1510,2026-06-24,BEAR_CALL_BNF_58200_58800_W600,secondary,BNF,BEAR_CALL,391.80169677734375,-2224.5,False,False,False
1510,2026-06-24,BEAR_CALL_BNF_58200_58600_W400,primary,BNF,BEAR_CALL,388.41436767578125,-1651.5,False,True,False
1510,2026-06-24,__NO_TRADE__,synthetic_no_trade,BNF,NO_TRADE,-78.26251220703125,0.0,False,False,False
1510,2026-06-24,BULL_PUT_BNF_57200_56800_W400,secondary,BNF,BULL_PUT,-256.13958740234375,1219.5,False,False,False
1510,2026-06-24,BULL_PUT_BNF_57200_56700_W500,secondary,BNF,BULL_PUT,-271.1050720214844,1453.5,False,False,False
1510,2026-06-24,BULL_PUT_BNF_57200_56600_W600,secondary,BNF,BULL_PUT,-316.2802429199219,1674.0,False,False,False
1510,2026-06-24,BULL_PUT_BNF_57200_56400_W800,secondary,BNF,BULL_PUT,-407.3716125488281,2043.0,False,False,True
1511,2026-06-24,BEAR_CALL_BNF_58200_59000_W800,secondary,BNF,BEAR_CALL,421.0881042480469,-2727.0,True,False,False
1511,2026-06-24,BEAR_CALL_BNF_58200_58600_W400,primary,BNF,BEAR_CALL,383.96044921875,-1683.0,False,True,False
1511,2026-06-24,BEAR_CALL_BNF_58200_59200_W1000,secondary,BNF,BEAR_CALL,382.18048095703125,-3051.0,False,False,False
1511,2026-06-24,BEAR_CALL_BNF_58200_58700_W500,secondary,BNF,BEAR_CALL,381.74462890625,-2002.5,False,False,False
1511,2026-06-24,BEAR_CALL_BNF_58200_58800_W600,secondary,BNF,BEAR_CALL,372.92791748046875,-2269.5,False,False,False
1511,2026-06-24,__NO_TRADE__,synthetic_no_trade,BNF,NO_TRADE,-78.25543212890625,0.0,False,False,False
1511,2026-06-24,BULL_PUT_BNF_57200_56700_W500,secondary,BNF,BULL_PUT,-282.06585693359375,1528.5,False,False,False
1511,2026-06-24,BULL_PUT_BNF_57200_56800_W400,secondary,BNF,BULL_PUT,-289.42926025390625,1282.5,False,False,False
1511,2026-06-24,BULL_PUT_BNF_57200_56600_W600,secondary,BNF,BULL_PUT,-350.38818359375,1758.0,False,False,False
1511,2026-06-24,BULL_PUT_BNF_57200_56400_W800,secondary,BNF,BULL_PUT,-448.9503479003906,2125.5,False,False,True
1512,2026-06-24,BEAR_CALL_BNF_58200_59000_W800,secondary,BNF,BEAR_CALL,396.13238525390625,-2914.5,True,False,False
1512,2026-06-24,BEAR_CALL_BNF_58200_58600_W400,primary,BNF,BEAR_CALL,383.1344299316406,-1785.0,False,True,False
1512,2026-06-24,BEAR_CALL_BNF_58200_58700_W500,secondary,BNF,BEAR_CALL,370.4008483886719,-2128.5,False,False,False
1512,2026-06-24,BEAR_CALL_BNF_58200_58800_W600,secondary,BNF,BEAR_CALL,365.0967712402344,-2415.0,False,False,False
1512,2026-06-24,BEAR_CALL_BNF_58200_59200_W1000,secondary,BNF,BEAR_CALL,348.6174011230469,-3262.5,False,False,False
1512,2026-06-24,__NO_TRADE__,synthetic_no_trade,BNF,NO_TRADE,-78.8563232421875,0.0,False,False,False
1512,2026-06-24,BULL_PUT_BNF_57200_56700_W500,secondary,BNF,BULL_PUT,-311.14215087890625,1603.5,False,False,False
1512,2026-06-24,BULL_PUT_BNF_57200_56800_W400,secondary,BNF,BULL_PUT,-317.97784423828125,1336.5,False,False,False
1512,2026-06-24,BULL_PUT_BNF_57200_56600_W600,secondary,BNF,BULL_PUT,-409.179443359375,1833.0,False,False,False
1512,2026-06-24,BULL_PUT_BNF_57200_56400_W800,secondary,BNF,BULL_PUT,-515.9176025390625,2229.0,False,False,True
1513,2026-06-24,BEAR_CALL_BNF_58200_59000_W800,secondary,BNF,BEAR_CALL,387.000732421875,-3033.0,True,False,False
1513,2026-06-24,BEAR_CALL_BNF_58200_58600_W400,primary,BNF,BEAR_CALL,374.9461669921875,-1849.5,False,True,False
1513,2026-06-24,BEAR_CALL_BNF_58200_58700_W500,secondary,BNF,BEAR_CALL,369.05645751953125,-2196.0,False,False,False
1513,2026-06-24,BEAR_CALL_BNF_58200_58800_W600,secondary,BNF,BEAR_CALL,365.63043212890625,-2514.0,False,False,False
1513,2026-06-24,BEAR_CALL_BNF_58200_59200_W1000,secondary,BNF,BEAR_CALL,331.87310791015625,-3406.5,False,False,False
1513,2026-06-24,__NO_TRADE__,synthetic_no_trade,BNF,NO_TRADE,-79.00279235839844,0.0,False,False,False
1513,2026-06-24,BULL_PUT_BNF_57200_56800_W400,secondary,BNF,BULL_PUT,-313.19769287109375,1383.0,False,False,False
1513,2026-06-24,BULL_PUT_BNF_57200_56700_W500,secondary,BNF,BULL_PUT,-331.1524658203125,1642.5,False,False,False
1513,2026-06-24,BULL_PUT_BNF_57200_56600_W600,secondary,BNF,BULL_PUT,-443.110107421875,1879.5,False,False,False
1513,2026-06-24,BULL_PUT_BNF_57200_56400_W800,secondary,BNF,BULL_PUT,-541.7521362304688,2271.0,False,False,True
1514,2026-06-24,BEAR_CALL_BNF_58200_59000_W800,secondary,BNF,BEAR_CALL,467.24237060546875,-2682.0,True,False,False
1514,2026-06-24,BEAR_CALL_BNF_58200_58700_W500,secondary,BNF,BEAR_CALL,421.88055419921875,-1954.5,False,False,False
1514,2026-06-24,BEAR_CALL_BNF_58200_58600_W400,primary,BNF,BEAR_CALL,411.45367431640625,-1641.0,False,True,False
1514,2026-06-24,BEAR_CALL_BNF_58200_58800_W600,secondary,BNF,BEAR_CALL,409.21331787109375,-2232.0,False,False,False
1514,2026-06-24,BEAR_CALL_BNF_58200_59200_W1000,secondary,BNF,BEAR_CALL,407.01702880859375,-3019.5,False,False,False
1514,2026-06-24,__NO_TRADE__,synthetic_no_trade,BNF,NO_TRADE,-79.15923309326172,0.0,False,False,False
1514,2026-06-24,BULL_PUT_BNF_57200_56800_W400,secondary,BNF,BULL_PUT,-294.9027099609375,1233.0,False,False,False
1514,2026-06-24,BULL_PUT_BNF_57200_56700_W500,secondary,BNF,BULL_PUT,-321.4849548339844,1464.0,False,False,False
1514,2026-06-24,BULL_PUT_BNF_57200_56600_W600,secondary,BNF,BULL_PUT,-381.15130615234375,1677.0,False,False,False
1514,2026-06-24,BULL_PUT_BNF_57200_56400_W800,secondary,BNF,BULL_PUT,-481.5115966796875,2032.5,False,False,True
1515,2026-06-24,BEAR_CALL_BNF_58200_59000_W800,secondary,BNF,BEAR_CALL,464.24951171875,-2679.0,True,False,False
1515,2026-06-24,BEAR_CALL_BNF_58200_58700_W500,secondary,BNF,BEAR_CALL,418.32220458984375,-1947.0,False,False,False
1515,2026-06-24,BEAR_CALL_BNF_58200_59200_W1000,secondary,BNF,BEAR_CALL,410.9870300292969,-3013.5,False,False,False
1515,2026-06-24,BEAR_CALL_BNF_58200_58800_W600,secondary,BNF,BEAR_CALL,407.1447448730469,-2214.0,False,False,False
1515,2026-06-24,BEAR_CALL_BNF_58200_58600_W400,primary,BNF,BEAR_CALL,403.71673583984375,-1635.0,False,True,False
1515,2026-06-24,__NO_TRADE__,synthetic_no_trade,BNF,NO_TRADE,-78.86933135986328,0.0,False,False,False
1515,2026-06-24,BULL_PUT_BNF_57200_56800_W400,secondary,BNF,BULL_PUT,-269.93707275390625,1206.0,False,False,False
1515,2026-06-24,BULL_PUT_BNF_57200_56700_W500,secondary,BNF,BULL_PUT,-300.29449462890625,1440.0,False,False,False
1515,2026-06-24,BULL_PUT_BNF_57200_56600_W600,secondary,BNF,BULL_PUT,-349.57763671875,1647.0,False,False,False
1515,2026-06-24,BULL_PUT_BNF_57200_56400_W800,secondary,BNF,BULL_PUT,-443.7544250488281,2004.0,False,False,True
1516,2026-06-24,BEAR_CALL_BNF_58200_59000_W800,secondary,BNF,BEAR_CALL,485.8525085449219,-2638.5,True,False,False
1516,2026-06-24,BEAR_CALL_BNF_58200_58700_W500,secondary,BNF,BEAR_CALL,440.3475646972656,-1884.0,False,False,False
1516,2026-06-24,BEAR_CALL_BNF_58200_59200_W1000,secondary,BNF,BEAR_CALL,435.0155944824219,-2982.0,False,False,False
1516,2026-06-24,BEAR_CALL_BNF_58200_58800_W600,secondary,BNF,BEAR_CALL,426.24383544921875,-2170.5,False,False,False
1516,2026-06-24,BEAR_CALL_BNF_58200_58600_W400,primary,BNF,BEAR_CALL,403.36651611328125,-1608.0,False,True,False
1516,2026-06-24,__NO_TRADE__,synthetic_no_trade,BNF,NO_TRADE,-78.69771575927734,0.0,False,False,False
1516,2026-06-24,BULL_PUT_BNF_57200_56800_W400,secondary,BNF,BULL_PUT,-206.09515380859375,1083.0,False,False,False
1516,2026-06-24,BULL_PUT_BNF_57200_56700_W500,secondary,BNF,BULL_PUT,-307.095458984375,1306.5,False,False,False
1516,2026-06-24,BULL_PUT_BNF_57200_56600_W600,secondary,BNF,BULL_PUT,-325.1511535644531,1521.0,False,False,False
1516,2026-06-24,BULL_PUT_BNF_57200_56400_W800,secondary,BNF,BULL_PUT,-410.392822265625,1833.0,False,False,True
1517,2026-06-24,BEAR_CALL_BNF_58300_59100_W800,secondary,BNF,BEAR_CALL,439.5594177246094,-2079.0,True,False,False
1517,2026-06-24,BEAR_CALL_BNF_58300_58800_W500,secondary,BNF,BEAR_CALL,436.94537353515625,-1528.5,False,False,False
1517,2026-06-24,BEAR_CALL_BNF_58300_58900_W600,secondary,BNF,BEAR_CALL,420.03717041015625,-1735.5,False,False,False
1517,2026-06-24,BEAR_CALL_BNF_58300_58700_W400,primary,BNF,BEAR_CALL,419.1042785644531,-1279.5,False,True,False
1517,2026-06-24,__NO_TRADE__,synthetic_no_trade,BNF,NO_TRADE,-80.3136978149414,0.0,False,False,False
1517,2026-06-24,BULL_PUT_BNF_57300_56900_W400,secondary,BNF,BULL_PUT,-316.9432373046875,1081.5,False,False,False
1517,2026-06-24,BULL_PUT_BNF_57300_56800_W500,secondary,BNF,BULL_PUT,-357.7854919433594,1312.5,False,False,False
1517,2026-06-24,BULL_PUT_BNF_57300_56700_W600,secondary,BNF,BULL_PUT,-472.9314880371094,1497.0,False,False,False
1517,2026-06-24,BULL_PUT_BNF_57300_56500_W800,secondary,BNF,BULL_PUT,-599.6461181640625,1827.0,False,False,True
1518,2026-06-24,BEAR_CALL_BNF_58400_58900_W500,secondary,BNF,BEAR_CALL,455.6058349609375,-964.5,True,False,False
1518,2026-06-24,BEAR_CALL_BNF_58400_59200_W800,secondary,BNF,BEAR_CALL,451.55987548828125,-1270.5,False,False,False
1518,2026-06-24,BEAR_CALL_BNF_58400_58800_W400,secondary,BNF,BEAR_CALL,440.74322509765625,-813.0,False,False,False
1518,2026-06-24,BEAR_CALL_BNF_58400_59000_W600,secondary,BNF,BEAR_CALL,436.16644287109375,-1077.0,False,False,False
1518,2026-06-24,BEAR_PUT_NF_23750_24000_W250,primary,NF,BEAR_PUT,375.9813232421875,-851.5,False,True,False
1518,2026-06-24,BEAR_PUT_NF_23800_24000_W200,secondary,NF,BEAR_PUT,319.36590576171875,-689.0,False,False,False
1518,2026-06-24,BEAR_PUT_NF_23850_24000_W150,secondary,NF,BEAR_PUT,276.22210693359375,-526.5,False,False,False
1518,2026-06-24,BEAR_PUT_BNF_57500_57900_W400,secondary,BNF,BEAR_PUT,89.9389419555664,-1242.0,False,False,False
1518,2026-06-24,BEAR_PUT_BNF_57400_57900_W500,secondary,BNF,BEAR_PUT,76.17323303222656,-1513.5,False,False,False
1518,2026-06-24,BEAR_PUT_BNF_57300_57900_W600,secondary,BNF,BEAR_PUT,31.107158660888672,-1749.0,False,False,False
1518,2026-06-24,BEAR_PUT_BNF_57600_57900_W300,secondary,BNF,BEAR_PUT,28.68642807006836,-949.5,False,False,False
1518,2026-06-24,__NO_TRADE__,synthetic_no_trade,NF,NO_TRADE,19.778213500976562,0.0,False,False,True
1518,2026-06-24,BEAR_PUT_BNF_57700_57900_W200,secondary,BNF,BEAR_PUT,-18.343257904052734,-633.0,False,False,False
1519,2026-06-24,BEAR_CALL_BNF_58400_58900_W500,secondary,BNF,BEAR_CALL,438.63623046875,-1086.0,True,False,False
1519,2026-06-24,BEAR_CALL_BNF_58400_59200_W800,secondary,BNF,BEAR_CALL,433.7147521972656,-1452.0,False,False,False
1519,2026-06-24,BEAR_CALL_BNF_58400_58800_W400,secondary,BNF,BEAR_CALL,426.8446044921875,-933.0,False,False,False
1519,2026-06-24,BEAR_CALL_BNF_58400_59000_W600,secondary,BNF,BEAR_CALL,425.24969482421875,-1218.0,False,False,False
1519,2026-06-24,BEAR_PUT_NF_23750_24000_W250,primary,NF,BEAR_PUT,378.93731689453125,-968.5,False,True,False
1519,2026-06-24,BEAR_PUT_NF_23800_24000_W200,secondary,NF,BEAR_PUT,323.30035400390625,-796.25,False,False,False
1519,2026-06-24,BEAR_PUT_BNF_57500_57900_W400,secondary,BNF,BEAR_PUT,84.17341613769531,-1291.5,False,False,False
1519,2026-06-24,BEAR_PUT_BNF_57400_57900_W500,secondary,BNF,BEAR_PUT,74.46107482910156,-1582.5,False,False,False
1519,2026-06-24,BEAR_PUT_BNF_57300_57900_W600,secondary,BNF,BEAR_PUT,32.84600067138672,-1812.0,False,False,False
1519,2026-06-24,BEAR_PUT_BNF_57600_57900_W300,secondary,BNF,BEAR_PUT,24.385478973388672,-979.5,False,False,False
1519,2026-06-24,__NO_TRADE__,synthetic_no_trade,NF,NO_TRADE,20.014179229736328,0.0,False,False,True
1520,2026-06-24,BEAR_CALL_BNF_58400_58900_W500,secondary,BNF,BEAR_CALL,433.99310302734375,-1069.5,True,False,False
1520,2026-06-24,BEAR_CALL_BNF_58400_59200_W800,secondary,BNF,BEAR_CALL,429.4644775390625,-1423.5,False,False,False
1520,2026-06-24,BEAR_CALL_BNF_58400_58800_W400,secondary,BNF,BEAR_CALL,425.39080810546875,-910.5,False,False,False
1520,2026-06-24,BEAR_CALL_BNF_58400_59000_W600,secondary,BNF,BEAR_CALL,420.52838134765625,-1197.0,False,False,False
1520,2026-06-24,BEAR_PUT_NF_23800_23950_W150,primary,NF,BEAR_PUT,348.40740966796875,-659.75,False,True,False
1520,2026-06-24,BEAR_PUT_NF_23850_23950_W100,secondary,NF,BEAR_PUT,169.32723999023438,-442.0,False,False,False
1520,2026-06-24,BEAR_PUT_BNF_57500_57900_W400,secondary,BNF,BEAR_PUT,84.18453979492188,-1279.5,False,False,False
1520,2026-06-24,BEAR_PUT_BNF_57400_57900_W500,secondary,BNF,BEAR_PUT,71.96430969238281,-1575.0,False,False,False
1520,2026-06-24,BEAR_PUT_BNF_57300_57900_W600,secondary,BNF,BEAR_PUT,32.163429260253906,-1822.5,False,False,False
1520,2026-06-24,BEAR_PUT_BNF_57600_57900_W300,secondary,BNF,BEAR_PUT,22.333209991455078,-993.0,False,False,False
1520,2026-06-24,__NO_TRADE__,synthetic_no_trade,NF,NO_TRADE,12.918682098388672,0.0,False,False,True
1521,2026-06-24,BEAR_CALL_BNF_58400_59200_W800,secondary,BNF,BEAR_CALL,479.76751708984375,-1192.5,True,False,False
1521,2026-06-24,BEAR_CALL_BNF_58400_58900_W500,secondary,BNF,BEAR_CALL,468.88055419921875,-906.0,False,False,False
1521,2026-06-24,BEAR_CALL_BNF_58400_59000_W600,secondary,BNF,BEAR_CALL,451.5352478027344,-1009.5,False,False,False
1521,2026-06-24,BEAR_CALL_BNF_58400_58800_W400,secondary,BNF,BEAR_CALL,445.43414306640625,-769.5,False,False,False
1521,2026-06-24,BEAR_CALL_BNF_58400_59400_W1000,secondary,BNF,BEAR_CALL,425.5740661621094,-1318.5,False,False,False
1521,2026-06-24,BEAR_PUT_NF_23700_24000_W300,primary,NF,BEAR_PUT,397.04302978515625,-1290.25,False,True,False
1521,2026-06-24,BEAR_PUT_NF_23800_24000_W200,secondary,NF,BEAR_PUT,323.3736572265625,-910.0,False,False,False
1521,2026-06-24,BEAR_PUT_NF_23750_24000_W250,secondary,NF,BEAR_PUT,272.71527099609375,-1121.25,False,False,False
1521,2026-06-24,BEAR_PUT_BNF_57500_57900_W400,secondary,BNF,BEAR_PUT,97.18157958984375,-1107.0,False,False,False
1521,2026-06-24,BEAR_PUT_BNF_57400_57900_W500,secondary,BNF,BEAR_PUT,70.49862670898438,-1341.0,False,False,False
1521,2026-06-24,BEAR_PUT_BNF_57600_57900_W300,secondary,BNF,BEAR_PUT,41.17293930053711,-849.0,False,False,False
1521,2026-06-24,BEAR_PUT_BNF_57300_57900_W600,secondary,BNF,BEAR_PUT,26.0552978515625,-1557.0,False,False,False
1521,2026-06-24,__NO_TRADE__,synthetic_no_trade,NF,NO_TRADE,20.24016571044922,0.0,False,False,True
1521,2026-06-24,BEAR_PUT_BNF_57700_57900_W200,secondary,BNF,BEAR_PUT,-22.090845108032227,-565.5,False,False,False
1522,2026-06-24,BEAR_CALL_BNF_58400_59200_W800,secondary,BNF,BEAR_CALL,492.1490173339844,-1159.5,True,False,False
1522,2026-06-24,BEAR_CALL_BNF_58400_58900_W500,secondary,BNF,BEAR_CALL,477.58795166015625,-879.0,False,False,False
1522,2026-06-24,BEAR_CALL_BNF_58400_59000_W600,secondary,BNF,BEAR_CALL,459.7149353027344,-984.0,False,False,False
1522,2026-06-24,BEAR_CALL_BNF_58400_59400_W1000,secondary,BNF,BEAR_CALL,439.9938049316406,-1276.5,False,False,False
1522,2026-06-24,BEAR_CALL_BNF_58400_58800_W400,primary,BNF,BEAR_CALL,420.48516845703125,-759.0,False,True,False
1522,2026-06-24,__NO_TRADE__,synthetic_no_trade,BNF,NO_TRADE,-81.65140533447266,0.0,False,False,False
1522,2026-06-24,BULL_PUT_BNF_57400_57000_W400,secondary,BNF,BULL_PUT,-216.38723754882812,753.0,False,False,False
1522,2026-06-24,BULL_PUT_BNF_57400_56900_W500,secondary,BNF,BULL_PUT,-257.2213134765625,898.5,False,False,False
1522,2026-06-24,BULL_PUT_BNF_57400_56800_W600,secondary,BNF,BULL_PUT,-312.87176513671875,1065.0,False,False,False
1522,2026-06-24,BULL_PUT_BNF_57400_56600_W800,secondary,BNF,BULL_PUT,-402.69244384765625,1302.0,False,False,True
1523,2026-06-24,BEAR_CALL_BNF_58400_59200_W800,secondary,BNF,BEAR_CALL,515.531494140625,-949.5,True,False,False
1523,2026-06-24,BEAR_CALL_BNF_58400_58900_W500,secondary,BNF,BEAR_CALL,491.8431396484375,-726.0,False,False,False
1523,2026-06-24,BEAR_CALL_BNF_58400_59000_W600,secondary,BNF,BEAR_CALL,470.3254699707031,-801.0,False,False,False
1523,2026-06-24,BEAR_CALL_BNF_58400_59400_W1000,secondary,BNF,BEAR_CALL,470.07012939453125,-1032.0,False,False,False
1523,2026-06-24,BEAR_CALL_BNF_58400_58800_W400,primary,BNF,BEAR_CALL,437.56146240234375,-604.5,False,True,False
1523,2026-06-24,__NO_TRADE__,synthetic_no_trade,BNF,NO_TRADE,-81.66676330566406,0.0,False,False,False
1523,2026-06-24,BULL_PUT_BNF_57400_57000_W400,secondary,BNF,BULL_PUT,-159.850830078125,616.5,False,False,False
1523,2026-06-24,BULL_PUT_BNF_57400_56900_W500,secondary,BNF,BULL_PUT,-256.41705322265625,748.5,False,False,False
1523,2026-06-24,BULL_PUT_BNF_57400_56800_W600,secondary,BNF,BULL_PUT,-292.236328125,888.0,False,False,False
1523,2026-06-24,BULL_PUT_BNF_57400_56600_W800,secondary,BNF,BULL_PUT,-370.86907958984375,1093.5,False,False,True
1524,2026-06-24,BEAR_CALL_BNF_58500_59000_W500,secondary,BNF,BEAR_CALL,443.9306335449219,-580.5,True,False,False
1524,2026-06-24,BEAR_CALL_BNF_58500_59300_W800,secondary,BNF,BEAR_CALL,436.40679931640625,-744.0,False,False,False
1524,2026-06-24,BEAR_CALL_BNF_58500_59100_W600,secondary,BNF,BEAR_CALL,432.031005859375,-655.5,False,False,False
1524,2026-06-24,BEAR_CALL_BNF_58500_58900_W400,primary,BNF,BEAR_CALL,384.3765869140625,-499.5,False,True,False
1524,2026-06-24,__NO_TRADE__,synthetic_no_trade,BNF,NO_TRADE,-82.75430297851562,0.0,False,False,False
1524,2026-06-24,BULL_PUT_BNF_57500_57100_W400,secondary,BNF,BULL_PUT,-219.58340454101562,637.5,False,False,False
1524,2026-06-24,BULL_PUT_BNF_57500_57000_W500,secondary,BNF,BULL_PUT,-266.99249267578125,760.5,False,False,False
1524,2026-06-24,BULL_PUT_BNF_57500_56900_W600,secondary,BNF,BULL_PUT,-368.88836669921875,871.5,False,False,False
1524,2026-06-24,BULL_PUT_BNF_57500_56700_W800,secondary,BNF,BULL_PUT,-468.6409912109375,1102.5,False,False,True
1525,2026-06-24,BEAR_CALL_BNF_58500_59300_W800,secondary,BNF,BEAR_CALL,527.5496826171875,-127.5,True,False,False
1525,2026-06-24,BEAR_CALL_BNF_58500_59000_W500,secondary,BNF,BEAR_CALL,503.51336669921875,-153.0,False,False,False
1525,2026-06-24,BEAR_CALL_BNF_58500_59100_W600,secondary,BNF,BEAR_CALL,482.448974609375,-142.5,False,False,False
1525,2026-06-24,BEAR_CALL_BNF_58500_59500_W1000,secondary,BNF,BEAR_CALL,473.75091552734375,-88.5,False,False,False
1525,2026-06-24,BEAR_CALL_BNF_58500_58900_W400,primary,BNF,BEAR_CALL,433.789794921875,-133.5,False,True,False
1525,2026-06-24,__NO_TRADE__,synthetic_no_trade,BNF,NO_TRADE,-81.7672119140625,0.0,False,False,False
1525,2026-06-24,BULL_PUT_BNF_57500_57100_W400,secondary,BNF,BULL_PUT,-102.81387329101562,328.5,False,False,False
1525,2026-06-24,BULL_PUT_BNF_57500_57000_W500,secondary,BNF,BULL_PUT,-225.84799194335938,408.0,False,False,False
1525,2026-06-24,BULL_PUT_BNF_57500_56900_W600,secondary,BNF,BULL_PUT,-271.16552734375,456.0,False,False,False
1525,2026-06-24,BULL_PUT_BNF_57500_56700_W800,secondary,BNF,BULL_PUT,-343.59185791015625,607.5,False,False,True
1526,2026-06-24,BEAR_CALL_BNF_58600_59100_W500,secondary,BNF,BEAR_CALL,445.883056640625,34.5,True,False,False
1526,2026-06-24,BEAR_CALL_BNF_58600_59400_W800,secondary,BNF,BEAR_CALL,435.123291015625,111.0,False,False,False
1526,2026-06-24,BEAR_CALL_BNF_58600_59200_W600,secondary,BNF,BEAR_CALL,430.6099853515625,48.0,False,False,False
1526,2026-06-24,BEAR_CALL_BNF_58600_59000_W400,primary,BNF,BEAR_CALL,381.8203125,16.5,False,True,False
1526,2026-06-24,__NO_TRADE__,synthetic_no_trade,BNF,NO_TRADE,-84.14498138427734,0.0,False,False,False
1526,2026-06-24,BULL_PUT_BNF_57600_57200_W400,secondary,BNF,BULL_PUT,-180.8861846923828,360.0,False,False,False
1526,2026-06-24,BULL_PUT_BNF_57600_57100_W500,secondary,BNF,BULL_PUT,-219.28500366210938,465.0,False,False,False
1526,2026-06-24,BULL_PUT_BNF_57600_57000_W600,secondary,BNF,BULL_PUT,-301.4378967285156,523.5,False,False,False
1526,2026-06-24,BULL_PUT_BNF_57600_56800_W800,secondary,BNF,BULL_PUT,-387.08526611328125,673.5,False,False,True
1527,2026-06-24,BEAR_CALL_BNF_58600_59400_W800,secondary,BNF,BEAR_CALL,468.05364990234375,274.5,True,False,False
1527,2026-06-24,BEAR_CALL_BNF_58600_59100_W500,secondary,BNF,BEAR_CALL,460.26702880859375,130.5,False,False,False
1527,2026-06-24,BEAR_CALL_BNF_58600_59200_W600,secondary,BNF,BEAR_CALL,448.44659423828125,165.0,False,False,False
1527,2026-06-24,BEAR_CALL_BNF_58600_59000_W400,primary,BNF,BEAR_CALL,392.3955383300781,103.5,False,True,False
1527,2026-06-24,__NO_TRADE__,synthetic_no_trade,BNF,NO_TRADE,-84.61709594726562,0.0,False,False,False
1527,2026-06-24,BULL_PUT_BNF_57600_57200_W400,secondary,BNF,BULL_PUT,-150.7477569580078,298.5,False,False,False
1527,2026-06-24,BULL_PUT_BNF_57600_57100_W500,secondary,BNF,BULL_PUT,-175.88873291015625,390.0,False,False,False
1527,2026-06-24,BULL_PUT_BNF_57600_57000_W600,secondary,BNF,BULL_PUT,-233.60397338867188,439.5,False,False,False
1527,2026-06-24,BULL_PUT_BNF_57600_56800_W800,secondary,BNF,BULL_PUT,-298.928955078125,549.0,False,False,True
1528,2026-06-24,BEAR_CALL_BNF_58600_59100_W500,secondary,BNF,BEAR_CALL,439.65008544921875,24.0,True,False,False
1528,2026-06-24,BEAR_CALL_BNF_58600_59400_W800,secondary,BNF,BEAR_CALL,428.6597900390625,90.0,False,False,False
1528,2026-06-24,BEAR_CALL_BNF_58600_59200_W600,secondary,BNF,BEAR_CALL,425.2637939453125,33.0,False,False,False
1528,2026-06-24,BEAR_CALL_BNF_58600_59000_W400,primary,BNF,BEAR_CALL,378.8461608886719,9.0,False,True,False
1528,2026-06-24,__NO_TRADE__,synthetic_no_trade,BNF,NO_TRADE,-84.59215545654297,0.0,False,False,False
1528,2026-06-24,BULL_PUT_BNF_57600_57200_W400,secondary,BNF,BULL_PUT,-184.36965942382812,382.5,False,False,False
1528,2026-06-24,BULL_PUT_BNF_57600_57100_W500,secondary,BNF,BULL_PUT,-218.43258666992188,483.0,False,False,False
1528,2026-06-24,BULL_PUT_BNF_57600_57000_W600,secondary,BNF,BULL_PUT,-297.93463134765625,559.5,False,False,False
1528,2026-06-24,BULL_PUT_BNF_57600_56800_W800,secondary,BNF,BULL_PUT,-385.10662841796875,693.0,False,False,True
1529,2026-06-24,BEAR_CALL_BNF_58600_59100_W500,secondary,BNF,BEAR_CALL,454.1103515625,127.5,True,False,False
1529,2026-06-24,BEAR_CALL_BNF_58600_59400_W800,secondary,BNF,BEAR_CALL,449.9651794433594,232.5,False,False,False
1529,2026-06-24,BEAR_CALL_BNF_58600_59200_W600,secondary,BNF,BEAR_CALL,439.47027587890625,159.0,False,False,False
1529,2026-06-24,BEAR_CALL_BNF_58600_59000_W400,primary,BNF,BEAR_CALL,389.2554931640625,88.5,False,True,False
1529,2026-06-24,__NO_TRADE__,synthetic_no_trade,BNF,NO_TRADE,-84.62863159179688,0.0,False,False,False
1529,2026-06-24,BULL_PUT_BNF_57600_57200_W400,secondary,BNF,BULL_PUT,-178.00875854492188,300.0,False,False,False
1529,2026-06-24,BULL_PUT_BNF_57600_57100_W500,secondary,BNF,BULL_PUT,-202.24908447265625,403.5,False,False,False
1529,2026-06-24,BULL_PUT_BNF_57600_57000_W600,secondary,BNF,BULL_PUT,-269.3766174316406,469.5,False,False,False
1529,2026-06-24,BULL_PUT_BNF_57600_56800_W800,secondary,BNF,BULL_PUT,-344.38970947265625,583.5,False,False,True
1530,2026-06-24,BEAR_CALL_BNF_58600_59100_W500,secondary,BNF,BEAR_CALL,435.4586486816406,-37.5,True,False,False
1530,2026-06-24,BEAR_CALL_BNF_58600_59400_W800,secondary,BNF,BEAR_CALL,423.52197265625,13.5,False,False,False
1530,2026-06-24,BEAR_CALL_BNF_58600_59200_W600,secondary,BNF,BEAR_CALL,422.9005126953125,-27.0,False,False,False
1530,2026-06-24,BEAR_CALL_BNF_58600_59000_W400,primary,BNF,BEAR_CALL,368.8543395996094,-57.0,False,True,False
1530,2026-06-24,__NO_TRADE__,synthetic_no_trade,BNF,NO_TRADE,-84.58638000488281,0.0,False,False,False
1530,2026-06-24,BULL_PUT_BNF_57600_57200_W400,secondary,BNF,BULL_PUT,-176.5071563720703,412.5,False,False,False
1530,2026-06-24,BULL_PUT_BNF_57600_57100_W500,secondary,BNF,BULL_PUT,-213.8883056640625,520.5,False,False,False
1530,2026-06-24,BULL_PUT_BNF_57600_57000_W600,secondary,BNF,BULL_PUT,-295.5059509277344,597.0,False,False,False
1530,2026-06-24,BULL_PUT_BNF_57600_56800_W800,secondary,BNF,BULL_PUT,-381.07232666015625,747.0,False,False,False
1530,2026-06-24,BULL_PUT_BNF_57600_56600_W1000,secondary,BNF,BULL_PUT,-427.2330322265625,856.5,False,False,True
1531,2026-06-24,BEAR_CALL_BNF_58500_59300_W800,secondary,BNF,BEAR_CALL,491.6029357910156,-258.0,True,False,False
1531,2026-06-24,BEAR_CALL_BNF_58500_59000_W500,secondary,BNF,BEAR_CALL,471.58306884765625,-262.5,False,False,False
1531,2026-06-24,BEAR_CALL_BNF_58500_59100_W600,secondary,BNF,BEAR_CALL,457.41741943359375,-256.5,False,False,False
1531,2026-06-24,BEAR_CALL_BNF_58500_59500_W1000,secondary,BNF,BEAR_CALL,455.6046142578125,-249.0,False,False,False
1531,2026-06-24,BEAR_CALL_BNF_58500_58900_W400,primary,BNF,BEAR_CALL,410.3493347167969,-231.0,False,True,False
1531,2026-06-24,__NO_TRADE__,synthetic_no_trade,BNF,NO_TRADE,-82.78080749511719,0.0,False,False,False
1531,2026-06-24,BULL_PUT_BNF_57500_57100_W400,secondary,BNF,BULL_PUT,-149.30528259277344,453.0,False,False,False
1531,2026-06-24,BULL_PUT_BNF_57500_57000_W500,secondary,BNF,BULL_PUT,-196.69937133789062,541.5,False,False,False
1531,2026-06-24,BULL_PUT_BNF_57500_56900_W600,secondary,BNF,BULL_PUT,-230.92539978027344,610.5,False,False,False
1531,2026-06-24,BULL_PUT_BNF_57500_56700_W800,secondary,BNF,BULL_PUT,-286.6506042480469,781.5,False,False,True
1532,2026-06-24,BEAR_CALL_BNF_58600_59100_W500,secondary,BNF,BEAR_CALL,430.9623718261719,33.0,True,False,False
1532,2026-06-24,BEAR_CALL_BNF_58600_59400_W800,secondary,BNF,BEAR_CALL,423.17596435546875,120.0,False,False,False
1532,2026-06-24,BEAR_CALL_BNF_58600_59200_W600,secondary,BNF,BEAR_CALL,419.17938232421875,60.0,False,False,False
1532,2026-06-24,BEAR_CALL_BNF_58600_59000_W400,primary,BNF,BEAR_CALL,373.1234130859375,4.5,False,True,False
1532,2026-06-24,__NO_TRADE__,synthetic_no_trade,BNF,NO_TRADE,-84.3780517578125,0.0,False,False,False
1532,2026-06-24,BULL_PUT_BNF_57600_57200_W400,secondary,BNF,BULL_PUT,-182.99578857421875,358.5,False,False,False
1532,2026-06-24,BULL_PUT_BNF_57600_57100_W500,secondary,BNF,BULL_PUT,-208.50115966796875,453.0,False,False,False
1532,2026-06-24,BULL_PUT_BNF_57600_57000_W600,secondary,BNF,BULL_PUT,-283.4625549316406,516.0,False,False,False
1532,2026-06-24,BULL_PUT_BNF_57600_56800_W800,secondary,BNF,BULL_PUT,-359.4674072265625,646.5,False,False,True
1533,2026-06-24,BEAR_CALL_BNF_58600_59400_W800,secondary,BNF,BEAR_CALL,482.6634216308594,516.0,True,False,False
1533,2026-06-24,BEAR_CALL_BNF_58600_59100_W500,secondary,BNF,BEAR_CALL,467.89825439453125,325.5,False,False,False
1533,2026-06-24,BEAR_CALL_BNF_58600_59200_W600,secondary,BNF,BEAR_CALL,452.09039306640625,394.5,False,False,False
1533,2026-06-24,BEAR_CALL_BNF_58600_59600_W1000,secondary,BNF,BEAR_CALL,449.3498840332031,598.5,False,False,True
1533,2026-06-24,BEAR_CALL_BNF_58600_59000_W400,primary,BNF,BEAR_CALL,402.178955078125,268.5,False,True,False
1533,2026-06-24,__NO_TRADE__,synthetic_no_trade,BNF,NO_TRADE,-84.62247467041016,0.0,False,False,False
1533,2026-06-24,BULL_PUT_BNF_57600_57200_W400,secondary,BNF,BULL_PUT,-109.75018310546875,132.0,False,False,False
1533,2026-06-24,BULL_PUT_BNF_57600_57100_W500,secondary,BNF,BULL_PUT,-162.68988037109375,192.0,False,False,False
1533,2026-06-24,BULL_PUT_BNF_57600_57000_W600,secondary,BNF,BULL_PUT,-193.89254760742188,201.0,False,False,False
1533,2026-06-24,BULL_PUT_BNF_57600_56800_W800,secondary,BNF,BULL_PUT,-238.60205078125,268.5,False,False,False
1534,2026-06-24,BEAR_CALL_BNF_58600_59100_W500,secondary,BNF,BEAR_CALL,422.58740234375,-90.0,True,False,False
1534,2026-06-24,BEAR_CALL_BNF_58600_59400_W800,secondary,BNF,BEAR_CALL,416.17340087890625,-48.0,False,False,False
1534,2026-06-24,BEAR_CALL_BNF_58600_59200_W600,secondary,BNF,BEAR_CALL,411.49420166015625,-84.0,False,False,False
1534,2026-06-24,BEAR_CALL_BNF_58600_59000_W400,primary,BNF,BEAR_CALL,362.07147216796875,-109.5,False,True,False
1534,2026-06-24,__NO_TRADE__,synthetic_no_trade,BNF,NO_TRADE,-84.60211181640625,0.0,False,False,False
1534,2026-06-24,BULL_PUT_BNF_57600_57200_W400,secondary,BNF,BULL_PUT,-189.0329132080078,325.5,False,False,False
1534,2026-06-24,BULL_PUT_BNF_57600_57100_W500,secondary,BNF,BULL_PUT,-215.13377380371094,427.5,False,False,False
1534,2026-06-24,BULL_PUT_BNF_57600_57000_W600,secondary,BNF,BULL_PUT,-291.4330749511719,480.0,False,False,False
1534,2026-06-24,BULL_PUT_BNF_57600_56800_W800,secondary,BNF,BULL_PUT,-369.5064697265625,609.0,False,False,True
1538,2026-06-24,BEAR_CALL_BNF_58500_59300_W800,secondary,BNF,BEAR_CALL,494.9841003417969,-300.0,True,False,False
1538,2026-06-24,BEAR_CALL_BNF_58500_59000_W500,secondary,BNF,BEAR_CALL,479.233154296875,-271.5,False,False,False
1538,2026-06-24,BEAR_CALL_BNF_58500_59100_W600,secondary,BNF,BEAR_CALL,463.17596435546875,-285.0,False,False,False
1538,2026-06-24,BEAR_CALL_BNF_58500_59500_W1000,secondary,BNF,BEAR_CALL,452.403564453125,-297.0,False,False,False
1538,2026-06-24,BEAR_CALL_BNF_58500_58900_W400,primary,BNF,BEAR_CALL,415.12060546875,-241.5,False,True,False
1538,2026-06-24,__NO_TRADE__,synthetic_no_trade,BNF,NO_TRADE,-83.02227020263672,0.0,False,False,False
1538,2026-06-24,BULL_PUT_BNF_57500_57100_W400,secondary,BNF,BULL_PUT,-156.91787719726562,390.0,False,False,False
1538,2026-06-24,BULL_PUT_BNF_57500_57000_W500,secondary,BNF,BULL_PUT,-235.85861206054688,466.5,False,False,False
1538,2026-06-24,BULL_PUT_BNF_57500_56900_W600,secondary,BNF,BULL_PUT,-273.8759765625,528.0,False,False,False
1538,2026-06-24,BULL_PUT_BNF_57500_56700_W800,secondary,BNF,BULL_PUT,-333.7886962890625,669.0,False,False,True
1539,2026-06-24,BEAR_CALL_BNF_58500_59300_W800,secondary,BNF,BEAR_CALL,500.763916015625,-226.5,True,False,False
1539,2026-06-24,BEAR_CALL_BNF_58500_59000_W500,secondary,BNF,BEAR_CALL,481.8588562011719,-213.0,False,False,False
1539,2026-06-24,BEAR_CALL_BNF_58500_59100_W600,secondary,BNF,BEAR_CALL,464.4600830078125,-219.0,False,False,False
1539,2026-06-24,BEAR_CALL_BNF_58500_59500_W1000,secondary,BNF,BEAR_CALL,461.3304748535156,-223.5,False,False,False
1539,2026-06-24,BEAR_CALL_BNF_58500_58900_W400,primary,BNF,BEAR_CALL,421.9967041015625,-193.5,False,True,False
1539,2026-06-24,__NO_TRADE__,synthetic_no_trade,BNF,NO_TRADE,-83.08283233642578,0.0,False,False,False
1539,2026-06-24,BULL_PUT_BNF_57500_57100_W400,secondary,BNF,BULL_PUT,-120.21068572998047,345.0,False,False,False
1539,2026-06-24,BULL_PUT_BNF_57500_57000_W500,secondary,BNF,BULL_PUT,-223.29710388183594,402.0,False,False,False
1539,2026-06-24,BULL_PUT_BNF_57500_56900_W600,secondary,BNF,BULL_PUT,-254.13198852539062,453.0,False,False,False
1539,2026-06-24,BULL_PUT_BNF_57500_56700_W800,secondary,BNF,BULL_PUT,-313.1106262207031,567.0,False,False,True
1541,2026-06-24,BEAR_CALL_BNF_58500_59300_W800,secondary,BNF,BEAR_CALL,502.4491882324219,-225.0,True,False,False
1541,2026-06-24,BEAR_CALL_BNF_58500_59000_W500,secondary,BNF,BEAR_CALL,483.9759826660156,-208.5,False,False,False
1541,2026-06-24,BEAR_CALL_BNF_58500_59100_W600,secondary,BNF,BEAR_CALL,465.9292297363281,-219.0,False,False,False
1541,2026-06-24,BEAR_CALL_BNF_58500_59500_W1000,secondary,BNF,BEAR_CALL,461.82861328125,-225.0,False,False,False
1541,2026-06-24,BEAR_CALL_BNF_58500_58900_W400,primary,BNF,BEAR_CALL,420.48486328125,-183.0,False,True,False
1541,2026-06-24,__NO_TRADE__,synthetic_no_trade,BNF,NO_TRADE,-83.0381088256836,0.0,False,False,False
1541,2026-06-24,BULL_PUT_BNF_57500_57100_W400,secondary,BNF,BULL_PUT,-129.84445190429688,330.0,False,False,False
1541,2026-06-24,BULL_PUT_BNF_57500_57000_W500,secondary,BNF,BULL_PUT,-233.81488037109375,396.0,False,False,False
1541,2026-06-24,BULL_PUT_BNF_57500_56900_W600,secondary,BNF,BULL_PUT,-266.5140686035156,447.0,False,False,False
1541,2026-06-24,BULL_PUT_BNF_57500_56700_W800,secondary,BNF,BULL_PUT,-319.8213195800781,567.0,False,False,True
1542,2026-06-24,BEAR_CALL_BNF_58500_59300_W800,secondary,BNF,BEAR_CALL,514.6666259765625,-250.5,True,False,False
1542,2026-06-24,BEAR_CALL_BNF_58500_59000_W500,secondary,BNF,BEAR_CALL,495.7551574707031,-231.0,False,False,False
1542,2026-06-24,BEAR_CALL_BNF_58500_59100_W600,secondary,BNF,BEAR_CALL,477.77313232421875,-235.5,False,False,False
1542,2026-06-24,BEAR_CALL_BNF_58500_59500_W1000,secondary,BNF,BEAR_CALL,464.2021484375,-255.0,False,False,False
1542,2026-06-24,BEAR_CALL_BNF_58500_58900_W400,primary,BNF,BEAR_CALL,427.252197265625,-205.5,False,True,False
1542,2026-06-24,__NO_TRADE__,synthetic_no_trade,BNF,NO_TRADE,-82.53631591796875,0.0,False,False,False
1542,2026-06-24,BULL_PUT_BNF_57500_57100_W400,secondary,BNF,BULL_PUT,-117.50155639648438,327.0,False,False,False
1542,2026-06-24,BULL_PUT_BNF_57500_57000_W500,secondary,BNF,BULL_PUT,-238.29678344726562,390.0,False,False,False
1542,2026-06-24,BULL_PUT_BNF_57500_56900_W600,secondary,BNF,BULL_PUT,-281.87628173828125,438.0,False,False,False
1542,2026-06-24,BULL_PUT_BNF_57500_56700_W800,secondary,BNF,BULL_PUT,-352.51202392578125,561.0,False,False,True
1551,2026-06-24,BEAR_CALL_BNF_58700_59200_W500,secondary,BNF,BEAR_CALL,450.4888000488281,586.5,True,False,False
1551,2026-06-24,BEAR_CALL_BNF_58700_59500_W800,secondary,BNF,BEAR_CALL,445.4573059082031,796.5,False,False,True
1551,2026-06-24,BEAR_CALL_BNF_58700_59300_W600,secondary,BNF,BEAR_CALL,437.132568359375,673.5,False,False,False
1551,2026-06-24,BEAR_CALL_BNF_58700_59100_W400,primary,BNF,BEAR_CALL,377.841552734375,489.0,False,True,False
1551,2026-06-24,__NO_TRADE__,synthetic_no_trade,BNF,NO_TRADE,-85.17765045166016,0.0,False,False,False
1551,2026-06-24,BULL_PUT_BNF_57700_57300_W400,secondary,BNF,BULL_PUT,-109.61724853515625,-159.0,False,False,False
1551,2026-06-24,BULL_PUT_BNF_57700_57200_W500,secondary,BNF,BULL_PUT,-174.10223388671875,-190.5,False,False,False
1551,2026-06-24,BULL_PUT_BNF_57700_57100_W600,secondary,BNF,BULL_PUT,-217.55819702148438,-177.0,False,False,False
1551,2026-06-24,BULL_PUT_BNF_57700_56900_W800,secondary,BNF,BULL_PUT,-267.9585266113281,-201.0,False,False,False
1668,2026-06-29,BEAR_CALL_BNF_58700_59300_W600,secondary,BNF,BEAR_CALL,312.2225036621094,1530.0,True,False,True
1668,2026-06-29,BEAR_CALL_BNF_58700_59100_W400,secondary,BNF,BEAR_CALL,310.6661682128906,1251.0,False,False,False
1668,2026-06-29,BEAR_CALL_BNF_58700_59200_W500,secondary,BNF,BEAR_CALL,297.5001220703125,1411.5,False,False,False
1668,2026-06-29,BULL_PUT_NF_24000_23850_W150,primary,NF,BULL_PUT,209.674560546875,-2541.5,False,True,False
1668,2026-06-29,__NO_TRADE__,synthetic_no_trade,NF,NO_TRADE,121.54327392578125,0.0,False,False,False
1668,2026-06-29,BULL_PUT_BNF_57700_57100_W600,secondary,BNF,BULL_PUT,2.449361801147461,-2571.0,False,False,False
1668,2026-06-29,BULL_PUT_BNF_57700_57300_W400,secondary,BNF,BULL_PUT,-22.671218872070312,-2029.5,False,False,False
1668,2026-06-29,BULL_PUT_NF_24000_23750_W250,secondary,NF,BULL_PUT,-25.43777847290039,-3363.75,False,False,False
1668,2026-06-29,BULL_PUT_BNF_57700_57200_W500,secondary,BNF,BULL_PUT,-29.090354919433594,-2355.0,False,False,False
1668,2026-06-29,BULL_PUT_NF_24000_23800_W200,secondary,NF,BULL_PUT,-90.24517822265625,-3009.5,False,False,False
1668,2026-06-29,BULL_PUT_NF_24000_23700_W300,secondary,NF,BULL_PUT,-236.355224609375,-3562.0,False,False,False
1669,2026-06-29,BEAR_CALL_BNF_58700_59300_W600,secondary,BNF,BEAR_CALL,314.8267822265625,1360.5,True,False,True
1669,2026-06-29,BEAR_CALL_BNF_58700_59100_W400,secondary,BNF,BEAR_CALL,302.0029602050781,1116.0,False,False,False
1669,2026-06-29,BEAR_CALL_BNF_58700_59200_W500,secondary,BNF,BEAR_CALL,300.3797607421875,1258.5,False,False,False
1669,2026-06-29,BULL_PUT_NF_24000_23850_W150,primary,NF,BULL_PUT,199.25759887695312,-2509.0,False,True,False
1669,2026-06-29,BULL_PUT_BNF_57700_56900_W800,secondary,BNF,BULL_PUT,140.5365447998047,-2635.5,False,False,False
1669,2026-06-29,__NO_TRADE__,synthetic_no_trade,NF,NO_TRADE,122.40263366699219,0.0,False,False,False
1669,2026-06-29,BULL_PUT_BNF_57700_57100_W600,secondary,BNF,BULL_PUT,35.289825439453125,-2380.5,False,False,False
1669,2026-06-29,BULL_PUT_BNF_57700_57200_W500,secondary,BNF,BULL_PUT,-28.58025360107422,-2184.0,False,False,False
1669,2026-06-29,BULL_PUT_BNF_57700_57300_W400,secondary,BNF,BULL_PUT,-36.7027587890625,-1888.5,False,False,False
1669,2026-06-29,BULL_PUT_NF_24000_23750_W250,secondary,NF,BULL_PUT,-80.5631332397461,-3318.25,False,False,False
1669,2026-06-29,BULL_PUT_NF_24000_23800_W200,secondary,NF,BULL_PUT,-105.77650451660156,-2967.25,False,False,False
1669,2026-06-29,BULL_PUT_NF_24000_23700_W300,secondary,NF,BULL_PUT,-283.221435546875,-3516.5,False,False,False
1671,2026-06-29,BEAR_CALL_BNF_58700_59300_W600,secondary,BNF,BEAR_CALL,328.896728515625,1725.0,True,False,False
1671,2026-06-29,BEAR_CALL_BNF_58700_59500_W800,secondary,BNF,BEAR_CALL,323.805419921875,1936.5,False,False,True
1671,2026-06-29,BEAR_CALL_BNF_58700_59100_W400,secondary,BNF,BEAR_CALL,304.11260986328125,1396.5,False,False,False
1671,2026-06-29,BEAR_CALL_BNF_58700_59200_W500,secondary,BNF,BEAR_CALL,296.1588134765625,1587.0,False,False,False
1671,2026-06-29,BULL_PUT_NF_24000_23850_W150,primary,NF,BULL_PUT,193.37591552734375,-2626.0,False,True,False
1671,2026-06-29,__NO_TRADE__,synthetic_no_trade,NF,NO_TRADE,121.58944702148438,0.0,False,False,False
1671,2026-06-29,BULL_PUT_BNF_57700_57100_W600,secondary,BNF,BULL_PUT,11.392793655395508,-2727.0,False,False,False
1671,2026-06-29,BULL_PUT_NF_24000_23750_W250,secondary,NF,BULL_PUT,2.7446861267089844,-3480.75,False,False,False
1671,2026-06-29,BULL_PUT_BNF_57700_57200_W500,secondary,BNF,BULL_PUT,-1.1262149810791016,-2502.0,False,False,False
1671,2026-06-29,BULL_PUT_BNF_57700_57300_W400,secondary,BNF,BULL_PUT,-6.330631256103516,-2158.5,False,False,False
1671,2026-06-29,BULL_PUT_NF_24000_23800_W200,secondary,NF,BULL_PUT,-77.1832046508789,-3110.25,False,False,False
1671,2026-06-29,BULL_PUT_NF_24000_23700_W300,secondary,NF,BULL_PUT,-205.05487060546875,-3688.75,False,False,False
1692,2026-06-29,BEAR_CALL_NF_24100_24500_W400,secondary,NF,BEAR_CALL,1059.4569091796875,955.5,True,False,True
1692,2026-06-29,BEAR_CALL_NF_24100_24400_W300,secondary,NF,BEAR_CALL,847.7467041015625,923.0,False,False,False
1692,2026-06-29,BEAR_CALL_NF_24100_24350_W250,secondary,NF,BEAR_CALL,735.3148193359375,864.5,False,False,False
1692,2026-06-29,BEAR_CALL_NF_24100_24300_W200,secondary,NF,BEAR_CALL,645.8233642578125,776.75,False,False,False
1692,2026-06-29,BEAR_CALL_NF_24100_24250_W150,primary,NF,BEAR_CALL,554.58935546875,666.25,False,True,False
1692,2026-06-29,BEAR_CALL_BNF_58400_59000_W600,secondary,BNF,BEAR_CALL,364.3299255371094,759.0,False,False,False
1692,2026-06-29,BEAR_CALL_BNF_58400_58800_W400,secondary,BNF,BEAR_CALL,350.324951171875,588.0,False,False,False
1692,2026-06-29,BEAR_CALL_BNF_58400_58900_W500,secondary,BNF,BEAR_CALL,345.97821044921875,679.5,False,False,False
1692,2026-06-29,__NO_TRADE__,synthetic_no_trade,NF,NO_TRADE,131.2808837890625,0.0,False,False,False
1692,2026-06-29,BULL_PUT_BNF_57400_56800_W600,secondary,BNF,BULL_PUT,19.432334899902344,-103.5,False,False,False
1692,2026-06-29,BULL_PUT_BNF_57400_56900_W500,secondary,BNF,BULL_PUT,-38.978614807128906,-118.5,False,False,False
1692,2026-06-29,BULL_PUT_BNF_57400_57000_W400,secondary,BNF,BULL_PUT,-40.01799392700195,-111.0,False,False,False
1693,2026-06-29,BEAR_CALL_NF_24100_24400_W300,secondary,NF,BEAR_CALL,770.1505126953125,539.5,True,False,False
1693,2026-06-29,BEAR_CALL_NF_24100_24350_W250,secondary,NF,BEAR_CALL,654.56982421875,497.25,False,False,False
1693,2026-06-29,BEAR_CALL_NF_24100_24300_W200,secondary,NF,BEAR_CALL,585.5962524414062,442.0,False,False,False
1693,2026-06-29,BEAR_CALL_NF_24100_24250_W150,primary,NF,BEAR_CALL,482.21466064453125,377.0,False,True,False
1693,2026-06-29,BEAR_CALL_BNF_58300_58900_W600,secondary,BNF,BEAR_CALL,396.4510803222656,643.5,False,False,True
1693,2026-06-29,BEAR_CALL_BNF_58300_58700_W400,secondary,BNF,BEAR_CALL,360.7248229980469,504.0,False,False,False
1693,2026-06-29,BEAR_CALL_BNF_58300_58800_W500,secondary,BNF,BEAR_CALL,348.6009216308594,570.0,False,False,False
1693,2026-06-29,__NO_TRADE__,synthetic_no_trade,NF,NO_TRADE,131.25897216796875,0.0,False,False,False
1693,2026-06-29,BULL_PUT_BNF_57300_56700_W600,secondary,BNF,BULL_PUT,0.6924781799316406,265.5,False,False,False
1693,2026-06-29,BULL_PUT_BNF_57300_56900_W400,secondary,BNF,BULL_PUT,-21.55657386779785,154.5,False,False,False
1693,2026-06-29,BULL_PUT_BNF_57300_56800_W500,secondary,BNF,BULL_PUT,-31.88207244873047,201.0,False,False,False
1694,2026-06-29,BEAR_CALL_NF_24100_24400_W300,secondary,NF,BEAR_CALL,818.487060546875,708.5,True,False,True
1694,2026-06-29,BEAR_CALL_NF_24100_24350_W250,secondary,NF,BEAR_CALL,696.8577270507812,663.0,False,False,False
1694,2026-06-29,BEAR_CALL_NF_24100_24300_W200,secondary,NF,BEAR_CALL,617.4986572265625,591.5,False,False,False
1694,2026-06-29,BEAR_CALL_NF_24100_24250_W150,primary,NF,BEAR_CALL,517.7039794921875,507.0,False,True,False
1694,2026-06-29,BEAR_CALL_BNF_58300_58900_W600,secondary,BNF,BEAR_CALL,391.1985778808594,615.0,False,False,False
1694,2026-06-29,BEAR_CALL_BNF_58300_58700_W400,secondary,BNF,BEAR_CALL,361.3553466796875,469.5,False,False,False
1694,2026-06-29,BEAR_CALL_BNF_58300_58800_W500,secondary,BNF,BEAR_CALL,346.4208679199219,546.0,False,False,False
1694,2026-06-29,__NO_TRADE__,synthetic_no_trade,NF,NO_TRADE,131.57705688476562,0.0,False,False,False
1694,2026-06-29,BULL_PUT_BNF_57300_56700_W600,secondary,BNF,BULL_PUT,-1.26190185546875,235.5,False,False,False
1694,2026-06-29,BULL_PUT_BNF_57300_56900_W400,secondary,BNF,BULL_PUT,-20.3935546875,126.0,False,False,False
1694,2026-06-29,BULL_PUT_BNF_57300_56800_W500,secondary,BNF,BULL_PUT,-28.849815368652344,171.0,False,False,False
1695,2026-06-29,BEAR_CALL_NF_24100_24400_W300,secondary,NF,BEAR_CALL,771.0674438476562,546.0,True,False,False
1695,2026-06-29,BEAR_CALL_NF_24100_24350_W250,secondary,NF,BEAR_CALL,654.1288452148438,503.75,False,False,False
1695,2026-06-29,BEAR_CALL_NF_24100_24300_W200,secondary,NF,BEAR_CALL,584.9368896484375,448.5,False,False,False
1695,2026-06-29,BEAR_CALL_NF_24100_24250_W150,primary,NF,BEAR_CALL,485.90093994140625,393.25,False,True,False
1695,2026-06-29,BEAR_CALL_BNF_58200_59000_W800,secondary,BNF,BEAR_CALL,454.96478271484375,598.5,False,False,True
1695,2026-06-29,BEAR_CALL_BNF_58200_58800_W600,secondary,BNF,BEAR_CALL,434.64202880859375,501.0,False,False,False
1695,2026-06-29,BEAR_CALL_BNF_58200_58700_W500,secondary,BNF,BEAR_CALL,410.53375244140625,450.0,False,False,False
1695,2026-06-29,BEAR_CALL_BNF_58200_58600_W400,secondary,BNF,BEAR_CALL,371.4407958984375,367.5,False,False,False
1695,2026-06-29,__NO_TRADE__,synthetic_no_trade,NF,NO_TRADE,131.42007446289062,0.0,False,False,False
1695,2026-06-29,BULL_PUT_BNF_57200_56700_W500,secondary,BNF,BULL_PUT,19.753185272216797,325.5,False,False,False
1695,2026-06-29,BULL_PUT_BNF_57200_56800_W400,secondary,BNF,BULL_PUT,0.5235233306884766,250.5,False,False,False
1696,2026-06-29,BEAR_CALL_NF_24100_24400_W300,secondary,NF,BEAR_CALL,691.314453125,276.25,True,False,False
1696,2026-06-29,BEAR_CALL_NF_24100_24350_W250,secondary,NF,BEAR_CALL,570.6995849609375,243.75,False,False,False
1696,2026-06-29,BEAR_CALL_NF_24100_24300_W200,secondary,NF,BEAR_CALL,497.9029541015625,208.0,False,False,False
1696,2026-06-29,BEAR_CALL_BNF_58200_59000_W800,secondary,BNF,BEAR_CALL,441.2220458984375,375.0,False,False,False
1696,2026-06-29,BEAR_CALL_BNF_58200_58800_W600,secondary,BNF,BEAR_CALL,427.52947998046875,300.0,False,False,False
1696,2026-06-29,BEAR_CALL_NF_24100_24250_W150,primary,NF,BEAR_CALL,423.2469482421875,172.25,False,True,False
1696,2026-06-29,BEAR_CALL_BNF_58200_58700_W500,secondary,BNF,BEAR_CALL,379.91595458984375,270.0,False,False,False
1696,2026-06-29,BEAR_CALL_BNF_58200_58600_W400,secondary,BNF,BEAR_CALL,365.48931884765625,220.5,False,False,False
1696,2026-06-29,__NO_TRADE__,synthetic_no_trade,NF,NO_TRADE,131.44171142578125,0.0,False,False,False
1696,2026-06-29,BULL_PUT_BNF_57200_56600_W600,secondary,BNF,BULL_PUT,-0.401763916015625,591.0,False,False,True
1696,2026-06-29,BULL_PUT_BNF_57200_56800_W400,secondary,BNF,BULL_PUT,-5.045661926269531,420.0,False,False,False
1696,2026-06-29,BULL_PUT_BNF_57200_56700_W500,secondary,BNF,BULL_PUT,-7.1109771728515625,528.0,False,False,False
1697,2026-06-29,BEAR_CALL_NF_24100_24350_W250,secondary,NF,BEAR_CALL,537.0022583007812,149.5,True,False,False
1697,2026-06-29,BEAR_CALL_NF_24100_24300_W200,secondary,NF,BEAR_CALL,467.1189880371094,123.5,False,False,False
1697,2026-06-29,BEAR_CALL_NF_24100_24250_W150,primary,NF,BEAR_CALL,404.0538330078125,97.5,False,True,False
1697,2026-06-29,BEAR_CALL_BNF_58200_58800_W600,secondary,BNF,BEAR_CALL,394.7839660644531,61.5,False,False,False
1697,2026-06-29,BEAR_CALL_BNF_58200_58600_W400,secondary,BNF,BEAR_CALL,367.9211120605469,25.5,False,False,False
1697,2026-06-29,BEAR_CALL_BNF_58200_58700_W500,secondary,BNF,BEAR_CALL,355.82061767578125,49.5,False,False,False
1697,2026-06-29,__NO_TRADE__,synthetic_no_trade,NF,NO_TRADE,131.07760620117188,0.0,False,False,False
1697,2026-06-29,BULL_PUT_BNF_57200_56600_W600,secondary,BNF,BULL_PUT,19.88856315612793,781.5,False,False,True
1697,2026-06-29,BULL_PUT_BNF_57200_56800_W400,secondary,BNF,BULL_PUT,-12.442243576049805,571.5,False,False,False
1697,2026-06-29,BULL_PUT_BNF_57200_56700_W500,secondary,BNF,BULL_PUT,-17.64978790283203,697.5,False,False,False
1698,2026-06-29,BEAR_CALL_NF_24100_24400_W300,secondary,NF,BEAR_CALL,697.894287109375,341.25,True,False,False
1698,2026-06-29,BEAR_CALL_NF_24100_24350_W250,secondary,NF,BEAR_CALL,585.130859375,312.0,False,False,False
1698,2026-06-29,BEAR_CALL_NF_24100_24300_W200,secondary,NF,BEAR_CALL,514.6295776367188,269.75,False,False,False
1698,2026-06-29,BEAR_CALL_BNF_58200_59000_W800,secondary,BNF,BEAR_CALL,439.6669921875,336.0,False,False,False
1698,2026-06-29,BEAR_CALL_NF_24100_24250_W150,primary,NF,BEAR_CALL,435.69903564453125,224.25,False,True,False
1698,2026-06-29,BEAR_CALL_BNF_58200_58800_W600,secondary,BNF,BEAR_CALL,422.5582275390625,246.0,False,False,False
1698,2026-06-29,BEAR_CALL_BNF_58000_58400_W400,secondary,BNF,BEAR_CALL,418.66748046875,147.0,False,False,False
1698,2026-06-29,BEAR_CALL_BNF_58000_58500_W500,secondary,BNF,BEAR_CALL,413.0093994140625,208.5,False,False,False
1698,2026-06-29,BEAR_CALL_BNF_58000_58600_W600,secondary,BNF,BEAR_CALL,410.3413391113281,249.0,False,False,False
1698,2026-06-29,BEAR_CALL_BNF_58000_58800_W800,secondary,BNF,BEAR_CALL,403.97247314453125,312.0,False,False,False
1698,2026-06-29,BEAR_CALL_BNF_58200_58700_W500,secondary,BNF,BEAR_CALL,372.404052734375,225.0,False,False,False
1698,2026-06-29,BEAR_CALL_BNF_58200_58600_W400,secondary,BNF,BEAR_CALL,368.16033935546875,183.0,False,False,False
1698,2026-06-29,__NO_TRADE__,synthetic_no_trade,NF,NO_TRADE,130.78744506835938,0.0,False,False,False
1698,2026-06-29,BULL_PUT_BNF_57200_56600_W600,secondary,BNF,BULL_PUT,0.8218059539794922,589.5,False,False,True
1698,2026-06-29,BULL_PUT_BNF_57200_56700_W500,secondary,BNF,BULL_PUT,-4.906826019287109,525.0,False,False,False
1698,2026-06-29,BULL_PUT_BNF_57200_56800_W400,secondary,BNF,BULL_PUT,-5.042917251586914,433.5,False,False,False
1699,2026-06-29,BEAR_CALL_NF_24100_24400_W300,secondary,NF,BEAR_CALL,719.941162109375,383.5,True,False,False
1699,2026-06-29,BEAR_CALL_NF_24100_24350_W250,secondary,NF,BEAR_CALL,600.8065795898438,341.25,False,False,False
1699,2026-06-29,BEAR_CALL_NF_24100_24300_W200,secondary,NF,BEAR_CALL,527.3359375,292.5,False,False,False
1699,2026-06-29,BEAR_CALL_BNF_58200_59000_W800,secondary,BNF,BEAR_CALL,447.30462646484375,261.0,False,False,False
1699,2026-06-29,BEAR_CALL_NF_24100_24250_W150,primary,NF,BEAR_CALL,442.41729736328125,243.75,False,True,False
1699,2026-06-29,BEAR_CALL_BNF_58000_58500_W500,secondary,BNF,BEAR_CALL,430.1751403808594,108.0,False,False,False
1699,2026-06-29,BEAR_CALL_BNF_58000_58600_W600,secondary,BNF,BEAR_CALL,421.6694641113281,135.0,False,False,False
1699,2026-06-29,BEAR_CALL_BNF_58200_58800_W600,secondary,BNF,BEAR_CALL,418.23175048828125,193.5,False,False,False
1699,2026-06-29,BEAR_CALL_BNF_58000_58400_W400,secondary,BNF,BEAR_CALL,417.3453369140625,58.5,False,False,False
1699,2026-06-29,BEAR_CALL_BNF_58000_58800_W800,secondary,BNF,BEAR_CALL,412.59820556640625,198.0,False,False,False
1699,2026-06-29,BEAR_CALL_BNF_58200_58600_W400,secondary,BNF,BEAR_CALL,368.271484375,130.5,False,False,False
1699,2026-06-29,BEAR_CALL_BNF_58200_58700_W500,secondary,BNF,BEAR_CALL,361.98370361328125,168.0,False,False,False
1699,2026-06-29,__NO_TRADE__,synthetic_no_trade,NF,NO_TRADE,131.6448974609375,0.0,False,False,False
1699,2026-06-29,BULL_PUT_BNF_57200_56600_W600,secondary,BNF,BULL_PUT,3.6403274536132812,661.5,False,False,True
1699,2026-06-29,BULL_PUT_BNF_57200_56800_W400,secondary,BNF,BULL_PUT,-7.548740386962891,477.0,False,False,False
1699,2026-06-29,BULL_PUT_BNF_57200_56700_W500,secondary,BNF,BULL_PUT,-11.39365005493164,588.0,False,False,False
1716,2026-06-29,BEAR_CALL_BNF_58400_59000_W600,secondary,BNF,BEAR_CALL,369.03680419921875,685.5,True,False,True
1716,2026-06-29,BEAR_CALL_BNF_58400_58800_W400,secondary,BNF,BEAR_CALL,355.87542724609375,543.0,False,False,False
1716,2026-06-29,BEAR_CALL_BNF_58400_58900_W500,secondary,BNF,BEAR_CALL,349.64666748046875,624.0,False,False,False
1716,2026-06-29,__NO_TRADE__,synthetic_no_trade,BNF,NO_TRADE,81.93194580078125,0.0,False,False,False
1716,2026-06-29,BULL_PUT_BNF_57400_57000_W400,primary,BNF,BULL_PUT,70.73155212402344,-391.5,False,True,False
1716,2026-06-29,BULL_PUT_BNF_57400_56900_W500,secondary,BNF,BULL_PUT,9.347599029541016,-433.5,False,False,False
1717,2026-06-29,BEAR_CALL_BNF_58400_59000_W600,secondary,BNF,BEAR_CALL,365.31829833984375,784.5,True,False,True
1717,2026-06-29,BEAR_CALL_BNF_58400_58800_W400,secondary,BNF,BEAR_CALL,362.71630859375,631.5,False,False,False
1717,2026-06-29,BEAR_CALL_BNF_58400_58900_W500,secondary,BNF,BEAR_CALL,349.235595703125,721.5,False,False,False
1717,2026-06-29,__NO_TRADE__,synthetic_no_trade,BNF,NO_TRADE,82.11347198486328,0.0,False,False,False
1717,2026-06-29,BULL_PUT_BNF_57400_57000_W400,primary,BNF,BULL_PUT,60.19919204711914,-478.5,False,True,False
1717,2026-06-29,BULL_PUT_BNF_57400_56900_W500,secondary,BNF,BULL_PUT,18.93688201904297,-543.0,False,False,False
1718,2026-06-29,BEAR_CALL_BNF_58400_58900_W500,secondary,BNF,BEAR_CALL,346.2373046875,526.5,True,False,True
1718,2026-06-29,BEAR_CALL_BNF_58400_58800_W400,secondary,BNF,BEAR_CALL,343.0173645019531,465.0,False,False,False
1718,2026-06-29,BULL_PUT_BNF_57400_57000_W400,primary,BNF,BULL_PUT,83.48460388183594,-220.5,False,True,False
1718,2026-06-29,__NO_TRADE__,synthetic_no_trade,BNF,NO_TRADE,81.40788269042969,0.0,False,False,False
1718,2026-06-29,BULL_PUT_BNF_57400_56800_W600,secondary,BNF,BULL_PUT,5.928674697875977,-264.0,False,False,False
1718,2026-06-29,BULL_PUT_BNF_57400_56900_W500,secondary,BNF,BULL_PUT,-14.21922492980957,-244.5,False,False,False
1719,2026-06-29,BEAR_CALL_BNF_58400_59000_W600,secondary,BNF,BEAR_CALL,368.08099365234375,694.5,True,False,True
1719,2026-06-29,BEAR_CALL_BNF_58400_58900_W500,secondary,BNF,BEAR_CALL,348.67999267578125,639.0,False,False,False
1719,2026-06-29,BEAR_CALL_BNF_58400_58800_W400,primary,BNF,BEAR_CALL,315.6201171875,561.0,False,True,False
1719,2026-06-29,__NO_TRADE__,synthetic_no_trade,BNF,NO_TRADE,60.21287155151367,0.0,False,False,False
1719,2026-06-29,BULL_PUT_BNF_57400_56900_W500,secondary,BNF,BULL_PUT,9.664886474609375,-420.0,False,False,False
1719,2026-06-29,BULL_PUT_BNF_57400_57000_W400,secondary,BNF,BULL_PUT,1.5589351654052734,-387.0,False,False,False
1720,2026-06-29,BEAR_CALL_BNF_58400_58900_W500,secondary,BNF,BEAR_CALL,347.36309814453125,537.0,True,False,True
1720,2026-06-29,BEAR_CALL_BNF_58400_58800_W400,secondary,BNF,BEAR_CALL,345.21258544921875,471.0,False,False,False
1720,2026-06-29,__NO_TRADE__,synthetic_no_trade,BNF,NO_TRADE,81.51163482666016,0.0,False,False,False
1720,2026-06-29,BULL_PUT_BNF_57400_57000_W400,primary,BNF,BULL_PUT,79.04568481445312,-301.5,False,True,False
1720,2026-06-29,BULL_PUT_BNF_57400_56800_W600,secondary,BNF,BULL_PUT,6.860422134399414,-348.0,False,False,False
1720,2026-06-29,BULL_PUT_BNF_57400_56900_W500,secondary,BNF,BULL_PUT,-2.378570556640625,-324.0,False,False,False
1721,2026-06-29,BEAR_CALL_BNF_58400_58800_W400,secondary,BNF,BEAR_CALL,352.391357421875,526.5,True,False,False
1721,2026-06-29,BEAR_CALL_BNF_58400_58900_W500,secondary,BNF,BEAR_CALL,348.6624450683594,592.5,False,False,True
1721,2026-06-29,__NO_TRADE__,synthetic_no_trade,BNF,NO_TRADE,81.3517074584961,0.0,False,False,False
1721,2026-06-29,BULL_PUT_BNF_57400_57000_W400,primary,BNF,BULL_PUT,70.594970703125,-385.5,False,True,False
1721,2026-06-29,BULL_PUT_BNF_57400_56900_W500,secondary,BNF,BULL_PUT,12.213739395141602,-418.5,False,False,False
1722,2026-06-29,BEAR_CALL_BNF_58400_59000_W600,secondary,BNF,BEAR_CALL,369.8193359375,898.5,True,False,True
1722,2026-06-29,BEAR_CALL_BNF_58400_58800_W400,secondary,BNF,BEAR_CALL,362.85711669921875,720.0,False,False,False
1722,2026-06-29,BEAR_CALL_BNF_58400_58900_W500,secondary,BNF,BEAR_CALL,346.40423583984375,828.0,False,False,False
1722,2026-06-29,__NO_TRADE__,synthetic_no_trade,BNF,NO_TRADE,82.70021057128906,0.0,False,False,False
1722,2026-06-29,BULL_PUT_BNF_57400_57000_W400,primary,BNF,BULL_PUT,53.547237396240234,-537.0,False,True,False
1723,2026-06-29,BEAR_CALL_BNF_58400_58900_W500,secondary,BNF,BEAR_CALL,348.88092041015625,574.5,True,False,True
1723,2026-06-29,BEAR_CALL_BNF_58400_58800_W400,primary,BNF,BEAR_CALL,312.0830383300781,508.5,False,True,False
1723,2026-06-29,__NO_TRADE__,synthetic_no_trade,BNF,NO_TRADE,60.55272674560547,0.0,False,False,False
1723,2026-06-29,BULL_PUT_BNF_57400_56900_W500,secondary,BNF,BULL_PUT,13.847036361694336,-436.5,False,False,False
1723,2026-06-29,BULL_PUT_BNF_57400_57000_W400,secondary,BNF,BULL_PUT,2.1610183715820312,-391.5,False,False,False
1724,2026-06-29,BEAR_CALL_BNF_58400_59000_W600,secondary,BNF,BEAR_CALL,364.2298583984375,802.5,True,False,True
1724,2026-06-29,BEAR_CALL_BNF_58400_58800_W400,secondary,BNF,BEAR_CALL,364.13189697265625,642.0,False,False,False
1724,2026-06-29,BEAR_CALL_BNF_58400_58900_W500,secondary,BNF,BEAR_CALL,348.42010498046875,736.5,False,False,False
1724,2026-06-29,__NO_TRADE__,synthetic_no_trade,BNF,NO_TRADE,84.17269897460938,0.0,False,False,False
1724,2026-06-29,BULL_PUT_BNF_57400_57000_W400,primary,BNF,BULL_PUT,60.99151611328125,-484.5,False,True,False
1725,2026-06-29,BEAR_CALL_BNF_58400_59000_W600,secondary,BNF,BEAR_CALL,368.04541015625,718.5,True,False,True
1725,2026-06-29,BEAR_CALL_BNF_58400_58800_W400,secondary,BNF,BEAR_CALL,360.46661376953125,564.0,False,False,False
1725,2026-06-29,BEAR_CALL_BNF_58400_58900_W500,secondary,BNF,BEAR_CALL,349.9079284667969,660.0,False,False,False
1725,2026-06-29,__NO_TRADE__,synthetic_no_trade,BNF,NO_TRADE,85.8144760131836,0.0,False,False,False
1725,2026-06-29,BULL_PUT_BNF_57400_57000_W400,primary,BNF,BULL_PUT,69.88955688476562,-427.5,False,True,False
1725,2026-06-29,BULL_PUT_BNF_57400_56900_W500,secondary,BNF,BULL_PUT,5.5891265869140625,-481.5,False,False,False
1726,2026-06-29,BEAR_CALL_BNF_58300_58900_W600,secondary,BNF,BEAR_CALL,379.27716064453125,385.5,True,False,True
1726,2026-06-29,BEAR_CALL_BNF_58300_58800_W500,secondary,BNF,BEAR_CALL,360.67559814453125,348.0,False,False,False
1726,2026-06-29,BEAR_CALL_BNF_58300_58700_W400,primary,BNF,BEAR_CALL,326.2388916015625,316.5,False,True,False
1726,2026-06-29,__NO_TRADE__,synthetic_no_trade,BNF,NO_TRADE,64.15152740478516,0.0,False,False,False
1726,2026-06-29,BULL_PUT_BNF_57300_56700_W600,secondary,BNF,BULL_PUT,-5.744407653808594,88.5,False,False,False
1726,2026-06-29,BULL_PUT_BNF_57300_56900_W400,secondary,BNF,BULL_PUT,-9.465038299560547,16.5,False,False,False
1726,2026-06-29,BULL_PUT_BNF_57300_56800_W500,secondary,BNF,BULL_PUT,-12.919862747192383,39.0,False,False,False
1727,2026-06-29,BEAR_CALL_BNF_58300_58800_W500,secondary,BNF,BEAR_CALL,358.03033447265625,175.5,True,False,False
1727,2026-06-29,BEAR_CALL_BNF_58300_58700_W400,secondary,BNF,BEAR_CALL,350.74847412109375,159.0,False,False,False
1727,2026-06-29,BULL_PUT_BNF_57300_56900_W400,primary,BNF,BULL_PUT,86.89875793457031,165.0,False,True,False
1727,2026-06-29,__NO_TRADE__,synthetic_no_trade,BNF,NO_TRADE,85.16719818115234,0.0,False,False,False
1727,2026-06-29,BULL_PUT_BNF_57300_56700_W600,secondary,BNF,BULL_PUT,12.552667617797852,268.5,False,False,True
1727,2026-06-29,BULL_PUT_BNF_57300_56800_W500,secondary,BNF,BULL_PUT,-17.972497940063477,195.0,False,False,False
1728,2026-06-29,BEAR_CALL_BNF_58000_58600_W600,secondary,BNF,BEAR_CALL,465.1578369140625,-177.0,True,False,False
1728,2026-06-29,BEAR_CALL_BNF_58000_58500_W500,secondary,BNF,BEAR_CALL,456.17041015625,-162.0,False,False,False
1728,2026-06-29,BEAR_CALL_BNF_58000_58800_W800,secondary,BNF,BEAR_CALL,427.864990234375,-202.5,False,False,False
1728,2026-06-29,BEAR_CALL_BNF_58000_58400_W400,secondary,BNF,BEAR_CALL,418.85858154296875,-163.5,False,False,False
1728,2026-06-29,BEAR_CALL_BNF_58200_58800_W600,secondary,BNF,BEAR_CALL,395.6229248046875,-106.5,False,False,False
1728,2026-06-29,BEAR_CALL_BNF_58200_58600_W400,secondary,BNF,BEAR_CALL,392.047119140625,-81.0,False,False,False
1728,2026-06-29,BEAR_CALL_BNF_58200_58700_W500,secondary,BNF,BEAR_CALL,373.6689453125,-76.5,False,False,False
1728,2026-06-29,__NO_TRADE__,synthetic_no_trade,BNF,NO_TRADE,91.86508178710938,0.0,False,False,False
1728,2026-06-29,BULL_PUT_BNF_57200_56800_W400,primary,BNF,BULL_PUT,62.69179153442383,217.5,False,True,True
1729,2026-06-29,BEAR_CALL_BNF_58000_58500_W500,secondary,BNF,BEAR_CALL,443.70947265625,108.0,True,False,False
1729,2026-06-29,BEAR_CALL_BNF_58000_58600_W600,secondary,BNF,BEAR_CALL,432.765380859375,124.5,False,False,False
1729,2026-06-29,BEAR_CALL_BNF_58000_58800_W800,secondary,BNF,BEAR_CALL,431.453369140625,144.0,False,False,True
1729,2026-06-29,BEAR_CALL_BNF_58000_58400_W400,secondary,BNF,BEAR_CALL,426.65216064453125,69.0,False,False,False
1729,2026-06-29,BEAR_CALL_BNF_58200_58800_W600,secondary,BNF,BEAR_CALL,410.25543212890625,94.5,False,False,False
1729,2026-06-29,BEAR_CALL_BNF_58200_58700_W500,secondary,BNF,BEAR_CALL,362.1505126953125,108.0,False,False,False
1729,2026-06-29,BEAR_CALL_BNF_58200_58600_W400,primary,BNF,BEAR_CALL,330.75970458984375,75.0,False,True,False
1729,2026-06-29,__NO_TRADE__,synthetic_no_trade,BNF,NO_TRADE,73.8729019165039,0.0,False,False,False
1817,2026-07-01,BULL_PUT_BNF_57100_56700_W400,secondary,BNF,BULL_PUT,665.1040649414062,567.0,True,False,False
1817,2026-07-01,BULL_PUT_BNF_57100_56300_W800,secondary,BNF,BULL_PUT,589.7923583984375,1398.0,False,False,False
1817,2026-07-01,BULL_PUT_BNF_57100_56600_W500,secondary,BNF,BULL_PUT,576.2452392578125,886.5,False,False,False
1817,2026-07-01,BULL_PUT_BNF_57100_56500_W600,secondary,BNF,BULL_PUT,575.122314453125,1209.0,False,False,False
1817,2026-07-01,BULL_PUT_BNF_57100_56100_W1000,secondary,BNF,BULL_PUT,467.96160888671875,1536.0,False,False,True
1817,2026-07-01,__NO_TRADE__,synthetic_no_trade,BNF,NO_TRADE,-53.58182144165039,0.0,False,False,False
1817,2026-07-01,BEAR_CALL_BNF_58100_58500_W400,primary,BNF,BEAR_CALL,-247.14915466308594,-972.0,False,True,False
1817,2026-07-01,BEAR_CALL_BNF_58100_59100_W1000,secondary,BNF,BEAR_CALL,-490.5591125488281,-1917.0,False,False,False
1817,2026-07-01,BEAR_CALL_BNF_58100_58900_W800,secondary,BNF,BEAR_CALL,-519.0396118164062,-1791.0,False,False,False
1817,2026-07-01,BEAR_CALL_BNF_58100_58700_W600,secondary,BNF,BEAR_CALL,-643.7365112304688,-1450.5,False,False,False
1817,2026-07-01,BEAR_CALL_BNF_58100_58600_W500,secondary,BNF,BEAR_CALL,-667.3569946289062,-1228.5,False,False,False
1818,2026-07-01,BULL_PUT_BNF_57000_56600_W400,secondary,BNF,BULL_PUT,721.4680786132812,667.5,True,False,False
1818,2026-07-01,BULL_PUT_BNF_57000_56500_W500,secondary,BNF,BULL_PUT,564.3104248046875,997.5,False,False,False
1818,2026-07-01,BULL_PUT_BNF_57000_56400_W600,secondary,BNF,BULL_PUT,544.71728515625,1182.0,False,False,False
1818,2026-07-01,BULL_PUT_BNF_57000_56200_W800,secondary,BNF,BULL_PUT,539.41796875,1336.5,False,False,False
1818,2026-07-01,BULL_PUT_BNF_57000_56000_W1000,secondary,BNF,BULL_PUT,381.85528564453125,1938.0,False,False,True
1818,2026-07-01,__NO_TRADE__,synthetic_no_trade,BNF,NO_TRADE,-56.10908508300781,0.0,False,False,False
1818,2026-07-01,BEAR_CALL_BNF_58000_58600_W600,primary,BNF,BEAR_CALL,-289.80621337890625,-1321.5,False,True,False
1818,2026-07-01,BEAR_CALL_BNF_58000_58400_W400,secondary,BNF,BEAR_CALL,-385.3748779296875,-1116.0,False,False,False
1818,2026-07-01,BEAR_CALL_BNF_58000_59000_W1000,secondary,BNF,BEAR_CALL,-405.55792236328125,-2239.5,False,False,False
1818,2026-07-01,BEAR_CALL_BNF_58000_58800_W800,secondary,BNF,BEAR_CALL,-474.1988525390625,-1854.0,False,False,False
1818,2026-07-01,BEAR_CALL_BNF_58000_58500_W500,secondary,BNF,BEAR_CALL,-577.10498046875,-1170.0,False,False,False
1819,2026-07-01,BULL_PUT_BNF_57000_56600_W400,secondary,BNF,BULL_PUT,672.5697631835938,663.0,True,False,False
1819,2026-07-01,BULL_PUT_BNF_57000_56500_W500,secondary,BNF,BULL_PUT,567.463134765625,912.0,False,False,False
1819,2026-07-01,BULL_PUT_BNF_57000_56400_W600,secondary,BNF,BULL_PUT,534.48681640625,1071.0,False,False,False
1819,2026-07-01,BULL_PUT_BNF_57000_56200_W800,secondary,BNF,BULL_PUT,525.01806640625,1203.0,False,False,False
1819,2026-07-01,BULL_PUT_BNF_57000_56000_W1000,secondary,BNF,BULL_PUT,351.502197265625,1816.5,False,False,True
1819,2026-07-01,__NO_TRADE__,synthetic_no_trade,BNF,NO_TRADE,-54.37508010864258,0.0,False,False,False
1819,2026-07-01,BEAR_CALL_BNF_58000_58500_W500,primary,BNF,BEAR_CALL,-294.9223327636719,-1032.0,False,True,False
1819,2026-07-01,BEAR_CALL_BNF_58000_58400_W400,secondary,BNF,BEAR_CALL,-381.09942626953125,-928.5,False,False,False
1819,2026-07-01,BEAR_CALL_BNF_58000_59000_W1000,secondary,BNF,BEAR_CALL,-381.53912353515625,-2092.5,False,False,False
1819,2026-07-01,BEAR_CALL_BNF_58000_58800_W800,secondary,BNF,BEAR_CALL,-442.9167175292969,-1660.5,False,False,False
1819,2026-07-01,BEAR_CALL_BNF_58000_58600_W600,secondary,BNF,BEAR_CALL,-572.8359985351562,-1326.0,False,False,False
1820,2026-07-01,BULL_PUT_BNF_57100_56700_W400,secondary,BNF,BULL_PUT,807.574462890625,477.0,True,False,False
1820,2026-07-01,BULL_PUT_BNF_57100_56600_W500,secondary,BNF,BULL_PUT,619.29345703125,816.0,False,False,False
1820,2026-07-01,BULL_PUT_BNF_57100_56500_W600,secondary,BNF,BULL_PUT,565.490966796875,1086.0,False,False,False
1820,2026-07-01,BULL_PUT_BNF_57100_56300_W800,secondary,BNF,BULL_PUT,543.1546630859375,1291.5,False,False,False
1820,2026-07-01,BULL_PUT_BNF_57100_56100_W1000,secondary,BNF,BULL_PUT,424.9839172363281,1536.0,False,False,True
1820,2026-07-01,__NO_TRADE__,synthetic_no_trade,BNF,NO_TRADE,-53.0916633605957,0.0,False,False,False
1820,2026-07-01,BEAR_CALL_BNF_58100_58500_W400,primary,BNF,BEAR_CALL,-195.97311401367188,-940.5,False,True,False
1820,2026-07-01,BEAR_CALL_BNF_58100_59100_W1000,secondary,BNF,BEAR_CALL,-451.50872802734375,-1857.0,False,False,False
1820,2026-07-01,BEAR_CALL_BNF_58100_58900_W800,secondary,BNF,BEAR_CALL,-494.4474792480469,-1789.5,False,False,False
1820,2026-07-01,BEAR_CALL_BNF_58100_58600_W500,secondary,BNF,BEAR_CALL,-562.6715087890625,-1198.5,False,False,False
1820,2026-07-01,BEAR_CALL_BNF_58100_58700_W600,secondary,BNF,BEAR_CALL,-583.8560791015625,-1369.5,False,False,False
1821,2026-07-01,BULL_PUT_BNF_57200_56800_W400,secondary,BNF,BULL_PUT,800.4639892578125,466.5,True,False,False
1821,2026-07-01,BULL_PUT_BNF_57200_56700_W500,secondary,BNF,BULL_PUT,629.19970703125,516.0,False,False,False
1821,2026-07-01,BULL_PUT_BNF_57200_56600_W600,secondary,BNF,BULL_PUT,606.4168701171875,724.5,False,False,False
1821,2026-07-01,BULL_PUT_BNF_57200_56400_W800,secondary,BNF,BULL_PUT,553.7222900390625,1119.0,False,False,True
1821,2026-07-01,BULL_PUT_BNF_57200_56200_W1000,secondary,BNF,BULL_PUT,478.79559326171875,1035.0,False,False,False
1821,2026-07-01,__NO_TRADE__,synthetic_no_trade,BNF,NO_TRADE,-54.879329681396484,0.0,False,False,False
1821,2026-07-01,BEAR_CALL_BNF_58200_58700_W500,primary,BNF,BEAR_CALL,-218.83056640625,-907.5,False,True,False
1821,2026-07-01,BEAR_CALL_BNF_58200_58600_W400,secondary,BNF,BEAR_CALL,-396.07794189453125,-756.0,False,False,False
1821,2026-07-01,BEAR_CALL_BNF_58200_59200_W1000,secondary,BNF,BEAR_CALL,-491.1346740722656,-1572.0,False,False,False
1821,2026-07-01,BEAR_CALL_BNF_58200_59000_W800,secondary,BNF,BEAR_CALL,-500.1156311035156,-1342.5,False,False,False
1821,2026-07-01,BEAR_CALL_BNF_58200_58800_W600,secondary,BNF,BEAR_CALL,-591.3521728515625,-1015.5,False,False,False
1822,2026-07-01,BULL_PUT_BNF_57200_56800_W400,secondary,BNF,BULL_PUT,870.7593994140625,436.5,True,False,False
1822,2026-07-01,BULL_PUT_BNF_57200_56700_W500,secondary,BNF,BULL_PUT,673.27001953125,502.5,False,False,False
1822,2026-07-01,BULL_PUT_BNF_57200_56600_W600,secondary,BNF,BULL_PUT,646.1294555664062,715.5,False,False,False
1822,2026-07-01,BULL_PUT_BNF_57200_56400_W800,secondary,BNF,BULL_PUT,584.2154541015625,1120.5,False,False,False
1822,2026-07-01,BULL_PUT_BNF_57200_56200_W1000,secondary,BNF,BULL_PUT,494.80072021484375,1164.0,False,False,True
1822,2026-07-01,__NO_TRADE__,synthetic_no_trade,BNF,NO_TRADE,-52.654640197753906,0.0,False,False,False
1822,2026-07-01,BEAR_CALL_BNF_58200_58600_W400,primary,BNF,BEAR_CALL,-147.6268310546875,-742.5,False,True,False
1822,2026-07-01,BEAR_CALL_BNF_58200_59000_W800,secondary,BNF,BEAR_CALL,-522.0220336914062,-1284.0,False,False,False
1822,2026-07-01,BEAR_CALL_BNF_58200_59200_W1000,secondary,BNF,BEAR_CALL,-524.6655883789062,-1546.5,False,False,False
1822,2026-07-01,BEAR_CALL_BNF_58200_58800_W600,secondary,BNF,BEAR_CALL,-598.13916015625,-994.5,False,False,False
1822,2026-07-01,BEAR_CALL_BNF_58200_58700_W500,secondary,BNF,BEAR_CALL,-599.6941528320312,-909.0,False,False,False
1823,2026-07-01,BULL_PUT_BNF_57100_56700_W400,secondary,BNF,BULL_PUT,677.7769165039062,433.5,True,False,False
1823,2026-07-01,BULL_PUT_BNF_57100_56600_W500,secondary,BNF,BULL_PUT,561.2364501953125,685.5,False,False,False
1823,2026-07-01,BULL_PUT_BNF_57100_56500_W600,secondary,BNF,BULL_PUT,462.78057861328125,993.0,False,False,False
1823,2026-07-01,BULL_PUT_BNF_57100_56300_W800,secondary,BNF,BULL_PUT,431.9653625488281,1189.5,False,False,False
1823,2026-07-01,BULL_PUT_BNF_57100_56100_W1000,secondary,BNF,BULL_PUT,320.240234375,1321.5,False,False,True
1823,2026-07-01,__NO_TRADE__,synthetic_no_trade,BNF,NO_TRADE,-53.57001495361328,0.0,False,False,False
1823,2026-07-01,BEAR_CALL_BNF_58100_58600_W500,primary,BNF,BEAR_CALL,-250.64183044433594,-948.0,False,True,False
1823,2026-07-01,BEAR_CALL_BNF_58100_58500_W400,secondary,BNF,BEAR_CALL,-334.3184814453125,-805.5,False,False,False
1823,2026-07-01,BEAR_CALL_BNF_58100_59100_W1000,secondary,BNF,BEAR_CALL,-376.7773742675781,-1449.0,False,False,False
1823,2026-07-01,BEAR_CALL_BNF_58100_58900_W800,secondary,BNF,BEAR_CALL,-426.36468505859375,-1455.0,False,False,False
1823,2026-07-01,BEAR_CALL_BNF_58100_58700_W600,secondary,BNF,BEAR_CALL,-538.8816528320312,-1243.5,False,False,False
1824,2026-07-01,BULL_PUT_BNF_57200_56800_W400,secondary,BNF,BULL_PUT,831.8624877929688,508.5,True,False,False
1824,2026-07-01,BULL_PUT_BNF_57200_56700_W500,secondary,BNF,BULL_PUT,666.554931640625,532.5,False,False,False
1824,2026-07-01,BULL_PUT_BNF_57200_56600_W600,secondary,BNF,BULL_PUT,613.0125732421875,807.0,False,False,False
1824,2026-07-01,BULL_PUT_BNF_57200_56400_W800,secondary,BNF,BULL_PUT,572.1113891601562,1158.0,False,False,False
1824,2026-07-01,BULL_PUT_BNF_57200_56200_W1000,secondary,BNF,BULL_PUT,485.54559326171875,1300.5,False,False,True
1824,2026-07-01,__NO_TRADE__,synthetic_no_trade,BNF,NO_TRADE,-51.07154083251953,0.0,False,False,False
1824,2026-07-01,BEAR_CALL_BNF_58200_58600_W400,primary,BNF,BEAR_CALL,-155.26559448242188,-685.5,False,True,False
1824,2026-07-01,BEAR_CALL_BNF_58200_59000_W800,secondary,BNF,BEAR_CALL,-525.3707275390625,-1242.0,False,False,False
1824,2026-07-01,BEAR_CALL_BNF_58200_59200_W1000,secondary,BNF,BEAR_CALL,-526.2989501953125,-1461.0,False,False,False
1824,2026-07-01,BEAR_CALL_BNF_58200_58800_W600,secondary,BNF,BEAR_CALL,-584.019287109375,-939.0,False,False,False
1824,2026-07-01,BEAR_CALL_BNF_58200_58700_W500,secondary,BNF,BEAR_CALL,-586.1173095703125,-858.0,False,False,False
1825,2026-07-01,BULL_PUT_BNF_57100_56700_W400,secondary,BNF,BULL_PUT,855.19287109375,469.5,True,False,False
1825,2026-07-01,BULL_PUT_BNF_57100_56600_W500,secondary,BNF,BULL_PUT,661.6038818359375,768.0,False,False,False
1825,2026-07-01,BULL_PUT_BNF_57100_56500_W600,secondary,BNF,BULL_PUT,570.9911499023438,1023.0,False,False,False
1825,2026-07-01,BULL_PUT_BNF_57100_56300_W800,secondary,BNF,BULL_PUT,541.8334350585938,1210.5,False,False,False
1825,2026-07-01,BULL_PUT_BNF_57100_56100_W1000,secondary,BNF,BULL_PUT,431.85101318359375,1371.0,False,False,True
1825,2026-07-01,__NO_TRADE__,synthetic_no_trade,BNF,NO_TRADE,-50.90068817138672,0.0,False,False,False
1825,2026-07-01,BEAR_CALL_BNF_58100_58500_W400,primary,BNF,BEAR_CALL,-199.8515625,-810.0,False,True,False
1825,2026-07-01,BEAR_CALL_BNF_58100_59100_W1000,secondary,BNF,BEAR_CALL,-451.2095031738281,-1545.0,False,False,False
1825,2026-07-01,BEAR_CALL_BNF_58100_58900_W800,secondary,BNF,BEAR_CALL,-490.1773681640625,-1485.0,False,False,False
1825,2026-07-01,BEAR_CALL_BNF_58100_58600_W500,secondary,BNF,BEAR_CALL,-529.6827392578125,-1057.5,False,False,False
1825,2026-07-01,BEAR_CALL_BNF_58100_58700_W600,secondary,BNF,BEAR_CALL,-549.4052734375,-1201.5,False,False,False
1826,2026-07-01,BULL_PUT_BNF_57200_56800_W400,secondary,BNF,BULL_PUT,883.7060546875,424.5,True,False,False
1826,2026-07-01,BULL_PUT_BNF_57200_56700_W500,secondary,BNF,BULL_PUT,696.6112060546875,463.5,False,False,False
1826,2026-07-01,BULL_PUT_BNF_57200_56600_W600,secondary,BNF,BULL_PUT,644.710205078125,691.5,False,False,False
1826,2026-07-01,BULL_PUT_BNF_57200_56400_W800,secondary,BNF,BULL_PUT,605.6220703125,975.0,False,False,False
1826,2026-07-01,BULL_PUT_BNF_57200_56200_W1000,secondary,BNF,BULL_PUT,497.24969482421875,1116.0,False,False,True
1826,2026-07-01,__NO_TRADE__,synthetic_no_trade,BNF,NO_TRADE,-52.907100677490234,0.0,False,False,False
1826,2026-07-01,BEAR_CALL_BNF_58200_58700_W500,primary,BNF,BEAR_CALL,-224.6065673828125,-799.5,False,True,False
1826,2026-07-01,BEAR_CALL_BNF_58200_58600_W400,secondary,BNF,BEAR_CALL,-412.769775390625,-655.5,False,False,False
1826,2026-07-01,BEAR_CALL_BNF_58200_59200_W1000,secondary,BNF,BEAR_CALL,-503.9407958984375,-1326.0,False,False,False
1826,2026-07-01,BEAR_CALL_BNF_58200_59000_W800,secondary,BNF,BEAR_CALL,-512.2205810546875,-1150.5,False,False,False
1826,2026-07-01,BEAR_CALL_BNF_58200_58800_W600,secondary,BNF,BEAR_CALL,-567.12890625,-864.0,False,False,False
1827,2026-07-01,BULL_PUT_BNF_57200_56800_W400,secondary,BNF,BULL_PUT,670.480712890625,253.5,True,False,False
1827,2026-07-01,BULL_PUT_BNF_57200_56700_W500,secondary,BNF,BULL_PUT,546.021728515625,244.5,False,False,False
1827,2026-07-01,BULL_PUT_BNF_57200_56600_W600,secondary,BNF,BULL_PUT,443.9591369628906,459.0,False,False,False
1827,2026-07-01,BULL_PUT_BNF_57200_56400_W800,secondary,BNF,BULL_PUT,395.7925720214844,729.0,False,False,False
1827,2026-07-01,BULL_PUT_BNF_57200_56200_W1000,secondary,BNF,BULL_PUT,277.9483337402344,825.0,False,False,True
1827,2026-07-01,__NO_TRADE__,synthetic_no_trade,BNF,NO_TRADE,-52.552310943603516,0.0,False,False,False
1827,2026-07-01,BEAR_CALL_BNF_58200_58800_W600,primary,BNF,BEAR_CALL,-240.201904296875,-609.0,False,True,False
1827,2026-07-01,BEAR_CALL_BNF_58200_58600_W400,secondary,BNF,BEAR_CALL,-347.3316650390625,-474.0,False,False,False
1827,2026-07-01,BEAR_CALL_BNF_58200_59200_W1000,secondary,BNF,BEAR_CALL,-366.0157165527344,-915.0,False,False,False
1827,2026-07-01,BEAR_CALL_BNF_58200_59000_W800,secondary,BNF,BEAR_CALL,-387.43218994140625,-790.5,False,False,False
1827,2026-07-01,BEAR_CALL_BNF_58200_58700_W500,secondary,BNF,BEAR_CALL,-468.7785339355469,-583.5,False,False,False
1828,2026-07-01,BULL_PUT_BNF_57300_56900_W400,secondary,BNF,BULL_PUT,656.12939453125,15.0,True,False,False
1828,2026-07-01,BULL_PUT_BNF_57300_56800_W500,secondary,BNF,BULL_PUT,570.8764038085938,100.5,False,False,False
1828,2026-07-01,BULL_PUT_BNF_57300_56700_W600,secondary,BNF,BULL_PUT,470.2130432128906,33.0,False,False,False
1828,2026-07-01,BULL_PUT_BNF_57300_56500_W800,secondary,BNF,BULL_PUT,431.47601318359375,357.0,False,False,False
1828,2026-07-01,BULL_PUT_BNF_57300_56300_W1000,secondary,BNF,BULL_PUT,330.40679931640625,364.5,False,False,True
1828,2026-07-01,__NO_TRADE__,synthetic_no_trade,BNF,NO_TRADE,-53.2934455871582,0.0,False,False,False
1828,2026-07-01,BEAR_CALL_BNF_58300_58900_W600,primary,BNF,BEAR_CALL,-202.1605987548828,-171.0,False,True,False
1828,2026-07-01,BEAR_CALL_BNF_58300_59300_W1000,secondary,BNF,BEAR_CALL,-341.7264404296875,-40.5,False,False,False
1828,2026-07-01,BEAR_CALL_BNF_58300_59100_W800,secondary,BNF,BEAR_CALL,-344.7166442871094,-36.0,False,False,False
1828,2026-07-01,BEAR_CALL_BNF_58300_58700_W400,secondary,BNF,BEAR_CALL,-353.29241943359375,-195.0,False,False,False
1828,2026-07-01,BEAR_CALL_BNF_58300_58800_W500,secondary,BNF,BEAR_CALL,-419.94708251953125,-135.0,False,False,False
1829,2026-07-01,BULL_PUT_BNF_57300_56900_W400,secondary,BNF,BULL_PUT,554.4867553710938,-45.0,True,False,False
1829,2026-07-01,BULL_PUT_BNF_57300_56800_W500,secondary,BNF,BULL_PUT,482.82196044921875,45.0,False,False,False
1829,2026-07-01,BULL_PUT_BNF_57300_56700_W600,secondary,BNF,BULL_PUT,388.0144348144531,-27.0,False,False,False
1829,2026-07-01,BULL_PUT_BNF_57300_56500_W800,secondary,BNF,BULL_PUT,343.1822509765625,280.5,False,False,True
1829,2026-07-01,BULL_PUT_BNF_57300_56300_W1000,secondary,BNF,BULL_PUT,228.12425231933594,277.5,False,False,False
1829,2026-07-01,__NO_TRADE__,synthetic_no_trade,BNF,NO_TRADE,-53.65725326538086,0.0,False,False,False
1829,2026-07-01,BEAR_CALL_BNF_58300_58900_W600,primary,BNF,BEAR_CALL,-200.32217407226562,-142.5,False,True,False
1829,2026-07-01,BEAR_CALL_BNF_58300_59100_W800,secondary,BNF,BEAR_CALL,-301.93994140625,37.5,False,False,False
1829,2026-07-01,BEAR_CALL_BNF_58300_59300_W1000,secondary,BNF,BEAR_CALL,-307.73895263671875,94.5,False,False,False
1829,2026-07-01,BEAR_CALL_BNF_58300_58700_W400,secondary,BNF,BEAR_CALL,-363.05059814453125,-138.0,False,False,False
1829,2026-07-01,BEAR_CALL_BNF_58300_58800_W500,secondary,BNF,BEAR_CALL,-399.7181091308594,-105.0,False,False,False
1830,2026-07-01,BULL_PUT_BNF_57300_56900_W400,secondary,BNF,BULL_PUT,621.932861328125,-54.0,True,False,False
1830,2026-07-01,BULL_PUT_BNF_57300_56800_W500,secondary,BNF,BULL_PUT,539.9139404296875,52.5,False,False,False
1830,2026-07-01,BULL_PUT_BNF_57300_56700_W600,secondary,BNF,BULL_PUT,440.974609375,-42.0,False,False,False
1830,2026-07-01,BULL_PUT_BNF_57300_56500_W800,secondary,BNF,BULL_PUT,395.46533203125,279.0,False,False,True
1830,2026-07-01,BULL_PUT_BNF_57300_56300_W1000,secondary,BNF,BULL_PUT,283.8729553222656,279.0,False,False,False
1830,2026-07-01,__NO_TRADE__,synthetic_no_trade,BNF,NO_TRADE,-53.22832107543945,0.0,False,False,False
1830,2026-07-01,BEAR_CALL_BNF_58300_58900_W600,primary,BNF,BEAR_CALL,-200.72410583496094,-222.0,False,True,False
1830,2026-07-01,BEAR_CALL_BNF_58300_59300_W1000,secondary,BNF,BEAR_CALL,-328.5578308105469,-36.0,False,False,False
1830,2026-07-01,BEAR_CALL_BNF_58300_59100_W800,secondary,BNF,BEAR_CALL,-330.2223815917969,-69.0,False,False,False
1830,2026-07-01,BEAR_CALL_BNF_58300_58700_W400,secondary,BNF,BEAR_CALL,-351.33660888671875,-192.0,False,False,False
1830,2026-07-01,BEAR_CALL_BNF_58300_58800_W500,secondary,BNF,BEAR_CALL,-412.86077880859375,-145.5,False,False,False
1831,2026-07-01,BULL_PUT_BNF_57300_56900_W400,secondary,BNF,BULL_PUT,734.817138671875,135.0,True,False,False
1831,2026-07-01,BULL_PUT_BNF_57300_56800_W500,secondary,BNF,BULL_PUT,645.8094482421875,246.0,False,False,False
1831,2026-07-01,BULL_PUT_BNF_57300_56700_W600,secondary,BNF,BULL_PUT,576.8912963867188,249.0,False,False,False
1831,2026-07-01,BULL_PUT_BNF_57300_56500_W800,secondary,BNF,BULL_PUT,562.3972778320312,559.5,False,False,False
1831,2026-07-01,BULL_PUT_BNF_57300_56300_W1000,secondary,BNF,BULL_PUT,467.382080078125,621.0,False,False,True
1831,2026-07-01,__NO_TRADE__,synthetic_no_trade,BNF,NO_TRADE,-52.479000091552734,0.0,False,False,False
1831,2026-07-01,BEAR_CALL_BNF_58300_58900_W600,primary,BNF,BEAR_CALL,-206.036865234375,-472.5,False,True,False
1831,2026-07-01,BEAR_CALL_BNF_58300_58700_W400,secondary,BNF,BEAR_CALL,-407.4783935546875,-343.5,False,False,False
1831,2026-07-01,BEAR_CALL_BNF_58300_59100_W800,secondary,BNF,BEAR_CALL,-457.2034912109375,-412.5,False,False,False
1831,2026-07-01,BEAR_CALL_BNF_58300_59300_W1000,secondary,BNF,BEAR_CALL,-461.28485107421875,-426.0,False,False,False
1831,2026-07-01,BEAR_CALL_BNF_58300_58800_W500,secondary,BNF,BEAR_CALL,-511.4989013671875,-352.5,False,False,False
1832,2026-07-01,BULL_PUT_BNF_57200_56800_W400,secondary,BNF,BULL_PUT,803.6156005859375,204.0,True,False,False
1832,2026-07-01,BULL_PUT_BNF_57200_56700_W500,secondary,BNF,BULL_PUT,690.1034545898438,156.0,False,False,False
1832,2026-07-01,BULL_PUT_BNF_57200_56600_W600,secondary,BNF,BULL_PUT,540.4111328125,378.0,False,False,False
1832,2026-07-01,BULL_PUT_BNF_57200_56400_W800,secondary,BNF,BULL_PUT,487.6520690917969,628.5,False,False,False
1832,2026-07-01,BULL_PUT_BNF_57200_56200_W1000,secondary,BNF,BULL_PUT,362.77008056640625,709.5,False,False,True
1832,2026-07-01,__NO_TRADE__,synthetic_no_trade,BNF,NO_TRADE,-47.18487548828125,0.0,False,False,False
1832,2026-07-01,BEAR_CALL_BNF_58200_58600_W400,primary,BNF,BEAR_CALL,-194.56973266601562,-450.0,False,True,False
1832,2026-07-01,BEAR_CALL_BNF_58200_59200_W1000,secondary,BNF,BEAR_CALL,-402.3804626464844,-961.5,False,False,False
1832,2026-07-01,BEAR_CALL_BNF_58200_59000_W800,secondary,BNF,BEAR_CALL,-422.435302734375,-850.5,False,False,False
1832,2026-07-01,BEAR_CALL_BNF_58200_58700_W500,secondary,BNF,BEAR_CALL,-476.4503173828125,-597.0,False,False,False
1832,2026-07-01,BEAR_CALL_BNF_58200_58800_W600,secondary,BNF,BEAR_CALL,-484.3406066894531,-622.5,False,False,False
1833,2026-07-01,BULL_PUT_BNF_57200_56800_W400,secondary,BNF,BULL_PUT,785.1273193359375,273.0,True,False,False
1833,2026-07-01,BULL_PUT_BNF_57200_56700_W500,secondary,BNF,BULL_PUT,621.9122314453125,306.0,False,False,False
1833,2026-07-01,BULL_PUT_BNF_57200_56600_W600,secondary,BNF,BULL_PUT,516.0365600585938,534.0,False,False,False
1833,2026-07-01,BULL_PUT_BNF_57200_56400_W800,secondary,BNF,BULL_PUT,484.91937255859375,762.0,False,False,False
1833,2026-07-01,BULL_PUT_BNF_57200_56200_W1000,secondary,BNF,BULL_PUT,377.5821533203125,874.5,False,False,True
1833,2026-07-01,__NO_TRADE__,synthetic_no_trade,BNF,NO_TRADE,-43.990352630615234,0.0,False,False,False
1833,2026-07-01,BEAR_CALL_BNF_58200_58600_W400,primary,BNF,BEAR_CALL,-188.68186950683594,-550.5,False,True,False
1833,2026-07-01,BEAR_CALL_BNF_58200_59200_W1000,secondary,BNF,BEAR_CALL,-452.4007568359375,-1206.0,False,False,False
1833,2026-07-01,BEAR_CALL_BNF_58200_59000_W800,secondary,BNF,BEAR_CALL,-461.27154541015625,-1048.5,False,False,False
1833,2026-07-01,BEAR_CALL_BNF_58200_58700_W500,secondary,BNF,BEAR_CALL,-498.8323059082031,-724.5,False,False,False
1833,2026-07-01,BEAR_CALL_BNF_58200_58800_W600,secondary,BNF,BEAR_CALL,-510.53375244140625,-768.0,False,False,False
1834,2026-07-01,BULL_PUT_BNF_57200_56800_W400,secondary,BNF,BULL_PUT,761.97119140625,252.0,True,False,False
1834,2026-07-01,BULL_PUT_BNF_57200_56700_W500,secondary,BNF,BULL_PUT,619.9337158203125,240.0,False,False,False
1834,2026-07-01,BULL_PUT_BNF_57200_56600_W600,secondary,BNF,BULL_PUT,514.9191284179688,432.0,False,False,False
1834,2026-07-01,BULL_PUT_BNF_57200_56400_W800,secondary,BNF,BULL_PUT,459.97528076171875,706.5,False,False,False
1834,2026-07-01,BULL_PUT_BNF_57200_56200_W1000,secondary,BNF,BULL_PUT,340.1716613769531,768.0,False,False,True
1834,2026-07-01,__NO_TRADE__,synthetic_no_trade,BNF,NO_TRADE,-50.77059555053711,0.0,False,False,False
1834,2026-07-01,BEAR_CALL_BNF_58200_58600_W400,primary,BNF,BEAR_CALL,-178.52444458007812,-474.0,False,True,False
1834,2026-07-01,BEAR_CALL_BNF_58200_59200_W1000,secondary,BNF,BEAR_CALL,-363.0401306152344,-1041.0,False,False,False
1834,2026-07-01,BEAR_CALL_BNF_58200_59000_W800,secondary,BNF,BEAR_CALL,-388.0209045410156,-843.0,False,False,False
1834,2026-07-01,BEAR_CALL_BNF_58200_58700_W500,secondary,BNF,BEAR_CALL,-476.91046142578125,-624.0,False,False,False
1834,2026-07-01,BEAR_CALL_BNF_58200_58800_W600,secondary,BNF,BEAR_CALL,-483.7269287109375,-682.5,False,False,False
1835,2026-07-01,BULL_PUT_BNF_57200_56800_W400,secondary,BNF,BULL_PUT,687.6318359375,277.5,True,False,False
1835,2026-07-01,BULL_PUT_BNF_57200_56700_W500,secondary,BNF,BULL_PUT,589.9998168945312,211.5,False,False,False
1835,2026-07-01,BULL_PUT_BNF_57200_56600_W600,secondary,BNF,BULL_PUT,462.27191162109375,469.5,False,False,False
1835,2026-07-01,BULL_PUT_BNF_57200_56400_W800,secondary,BNF,BULL_PUT,425.66015625,682.5,False,False,False
1835,2026-07-01,BULL_PUT_BNF_57200_56200_W1000,secondary,BNF,BULL_PUT,300.1060791015625,795.0,False,False,True
1835,2026-07-01,__NO_TRADE__,synthetic_no_trade,BNF,NO_TRADE,-49.61677551269531,0.0,False,False,False
1835,2026-07-01,BEAR_CALL_BNF_58200_58600_W400,primary,BNF,BEAR_CALL,-188.84304809570312,-427.5,False,True,False
1835,2026-07-01,BEAR_CALL_BNF_58200_59200_W1000,secondary,BNF,BEAR_CALL,-367.6798400878906,-942.0,False,False,False
1835,2026-07-01,BEAR_CALL_BNF_58200_59000_W800,secondary,BNF,BEAR_CALL,-392.4108581542969,-826.5,False,False,False
1835,2026-07-01,BEAR_CALL_BNF_58200_58700_W500,secondary,BNF,BEAR_CALL,-472.2884521484375,-597.0,False,False,False
1835,2026-07-01,BEAR_CALL_BNF_58200_58800_W600,secondary,BNF,BEAR_CALL,-477.3587951660156,-628.5,False,False,False
1836,2026-07-01,BULL_PUT_BNF_57200_56800_W400,secondary,BNF,BULL_PUT,666.88427734375,309.0,True,False,False
1836,2026-07-01,BULL_PUT_BNF_57200_56700_W500,secondary,BNF,BULL_PUT,547.684814453125,286.5,False,False,False
1836,2026-07-01,BULL_PUT_BNF_57200_56600_W600,secondary,BNF,BULL_PUT,453.1089172363281,496.5,False,False,False
1836,2026-07-01,BULL_PUT_BNF_57200_56400_W800,secondary,BNF,BULL_PUT,405.6761474609375,774.0,False,False,False
1836,2026-07-01,BULL_PUT_BNF_57200_56200_W1000,secondary,BNF,BULL_PUT,294.4952392578125,855.0,False,False,True
1836,2026-07-01,__NO_TRADE__,synthetic_no_trade,BNF,NO_TRADE,-53.04624938964844,0.0,False,False,False
1836,2026-07-01,BEAR_CALL_BNF_58200_58800_W600,primary,BNF,BEAR_CALL,-241.26535034179688,-700.5,False,True,False
1836,2026-07-01,BEAR_CALL_BNF_58200_58600_W400,secondary,BNF,BEAR_CALL,-340.2033996582031,-526.5,False,False,False
1836,2026-07-01,BEAR_CALL_BNF_58200_59200_W1000,secondary,BNF,BEAR_CALL,-374.66693115234375,-1089.0,False,False,False
1836,2026-07-01,BEAR_CALL_BNF_58200_59000_W800,secondary,BNF,BEAR_CALL,-400.9163818359375,-951.0,False,False,False
1836,2026-07-01,BEAR_CALL_BNF_58200_58700_W500,secondary,BNF,BEAR_CALL,-480.5729064941406,-664.5,False,False,False
1837,2026-07-01,BULL_PUT_BNF_57300_56900_W400,secondary,BNF,BULL_PUT,685.0054931640625,157.5,True,False,False
1837,2026-07-01,BULL_PUT_BNF_57300_56800_W500,secondary,BNF,BULL_PUT,570.65087890625,283.5,False,False,False
1837,2026-07-01,BULL_PUT_BNF_57300_56700_W600,secondary,BNF,BULL_PUT,493.85369873046875,289.5,False,False,False
1837,2026-07-01,BULL_PUT_BNF_57300_56500_W800,secondary,BNF,BULL_PUT,468.2630615234375,640.5,False,False,False
1837,2026-07-01,BULL_PUT_BNF_57300_56300_W1000,secondary,BNF,BULL_PUT,392.83953857421875,708.0,False,False,True
1837,2026-07-01,__NO_TRADE__,synthetic_no_trade,BNF,NO_TRADE,-52.923336029052734,0.0,False,False,False
1837,2026-07-01,BEAR_CALL_BNF_58300_58900_W600,primary,BNF,BEAR_CALL,-203.45162963867188,-516.0,False,True,False
1837,2026-07-01,BEAR_CALL_BNF_58300_58700_W400,secondary,BNF,BEAR_CALL,-374.2191162109375,-393.0,False,False,False
1837,2026-07-01,BEAR_CALL_BNF_58300_59300_W1000,secondary,BNF,BEAR_CALL,-414.7398376464844,-469.5,False,False,False
1837,2026-07-01,BEAR_CALL_BNF_58300_59100_W800,secondary,BNF,BEAR_CALL,-419.342041015625,-442.5,False,False,False
1837,2026-07-01,BEAR_CALL_BNF_58300_58800_W500,secondary,BNF,BEAR_CALL,-490.6499328613281,-406.5,False,False,False
1838,2026-07-01,BULL_PUT_BNF_57300_56900_W400,secondary,BNF,BULL_PUT,597.3343505859375,69.0,True,False,False
1838,2026-07-01,BULL_PUT_BNF_57300_56800_W500,secondary,BNF,BULL_PUT,508.95391845703125,156.0,False,False,False
1838,2026-07-01,BULL_PUT_BNF_57300_56700_W600,secondary,BNF,BULL_PUT,411.369873046875,130.5,False,False,False
1838,2026-07-01,BULL_PUT_BNF_57300_56500_W800,secondary,BNF,BULL_PUT,374.47540283203125,465.0,False,False,False
1838,2026-07-01,BULL_PUT_BNF_57300_56300_W1000,secondary,BNF,BULL_PUT,283.22869873046875,484.5,False,False,True
1838,2026-07-01,__NO_TRADE__,synthetic_no_trade,BNF,NO_TRADE,-52.134647369384766,0.0,False,False,False
1838,2026-07-01,BEAR_CALL_BNF_58300_58900_W600,primary,BNF,BEAR_CALL,-202.1072540283203,-352.5,False,True,False
1838,2026-07-01,BEAR_CALL_BNF_58300_59300_W1000,secondary,BNF,BEAR_CALL,-339.75384521484375,-198.0,False,False,False
1838,2026-07-01,BEAR_CALL_BNF_58300_58700_W400,secondary,BNF,BEAR_CALL,-342.01617431640625,-309.0,False,False,False
1838,2026-07-01,BEAR_CALL_BNF_58300_59100_W800,secondary,BNF,BEAR_CALL,-344.1009216308594,-207.0,False,False,False
1838,2026-07-01,BEAR_CALL_BNF_58300_58800_W500,secondary,BNF,BEAR_CALL,-428.16180419921875,-271.5,False,False,False
1839,2026-07-01,BULL_PUT_BNF_57400_57000_W400,secondary,BNF,BULL_PUT,529.2945556640625,121.5,True,False,False
1839,2026-07-01,BULL_PUT_BNF_57400_56900_W500,secondary,BNF,BULL_PUT,464.8781433105469,18.0,False,False,False
1839,2026-07-01,BULL_PUT_BNF_57400_56800_W600,secondary,BNF,BULL_PUT,416.64459228515625,75.0,False,False,False
1839,2026-07-01,BULL_PUT_BNF_57400_56600_W800,secondary,BNF,BULL_PUT,405.17041015625,160.5,False,False,False
1839,2026-07-01,BULL_PUT_BNF_57400_56400_W1000,secondary,BNF,BULL_PUT,333.2168273925781,282.0,False,False,True
1839,2026-07-01,__NO_TRADE__,synthetic_no_trade,BNF,NO_TRADE,-46.05813980102539,0.0,False,False,False
1839,2026-07-01,BEAR_CALL_BNF_58400_59000_W600,primary,BNF,BEAR_CALL,-176.0479736328125,-108.0,False,True,False
1839,2026-07-01,BEAR_CALL_BNF_58400_58800_W400,secondary,BNF,BEAR_CALL,-338.3560791015625,-126.0,False,False,False
1839,2026-07-01,BEAR_CALL_BNF_58400_59200_W800,secondary,BNF,BEAR_CALL,-355.7644348144531,-135.0,False,False,False
1839,2026-07-01,BEAR_CALL_BNF_58400_59400_W1000,secondary,BNF,BEAR_CALL,-368.62933349609375,132.0,False,False,False
1839,2026-07-01,BEAR_CALL_BNF_58400_58900_W500,secondary,BNF,BEAR_CALL,-416.31683349609375,-153.0,False,False,False
1840,2026-07-01,BULL_PUT_BNF_57400_57000_W400,secondary,BNF,BULL_PUT,531.3250732421875,51.0,True,False,False
1840,2026-07-01,BULL_PUT_BNF_57400_56900_W500,secondary,BNF,BULL_PUT,466.003662109375,-33.0,False,False,False
1840,2026-07-01,BULL_PUT_BNF_57400_56800_W600,secondary,BNF,BULL_PUT,404.32696533203125,30.0,False,False,False
1840,2026-07-01,BULL_PUT_BNF_57400_56600_W800,secondary,BNF,BULL_PUT,385.2342529296875,126.0,False,False,False
1840,2026-07-01,BULL_PUT_BNF_57400_56400_W1000,secondary,BNF,BULL_PUT,309.99066162109375,249.0,False,False,True
1840,2026-07-01,__NO_TRADE__,synthetic_no_trade,BNF,NO_TRADE,-50.02803421020508,0.0,False,False,False
1840,2026-07-01,BEAR_CALL_BNF_58400_59000_W600,primary,BNF,BEAR_CALL,-169.66668701171875,-76.5,False,True,False
1840,2026-07-01,BEAR_CALL_BNF_58400_59200_W800,secondary,BNF,BEAR_CALL,-325.54632568359375,-84.0,False,False,False
1840,2026-07-01,BEAR_CALL_BNF_58400_58800_W400,secondary,BNF,BEAR_CALL,-329.91021728515625,-91.5,False,False,False
1840,2026-07-01,BEAR_CALL_BNF_58400_59400_W1000,secondary,BNF,BEAR_CALL,-334.58740234375,139.5,False,False,False
1840,2026-07-01,BEAR_CALL_BNF_58400_58900_W500,secondary,BNF,BEAR_CALL,-398.68768310546875,-118.5,False,False,False
1841,2026-07-01,BULL_PUT_BNF_57400_57000_W400,secondary,BNF,BULL_PUT,551.74853515625,174.0,True,False,False
1841,2026-07-01,BULL_PUT_BNF_57400_56900_W500,secondary,BNF,BULL_PUT,481.34423828125,111.0,False,False,False
1841,2026-07-01,BULL_PUT_BNF_57400_56800_W600,secondary,BNF,BULL_PUT,453.468017578125,201.0,False,False,False
1841,2026-07-01,BULL_PUT_BNF_57400_56600_W800,secondary,BNF,BULL_PUT,445.677490234375,316.5,False,False,False
1841,2026-07-01,BULL_PUT_BNF_57400_56400_W1000,secondary,BNF,BULL_PUT,383.1806640625,451.5,False,False,True
1841,2026-07-01,__NO_TRADE__,synthetic_no_trade,BNF,NO_TRADE,-42.13697814941406,0.0,False,False,False
1841,2026-07-01,BEAR_CALL_BNF_58400_58800_W400,primary,BNF,BEAR_CALL,-52.10085678100586,-217.5,False,True,False
1841,2026-07-01,BEAR_CALL_BNF_58400_59200_W800,secondary,BNF,BEAR_CALL,-407.64630126953125,-378.0,False,False,False
1841,2026-07-01,BEAR_CALL_BNF_58400_59400_W1000,secondary,BNF,BEAR_CALL,-431.34857177734375,-187.5,False,False,False
1841,2026-07-01,BEAR_CALL_BNF_58400_59000_W600,secondary,BNF,BEAR_CALL,-457.074462890625,-339.0,False,False,False
1841,2026-07-01,BEAR_CALL_BNF_58400_58900_W500,secondary,BNF,BEAR_CALL,-463.4165954589844,-312.0,False,False,False
1842,2026-07-01,BULL_PUT_BNF_57400_57000_W400,secondary,BNF,BULL_PUT,542.5079345703125,166.5,True,False,False
1842,2026-07-01,BULL_PUT_BNF_57400_56900_W500,secondary,BNF,BULL_PUT,483.3392333984375,54.0,False,False,False
1842,2026-07-01,BULL_PUT_BNF_57400_56800_W600,secondary,BNF,BULL_PUT,448.1960754394531,135.0,False,False,False
1842,2026-07-01,BULL_PUT_BNF_57400_56600_W800,secondary,BNF,BULL_PUT,437.600830078125,247.5,False,False,False
1842,2026-07-01,BULL_PUT_BNF_57400_56400_W1000,secondary,BNF,BULL_PUT,368.4013366699219,397.5,False,False,True
1842,2026-07-01,__NO_TRADE__,synthetic_no_trade,BNF,NO_TRADE,-38.50662612915039,0.0,False,False,False
1842,2026-07-01,BEAR_CALL_BNF_58400_58800_W400,primary,BNF,BEAR_CALL,-126.77381896972656,-13.5,False,True,False
1842,2026-07-01,BEAR_CALL_BNF_58400_59200_W800,secondary,BNF,BEAR_CALL,-393.17584228515625,-168.0,False,False,False
1842,2026-07-01,BEAR_CALL_BNF_58400_59400_W1000,secondary,BNF,BEAR_CALL,-414.2875671386719,40.5,False,False,False
1842,2026-07-01,BEAR_CALL_BNF_58400_59000_W600,secondary,BNF,BEAR_CALL,-428.0998229980469,-136.5,False,False,False
1842,2026-07-01,BEAR_CALL_BNF_58400_58900_W500,secondary,BNF,BEAR_CALL,-442.163818359375,-171.0,False,False,False
1843,2026-07-01,BULL_PUT_BNF_57300_56900_W400,secondary,BNF,BULL_PUT,410.95623779296875,54.0,True,False,False
1843,2026-07-01,BULL_PUT_BNF_57300_56800_W500,secondary,BNF,BULL_PUT,347.22271728515625,148.5,False,False,False
1843,2026-07-01,BULL_PUT_BNF_57300_56700_W600,secondary,BNF,BULL_PUT,285.15576171875,72.0,False,False,False
1843,2026-07-01,BULL_PUT_BNF_57300_56500_W800,secondary,BNF,BULL_PUT,243.38372802734375,387.0,False,False,False
1843,2026-07-01,BULL_PUT_BNF_57300_56300_W1000,secondary,BNF,BULL_PUT,137.10350036621094,393.0,False,False,True
1843,2026-07-01,__NO_TRADE__,synthetic_no_trade,BNF,NO_TRADE,-45.440765380859375,0.0,False,False,False
1843,2026-07-01,BEAR_CALL_BNF_58300_58900_W600,primary,BNF,BEAR_CALL,-211.08218383789062,-280.5,False,True,False
1843,2026-07-01,BEAR_CALL_BNF_58300_59100_W800,secondary,BNF,BEAR_CALL,-312.8675537109375,-133.5,False,False,False
1843,2026-07-01,BEAR_CALL_BNF_58300_59300_W1000,secondary,BNF,BEAR_CALL,-324.07763671875,-142.5,False,False,False
1843,2026-07-01,BEAR_CALL_BNF_58300_58700_W400,secondary,BNF,BEAR_CALL,-359.6717529296875,-225.0,False,False,False
1843,2026-07-01,BEAR_CALL_BNF_58300_58800_W500,secondary,BNF,BEAR_CALL,-400.33660888671875,-201.0,False,False,False
1847,2026-07-01,BULL_PUT_BNF_57300_56500_W800,secondary,BNF,BULL_PUT,464.9939880371094,412.5,True,False,False
1847,2026-07-01,BULL_PUT_BNF_57300_56700_W600,secondary,BNF,BULL_PUT,459.4881591796875,76.5,False,False,False
1847,2026-07-01,BULL_PUT_BNF_57300_56900_W400,secondary,BNF,BULL_PUT,433.0201110839844,37.5,False,False,False
1847,2026-07-01,BULL_PUT_BNF_57300_56800_W500,secondary,BNF,BULL_PUT,398.10162353515625,121.5,False,False,False
1847,2026-07-01,BULL_PUT_BNF_57300_56300_W1000,secondary,BNF,BULL_PUT,288.5577697753906,436.5,False,False,True
1847,2026-07-01,__NO_TRADE__,synthetic_no_trade,BNF,NO_TRADE,-61.85076141357422,0.0,False,False,False
1847,2026-07-01,BEAR_CALL_BNF_58300_58800_W500,primary,BNF,BEAR_CALL,-96.01216888427734,-256.5,False,True,False
1847,2026-07-01,BEAR_CALL_BNF_58300_59100_W800,secondary,BNF,BEAR_CALL,-121.23961639404297,-222.0,False,False,False
1847,2026-07-01,BEAR_CALL_BNF_58300_58700_W400,secondary,BNF,BEAR_CALL,-136.3482666015625,-265.5,False,False,False
1847,2026-07-01,BEAR_CALL_BNF_58300_58900_W600,secondary,BNF,BEAR_CALL,-192.9304962158203,-363.0,False,False,False
1847,2026-07-01,BEAR_CALL_BNF_58300_59300_W1000,secondary,BNF,BEAR_CALL,-209.309326171875,-214.5,False,False,False
1848,2026-07-01,BULL_PUT_BNF_57400_57000_W400,secondary,BNF,BULL_PUT,536.022216796875,148.5,True,False,False
1848,2026-07-01,BULL_PUT_BNF_57400_56900_W500,secondary,BNF,BULL_PUT,466.271484375,69.0,False,False,False
1848,2026-07-01,BULL_PUT_BNF_57400_56800_W600,secondary,BNF,BULL_PUT,425.82275390625,144.0,False,False,False
1848,2026-07-01,BULL_PUT_BNF_57400_56600_W800,secondary,BNF,BULL_PUT,412.869873046875,253.5,False,False,False
1848,2026-07-01,BULL_PUT_BNF_57400_56400_W1000,secondary,BNF,BULL_PUT,346.26031494140625,409.5,False,False,True
1848,2026-07-01,__NO_TRADE__,synthetic_no_trade,BNF,NO_TRADE,-41.756690979003906,0.0,False,False,False
1848,2026-07-01,BEAR_CALL_BNF_58400_58900_W500,primary,BNF,BEAR_CALL,-161.03219604492188,-220.5,False,True,False
1848,2026-07-01,BEAR_CALL_BNF_58400_58800_W400,secondary,BNF,BEAR_CALL,-344.18304443359375,-160.5,False,False,False
1848,2026-07-01,BEAR_CALL_BNF_58400_59200_W800,secondary,BNF,BEAR_CALL,-376.68292236328125,-279.0,False,False,False
1848,2026-07-01,BEAR_CALL_BNF_58400_59400_W1000,secondary,BNF,BEAR_CALL,-392.3542175292969,-24.0,False,False,False
1848,2026-07-01,BEAR_CALL_BNF_58400_59000_W600,secondary,BNF,BEAR_CALL,-425.91827392578125,-240.0,False,False,False
1849,2026-07-01,BULL_PUT_BNF_57400_57000_W400,secondary,BNF,BULL_PUT,435.7557373046875,120.0,True,False,False
1849,2026-07-01,BULL_PUT_BNF_57400_56900_W500,secondary,BNF,BULL_PUT,374.9906921386719,9.0,False,False,False
1849,2026-07-01,BULL_PUT_BNF_57400_56800_W600,secondary,BNF,BULL_PUT,306.8223876953125,103.5,False,False,False
1849,2026-07-01,BULL_PUT_BNF_57400_56600_W800,secondary,BNF,BULL_PUT,282.87200927734375,151.5,False,False,False
1849,2026-07-01,BULL_PUT_BNF_57400_56400_W1000,secondary,BNF,BULL_PUT,200.15914916992188,303.0,False,False,True
1849,2026-07-01,__NO_TRADE__,synthetic_no_trade,BNF,NO_TRADE,-39.22623825073242,0.0,False,False,False
1849,2026-07-01,BEAR_CALL_BNF_58400_59000_W600,primary,BNF,BEAR_CALL,-178.97860717773438,-72.0,False,True,False
1849,2026-07-01,BEAR_CALL_BNF_58400_59200_W800,secondary,BNF,BEAR_CALL,-294.43994140625,-79.5,False,False,False
1849,2026-07-01,BEAR_CALL_BNF_58400_58800_W400,secondary,BNF,BEAR_CALL,-306.19091796875,-61.5,False,False,False
1849,2026-07-01,BEAR_CALL_BNF_58400_59400_W1000,secondary,BNF,BEAR_CALL,-312.3501892089844,178.5,False,False,False
1849,2026-07-01,BEAR_CALL_BNF_58400_58900_W500,secondary,BNF,BEAR_CALL,-361.90484619140625,-117.0,False,False,False
1850,2026-07-01,BULL_PUT_BNF_57400_57000_W400,secondary,BNF,BULL_PUT,492.20025634765625,168.0,True,False,False
1850,2026-07-01,BULL_PUT_BNF_57400_56900_W500,secondary,BNF,BULL_PUT,409.7173767089844,97.5,False,False,False
1850,2026-07-01,BULL_PUT_BNF_57400_56800_W600,secondary,BNF,BULL_PUT,352.9161376953125,171.0,False,False,False
1850,2026-07-01,BULL_PUT_BNF_57400_56600_W800,secondary,BNF,BULL_PUT,328.54974365234375,277.5,False,False,False
1850,2026-07-01,BULL_PUT_BNF_57400_56400_W1000,secondary,BNF,BULL_PUT,266.2825927734375,403.5,False,False,True
1850,2026-07-01,__NO_TRADE__,synthetic_no_trade,BNF,NO_TRADE,-49.9466438293457,0.0,False,False,False
1850,2026-07-01,BEAR_CALL_BNF_58400_59000_W600,primary,BNF,BEAR_CALL,-167.69390869140625,-189.0,False,True,False
1850,2026-07-01,BEAR_CALL_BNF_58400_59200_W800,secondary,BNF,BEAR_CALL,-309.749755859375,-246.0,False,False,False
1850,2026-07-01,BEAR_CALL_BNF_58400_58800_W400,secondary,BNF,BEAR_CALL,-316.61102294921875,-132.0,False,False,False
1850,2026-07-01,BEAR_CALL_BNF_58400_59400_W1000,secondary,BNF,BEAR_CALL,-317.3575439453125,-43.5,False,False,False
1850,2026-07-01,BEAR_CALL_BNF_58400_58900_W500,secondary,BNF,BEAR_CALL,-390.31915283203125,-201.0,False,False,False
1851,2026-07-01,BULL_PUT_BNF_57500_57100_W400,secondary,BNF,BULL_PUT,451.2880859375,-72.0,True,False,False
1851,2026-07-01,BULL_PUT_BNF_57500_57000_W500,secondary,BNF,BULL_PUT,380.98223876953125,1.5,False,False,False
1851,2026-07-01,BULL_PUT_BNF_57500_56900_W600,secondary,BNF,BULL_PUT,357.1480712890625,-142.5,False,False,False
1851,2026-07-01,BULL_PUT_BNF_57500_56700_W800,secondary,BNF,BULL_PUT,353.706787109375,-174.0,False,False,False
1851,2026-07-01,BULL_PUT_BNF_57500_56500_W1000,secondary,BNF,BULL_PUT,298.4510498046875,103.5,False,False,False
1851,2026-07-01,__NO_TRADE__,synthetic_no_trade,BNF,NO_TRADE,-45.20809555053711,0.0,False,False,False
1851,2026-07-01,BEAR_CALL_BNF_58500_59000_W500,primary,BNF,BEAR_CALL,-108.72282409667969,-87.0,False,True,False
1851,2026-07-01,BEAR_CALL_BNF_58500_58900_W400,secondary,BNF,BEAR_CALL,-307.651123046875,-151.5,False,False,False
1851,2026-07-01,BEAR_CALL_BNF_58500_59300_W800,secondary,BNF,BEAR_CALL,-320.33203125,195.0,False,False,True
1851,2026-07-01,BEAR_CALL_BNF_58500_59500_W1000,secondary,BNF,BEAR_CALL,-339.97247314453125,19.5,False,False,False
1851,2026-07-01,BEAR_CALL_BNF_58500_59100_W600,secondary,BNF,BEAR_CALL,-387.27557373046875,43.5,False,False,False
1852,2026-07-01,BULL_PUT_BNF_57500_57100_W400,secondary,BNF,BULL_PUT,462.3927001953125,-46.5,True,False,False
1852,2026-07-01,BULL_PUT_BNF_57500_57000_W500,secondary,BNF,BULL_PUT,404.612548828125,16.5,False,False,False
1852,2026-07-01,BULL_PUT_BNF_57500_56700_W800,secondary,BNF,BULL_PUT,395.33758544921875,-90.0,False,False,False
1852,2026-07-01,BULL_PUT_BNF_57500_56900_W600,secondary,BNF,BULL_PUT,390.374267578125,-61.5,False,False,False
1852,2026-07-01,BULL_PUT_BNF_57500_56500_W1000,secondary,BNF,BULL_PUT,342.1088562011719,178.5,False,False,True
1852,2026-07-01,__NO_TRADE__,synthetic_no_trade,BNF,NO_TRADE,-42.8282470703125,0.0,False,False,False
1852,2026-07-01,BEAR_CALL_BNF_58500_59000_W500,primary,BNF,BEAR_CALL,-104.66171264648438,-169.5,False,True,False
1852,2026-07-01,BEAR_CALL_BNF_58500_58900_W400,secondary,BNF,BEAR_CALL,-330.99371337890625,-195.0,False,False,False
1852,2026-07-01,BEAR_CALL_BNF_58500_59300_W800,secondary,BNF,BEAR_CALL,-375.31207275390625,144.0,False,False,False
1852,2026-07-01,BEAR_CALL_BNF_58500_59500_W1000,secondary,BNF,BEAR_CALL,-407.15557861328125,-111.0,False,False,False
1852,2026-07-01,BEAR_CALL_BNF_58500_59100_W600,secondary,BNF,BEAR_CALL,-424.9989318847656,22.5,False,False,False
1853,2026-07-01,BULL_PUT_BNF_57500_57100_W400,secondary,BNF,BULL_PUT,459.3742980957031,-33.0,True,False,False
1853,2026-07-01,BULL_PUT_BNF_57500_57000_W500,secondary,BNF,BULL_PUT,394.99652099609375,21.0,False,False,False
1853,2026-07-01,BULL_PUT_BNF_57500_56900_W600,secondary,BNF,BULL_PUT,376.75,-72.0,False,False,False
1853,2026-07-01,BULL_PUT_BNF_57500_56700_W800,secondary,BNF,BULL_PUT,372.5033264160156,-60.0,False,False,False
1853,2026-07-01,BULL_PUT_BNF_57500_56500_W1000,secondary,BNF,BULL_PUT,327.59100341796875,160.5,False,False,True
1853,2026-07-01,__NO_TRADE__,synthetic_no_trade,BNF,NO_TRADE,-43.626014709472656,0.0,False,False,False
1853,2026-07-01,BEAR_CALL_BNF_58500_59000_W500,primary,BNF,BEAR_CALL,-101.59107208251953,-174.0,False,True,False
1853,2026-07-01,BEAR_CALL_BNF_58500_58900_W400,secondary,BNF,BEAR_CALL,-321.10723876953125,-204.0,False,False,False
1853,2026-07-01,BEAR_CALL_BNF_58500_59300_W800,secondary,BNF,BEAR_CALL,-355.6893615722656,112.5,False,False,False
1853,2026-07-01,BEAR_CALL_BNF_58500_59500_W1000,secondary,BNF,BEAR_CALL,-382.1513671875,-91.5,False,False,False
1853,2026-07-01,BEAR_CALL_BNF_58500_59100_W600,secondary,BNF,BEAR_CALL,-413.8787841796875,3.0,False,False,False
1854,2026-07-01,BULL_PUT_BNF_57500_57100_W400,secondary,BNF,BULL_PUT,454.5196533203125,-96.0,True,False,False
1854,2026-07-01,BULL_PUT_BNF_57500_57000_W500,secondary,BNF,BULL_PUT,398.33624267578125,-24.0,False,False,False
1854,2026-07-01,BULL_PUT_BNF_57500_56900_W600,secondary,BNF,BULL_PUT,380.0679931640625,-135.0,False,False,False
1854,2026-07-01,BULL_PUT_BNF_57500_56700_W800,secondary,BNF,BULL_PUT,379.39227294921875,-151.5,False,False,False
1854,2026-07-01,BULL_PUT_BNF_57500_56500_W1000,secondary,BNF,BULL_PUT,324.0924072265625,111.0,False,False,False
1854,2026-07-01,__NO_TRADE__,synthetic_no_trade,BNF,NO_TRADE,-40.76597213745117,0.0,False,False,False
1854,2026-07-01,BEAR_CALL_BNF_58500_59000_W500,primary,BNF,BEAR_CALL,-120.78884887695312,-60.0,False,True,False
1854,2026-07-01,BEAR_CALL_BNF_58500_58900_W400,secondary,BNF,BEAR_CALL,-320.74365234375,-126.0,False,False,False
1854,2026-07-01,BEAR_CALL_BNF_58500_59300_W800,secondary,BNF,BEAR_CALL,-346.6220397949219,205.5,False,False,True
1854,2026-07-01,BEAR_CALL_BNF_58500_59500_W1000,secondary,BNF,BEAR_CALL,-371.70477294921875,13.5,False,False,False
1854,2026-07-01,BEAR_CALL_BNF_58500_59100_W600,secondary,BNF,BEAR_CALL,-396.0194091796875,120.0,False,False,False
1855,2026-07-01,BULL_PUT_BNF_57500_57100_W400,secondary,BNF,BULL_PUT,438.3092041015625,-88.5,True,False,False
1855,2026-07-01,BULL_PUT_BNF_57500_57000_W500,secondary,BNF,BULL_PUT,371.58221435546875,-52.5,False,False,False
1855,2026-07-01,BULL_PUT_BNF_57500_56900_W600,secondary,BNF,BULL_PUT,328.7034606933594,-142.5,False,False,False
1855,2026-07-01,BULL_PUT_BNF_57500_56700_W800,secondary,BNF,BULL_PUT,320.42095947265625,-184.5,False,False,False
1855,2026-07-01,BULL_PUT_BNF_57500_56500_W1000,secondary,BNF,BULL_PUT,268.66607666015625,48.0,False,False,False
1855,2026-07-01,__NO_TRADE__,synthetic_no_trade,BNF,NO_TRADE,-44.1984748840332,0.0,False,False,False
1855,2026-07-01,BEAR_CALL_BNF_58500_59000_W500,primary,BNF,BEAR_CALL,-111.52102661132812,-75.0,False,True,False
1855,2026-07-01,BEAR_CALL_BNF_58500_58900_W400,secondary,BNF,BEAR_CALL,-290.66607666015625,-130.5,False,False,False
1855,2026-07-01,BEAR_CALL_BNF_58500_59300_W800,secondary,BNF,BEAR_CALL,-294.34661865234375,310.5,False,False,True
1855,2026-07-01,BEAR_CALL_BNF_58500_59500_W1000,secondary,BNF,BEAR_CALL,-312.8526306152344,58.5,False,False,False
1855,2026-07-01,BEAR_CALL_BNF_58500_59100_W600,secondary,BNF,BEAR_CALL,-359.2664794921875,127.5,False,False,False
1856,2026-07-01,BULL_PUT_BNF_57500_57100_W400,secondary,BNF,BULL_PUT,421.259033203125,-121.5,True,False,False
1856,2026-07-01,BULL_PUT_BNF_57500_57000_W500,secondary,BNF,BULL_PUT,351.097900390625,-60.0,False,False,False
1856,2026-07-01,BULL_PUT_BNF_57500_56900_W600,secondary,BNF,BULL_PUT,303.1976318359375,-175.5,False,False,False
1856,2026-07-01,BULL_PUT_BNF_57500_56700_W800,secondary,BNF,BULL_PUT,290.72906494140625,-232.5,False,False,False
1856,2026-07-01,BULL_PUT_BNF_57500_56500_W1000,secondary,BNF,BULL_PUT,233.51461791992188,1.5,False,False,False
1856,2026-07-01,__NO_TRADE__,synthetic_no_trade,BNF,NO_TRADE,-43.190921783447266,0.0,False,False,False
1856,2026-07-01,BEAR_CALL_BNF_58500_59000_W500,primary,BNF,BEAR_CALL,-124.4758529663086,27.0,False,True,False
1856,2026-07-01,BEAR_CALL_BNF_58500_59300_W800,secondary,BNF,BEAR_CALL,-269.4187927246094,360.0,False,False,True
1856,2026-07-01,BEAR_CALL_BNF_58500_58900_W400,secondary,BNF,BEAR_CALL,-283.729248046875,-34.5,False,False,False
1856,2026-07-01,BEAR_CALL_BNF_58500_59500_W1000,secondary,BNF,BEAR_CALL,-289.4317932128906,208.5,False,False,False
1856,2026-07-01,BEAR_CALL_BNF_58500_59100_W600,secondary,BNF,BEAR_CALL,-328.83514404296875,253.5,False,False,False
1857,2026-07-01,BULL_PUT_BNF_57500_57100_W400,secondary,BNF,BULL_PUT,455.61883544921875,-75.0,True,False,False
1857,2026-07-01,BULL_PUT_BNF_57500_56900_W600,secondary,BNF,BULL_PUT,401.9261169433594,-294.0,False,False,False
1857,2026-07-01,BULL_PUT_BNF_57500_57000_W500,secondary,BNF,BULL_PUT,399.45166015625,-31.5,False,False,False
1857,2026-07-01,BULL_PUT_BNF_57500_56700_W800,secondary,BNF,BULL_PUT,382.80718994140625,-172.5,False,False,False
1857,2026-07-01,BULL_PUT_BNF_57500_56500_W1000,secondary,BNF,BULL_PUT,324.58837890625,103.5,False,False,False
1857,2026-07-01,__NO_TRADE__,synthetic_no_trade,BNF,NO_TRADE,-43.775390625,0.0,False,False,False
1857,2026-07-01,BEAR_CALL_BNF_58500_59100_W600,primary,BNF,BEAR_CALL,-144.89932250976562,193.5,False,True,True
1857,2026-07-01,BEAR_CALL_BNF_58500_58900_W400,secondary,BNF,BEAR_CALL,-321.6363220214844,-117.0,False,False,False
1857,2026-07-01,BEAR_CALL_BNF_58500_59300_W800,secondary,BNF,BEAR_CALL,-347.3001708984375,181.5,False,False,False
1857,2026-07-01,BEAR_CALL_BNF_58500_59500_W1000,secondary,BNF,BEAR_CALL,-371.4999084472656,19.5,False,False,False
1857,2026-07-01,BEAR_CALL_BNF_58500_59000_W500,secondary,BNF,BEAR_CALL,-401.9974365234375,-99.0,False,False,False
1860,2026-07-01,BULL_PUT_BNF_57500_57100_W400,secondary,BNF,BULL_PUT,389.42230224609375,-148.5,True,False,False
1860,2026-07-01,BULL_PUT_BNF_57500_57000_W500,secondary,BNF,BULL_PUT,322.00897216796875,-90.0,False,False,False
1860,2026-07-01,BULL_PUT_BNF_57500_56900_W600,secondary,BNF,BULL_PUT,269.67962646484375,-226.5,False,False,False
1860,2026-07-01,BULL_PUT_BNF_57500_56700_W800,secondary,BNF,BULL_PUT,247.31692504882812,-277.5,False,False,False
1860,2026-07-01,BULL_PUT_BNF_57500_56500_W1000,secondary,BNF,BULL_PUT,183.46249389648438,-84.0,False,False,False
1860,2026-07-01,__NO_TRADE__,synthetic_no_trade,BNF,NO_TRADE,-40.17729568481445,0.0,False,False,False
1860,2026-07-01,BEAR_CALL_BNF_58500_59000_W500,primary,BNF,BEAR_CALL,-134.49685668945312,97.5,False,True,False
1860,2026-07-01,BEAR_CALL_BNF_58500_59300_W800,secondary,BNF,BEAR_CALL,-241.14971923828125,441.0,False,False,True
1860,2026-07-01,BEAR_CALL_BNF_58500_59500_W1000,secondary,BNF,BEAR_CALL,-266.5063171386719,285.0,False,False,False
1860,2026-07-01,BEAR_CALL_BNF_58500_58900_W400,secondary,BNF,BEAR_CALL,-268.15313720703125,-24.0,False,False,False
1860,2026-07-01,BEAR_CALL_BNF_58500_59100_W600,secondary,BNF,BEAR_CALL,-298.62615966796875,310.5,False,False,False
1861,2026-07-01,BULL_PUT_BNF_57500_57100_W400,secondary,BNF,BULL_PUT,414.8045654296875,-138.0,True,False,False
1861,2026-07-01,BULL_PUT_BNF_57500_57000_W500,secondary,BNF,BULL_PUT,346.7858581542969,-78.0,False,False,False
1861,2026-07-01,BULL_PUT_BNF_57500_56900_W600,secondary,BNF,BULL_PUT,295.6968994140625,-189.0,False,False,False
1861,2026-07-01,BULL_PUT_BNF_57500_56700_W800,secondary,BNF,BULL_PUT,277.81048583984375,-223.5,False,False,False
1861,2026-07-01,BULL_PUT_BNF_57500_56500_W1000,secondary,BNF,BULL_PUT,224.21214294433594,-46.5,False,False,False
1861,2026-07-01,__NO_TRADE__,synthetic_no_trade,BNF,NO_TRADE,-41.27617263793945,0.0,False,False,False
1861,2026-07-01,BEAR_CALL_BNF_58500_59000_W500,primary,BNF,BEAR_CALL,-130.67999267578125,63.0,False,True,False
1861,2026-07-01,BEAR_CALL_BNF_58500_59300_W800,secondary,BNF,BEAR_CALL,-263.6834411621094,466.5,False,False,True
1861,2026-07-01,BEAR_CALL_BNF_58500_58900_W400,secondary,BNF,BEAR_CALL,-278.6203918457031,-24.0,False,False,False
1861,2026-07-01,BEAR_CALL_BNF_58500_59500_W1000,secondary,BNF,BEAR_CALL,-285.90869140625,295.5,False,False,False
1861,2026-07-01,BEAR_CALL_BNF_58500_59100_W600,secondary,BNF,BEAR_CALL,-319.1606140136719,301.5,False,False,False
1862,2026-07-01,BULL_PUT_BNF_57500_57100_W400,secondary,BNF,BULL_PUT,454.56341552734375,-45.0,True,False,False
1862,2026-07-01,BULL_PUT_BNF_57500_57000_W500,secondary,BNF,BULL_PUT,386.6712341308594,19.5,False,False,False
1862,2026-07-01,BULL_PUT_BNF_57500_56700_W800,secondary,BNF,BULL_PUT,352.9725341796875,-79.5,False,False,False
1862,2026-07-01,BULL_PUT_BNF_57500_56900_W600,secondary,BNF,BULL_PUT,352.67864990234375,-19.5,False,False,False
1862,2026-07-01,BULL_PUT_BNF_57500_56500_W1000,secondary,BNF,BULL_PUT,306.36810302734375,163.5,False,False,False
1862,2026-07-01,__NO_TRADE__,synthetic_no_trade,BNF,NO_TRADE,-37.72541046142578,0.0,False,False,False
1862,2026-07-01,BEAR_CALL_BNF_58500_59000_W500,primary,BNF,BEAR_CALL,-123.53927612304688,-58.5,False,True,False
1862,2026-07-01,BEAR_CALL_BNF_58500_58900_W400,secondary,BNF,BEAR_CALL,-313.5677490234375,-108.0,False,False,False
1862,2026-07-01,BEAR_CALL_BNF_58500_59300_W800,secondary,BNF,BEAR_CALL,-337.18701171875,285.0,False,False,True
1862,2026-07-01,BEAR_CALL_BNF_58500_59500_W1000,secondary,BNF,BEAR_CALL,-362.186279296875,72.0,False,False,False
1862,2026-07-01,BEAR_CALL_BNF_58500_59100_W600,secondary,BNF,BEAR_CALL,-384.55780029296875,171.0,False,False,False
1863,2026-07-01,BULL_PUT_BNF_57500_57100_W400,secondary,BNF,BULL_PUT,458.94390869140625,-51.0,True,False,False
1863,2026-07-01,BULL_PUT_BNF_57500_57000_W500,secondary,BNF,BULL_PUT,394.60540771484375,22.5,False,False,False
1863,2026-07-01,BULL_PUT_BNF_57500_56700_W800,secondary,BNF,BULL_PUT,375.39306640625,-111.0,False,False,False
1863,2026-07-01,BULL_PUT_BNF_57500_56900_W600,secondary,BNF,BULL_PUT,374.3718566894531,-70.5,False,False,False
1863,2026-07-01,BULL_PUT_BNF_57500_56500_W1000,secondary,BNF,BULL_PUT,321.8726501464844,168.0,False,False,False
1863,2026-07-01,__NO_TRADE__,synthetic_no_trade,BNF,NO_TRADE,-37.80558395385742,0.0,False,False,False
1863,2026-07-01,BEAR_CALL_BNF_58500_59000_W500,primary,BNF,BEAR_CALL,-120.82817077636719,-85.5,False,True,False
1863,2026-07-01,BEAR_CALL_BNF_58500_58900_W400,secondary,BNF,BEAR_CALL,-318.4906005859375,-150.0,False,False,False
1863,2026-07-01,BEAR_CALL_BNF_58500_59300_W800,secondary,BNF,BEAR_CALL,-351.9903259277344,262.5,False,False,True
1863,2026-07-01,BEAR_CALL_BNF_58500_59500_W1000,secondary,BNF,BEAR_CALL,-379.9420166015625,27.0,False,False,False
1863,2026-07-01,BEAR_CALL_BNF_58500_59100_W600,secondary,BNF,BEAR_CALL,-399.37603759765625,120.0,False,False,False
1864,2026-07-01,BULL_PUT_BNF_57500_57100_W400,secondary,BNF,BULL_PUT,456.1260681152344,-58.5,True,False,False
1864,2026-07-01,BULL_PUT_BNF_57500_57000_W500,secondary,BNF,BULL_PUT,385.4747314453125,63.0,False,False,False
1864,2026-07-01,BULL_PUT_BNF_57500_56700_W800,secondary,BNF,BULL_PUT,370.2608642578125,-94.5,False,False,False
1864,2026-07-01,BULL_PUT_BNF_57500_56900_W600,secondary,BNF,BULL_PUT,368.20556640625,-52.5,False,False,False
1864,2026-07-01,BULL_PUT_BNF_57500_56500_W1000,secondary,BNF,BULL_PUT,319.01513671875,180.0,False,False,True
1864,2026-07-01,__NO_TRADE__,synthetic_no_trade,BNF,NO_TRADE,-40.75874328613281,0.0,False,False,False
1864,2026-07-01,BEAR_CALL_BNF_58500_59000_W500,primary,BNF,BEAR_CALL,-116.54251098632812,-94.5,False,True,False
1864,2026-07-01,BEAR_CALL_BNF_58500_58900_W400,secondary,BNF,BEAR_CALL,-318.218994140625,-150.0,False,False,False
1864,2026-07-01,BEAR_CALL_BNF_58500_59300_W800,secondary,BNF,BEAR_CALL,-347.32110595703125,180.0,False,False,False
1864,2026-07-01,BEAR_CALL_BNF_58500_59500_W1000,secondary,BNF,BEAR_CALL,-373.01300048828125,-24.0,False,False,False
1864,2026-07-01,BEAR_CALL_BNF_58500_59100_W600,secondary,BNF,BEAR_CALL,-399.64111328125,82.5,False,False,False
1865,2026-07-01,BULL_PUT_BNF_57500_57100_W400,secondary,BNF,BULL_PUT,461.04498291015625,6.0,True,False,False
1865,2026-07-01,BULL_PUT_BNF_57500_57000_W500,secondary,BNF,BULL_PUT,382.30181884765625,150.0,False,False,False
1865,2026-07-01,BULL_PUT_BNF_57500_56700_W800,secondary,BNF,BULL_PUT,369.8389587402344,9.0,False,False,False
1865,2026-07-01,BULL_PUT_BNF_57500_56900_W600,secondary,BNF,BULL_PUT,368.3113708496094,39.0,False,False,False
1865,2026-07-01,BULL_PUT_BNF_57500_56500_W1000,secondary,BNF,BULL_PUT,322.27490234375,324.0,False,False,True
1865,2026-07-01,__NO_TRADE__,synthetic_no_trade,BNF,NO_TRADE,-39.90766143798828,0.0,False,False,False
1865,2026-07-01,BEAR_CALL_BNF_58500_59000_W500,primary,BNF,BEAR_CALL,-110.33934783935547,-156.0,False,True,False
1865,2026-07-01,BEAR_CALL_BNF_58500_58900_W400,secondary,BNF,BEAR_CALL,-324.28887939453125,-195.0,False,False,False
1865,2026-07-01,BEAR_CALL_BNF_58500_59300_W800,secondary,BNF,BEAR_CALL,-369.319580078125,145.5,False,False,False
1865,2026-07-01,BEAR_CALL_BNF_58500_59500_W1000,secondary,BNF,BEAR_CALL,-401.5389099121094,-117.0,False,False,False
1865,2026-07-01,BEAR_CALL_BNF_58500_59100_W600,secondary,BNF,BEAR_CALL,-417.33502197265625,42.0,False,False,False
1866,2026-07-01,BULL_PUT_BNF_57500_57100_W400,secondary,BNF,BULL_PUT,461.54638671875,27.0,True,False,False
1866,2026-07-01,BULL_PUT_BNF_57500_57000_W500,secondary,BNF,BULL_PUT,382.995849609375,138.0,False,False,False
1866,2026-07-01,BULL_PUT_BNF_57500_56700_W800,secondary,BNF,BULL_PUT,367.4521484375,21.0,False,False,False
1866,2026-07-01,BULL_PUT_BNF_57500_56900_W600,secondary,BNF,BULL_PUT,365.3729553222656,52.5,False,False,False
1866,2026-07-01,BULL_PUT_BNF_57500_56500_W1000,secondary,BNF,BULL_PUT,323.1108703613281,309.0,False,False,True
1866,2026-07-01,__NO_TRADE__,synthetic_no_trade,BNF,NO_TRADE,-43.66129684448242,0.0,False,False,False
1866,2026-07-01,BEAR_CALL_BNF_58500_59000_W500,primary,BNF,BEAR_CALL,-100.26917266845703,-184.5,False,True,False
1866,2026-07-01,BEAR_CALL_BNF_58500_58900_W400,secondary,BNF,BEAR_CALL,-324.5713195800781,-208.5,False,False,False
1866,2026-07-01,BEAR_CALL_BNF_58500_59300_W800,secondary,BNF,BEAR_CALL,-362.25408935546875,127.5,False,False,False
1866,2026-07-01,BEAR_CALL_BNF_58500_59500_W1000,secondary,BNF,BEAR_CALL,-392.85443115234375,-142.5,False,False,False
1866,2026-07-01,BEAR_CALL_BNF_58500_59100_W600,secondary,BNF,BEAR_CALL,-417.5158386230469,13.5,False,False,False
1867,2026-07-01,BULL_PUT_BNF_57400_57000_W400,secondary,BNF,BULL_PUT,409.6470947265625,168.0,True,False,False
1867,2026-07-01,BULL_PUT_BNF_57400_56900_W500,secondary,BNF,BULL_PUT,339.1258239746094,85.5,False,False,False
1867,2026-07-01,BULL_PUT_BNF_57400_56800_W600,secondary,BNF,BULL_PUT,283.1318359375,129.0,False,False,False
1867,2026-07-01,BULL_PUT_BNF_57400_56600_W800,secondary,BNF,BULL_PUT,252.02215576171875,211.5,False,False,False
1867,2026-07-01,BULL_PUT_BNF_57400_56400_W1000,secondary,BNF,BULL_PUT,172.82623291015625,355.5,False,False,True
1867,2026-07-01,__NO_TRADE__,synthetic_no_trade,BNF,NO_TRADE,-46.566978454589844,0.0,False,False,False
1867,2026-07-01,BEAR_CALL_BNF_58400_59000_W600,primary,BNF,BEAR_CALL,-172.26065063476562,-199.5,False,True,False
1867,2026-07-01,BEAR_CALL_BNF_58400_59200_W800,secondary,BNF,BEAR_CALL,-276.2867431640625,-199.5,False,False,False
1867,2026-07-01,BEAR_CALL_BNF_58400_59400_W1000,secondary,BNF,BEAR_CALL,-290.5393981933594,51.0,False,False,False
1867,2026-07-01,BEAR_CALL_BNF_58400_58800_W400,secondary,BNF,BEAR_CALL,-308.1918640136719,-130.5,False,False,False
1867,2026-07-01,BEAR_CALL_BNF_58400_58900_W500,secondary,BNF,BEAR_CALL,-365.2216796875,-223.5,False,False,False
1868,2026-07-01,BULL_PUT_BNF_57500_57100_W400,secondary,BNF,BULL_PUT,464.4195556640625,31.5,True,False,False
1868,2026-07-01,BULL_PUT_BNF_57500_57000_W500,secondary,BNF,BULL_PUT,386.85711669921875,157.5,False,False,False
1868,2026-07-01,BULL_PUT_BNF_57500_56700_W800,secondary,BNF,BULL_PUT,371.68572998046875,69.0,False,False,False
1868,2026-07-01,BULL_PUT_BNF_57500_56900_W600,secondary,BNF,BULL_PUT,371.6192626953125,75.0,False,False,False
1868,2026-07-01,BULL_PUT_BNF_57500_56500_W1000,secondary,BNF,BULL_PUT,328.6231689453125,373.5,False,False,True
1868,2026-07-01,__NO_TRADE__,synthetic_no_trade,BNF,NO_TRADE,-42.820858001708984,0.0,False,False,False
1868,2026-07-01,BEAR_CALL_BNF_58500_59000_W500,primary,BNF,BEAR_CALL,-91.64897918701172,-252.0,False,True,False
1868,2026-07-01,BEAR_CALL_BNF_58500_58900_W400,secondary,BNF,BEAR_CALL,-323.645263671875,-264.0,False,False,False
1868,2026-07-01,BEAR_CALL_BNF_58500_59300_W800,secondary,BNF,BEAR_CALL,-382.3569641113281,-33.0,False,False,False
1868,2026-07-01,BEAR_CALL_BNF_58500_59500_W1000,secondary,BNF,BEAR_CALL,-417.4290771484375,-288.0,False,False,False
1868,2026-07-01,BEAR_CALL_BNF_58500_59100_W600,secondary,BNF,BEAR_CALL,-433.37841796875,-61.5,False,False,False
1869,2026-07-01,BULL_PUT_BNF_57500_57100_W400,secondary,BNF,BULL_PUT,461.57232666015625,18.0,True,False,False
1869,2026-07-01,BULL_PUT_BNF_57500_57000_W500,secondary,BNF,BULL_PUT,381.07684326171875,153.0,False,False,False
1869,2026-07-01,BULL_PUT_BNF_57500_56700_W800,secondary,BNF,BULL_PUT,364.0393371582031,43.5,False,False,False
1869,2026-07-01,BULL_PUT_BNF_57500_56900_W600,secondary,BNF,BULL_PUT,363.61993408203125,64.5,False,False,False
1869,2026-07-01,BULL_PUT_BNF_57500_56500_W1000,secondary,BNF,BULL_PUT,318.9643249511719,364.5,False,False,True
1869,2026-07-01,__NO_TRADE__,synthetic_no_trade,BNF,NO_TRADE,-46.624298095703125,0.0,False,False,False
1869,2026-07-01,BEAR_CALL_BNF_58500_59100_W600,primary,BNF,BEAR_CALL,-137.7962646484375,-12.0,False,True,False
1869,2026-07-01,BEAR_CALL_BNF_58500_58900_W400,secondary,BNF,BEAR_CALL,-321.838623046875,-232.5,False,False,False
1869,2026-07-01,BEAR_CALL_BNF_58500_59300_W800,secondary,BNF,BEAR_CALL,-366.78863525390625,1.5,False,False,False
1869,2026-07-01,BEAR_CALL_BNF_58500_59500_W1000,secondary,BNF,BEAR_CALL,-398.9127197265625,-258.0,False,False,False
1869,2026-07-01,BEAR_CALL_BNF_58500_59000_W500,secondary,BNF,BEAR_CALL,-421.27996826171875,-234.0,False,False,False
1870,2026-07-01,BULL_PUT_BNF_57500_57100_W400,secondary,BNF,BULL_PUT,430.54058837890625,-48.0,True,False,False
1870,2026-07-01,BULL_PUT_BNF_57500_57000_W500,secondary,BNF,BULL_PUT,351.97943115234375,34.5,False,False,False
1870,2026-07-01,BULL_PUT_BNF_57500_56900_W600,secondary,BNF,BULL_PUT,314.6456298828125,-90.0,False,False,False
1870,2026-07-01,BULL_PUT_BNF_57500_56700_W800,secondary,BNF,BULL_PUT,304.51702880859375,-139.5,False,False,False
1870,2026-07-01,BULL_PUT_BNF_57500_56500_W1000,secondary,BNF,BULL_PUT,253.52151489257812,123.0,False,False,False
1870,2026-07-01,__NO_TRADE__,synthetic_no_trade,BNF,NO_TRADE,-39.475772857666016,0.0,False,False,False
1870,2026-07-01,BEAR_CALL_BNF_58500_59000_W500,primary,BNF,BEAR_CALL,-118.35719299316406,-76.5,False,True,False
1870,2026-07-01,BEAR_CALL_BNF_58500_58900_W400,secondary,BNF,BEAR_CALL,-277.249267578125,-150.0,False,False,False
1870,2026-07-01,BEAR_CALL_BNF_58500_59300_W800,secondary,BNF,BEAR_CALL,-288.87335205078125,214.5,False,False,True
1870,2026-07-01,BEAR_CALL_BNF_58500_59500_W1000,secondary,BNF,BEAR_CALL,-308.6205749511719,6.0,False,False,False
1870,2026-07-01,BEAR_CALL_BNF_58500_59100_W600,secondary,BNF,BEAR_CALL,-350.6169738769531,138.0,False,False,False
1871,2026-07-01,BULL_PUT_BNF_57500_57100_W400,secondary,BNF,BULL_PUT,445.34869384765625,-34.5,True,False,False
1871,2026-07-01,BULL_PUT_BNF_57500_57000_W500,secondary,BNF,BULL_PUT,363.0706787109375,87.0,False,False,False
1871,2026-07-01,BULL_PUT_BNF_57500_56900_W600,secondary,BNF,BULL_PUT,335.7389221191406,-37.5,False,False,False
1871,2026-07-01,BULL_PUT_BNF_57500_56700_W800,secondary,BNF,BULL_PUT,329.4083251953125,-75.0,False,False,False
1871,2026-07-01,BULL_PUT_BNF_57500_56500_W1000,secondary,BNF,BULL_PUT,281.81768798828125,205.5,False,False,True
1871,2026-07-01,__NO_TRADE__,synthetic_no_trade,BNF,NO_TRADE,-39.621055603027344,0.0,False,False,False
1871,2026-07-01,BEAR_CALL_BNF_58500_59000_W500,primary,BNF,BEAR_CALL,-107.49788665771484,-165.0,False,True,False
1871,2026-07-01,BEAR_CALL_BNF_58500_58900_W400,secondary,BNF,BEAR_CALL,-291.6902770996094,-187.5,False,False,False
1871,2026-07-01,BEAR_CALL_BNF_58500_59300_W800,secondary,BNF,BEAR_CALL,-316.9172668457031,103.5,False,False,False
1871,2026-07-01,BEAR_CALL_BNF_58500_59500_W1000,secondary,BNF,BEAR_CALL,-339.135009765625,-111.0,False,False,False
1871,2026-07-01,BEAR_CALL_BNF_58500_59100_W600,secondary,BNF,BEAR_CALL,-378.85272216796875,51.0,False,False,False
1872,2026-07-01,BULL_PUT_BNF_57500_57100_W400,secondary,BNF,BULL_PUT,447.4114990234375,0.0,True,False,False
1872,2026-07-01,BULL_PUT_BNF_57500_57000_W500,secondary,BNF,BULL_PUT,366.5517272949219,100.5,False,False,False
1872,2026-07-01,BULL_PUT_BNF_57500_56900_W600,secondary,BNF,BULL_PUT,339.2164306640625,-1.5,False,False,False
1872,2026-07-01,BULL_PUT_BNF_57500_56700_W800,secondary,BNF,BULL_PUT,333.69244384765625,-33.0,False,False,False
1872,2026-07-01,BULL_PUT_BNF_57500_56500_W1000,secondary,BNF,BULL_PUT,288.5639953613281,250.5,False,False,True
1872,2026-07-01,__NO_TRADE__,synthetic_no_trade,BNF,NO_TRADE,-39.6485710144043,0.0,False,False,False
1872,2026-07-01,BEAR_CALL_BNF_58500_59000_W500,primary,BNF,BEAR_CALL,-103.89015197753906,-190.5,False,True,False
1872,2026-07-01,BEAR_CALL_BNF_58500_58900_W400,secondary,BNF,BEAR_CALL,-293.91912841796875,-219.0,False,False,False
1872,2026-07-01,BEAR_CALL_BNF_58500_59300_W800,secondary,BNF,BEAR_CALL,-326.1624755859375,73.5,False,False,False
1872,2026-07-01,BEAR_CALL_BNF_58500_59500_W1000,secondary,BNF,BEAR_CALL,-350.6267395019531,-168.0,False,False,False
1872,2026-07-01,BEAR_CALL_BNF_58500_59100_W600,secondary,BNF,BEAR_CALL,-388.20306396484375,18.0,False,False,False
1894,2026-07-01,BULL_PUT_BNF_57400_57000_W400,secondary,BNF,BULL_PUT,462.1115417480469,238.5,True,False,False
1894,2026-07-01,BULL_PUT_BNF_57400_56900_W500,secondary,BNF,BULL_PUT,391.56414794921875,141.0,False,False,False
1894,2026-07-01,BULL_PUT_BNF_57400_56800_W600,secondary,BNF,BULL_PUT,334.65704345703125,238.5,False,False,False
1894,2026-07-01,BULL_PUT_BNF_57400_56600_W800,secondary,BNF,BULL_PUT,311.6190185546875,331.5,False,False,False
1894,2026-07-01,BULL_PUT_BNF_57400_56400_W1000,secondary,BNF,BULL_PUT,250.11744689941406,499.5,False,False,True
1894,2026-07-01,__NO_TRADE__,synthetic_no_trade,BNF,NO_TRADE,-38.38111114501953,0.0,False,False,False
1894,2026-07-01,BEAR_CALL_BNF_58400_59000_W600,primary,BNF,BEAR_CALL,-181.57928466796875,-399.0,False,True,False
1894,2026-07-01,BEAR_CALL_BNF_58400_58800_W400,secondary,BNF,BEAR_CALL,-295.025146484375,-255.0,False,False,False
1894,2026-07-01,BEAR_CALL_BNF_58400_59200_W800,secondary,BNF,BEAR_CALL,-332.42578125,-505.5,False,False,False
1894,2026-07-01,BEAR_CALL_BNF_58400_59400_W1000,secondary,BNF,BEAR_CALL,-349.174072265625,-310.5,False,False,False
1894,2026-07-01,BEAR_CALL_BNF_58400_58900_W500,secondary,BNF,BEAR_CALL,-393.51849365234375,-355.5,False,False,False
1895,2026-07-01,BULL_PUT_BNF_57500_57100_W400,secondary,BNF,BULL_PUT,365.6331787109375,-34.5,True,False,False
1895,2026-07-01,BULL_PUT_BNF_57500_57000_W500,secondary,BNF,BULL_PUT,293.5328063964844,34.5,False,False,False
1895,2026-07-01,BULL_PUT_BNF_57500_56900_W600,secondary,BNF,BULL_PUT,252.06390380859375,-124.5,False,False,False
1895,2026-07-01,BULL_PUT_BNF_57500_56700_W800,secondary,BNF,BULL_PUT,217.90625,-150.0,False,False,False
1895,2026-07-01,BULL_PUT_BNF_57500_56500_W1000,secondary,BNF,BULL_PUT,154.54940795898438,100.5,False,False,True
1895,2026-07-01,__NO_TRADE__,synthetic_no_trade,BNF,NO_TRADE,-29.625995635986328,0.0,False,False,False
1895,2026-07-01,BEAR_CALL_BNF_58500_59000_W500,primary,BNF,BEAR_CALL,-110.49748992919922,-178.5,False,True,False
1895,2026-07-01,BEAR_CALL_BNF_58500_58900_W400,secondary,BNF,BEAR_CALL,-235.11355590820312,-208.5,False,False,False
1895,2026-07-01,BEAR_CALL_BNF_58500_59300_W800,secondary,BNF,BEAR_CALL,-236.58657836914062,58.5,False,False,False
1895,2026-07-01,BEAR_CALL_BNF_58500_59500_W1000,secondary,BNF,BEAR_CALL,-258.47296142578125,-174.0,False,False,False
1895,2026-07-01,BEAR_CALL_BNF_58500_59100_W600,secondary,BNF,BEAR_CALL,-314.7226867675781,6.0,False,False,False
1896,2026-07-01,BULL_PUT_BNF_57600_57200_W400,secondary,BNF,BULL_PUT,347.47943115234375,-220.5,True,False,False
1896,2026-07-01,BULL_PUT_BNF_57600_57100_W500,secondary,BNF,BULL_PUT,293.20330810546875,-300.0,False,False,False
1896,2026-07-01,BULL_PUT_BNF_57600_57000_W600,secondary,BNF,BULL_PUT,234.35055541992188,-240.0,False,False,False
1896,2026-07-01,BULL_PUT_BNF_57600_56800_W800,secondary,BNF,BULL_PUT,218.66456604003906,-408.0,False,False,False
1896,2026-07-01,BULL_PUT_BNF_57600_56600_W1000,secondary,BNF,BULL_PUT,164.5852813720703,-468.0,False,False,False
1896,2026-07-01,BEAR_CALL_BNF_58600_59000_W400,primary,BNF,BEAR_CALL,33.574920654296875,177.0,False,True,False
1896,2026-07-01,__NO_TRADE__,synthetic_no_trade,BNF,NO_TRADE,-25.837604522705078,0.0,False,False,False
1896,2026-07-01,BEAR_CALL_BNF_58600_59400_W800,secondary,BNF,BEAR_CALL,-204.13427734375,586.5,False,False,True
1896,2026-07-01,BEAR_CALL_BNF_58600_59600_W1000,secondary,BNF,BEAR_CALL,-227.95245361328125,534.0,False,False,False
1896,2026-07-01,BEAR_CALL_BNF_58600_59200_W600,secondary,BNF,BEAR_CALL,-266.3559265136719,261.0,False,False,False
1896,2026-07-01,BEAR_CALL_BNF_58600_59100_W500,secondary,BNF,BEAR_CALL,-269.845458984375,360.0,False,False,False
1897,2026-07-01,BULL_PUT_BNF_57600_57200_W400,secondary,BNF,BULL_PUT,426.17864990234375,-145.5,True,False,False
1897,2026-07-01,BULL_PUT_BNF_57600_57100_W500,secondary,BNF,BULL_PUT,366.62640380859375,-181.5,False,False,False
1897,2026-07-01,BULL_PUT_BNF_57600_57000_W600,secondary,BNF,BULL_PUT,341.13714599609375,-150.0,False,False,False
1897,2026-07-01,BULL_PUT_BNF_57600_56800_W800,secondary,BNF,BULL_PUT,337.95013427734375,-283.5,False,False,False
1897,2026-07-01,BULL_PUT_BNF_57600_56600_W1000,secondary,BNF,BULL_PUT,284.5922546386719,-283.5,False,False,False
1897,2026-07-01,BEAR_CALL_BNF_58600_59000_W400,primary,BNF,BEAR_CALL,109.50604248046875,36.0,False,True,False
1897,2026-07-01,__NO_TRADE__,synthetic_no_trade,BNF,NO_TRADE,-23.937076568603516,0.0,False,False,False
1897,2026-07-01,BEAR_CALL_BNF_58600_59400_W800,secondary,BNF,BEAR_CALL,-326.3133850097656,354.0,False,False,True
1897,2026-07-01,BEAR_CALL_BNF_58600_59100_W500,secondary,BNF,BEAR_CALL,-362.93914794921875,189.0,False,False,False
1897,2026-07-01,BEAR_CALL_BNF_58600_59600_W1000,secondary,BNF,BEAR_CALL,-365.6280517578125,247.5,False,False,False
1897,2026-07-01,BEAR_CALL_BNF_58600_59200_W600,secondary,BNF,BEAR_CALL,-376.41229248046875,48.0,False,False,False
1898,2026-07-01,BULL_PUT_BNF_57500_57100_W400,secondary,BNF,BULL_PUT,372.1756591796875,-115.5,True,False,False
1898,2026-07-01,BULL_PUT_BNF_57500_57000_W500,secondary,BNF,BULL_PUT,300.3879699707031,-36.0,False,False,False
1898,2026-07-01,BULL_PUT_BNF_57500_56900_W600,secondary,BNF,BULL_PUT,254.40283203125,-184.5,False,False,False
1898,2026-07-01,BULL_PUT_BNF_57500_56700_W800,secondary,BNF,BULL_PUT,224.73818969726562,-288.0,False,False,False
1898,2026-07-01,BULL_PUT_BNF_57500_56500_W1000,secondary,BNF,BULL_PUT,147.8395538330078,-76.5,False,False,False
1898,2026-07-01,__NO_TRADE__,synthetic_no_trade,BNF,NO_TRADE,-27.12255096435547,0.0,False,False,False
1898,2026-07-01,BEAR_CALL_BNF_58500_59000_W500,primary,BNF,BEAR_CALL,-125.35164642333984,-58.5,False,True,False
1898,2026-07-01,BEAR_CALL_BNF_58500_59300_W800,secondary,BNF,BEAR_CALL,-234.43893432617188,159.0,False,False,True
1898,2026-07-01,BEAR_CALL_BNF_58500_58900_W400,secondary,BNF,BEAR_CALL,-246.75804138183594,-100.5,False,False,False
1898,2026-07-01,BEAR_CALL_BNF_58500_59500_W1000,secondary,BNF,BEAR_CALL,-256.82171630859375,-94.5,False,False,False
1898,2026-07-01,BEAR_CALL_BNF_58500_59100_W600,secondary,BNF,BEAR_CALL,-305.8555908203125,84.0,False,False,False
1899,2026-07-01,BULL_PUT_BNF_57500_57100_W400,secondary,BNF,BULL_PUT,412.97003173828125,-111.0,True,False,False
1899,2026-07-01,BULL_PUT_BNF_57500_57000_W500,secondary,BNF,BULL_PUT,346.9689025878906,-82.5,False,False,False
1899,2026-07-01,BULL_PUT_BNF_57500_56900_W600,secondary,BNF,BULL_PUT,297.91033935546875,-229.5,False,False,False
1899,2026-07-01,BULL_PUT_BNF_57500_56700_W800,secondary,BNF,BULL_PUT,263.5415954589844,-262.5,False,False,False
1899,2026-07-01,BULL_PUT_BNF_57500_56500_W1000,secondary,BNF,BULL_PUT,195.07138061523438,-87.0,False,False,False
1899,2026-07-01,__NO_TRADE__,synthetic_no_trade,BNF,NO_TRADE,-27.286571502685547,0.0,False,False,False
1899,2026-07-01,BEAR_CALL_BNF_58500_59000_W500,primary,BNF,BEAR_CALL,-132.2436065673828,3.0,False,True,False
1899,2026-07-01,BEAR_CALL_BNF_58500_58900_W400,secondary,BNF,BEAR_CALL,-251.51260375976562,-127.5,False,False,False
1899,2026-07-01,BEAR_CALL_BNF_58500_59300_W800,secondary,BNF,BEAR_CALL,-265.41033935546875,226.5,False,False,True
1899,2026-07-01,BEAR_CALL_BNF_58500_59500_W1000,secondary,BNF,BEAR_CALL,-285.8023681640625,1.5,False,False,False
1899,2026-07-01,BEAR_CALL_BNF_58500_59100_W600,secondary,BNF,BEAR_CALL,-328.39715576171875,130.5,False,False,False
1900,2026-07-01,BULL_PUT_BNF_57500_57100_W400,secondary,BNF,BULL_PUT,476.7776184082031,-75.0,True,False,False
1900,2026-07-01,BULL_PUT_BNF_57500_57000_W500,secondary,BNF,BULL_PUT,399.9188232421875,12.0,False,False,False
1900,2026-07-01,BULL_PUT_BNF_57500_56900_W600,secondary,BNF,BULL_PUT,365.5260925292969,-82.5,False,False,False
1900,2026-07-01,BULL_PUT_BNF_57500_56700_W800,secondary,BNF,BULL_PUT,363.947265625,-205.5,False,False,False
1900,2026-07-01,BULL_PUT_BNF_57500_56500_W1000,secondary,BNF,BULL_PUT,299.2860412597656,58.5,False,False,True
1900,2026-07-01,__NO_TRADE__,synthetic_no_trade,BNF,NO_TRADE,-28.797832489013672,0.0,False,False,False
1900,2026-07-01,BEAR_CALL_BNF_58500_59000_W500,primary,BNF,BEAR_CALL,-118.69359588623047,-142.5,False,True,False
1900,2026-07-01,BEAR_CALL_BNF_58500_58900_W400,secondary,BNF,BEAR_CALL,-288.9544677734375,-198.0,False,False,False
1900,2026-07-01,BEAR_CALL_BNF_58500_59300_W800,secondary,BNF,BEAR_CALL,-337.6058349609375,51.0,False,False,False
1900,2026-07-01,BEAR_CALL_BNF_58500_59500_W1000,secondary,BNF,BEAR_CALL,-362.51983642578125,-172.5,False,False,False
1900,2026-07-01,BEAR_CALL_BNF_58500_59100_W600,secondary,BNF,BEAR_CALL,-396.6197509765625,-21.0,False,False,False
1907,2026-07-02,BEAR_CALL_BNF_58700_59200_W500,primary,BNF,BEAR_CALL,102.98951721191406,133.5,True,True,False
1907,2026-07-02,__NO_TRADE__,synthetic_no_trade,BNF,NO_TRADE,87.88717651367188,0.0,False,False,False
1907,2026-07-02,BEAR_CALL_BNF_58700_59700_W1000,secondary,BNF,BEAR_CALL,87.18539428710938,664.5,False,False,True
1907,2026-07-02,BEAR_CALL_BNF_58700_59100_W400,secondary,BNF,BEAR_CALL,84.03797912597656,196.5,False,False,False
1907,2026-07-02,BEAR_CALL_BNF_58700_59300_W600,secondary,BNF,BEAR_CALL,76.3093032836914,325.5,False,False,False
1907,2026-07-02,BEAR_CALL_BNF_58700_59500_W800,secondary,BNF,BEAR_CALL,72.24433898925781,504.0,False,False,False
1907,2026-07-02,BULL_PUT_BNF_57700_56700_W1000,secondary,BNF,BULL_PUT,41.35449981689453,-477.0,False,False,False
1907,2026-07-02,BULL_PUT_BNF_57700_57300_W400,secondary,BNF,BULL_PUT,-0.49558448791503906,-205.5,False,False,False
1907,2026-07-02,BULL_PUT_BNF_57700_57100_W600,secondary,BNF,BULL_PUT,-5.588218688964844,-198.0,False,False,False
1907,2026-07-02,BULL_PUT_BNF_57700_57200_W500,secondary,BNF,BULL_PUT,-17.7452392578125,-222.0,False,False,False
1907,2026-07-02,BULL_PUT_BNF_57700_56900_W800,secondary,BNF,BULL_PUT,-22.05451202392578,-376.5,False,False,False
1908,2026-07-02,BEAR_CALL_BNF_58600_59200_W600,primary,BNF,BEAR_CALL,102.66444396972656,240.0,True,True,False
1908,2026-07-02,BEAR_CALL_BNF_58600_59600_W1000,secondary,BNF,BEAR_CALL,94.32707214355469,642.0,False,False,True
1908,2026-07-02,__NO_TRADE__,synthetic_no_trade,BNF,NO_TRADE,89.27735137939453,0.0,False,False,False
1908,2026-07-02,BEAR_CALL_BNF_58600_59400_W800,secondary,BNF,BEAR_CALL,87.65957641601562,525.0,False,False,False
1908,2026-07-02,BEAR_CALL_BNF_58600_59000_W400,secondary,BNF,BEAR_CALL,82.94232177734375,207.0,False,False,False
1908,2026-07-02,BEAR_CALL_BNF_58600_59100_W500,secondary,BNF,BEAR_CALL,80.27833557128906,267.0,False,False,False
1908,2026-07-02,BULL_PUT_BNF_57600_57200_W400,secondary,BNF,BULL_PUT,-5.624790191650391,-247.5,False,False,False
1908,2026-07-02,BULL_PUT_BNF_57600_56600_W1000,secondary,BNF,BULL_PUT,-6.7550811767578125,-408.0,False,False,False
1908,2026-07-02,BULL_PUT_BNF_57600_57100_W500,secondary,BNF,BULL_PUT,-25.968212127685547,-274.5,False,False,False
1908,2026-07-02,BULL_PUT_BNF_57600_57000_W600,secondary,BNF,BULL_PUT,-36.09340286254883,-327.0,False,False,False
1908,2026-07-02,BULL_PUT_BNF_57600_56800_W800,secondary,BNF,BULL_PUT,-66.69357299804688,-447.0,False,False,False
1909,2026-07-02,BEAR_CALL_BNF_58700_59200_W500,primary,BNF,BEAR_CALL,99.26968383789062,289.5,True,True,False
1909,2026-07-02,BEAR_CALL_BNF_58700_59700_W1000,secondary,BNF,BEAR_CALL,90.2950668334961,892.5,False,False,True
1909,2026-07-02,__NO_TRADE__,synthetic_no_trade,BNF,NO_TRADE,85.88589477539062,0.0,False,False,False
1909,2026-07-02,BEAR_CALL_BNF_58700_59100_W400,secondary,BNF,BEAR_CALL,84.15304565429688,282.0,False,False,False
1909,2026-07-02,BEAR_CALL_BNF_58700_59300_W600,secondary,BNF,BEAR_CALL,80.05604553222656,493.5,False,False,False
1909,2026-07-02,BEAR_CALL_BNF_58700_59500_W800,secondary,BNF,BEAR_CALL,78.7675552368164,711.0,False,False,False
1909,2026-07-02,BULL_PUT_BNF_57700_56700_W1000,secondary,BNF,BULL_PUT,5.79554557800293,-672.0,False,False,False
1909,2026-07-02,BULL_PUT_BNF_57700_57300_W400,secondary,BNF,BULL_PUT,-16.52785873413086,-309.0,False,False,False
1909,2026-07-02,BULL_PUT_BNF_57700_57100_W600,secondary,BNF,BULL_PUT,-27.560562133789062,-354.0,False,False,False
1909,2026-07-02,BULL_PUT_BNF_57700_57200_W500,secondary,BNF,BULL_PUT,-33.81810760498047,-337.5,False,False,False
1909,2026-07-02,BULL_PUT_BNF_57700_56900_W800,secondary,BNF,BULL_PUT,-46.2557258605957,-556.5,False,False,False
1910,2026-07-02,BEAR_PUT_NF_24050_24150_W100,secondary,NF,BEAR_PUT,140.95645141601562,-269.75,True,False,False
1910,2026-07-02,__NO_TRADE__,synthetic_no_trade,NF,NO_TRADE,127.84156799316406,0.0,False,False,False
1910,2026-07-02,BEAR_CALL_BNF_58800_59800_W1000,secondary,BNF,BEAR_CALL,89.70059204101562,1756.5,False,False,True
1910,2026-07-02,BEAR_CALL_BNF_58800_59200_W400,secondary,BNF,BEAR_CALL,88.77136993408203,513.0,False,False,False
1910,2026-07-02,BEAR_PUT_NF_24000_24150_W150,primary,NF,BEAR_PUT,88.42857360839844,-409.5,False,True,False
1910,2026-07-02,BEAR_CALL_BNF_58800_59400_W600,secondary,BNF,BEAR_CALL,85.36375427246094,982.5,False,False,False
1910,2026-07-02,BEAR_CALL_BNF_58800_59600_W800,secondary,BNF,BEAR_CALL,82.60063171386719,1297.5,False,False,False
1910,2026-07-02,BEAR_CALL_BNF_58800_59300_W500,secondary,BNF,BEAR_CALL,82.4173583984375,778.5,False,False,False
1910,2026-07-02,BEAR_PUT_BNF_58000_58300_W300,secondary,BNF,BEAR_PUT,69.18394470214844,337.5,False,False,False
1910,2026-07-02,BEAR_PUT_BNF_57900_58300_W400,secondary,BNF,BEAR_PUT,57.53657531738281,510.0,False,False,False
1910,2026-07-02,BEAR_PUT_BNF_57800_58300_W500,secondary,BNF,BEAR_PUT,44.85879135131836,579.0,False,False,False
1911,2026-07-02,BEAR_PUT_NF_24050_24150_W100,secondary,NF,BEAR_PUT,128.50778198242188,-302.25,True,False,False
1911,2026-07-02,__NO_TRADE__,synthetic_no_trade,NF,NO_TRADE,122.54464721679688,0.0,False,False,False
1911,2026-07-02,BEAR_PUT_NF_24000_24150_W150,primary,NF,BEAR_PUT,81.28474426269531,-464.75,False,True,False
1911,2026-07-02,BEAR_CALL_BNF_58900_59900_W1000,secondary,BNF,BEAR_CALL,71.25144958496094,1431.0,False,False,True
1911,2026-07-02,BEAR_CALL_BNF_58900_59300_W400,secondary,BNF,BEAR_CALL,69.47268676757812,531.0,False,False,False
1911,2026-07-02,BEAR_CALL_BNF_58900_59500_W600,secondary,BNF,BEAR_CALL,64.03614044189453,853.5,False,False,False
1911,2026-07-02,BEAR_CALL_BNF_58900_59400_W500,secondary,BNF,BEAR_CALL,60.029640197753906,720.0,False,False,False
1911,2026-07-02,BEAR_CALL_BNF_58900_59700_W800,secondary,BNF,BEAR_CALL,57.12578582763672,1198.5,False,False,False
1911,2026-07-02,BEAR_PUT_BNF_58000_58400_W400,secondary,BNF,BEAR_PUT,52.588348388671875,483.0,False,False,False
1911,2026-07-02,BEAR_PUT_BNF_57900_58400_W500,secondary,BNF,BEAR_PUT,39.149314880371094,619.5,False,False,False
1911,2026-07-02,BEAR_PUT_BNF_57800_58400_W600,secondary,BNF,BEAR_PUT,34.66067886352539,753.0,False,False,False
1912,2026-07-02,BEAR_PUT_NF_24050_24150_W100,secondary,NF,BEAR_PUT,129.52462768554688,-364.0,True,False,False
1912,2026-07-02,__NO_TRADE__,synthetic_no_trade,NF,NO_TRADE,123.7178726196289,0.0,False,False,False
1912,2026-07-02,BEAR_PUT_NF_24000_24150_W150,secondary,NF,BEAR_PUT,87.5150375366211,-568.75,False,False,False
1912,2026-07-02,BEAR_CALL_BNF_58800_59800_W1000,secondary,BNF,BEAR_CALL,77.20986938476562,1411.5,False,False,True
1912,2026-07-02,BEAR_CALL_BNF_58800_59200_W400,secondary,BNF,BEAR_CALL,70.71403503417969,387.0,False,False,False
1912,2026-07-02,BEAR_PUT_NF_23950_24150_W200,primary,NF,BEAR_PUT,67.06715393066406,-815.75,False,True,False
1912,2026-07-02,BEAR_PUT_BNF_58000_58300_W300,secondary,BNF,BEAR_PUT,65.99791717529297,294.0,False,False,False
1912,2026-07-02,BEAR_CALL_BNF_58800_59400_W600,secondary,BNF,BEAR_CALL,64.91777038574219,750.0,False,False,False
1912,2026-07-02,BEAR_CALL_BNF_58800_59600_W800,secondary,BNF,BEAR_CALL,62.225643157958984,987.0,False,False,False
1912,2026-07-02,BEAR_CALL_BNF_58800_59300_W500,secondary,BNF,BEAR_CALL,62.15625,621.0,False,False,False
1912,2026-07-02,BEAR_PUT_BNF_57800_58300_W500,secondary,BNF,BEAR_PUT,40.98467254638672,468.0,False,False,False
1912,2026-07-02,BEAR_PUT_BNF_57700_58300_W600,secondary,BNF,BEAR_PUT,36.51031494140625,628.5,False,False,False
1913,2026-07-02,BEAR_CALL_BNF_58700_59200_W500,primary,BNF,BEAR_CALL,91.73823547363281,393.0,True,True,False
1913,2026-07-02,BEAR_CALL_BNF_58700_59700_W1000,secondary,BNF,BEAR_CALL,85.35871887207031,1081.5,False,False,True
1913,2026-07-02,__NO_TRADE__,synthetic_no_trade,BNF,NO_TRADE,82.3411636352539,0.0,False,False,False
1913,2026-07-02,BEAR_CALL_BNF_58700_59500_W800,secondary,BNF,BEAR_CALL,77.28903198242188,855.0,False,False,False
1913,2026-07-02,BEAR_CALL_BNF_58700_59100_W400,secondary,BNF,BEAR_CALL,76.33148193359375,373.5,False,False,False
1913,2026-07-02,BEAR_CALL_BNF_58700_59300_W600,secondary,BNF,BEAR_CALL,76.26952362060547,595.5,False,False,False
1913,2026-07-02,BULL_PUT_BNF_58000_57000_W1000,secondary,BNF,BULL_PUT,38.02776336669922,-837.0,False,False,False
1913,2026-07-02,BULL_PUT_BNF_58000_57600_W400,secondary,BNF,BULL_PUT,26.86537742614746,-366.0,False,False,False
1913,2026-07-02,BULL_PUT_BNF_58000_57200_W800,secondary,BNF,BULL_PUT,25.57478904724121,-717.0,False,False,False
1913,2026-07-02,BULL_PUT_BNF_58000_57500_W500,secondary,BNF,BULL_PUT,13.286060333251953,-457.5,False,False,False
1913,2026-07-02,BULL_PUT_BNF_58000_57400_W600,secondary,BNF,BULL_PUT,9.514213562011719,-529.5,False,False,False
1913,2026-07-02,BULL_PUT_BNF_57700_57300_W400,secondary,BNF,BULL_PUT,-5.9815521240234375,-396.0,False,False,False
1913,2026-07-02,BULL_PUT_BNF_57700_56700_W1000,secondary,BNF,BULL_PUT,-8.736549377441406,-829.5,False,False,False
1913,2026-07-02,BULL_PUT_BNF_57700_57200_W500,secondary,BNF,BULL_PUT,-27.116378784179688,-447.0,False,False,False
1913,2026-07-02,BULL_PUT_BNF_57700_57100_W600,secondary,BNF,BULL_PUT,-30.178752899169922,-483.0,False,False,False
1913,2026-07-02,BULL_PUT_BNF_57700_56900_W800,secondary,BNF,BULL_PUT,-44.789920806884766,-682.5,False,False,False
1914,2026-07-02,__NO_TRADE__,synthetic_no_trade,NF,NO_TRADE,123.11593627929688,0.0,True,False,False
1914,2026-07-02,BEAR_PUT_NF_24000_24100_W100,primary,NF,BEAR_PUT,115.63861846923828,-487.5,False,True,False
1914,2026-07-02,BEAR_CALL_BNF_58700_59700_W1000,secondary,BNF,BEAR_CALL,81.29118347167969,979.5,False,False,True
1914,2026-07-02,BEAR_CALL_BNF_58700_59100_W400,secondary,BNF,BEAR_CALL,70.85884094238281,343.5,False,False,False
1914,2026-07-02,BEAR_CALL_BNF_58700_59500_W800,secondary,BNF,BEAR_CALL,68.68475341796875,787.5,False,False,False
1914,2026-07-02,BEAR_CALL_BNF_58700_59300_W600,secondary,BNF,BEAR_CALL,67.78996276855469,555.0,False,False,False
1914,2026-07-02,BEAR_CALL_BNF_58700_59200_W500,secondary,BNF,BEAR_CALL,64.91350555419922,322.5,False,False,False
1914,2026-07-02,BEAR_PUT_BNF_57800_58200_W400,secondary,BNF,BEAR_PUT,56.192413330078125,325.5,False,False,False
1914,2026-07-02,BEAR_PUT_BNF_57700_58200_W500,secondary,BNF,BEAR_PUT,43.99785614013672,430.5,False,False,False
1915,2026-07-02,BEAR_PUT_NF_24000_24100_W100,secondary,NF,BEAR_PUT,128.37962341308594,-718.25,True,False,False
1915,2026-07-02,__NO_TRADE__,synthetic_no_trade,NF,NO_TRADE,125.3773193359375,0.0,False,False,True
1915,2026-07-02,BEAR_PUT_NF_23950_24100_W150,primary,NF,BEAR_PUT,79.48152160644531,-1053.0,False,True,False
1916,2026-07-02,__NO_TRADE__,synthetic_no_trade,BNF,NO_TRADE,91.54908752441406,0.0,True,False,False
1916,2026-07-02,BEAR_CALL_BNF_58600_59600_W1000,secondary,BNF,BEAR_CALL,87.54841613769531,199.5,False,False,True
1916,2026-07-02,BEAR_CALL_BNF_58600_59400_W800,secondary,BNF,BEAR_CALL,71.66461181640625,154.5,False,False,False
1916,2026-07-02,BEAR_CALL_BNF_58600_59000_W400,secondary,BNF,BEAR_CALL,71.12371826171875,61.5,False,False,False
1916,2026-07-02,BEAR_PUT_BNF_57700_58100_W400,primary,BNF,BEAR_PUT,69.73695373535156,49.5,False,True,False
1916,2026-07-02,BEAR_CALL_BNF_58600_59200_W600,secondary,BNF,BEAR_CALL,69.5608139038086,4.5,False,False,False
1916,2026-07-02,BEAR_CALL_BNF_58600_59100_W500,secondary,BNF,BEAR_CALL,64.96202087402344,90.0,False,False,False
1917,2026-07-02,__NO_TRADE__,synthetic_no_trade,NF,NO_TRADE,125.10379028320312,0.0,True,False,False
1917,2026-07-02,BEAR_CALL_BNF_58600_59600_W1000,secondary,BNF,BEAR_CALL,85.1174545288086,367.5,False,False,True
1917,2026-07-02,BEAR_PUT_NF_23950_24100_W150,secondary,NF,BEAR_PUT,81.31536865234375,-1342.25,False,False,False
1917,2026-07-02,BEAR_CALL_BNF_58600_59400_W800,secondary,BNF,BEAR_CALL,71.33882904052734,295.5,False,False,False
1917,2026-07-02,BEAR_CALL_BNF_58600_59000_W400,secondary,BNF,BEAR_CALL,68.40261840820312,118.5,False,False,False
1917,2026-07-02,BEAR_CALL_BNF_58600_59200_W600,secondary,BNF,BEAR_CALL,67.98297882080078,102.0,False,False,False
1917,2026-07-02,BEAR_PUT_NF_23900_24100_W200,primary,NF,BEAR_PUT,65.18678283691406,-1677.0,False,True,False
1917,2026-07-02,BEAR_CALL_BNF_58600_59100_W500,secondary,BNF,BEAR_CALL,64.22742462158203,156.0,False,False,False
1917,2026-07-02,BEAR_PUT_BNF_57600_58100_W500,secondary,BNF,BEAR_PUT,49.06672286987305,48.0,False,False,False
1918,2026-07-02,__NO_TRADE__,synthetic_no_trade,BNF,NO_TRADE,86.83601379394531,0.0,True,False,False
1918,2026-07-02,BEAR_CALL_BNF_58600_59600_W1000,secondary,BNF,BEAR_CALL,83.98220825195312,348.0,False,False,True
1918,2026-07-02,BEAR_CALL_BNF_58600_59000_W400,primary,BNF,BEAR_CALL,83.50637817382812,87.0,False,True,False
1918,2026-07-02,BEAR_CALL_BNF_58600_59400_W800,secondary,BNF,BEAR_CALL,71.71573638916016,249.0,False,False,False
1918,2026-07-02,BEAR_CALL_BNF_58600_59200_W600,secondary,BNF,BEAR_CALL,67.80303955078125,58.5,False,False,False
1918,2026-07-02,BEAR_CALL_BNF_58600_59100_W500,secondary,BNF,BEAR_CALL,64.03858947753906,126.0,False,False,False
1918,2026-07-02,BULL_PUT_BNF_57600_56600_W1000,secondary,BNF,BULL_PUT,6.301326751708984,-256.5,False,False,False
1918,2026-07-02,BULL_PUT_BNF_57600_57200_W400,secondary,BNF,BULL_PUT,-3.1773853302001953,-207.0,False,False,False
1918,2026-07-02,BULL_PUT_BNF_57600_57000_W600,secondary,BNF,BULL_PUT,-15.600605010986328,-234.0,False,False,False
1918,2026-07-02,BULL_PUT_BNF_57600_57100_W500,secondary,BNF,BULL_PUT,-20.313533782958984,-201.0,False,False,False
1918,2026-07-02,BULL_PUT_BNF_57600_56800_W800,secondary,BNF,BULL_PUT,-32.9189567565918,-309.0,False,False,False
1919,2026-07-02,__NO_TRADE__,synthetic_no_trade,BNF,NO_TRADE,85.63003540039062,0.0,True,False,False
1919,2026-07-02,BEAR_CALL_BNF_58600_59600_W1000,secondary,BNF,BEAR_CALL,81.95701599121094,490.5,False,False,True
1919,2026-07-02,BEAR_CALL_BNF_58600_59000_W400,primary,BNF,BEAR_CALL,80.95153045654297,151.5,False,True,False
1919,2026-07-02,BEAR_CALL_BNF_58600_59400_W800,secondary,BNF,BEAR_CALL,72.41204833984375,388.5,False,False,False
1919,2026-07-02,BEAR_CALL_BNF_58600_59200_W600,secondary,BNF,BEAR_CALL,68.34222412109375,133.5,False,False,False
1919,2026-07-02,BEAR_CALL_BNF_58600_59100_W500,secondary,BNF,BEAR_CALL,64.60476684570312,216.0,False,False,False
1919,2026-07-02,BULL_PUT_BNF_57600_57200_W400,secondary,BNF,BULL_PUT,2.8433361053466797,-265.5,False,False,False
1919,2026-07-02,BULL_PUT_BNF_57600_56600_W1000,secondary,BNF,BULL_PUT,-3.429168701171875,-391.5,False,False,False
1919,2026-07-02,BULL_PUT_BNF_57600_57100_W500,secondary,BNF,BULL_PUT,-18.293907165527344,-267.0,False,False,False
1919,2026-07-02,BULL_PUT_BNF_57600_57000_W600,secondary,BNF,BULL_PUT,-21.118057250976562,-328.5,False,False,False
1919,2026-07-02,BULL_PUT_BNF_57600_56800_W800,secondary,BNF,BULL_PUT,-36.85835266113281,-399.0,False,False,False
1920,2026-07-02,__NO_TRADE__,synthetic_no_trade,BNF,NO_TRADE,85.32311248779297,0.0,True,False,False
1920,2026-07-02,BEAR_CALL_BNF_58600_59600_W1000,secondary,BNF,BEAR_CALL,80.90681457519531,330.0,False,False,True
1920,2026-07-02,BEAR_CALL_BNF_58600_59000_W400,primary,BNF,BEAR_CALL,80.85205078125,91.5,False,True,False
1920,2026-07-02,BEAR_CALL_BNF_58600_59400_W800,secondary,BNF,BEAR_CALL,67.93910217285156,265.5,False,False,False
1920,2026-07-02,BEAR_CALL_BNF_58600_59200_W600,secondary,BNF,BEAR_CALL,64.17326354980469,40.5,False,False,False
1920,2026-07-02,BEAR_CALL_BNF_58600_59100_W500,secondary,BNF,BEAR_CALL,60.64763641357422,117.0,False,False,False
1920,2026-07-02,BULL_PUT_BNF_57600_56600_W1000,secondary,BNF,BULL_PUT,10.502071380615234,-213.0,False,False,False
1920,2026-07-02,BULL_PUT_BNF_57600_57200_W400,secondary,BNF,BULL_PUT,3.4195404052734375,-150.0,False,False,False
1920,2026-07-02,BULL_PUT_BNF_57600_57000_W600,secondary,BNF,BULL_PUT,-8.52444076538086,-208.5,False,False,False
1920,2026-07-02,BULL_PUT_BNF_57600_57100_W500,secondary,BNF,BULL_PUT,-12.509593963623047,-162.0,False,False,False
1920,2026-07-02,BULL_PUT_BNF_57600_56800_W800,secondary,BNF,BULL_PUT,-24.940353393554688,-268.5,False,False,False
1921,2026-07-02,BEAR_CALL_BNF_58700_59200_W500,primary,BNF,BEAR_CALL,86.53439331054688,136.5,True,True,False
1921,2026-07-02,__NO_TRADE__,synthetic_no_trade,BNF,NO_TRADE,78.97328186035156,0.0,False,False,False
1921,2026-07-02,BEAR_CALL_BNF_58700_59700_W1000,secondary,BNF,BEAR_CALL,68.79168701171875,615.0,False,False,True
1921,2026-07-02,BEAR_CALL_BNF_58700_59100_W400,secondary,BNF,BEAR_CALL,57.92149353027344,186.0,False,False,False
1921,2026-07-02,BEAR_CALL_BNF_58700_59300_W600,secondary,BNF,BEAR_CALL,52.84283447265625,300.0,False,False,False
1921,2026-07-02,BEAR_CALL_BNF_58700_59500_W800,secondary,BNF,BEAR_CALL,51.48833465576172,459.0,False,False,False
1921,2026-07-02,BULL_PUT_BNF_57700_56700_W1000,secondary,BNF,BULL_PUT,30.55289649963379,-535.5,False,False,False
1921,2026-07-02,BULL_PUT_BNF_57700_57300_W400,secondary,BNF,BULL_PUT,16.594005584716797,-237.0,False,False,False
1921,2026-07-02,BULL_PUT_BNF_57700_57100_W600,secondary,BNF,BULL_PUT,9.955204010009766,-288.0,False,False,False
1921,2026-07-02,BULL_PUT_BNF_57700_57200_W500,secondary,BNF,BULL_PUT,1.4248180389404297,-268.5,False,False,False
1921,2026-07-02,BULL_PUT_BNF_57700_56900_W800,secondary,BNF,BULL_PUT,-2.1925487518310547,-430.5,False,False,False
1922,2026-07-02,BEAR_CALL_BNF_58700_59200_W500,primary,BNF,BEAR_CALL,87.3245849609375,132.0,True,True,False
1922,2026-07-02,__NO_TRADE__,synthetic_no_trade,BNF,NO_TRADE,79.46360778808594,0.0,False,False,False
1922,2026-07-02,BEAR_CALL_BNF_58700_59700_W1000,secondary,BNF,BEAR_CALL,70.82685852050781,607.5,False,False,True
1922,2026-07-02,BEAR_CALL_BNF_58700_59100_W400,secondary,BNF,BEAR_CALL,59.26769256591797,192.0,False,False,False
1922,2026-07-02,BEAR_CALL_BNF_58700_59300_W600,secondary,BNF,BEAR_CALL,54.37279510498047,306.0,False,False,False
1922,2026-07-02,BEAR_CALL_BNF_58700_59500_W800,secondary,BNF,BEAR_CALL,53.48174285888672,483.0,False,False,False
1922,2026-07-02,BULL_PUT_BNF_57700_56700_W1000,secondary,BNF,BULL_PUT,27.811323165893555,-565.5,False,False,False
1922,2026-07-02,BULL_PUT_BNF_57700_57300_W400,secondary,BNF,BULL_PUT,14.19919204711914,-279.0,False,False,False
1922,2026-07-02,BULL_PUT_BNF_57700_57100_W600,secondary,BNF,BULL_PUT,6.828060150146484,-309.0,False,False,False
1922,2026-07-02,BULL_PUT_BNF_57700_57200_W500,secondary,BNF,BULL_PUT,-1.3404369354248047,-306.0,False,False,False
1922,2026-07-02,BULL_PUT_BNF_57700_56900_W800,secondary,BNF,BULL_PUT,-5.537754058837891,-453.0,False,False,False
1923,2026-07-02,BEAR_CALL_BNF_58700_59200_W500,primary,BNF,BEAR_CALL,86.07829284667969,72.0,True,True,False
1923,2026-07-02,__NO_TRADE__,synthetic_no_trade,BNF,NO_TRADE,78.57565307617188,0.0,False,False,False
1923,2026-07-02,BEAR_CALL_BNF_58700_59700_W1000,secondary,BNF,BEAR_CALL,66.1210708618164,507.0,False,False,True
1923,2026-07-02,BEAR_CALL_BNF_58700_59100_W400,secondary,BNF,BEAR_CALL,56.47565460205078,139.5,False,False,False
1923,2026-07-02,BEAR_CALL_BNF_58700_59300_W600,secondary,BNF,BEAR_CALL,50.5646858215332,240.0,False,False,False
1923,2026-07-02,BEAR_CALL_BNF_58700_59500_W800,secondary,BNF,BEAR_CALL,47.94500732421875,367.5,False,False,False
1923,2026-07-02,BULL_PUT_BNF_57700_56700_W1000,secondary,BNF,BULL_PUT,33.84980392456055,-516.0,False,False,False
1923,2026-07-02,BULL_PUT_BNF_57700_57300_W400,secondary,BNF,BULL_PUT,20.687517166137695,-259.5,False,False,False
1923,2026-07-02,BULL_PUT_BNF_57700_57100_W600,secondary,BNF,BULL_PUT,13.62237548828125,-280.5,False,False,False
1923,2026-07-02,BULL_PUT_BNF_57700_57200_W500,secondary,BNF,BULL_PUT,5.0159912109375,-292.5,False,False,False
1923,2026-07-02,BULL_PUT_BNF_57700_56900_W800,secondary,BNF,BULL_PUT,1.346536636352539,-429.0,False,False,False
1924,2026-07-02,BULL_PUT_BNF_57700_57300_W400,primary,BNF,BULL_PUT,87.46357727050781,-169.5,True,True,False
1924,2026-07-02,__NO_TRADE__,synthetic_no_trade,BNF,NO_TRADE,87.01072692871094,0.0,False,False,True
1924,2026-07-02,BULL_PUT_BNF_57700_56700_W1000,secondary,BNF,BULL_PUT,35.01376724243164,-355.5,False,False,False
1924,2026-07-02,BULL_PUT_BNF_57700_57100_W600,secondary,BNF,BULL_PUT,12.666399002075195,-178.5,False,False,False
1924,2026-07-02,BULL_PUT_BNF_57700_57200_W500,secondary,BNF,BULL_PUT,2.9824275970458984,-184.5,False,False,False
1924,2026-07-02,BULL_PUT_BNF_57700_56900_W800,secondary,BNF,BULL_PUT,2.9077510833740234,-292.5,False,False,False
1925,2026-07-02,__NO_TRADE__,synthetic_no_trade,BNF,NO_TRADE,82.89898681640625,0.0,True,False,False
1925,2026-07-02,BEAR_CALL_BNF_58600_59600_W1000,secondary,BNF,BEAR_CALL,81.0393295288086,333.0,False,False,True
1925,2026-07-02,BEAR_CALL_BNF_58600_59000_W400,primary,BNF,BEAR_CALL,77.616943359375,99.0,False,True,False
1925,2026-07-02,BEAR_CALL_BNF_58600_59400_W800,secondary,BNF,BEAR_CALL,70.955078125,234.0,False,False,False
1925,2026-07-02,BEAR_CALL_BNF_58600_59200_W600,secondary,BNF,BEAR_CALL,67.04020690917969,37.5,False,False,False
1925,2026-07-02,BEAR_CALL_BNF_58600_59100_W500,secondary,BNF,BEAR_CALL,62.949058532714844,153.0,False,False,False
1926,2026-07-02,BEAR_CALL_BNF_58600_59200_W600,primary,BNF,BEAR_CALL,86.96244049072266,-16.5,True,True,False
1926,2026-07-02,__NO_TRADE__,synthetic_no_trade,BNF,NO_TRADE,80.5901870727539,0.0,False,False,False
1926,2026-07-02,BEAR_CALL_BNF_58600_59600_W1000,secondary,BNF,BEAR_CALL,75.10398864746094,234.0,False,False,True
1926,2026-07-02,BEAR_CALL_BNF_58600_59400_W800,secondary,BNF,BEAR_CALL,59.62236022949219,165.0,False,False,False
1926,2026-07-02,BEAR_CALL_BNF_58600_59000_W400,secondary,BNF,BEAR_CALL,57.89675521850586,28.5,False,False,False
1926,2026-07-02,BEAR_CALL_BNF_58600_59100_W500,secondary,BNF,BEAR_CALL,53.33551788330078,69.0,False,False,False
1926,2026-07-02,BULL_PUT_BNF_57600_56600_W1000,secondary,BNF,BULL_PUT,23.745454788208008,-142.5,False,False,False
1926,2026-07-02,BULL_PUT_BNF_57600_57200_W400,secondary,BNF,BULL_PUT,12.908254623413086,-171.0,False,False,False
1926,2026-07-02,BULL_PUT_BNF_57600_57000_W600,secondary,BNF,BULL_PUT,4.438432693481445,-175.5,False,False,False
1926,2026-07-02,BULL_PUT_BNF_57600_57100_W500,secondary,BNF,BULL_PUT,-1.8767929077148438,-138.0,False,False,False
1926,2026-07-02,BULL_PUT_BNF_57600_56800_W800,secondary,BNF,BULL_PUT,-10.591777801513672,-208.5,False,False,False
1927,2026-07-02,BEAR_CALL_BNF_58600_59100_W500,primary,BNF,BEAR_CALL,85.52840423583984,-24.0,True,True,False
1927,2026-07-02,__NO_TRADE__,synthetic_no_trade,BNF,NO_TRADE,84.2207260131836,0.0,False,False,False
1927,2026-07-02,BEAR_CALL_BNF_58600_59600_W1000,secondary,BNF,BEAR_CALL,61.31414794921875,16.5,False,False,False
1927,2026-07-02,BEAR_CALL_BNF_58600_59000_W400,secondary,BNF,BEAR_CALL,51.358062744140625,-88.5,False,False,False
1927,2026-07-02,BEAR_CALL_BNF_58600_59200_W600,secondary,BNF,BEAR_CALL,42.827537536621094,-160.5,False,False,False
1927,2026-07-02,BULL_PUT_BNF_57600_56600_W1000,secondary,BNF,BULL_PUT,42.65685272216797,100.5,False,False,True
1927,2026-07-02,BEAR_CALL_BNF_58600_59400_W800,secondary,BNF,BEAR_CALL,40.50031280517578,-43.5,False,False,False
1927,2026-07-02,BULL_PUT_BNF_57600_57200_W400,secondary,BNF,BULL_PUT,18.204647064208984,-36.0,False,False,False
1927,2026-07-02,BULL_PUT_BNF_57600_57000_W600,secondary,BNF,BULL_PUT,16.824359893798828,-6.0,False,False,False
1927,2026-07-02,BULL_PUT_BNF_57600_56800_W800,secondary,BNF,BULL_PUT,5.693979263305664,13.5,False,False,False
1927,2026-07-02,BULL_PUT_BNF_57600_57100_W500,secondary,BNF,BULL_PUT,4.142955780029297,33.0,False,False,False
1928,2026-07-02,__NO_TRADE__,synthetic_no_trade,BNF,NO_TRADE,86.06977844238281,0.0,True,False,False
1928,2026-07-02,BEAR_CALL_BNF_58600_59000_W400,primary,BNF,BEAR_CALL,83.06283569335938,-72.0,False,True,False
1928,2026-07-02,BEAR_CALL_BNF_58600_59600_W1000,secondary,BNF,BEAR_CALL,68.8024673461914,12.0,False,False,False
1928,2026-07-02,BEAR_CALL_BNF_58600_59400_W800,secondary,BNF,BEAR_CALL,48.23534393310547,-24.0,False,False,False
1928,2026-07-02,BEAR_CALL_BNF_58600_59200_W600,secondary,BNF,BEAR_CALL,47.732276916503906,-157.5,False,False,False
1928,2026-07-02,BEAR_CALL_BNF_58600_59100_W500,secondary,BNF,BEAR_CALL,45.16370391845703,-49.5,False,False,False
1928,2026-07-02,BULL_PUT_BNF_57600_56600_W1000,secondary,BNF,BULL_PUT,37.15882110595703,19.5,False,False,True
1928,2026-07-02,BULL_PUT_BNF_57600_57200_W400,secondary,BNF,BULL_PUT,12.797836303710938,-97.5,False,False,False
1928,2026-07-02,BULL_PUT_BNF_57600_57000_W600,secondary,BNF,BULL_PUT,11.759435653686523,-75.0,False,False,False
1928,2026-07-02,BULL_PUT_BNF_57600_57100_W500,secondary,BNF,BULL_PUT,-0.9268856048583984,-28.5,False,False,False
1928,2026-07-02,BULL_PUT_BNF_57600_56800_W800,secondary,BNF,BULL_PUT,-2.9944400787353516,-102.0,False,False,False
1929,2026-07-02,__NO_TRADE__,synthetic_no_trade,BNF,NO_TRADE,84.53225708007812,0.0,True,False,False
1929,2026-07-02,BEAR_CALL_BNF_58500_59100_W600,primary,BNF,BEAR_CALL,83.33430480957031,-12.0,False,True,False
1929,2026-07-02,BEAR_CALL_BNF_58500_59500_W1000,secondary,BNF,BEAR_CALL,76.39935302734375,7.5,False,False,False
1929,2026-07-02,BEAR_CALL_BNF_58500_59300_W800,secondary,BNF,BEAR_CALL,65.40182495117188,-39.0,False,False,False
1929,2026-07-02,BEAR_CALL_BNF_58500_58900_W400,secondary,BNF,BEAR_CALL,54.939735412597656,12.0,False,False,False
1929,2026-07-02,BEAR_CALL_BNF_58500_59000_W500,secondary,BNF,BEAR_CALL,54.902183532714844,-49.5,False,False,False
1929,2026-07-02,BULL_PUT_BNF_57500_57100_W400,secondary,BNF,BULL_PUT,8.518379211425781,21.0,False,False,False
1929,2026-07-02,BULL_PUT_BNF_57500_56500_W1000,secondary,BNF,BULL_PUT,7.276721954345703,123.0,False,False,True
1929,2026-07-02,BULL_PUT_BNF_57500_57000_W500,secondary,BNF,BULL_PUT,-9.987735748291016,30.0,False,False,False
1929,2026-07-02,BULL_PUT_BNF_57500_56900_W600,secondary,BNF,BULL_PUT,-10.437461853027344,18.0,False,False,False
1929,2026-07-02,BULL_PUT_BNF_57500_56700_W800,secondary,BNF,BULL_PUT,-26.14513397216797,40.5,False,False,False
1930,2026-07-02,__NO_TRADE__,synthetic_no_trade,BNF,NO_TRADE,86.67416381835938,0.0,True,False,False
1930,2026-07-02,BEAR_CALL_BNF_58600_59000_W400,primary,BNF,BEAR_CALL,83.87934112548828,-73.5,False,True,False
1930,2026-07-02,BEAR_CALL_BNF_58600_59600_W1000,secondary,BNF,BEAR_CALL,68.60487365722656,-46.5,False,False,False
1930,2026-07-02,BEAR_CALL_BNF_58600_59200_W600,secondary,BNF,BEAR_CALL,47.258819580078125,-183.0,False,False,False
1930,2026-07-02,BEAR_CALL_BNF_58600_59400_W800,secondary,BNF,BEAR_CALL,47.06667709350586,-24.0,False,False,False
1930,2026-07-02,BEAR_CALL_BNF_58600_59100_W500,secondary,BNF,BEAR_CALL,44.830543518066406,-49.5,False,False,False
1930,2026-07-02,BULL_PUT_BNF_57600_56600_W1000,secondary,BNF,BULL_PUT,40.308677673339844,120.0,False,False,True
1930,2026-07-02,BULL_PUT_BNF_57600_57000_W600,secondary,BNF,BULL_PUT,11.428874969482422,31.5,False,False,False
1930,2026-07-02,BULL_PUT_BNF_57600_57200_W400,secondary,BNF,BULL_PUT,11.324787139892578,-18.0,False,False,False
1930,2026-07-02,BULL_PUT_BNF_57600_56800_W800,secondary,BNF,BULL_PUT,0.47977638244628906,16.5,False,False,False
1930,2026-07-02,BULL_PUT_BNF_57600_57100_W500,secondary,BNF,BULL_PUT,-2.0920581817626953,24.0,False,False,False
1931,2026-07-02,__NO_TRADE__,synthetic_no_trade,BNF,NO_TRADE,91.07498168945312,0.0,True,False,False
1931,2026-07-02,BEAR_CALL_BNF_58500_59500_W1000,secondary,BNF,BEAR_CALL,84.82353973388672,-208.5,False,False,False
1931,2026-07-02,BEAR_CALL_BNF_58500_58900_W400,primary,BNF,BEAR_CALL,80.15605926513672,-84.0,False,True,False
1931,2026-07-02,BEAR_CALL_BNF_58500_59300_W800,secondary,BNF,BEAR_CALL,70.52186584472656,-201.0,False,False,False
1931,2026-07-02,BEAR_CALL_BNF_58500_59100_W600,secondary,BNF,BEAR_CALL,64.18329620361328,-157.5,False,False,False
1931,2026-07-02,BEAR_CALL_BNF_58500_59000_W500,secondary,BNF,BEAR_CALL,58.72064971923828,-163.5,False,False,False
1931,2026-07-02,BULL_PUT_BNF_57500_56500_W1000,secondary,BNF,BULL_PUT,10.972602844238281,268.5,False,False,True
1931,2026-07-02,BULL_PUT_BNF_57500_57100_W400,secondary,BNF,BULL_PUT,-7.818023681640625,117.0,False,False,False
1931,2026-07-02,BULL_PUT_BNF_57500_56900_W600,secondary,BNF,BULL_PUT,-18.000953674316406,99.0,False,False,False
1931,2026-07-02,BULL_PUT_BNF_57500_57000_W500,secondary,BNF,BULL_PUT,-23.20380401611328,135.0,False,False,False
1931,2026-07-02,BULL_PUT_BNF_57500_56700_W800,secondary,BNF,BULL_PUT,-35.04240798950195,141.0,False,False,False
1932,2026-07-02,__NO_TRADE__,synthetic_no_trade,BNF,NO_TRADE,92.76748657226562,0.0,True,False,False
1932,2026-07-02,BEAR_CALL_BNF_58500_59000_W500,primary,BNF,BEAR_CALL,89.56519317626953,-348.0,False,True,False
1932,2026-07-02,BULL_PUT_BNF_57500_56500_W1000,secondary,BNF,BULL_PUT,71.49656677246094,672.0,False,False,True
1932,2026-07-02,BEAR_CALL_BNF_58500_59500_W1000,secondary,BNF,BEAR_CALL,67.45726776123047,-576.0,False,False,False
1932,2026-07-02,BEAR_CALL_BNF_58500_58900_W400,secondary,BNF,BEAR_CALL,51.481475830078125,-244.5,False,False,False
1932,2026-07-02,BEAR_CALL_BNF_58500_59300_W800,secondary,BNF,BEAR_CALL,42.77229309082031,-526.5,False,False,False
1932,2026-07-02,BEAR_CALL_BNF_58500_59100_W600,secondary,BNF,BEAR_CALL,42.758445739746094,-366.0,False,False,False
1932,2026-07-02,BULL_PUT_BNF_57500_56900_W600,secondary,BNF,BULL_PUT,19.04365348815918,334.5,False,False,False
1932,2026-07-02,BULL_PUT_BNF_57500_56700_W800,secondary,BNF,BULL_PUT,18.333885192871094,541.5,False,False,False
1932,2026-07-02,BULL_PUT_BNF_57500_57100_W400,secondary,BNF,BULL_PUT,16.777698516845703,280.5,False,False,False
1932,2026-07-02,BULL_PUT_BNF_57500_57000_W500,secondary,BNF,BULL_PUT,3.4245643615722656,355.5,False,False,False
1933,2026-07-02,__NO_TRADE__,synthetic_no_trade,BNF,NO_TRADE,87.12018585205078,0.0,True,False,False
1933,2026-07-02,BEAR_CALL_BNF_58500_59000_W500,primary,BNF,BEAR_CALL,81.03868103027344,-264.0,False,True,False
1933,2026-07-02,BEAR_CALL_BNF_58500_59500_W1000,secondary,BNF,BEAR_CALL,60.51100540161133,-441.0,False,False,False
1933,2026-07-02,BULL_PUT_BNF_57500_56500_W1000,secondary,BNF,BULL_PUT,49.41309356689453,493.5,False,False,True
1933,2026-07-02,BEAR_CALL_BNF_58500_58900_W400,secondary,BNF,BEAR_CALL,43.752784729003906,-186.0,False,False,False
1933,2026-07-02,BEAR_CALL_BNF_58500_59300_W800,secondary,BNF,BEAR_CALL,37.770347595214844,-400.5,False,False,False
1933,2026-07-02,BEAR_CALL_BNF_58500_59100_W600,secondary,BNF,BEAR_CALL,36.49978256225586,-286.5,False,False,False
1933,2026-07-02,BULL_PUT_BNF_57500_56900_W600,secondary,BNF,BULL_PUT,22.45604133605957,261.0,False,False,False
1933,2026-07-02,BULL_PUT_BNF_57500_57100_W400,secondary,BNF,BULL_PUT,21.059106826782227,226.5,False,False,False
1933,2026-07-02,BULL_PUT_BNF_57500_56700_W800,secondary,BNF,BULL_PUT,10.745471954345703,355.5,False,False,False
1933,2026-07-02,BULL_PUT_BNF_57500_57000_W500,secondary,BNF,BULL_PUT,9.279685974121094,249.0,False,False,False
1934,2026-07-02,BULL_PUT_BNF_57600_57200_W400,primary,BNF,BULL_PUT,93.45413970947266,42.0,True,True,False
1934,2026-07-02,__NO_TRADE__,synthetic_no_trade,BNF,NO_TRADE,89.02731323242188,0.0,False,False,False
1934,2026-07-02,BULL_PUT_BNF_57600_56600_W1000,secondary,BNF,BULL_PUT,45.932472229003906,286.5,False,False,True
1934,2026-07-02,BULL_PUT_BNF_57600_57000_W600,secondary,BNF,BULL_PUT,19.02212142944336,90.0,False,False,False
1934,2026-07-02,BULL_PUT_BNF_57600_56800_W800,secondary,BNF,BULL_PUT,14.36884880065918,187.5,False,False,False
1934,2026-07-02,BULL_PUT_BNF_57600_57100_W500,secondary,BNF,BULL_PUT,8.641361236572266,112.5,False,False,False
1935,2026-07-02,__NO_TRADE__,synthetic_no_trade,BNF,NO_TRADE,85.38508605957031,0.0,True,False,False
1935,2026-07-02,BEAR_CALL_BNF_58500_59000_W500,primary,BNF,BEAR_CALL,79.1354751586914,-169.5,False,True,False
1935,2026-07-02,BEAR_CALL_BNF_58500_59500_W1000,secondary,BNF,BEAR_CALL,72.70125579833984,-280.5,False,False,False
1935,2026-07-02,BEAR_CALL_BNF_58500_59300_W800,secondary,BNF,BEAR_CALL,55.31536865234375,-253.5,False,False,False
1935,2026-07-02,BEAR_CALL_BNF_58500_58900_W400,secondary,BNF,BEAR_CALL,50.78883361816406,-109.5,False,False,False
1935,2026-07-02,BEAR_CALL_BNF_58500_59100_W600,secondary,BNF,BEAR_CALL,50.199771881103516,-181.5,False,False,False
1935,2026-07-02,BULL_PUT_BNF_57500_56500_W1000,secondary,BNF,BULL_PUT,25.580686569213867,279.0,False,False,True
1935,2026-07-02,BULL_PUT_BNF_57500_57100_W400,secondary,BNF,BULL_PUT,14.319820404052734,135.0,False,False,False
1935,2026-07-02,BULL_PUT_BNF_57500_56900_W600,secondary,BNF,BULL_PUT,6.133092880249023,106.5,False,False,False
1935,2026-07-02,BULL_PUT_BNF_57500_57000_W500,secondary,BNF,BULL_PUT,0.27065467834472656,145.5,False,False,False
1935,2026-07-02,BULL_PUT_BNF_57500_56700_W800,secondary,BNF,BULL_PUT,-8.610313415527344,174.0,False,False,False
1936,2026-07-02,__NO_TRADE__,synthetic_no_trade,BNF,NO_TRADE,86.92799377441406,0.0,True,False,False
1936,2026-07-02,BEAR_CALL_BNF_58500_59000_W500,primary,BNF,BEAR_CALL,79.4345703125,-171.0,False,True,False
1936,2026-07-02,BEAR_CALL_BNF_58500_59500_W1000,secondary,BNF,BEAR_CALL,73.14869689941406,-277.5,False,False,False
1936,2026-07-02,BEAR_CALL_BNF_58500_58900_W400,secondary,BNF,BEAR_CALL,64.93836975097656,-123.0,False,False,False
1936,2026-07-02,BEAR_CALL_BNF_58500_59100_W600,secondary,BNF,BEAR_CALL,58.85045623779297,-183.0,False,False,False
1936,2026-07-02,BEAR_CALL_BNF_58500_59300_W800,secondary,BNF,BEAR_CALL,56.17670440673828,-268.5,False,False,False
1936,2026-07-02,BULL_PUT_BNF_57500_56500_W1000,secondary,BNF,BULL_PUT,14.967630386352539,268.5,False,False,True
1936,2026-07-02,BULL_PUT_BNF_57500_57100_W400,secondary,BNF,BULL_PUT,-4.382991790771484,123.0,False,False,False
1936,2026-07-02,BULL_PUT_BNF_57500_56900_W600,secondary,BNF,BULL_PUT,-12.998443603515625,100.5,False,False,False
1936,2026-07-02,BULL_PUT_BNF_57500_57000_W500,secondary,BNF,BULL_PUT,-19.79842758178711,132.0,False,False,False
1936,2026-07-02,BULL_PUT_BNF_57500_56700_W800,secondary,BNF,BULL_PUT,-25.945629119873047,163.5,False,False,False
1937,2026-07-02,__NO_TRADE__,synthetic_no_trade,BNF,NO_TRADE,84.9180908203125,0.0,True,False,False
1937,2026-07-02,BEAR_CALL_BNF_58500_59000_W500,primary,BNF,BEAR_CALL,78.43357849121094,-165.0,False,True,False
1937,2026-07-02,BEAR_CALL_BNF_58500_59500_W1000,secondary,BNF,BEAR_CALL,69.37895202636719,-214.5,False,False,False
1937,2026-07-02,BEAR_CALL_BNF_58500_59300_W800,secondary,BNF,BEAR_CALL,52.46734619140625,-225.0,False,False,False
1937,2026-07-02,BEAR_CALL_BNF_58500_58900_W400,secondary,BNF,BEAR_CALL,49.11890411376953,-111.0,False,False,False
1937,2026-07-02,BEAR_CALL_BNF_58500_59100_W600,secondary,BNF,BEAR_CALL,47.74885177612305,-162.0,False,False,False
1937,2026-07-02,BULL_PUT_BNF_57500_56500_W1000,secondary,BNF,BULL_PUT,29.18318748474121,253.5,False,False,True
1937,2026-07-02,BULL_PUT_BNF_57500_57100_W400,secondary,BNF,BULL_PUT,17.665245056152344,124.5,False,False,False
1937,2026-07-02,BULL_PUT_BNF_57500_56900_W600,secondary,BNF,BULL_PUT,10.25267219543457,105.0,False,False,False
1937,2026-07-02,BULL_PUT_BNF_57500_57000_W500,secondary,BNF,BULL_PUT,3.9687538146972656,123.0,False,False,False
1937,2026-07-02,BULL_PUT_BNF_57500_56700_W800,secondary,BNF,BULL_PUT,-4.623510360717773,157.5,False,False,False
1938,2026-07-02,__NO_TRADE__,synthetic_no_trade,BNF,NO_TRADE,82.10478210449219,0.0,True,False,False
1938,2026-07-02,BEAR_CALL_BNF_58500_59000_W500,primary,BNF,BEAR_CALL,75.27850341796875,-124.5,False,True,False
1938,2026-07-02,BEAR_CALL_BNF_58500_59500_W1000,secondary,BNF,BEAR_CALL,68.14091491699219,-154.5,False,False,False
1938,2026-07-02,BEAR_CALL_BNF_58500_59300_W800,secondary,BNF,BEAR_CALL,53.855018615722656,-132.0,False,False,False
1938,2026-07-02,BEAR_CALL_BNF_58500_59100_W600,secondary,BNF,BEAR_CALL,49.265037536621094,-103.5,False,False,False
1938,2026-07-02,BEAR_CALL_BNF_58500_58900_W400,secondary,BNF,BEAR_CALL,49.21421432495117,-66.0,False,False,False
1938,2026-07-02,BULL_PUT_BNF_57500_56500_W1000,secondary,BNF,BULL_PUT,26.50337791442871,223.5,False,False,True
1938,2026-07-02,BULL_PUT_BNF_57500_57100_W400,secondary,BNF,BULL_PUT,25.232332229614258,111.0,False,False,False
1938,2026-07-02,BULL_PUT_BNF_57500_56900_W600,secondary,BNF,BULL_PUT,12.50291633605957,105.0,False,False,False
1938,2026-07-02,BULL_PUT_BNF_57500_57000_W500,secondary,BNF,BULL_PUT,9.419685363769531,90.0,False,False,False
1938,2026-07-02,BULL_PUT_BNF_57500_56700_W800,secondary,BNF,BULL_PUT,-2.5520191192626953,132.0,False,False,False
1939,2026-07-02,__NO_TRADE__,synthetic_no_trade,BNF,NO_TRADE,80.44279479980469,0.0,True,False,False
1939,2026-07-02,BEAR_CALL_BNF_58500_59000_W500,primary,BNF,BEAR_CALL,73.90849304199219,-129.0,False,True,False
1939,2026-07-02,BEAR_CALL_BNF_58500_59500_W1000,secondary,BNF,BEAR_CALL,68.94905090332031,-162.0,False,False,False
1939,2026-07-02,BEAR_CALL_BNF_58500_59300_W800,secondary,BNF,BEAR_CALL,56.81349563598633,-147.0,False,False,False
1939,2026-07-02,BEAR_CALL_BNF_58500_59100_W600,secondary,BNF,BEAR_CALL,52.427947998046875,-115.5,False,False,False
1939,2026-07-02,BEAR_CALL_BNF_58500_58900_W400,secondary,BNF,BEAR_CALL,50.7811164855957,-72.0,False,False,False
1939,2026-07-02,BULL_PUT_BNF_57500_57100_W400,secondary,BNF,BULL_PUT,26.678016662597656,91.5,False,False,False
1939,2026-07-02,BULL_PUT_BNF_57500_56500_W1000,secondary,BNF,BULL_PUT,18.764892578125,213.0,False,False,True
1939,2026-07-02,BULL_PUT_BNF_57500_57000_W500,secondary,BNF,BULL_PUT,7.925642013549805,96.0,False,False,False
1939,2026-07-02,BULL_PUT_BNF_57500_56900_W600,secondary,BNF,BULL_PUT,7.564752578735352,72.0,False,False,False
1939,2026-07-02,BULL_PUT_BNF_57500_56700_W800,secondary,BNF,BULL_PUT,-7.355518341064453,112.5,False,False,False
1940,2026-07-02,__NO_TRADE__,synthetic_no_trade,BNF,NO_TRADE,79.09060668945312,0.0,True,False,False
1940,2026-07-02,BEAR_CALL_BNF_58500_59000_W500,primary,BNF,BEAR_CALL,72.54823303222656,-75.0,False,True,False
1940,2026-07-02,BEAR_CALL_BNF_58500_59500_W1000,secondary,BNF,BEAR_CALL,66.4056167602539,-88.5,False,False,False
1940,2026-07-02,BEAR_CALL_BNF_58500_59300_W800,secondary,BNF,BEAR_CALL,55.78535461425781,-96.0,False,False,False
1940,2026-07-02,BEAR_CALL_BNF_58500_59100_W600,secondary,BNF,BEAR_CALL,51.60002136230469,-70.5,False,False,False
1940,2026-07-02,BEAR_CALL_BNF_58500_58900_W400,secondary,BNF,BEAR_CALL,49.82884216308594,-36.0,False,False,False
1940,2026-07-02,BULL_PUT_BNF_57500_57100_W400,secondary,BNF,BULL_PUT,29.93427085876465,54.0,False,False,False
1940,2026-07-02,BULL_PUT_BNF_57500_56500_W1000,secondary,BNF,BULL_PUT,17.800371170043945,159.0,False,False,True
1940,2026-07-02,BULL_PUT_BNF_57500_57000_W500,secondary,BNF,BULL_PUT,10.167943954467773,66.0,False,False,False
1940,2026-07-02,BULL_PUT_BNF_57500_56900_W600,secondary,BNF,BULL_PUT,7.774686813354492,34.5,False,False,False
1940,2026-07-02,BULL_PUT_BNF_57500_56700_W800,secondary,BNF,BULL_PUT,-6.872642517089844,63.0,False,False,False
1941,2026-07-02,BEAR_CALL_BNF_58600_59100_W500,primary,BNF,BEAR_CALL,77.00889587402344,-64.5,True,True,False
1941,2026-07-02,__NO_TRADE__,synthetic_no_trade,BNF,NO_TRADE,76.34105682373047,0.0,False,False,False
1941,2026-07-02,BEAR_CALL_BNF_58600_59600_W1000,secondary,BNF,BEAR_CALL,56.77896499633789,-81.0,False,False,False
1941,2026-07-02,BULL_PUT_BNF_57600_56600_W1000,secondary,BNF,BULL_PUT,51.743812561035156,13.5,False,False,True
1941,2026-07-02,BEAR_CALL_BNF_58600_59000_W400,secondary,BNF,BEAR_CALL,46.41722106933594,-135.0,False,False,False
1941,2026-07-02,BULL_PUT_BNF_57600_57200_W400,secondary,BNF,BULL_PUT,41.962249755859375,-79.5,False,False,False
1941,2026-07-02,BEAR_CALL_BNF_58600_59200_W600,secondary,BNF,BEAR_CALL,40.84422302246094,-196.5,False,False,False
1941,2026-07-02,BEAR_CALL_BNF_58600_59400_W800,secondary,BNF,BEAR_CALL,38.421592712402344,-88.5,False,False,False
1941,2026-07-02,BULL_PUT_BNF_57600_57000_W600,secondary,BNF,BULL_PUT,35.11182403564453,-67.5,False,False,False
1941,2026-07-02,BULL_PUT_BNF_57600_57100_W500,secondary,BNF,BULL_PUT,27.583560943603516,12.0,False,False,False
1941,2026-07-02,BULL_PUT_BNF_57600_56800_W800,secondary,BNF,BULL_PUT,24.307100296020508,-7.5,False,False,False
1942,2026-07-02,__NO_TRADE__,synthetic_no_trade,BNF,NO_TRADE,77.36058807373047,0.0,True,False,False
1942,2026-07-02,BEAR_CALL_BNF_58600_59000_W400,primary,BNF,BEAR_CALL,73.3155517578125,-9.0,False,True,False
1942,2026-07-02,BEAR_CALL_BNF_58600_59600_W1000,secondary,BNF,BEAR_CALL,70.93222045898438,105.0,False,False,True
1942,2026-07-02,BEAR_CALL_BNF_58600_59400_W800,secondary,BNF,BEAR_CALL,57.36470413208008,78.0,False,False,False
1942,2026-07-02,BEAR_CALL_BNF_58600_59200_W600,secondary,BNF,BEAR_CALL,55.402442932128906,-72.0,False,False,False
1942,2026-07-02,BEAR_CALL_BNF_58600_59100_W500,secondary,BNF,BEAR_CALL,52.13792419433594,27.0,False,False,False
1942,2026-07-02,BULL_PUT_BNF_57600_57200_W400,secondary,BNF,BULL_PUT,32.77284240722656,-145.5,False,False,False
1942,2026-07-02,BULL_PUT_BNF_57600_56600_W1000,secondary,BNF,BULL_PUT,29.38848876953125,-108.0,False,False,False
1942,2026-07-02,BULL_PUT_BNF_57600_57000_W600,secondary,BNF,BULL_PUT,17.08747100830078,-159.0,False,False,False
1942,2026-07-02,BULL_PUT_BNF_57600_57100_W500,secondary,BNF,BULL_PUT,16.11229133605957,-103.5,False,False,False
1942,2026-07-02,BULL_PUT_BNF_57600_56800_W800,secondary,BNF,BULL_PUT,3.514606475830078,-166.5,False,False,False
1943,2026-07-02,BULL_PUT_BNF_57700_57300_W400,primary,BNF,BULL_PUT,93.49160766601562,-214.5,True,True,False
1943,2026-07-02,__NO_TRADE__,synthetic_no_trade,BNF,NO_TRADE,81.384033203125,0.0,False,False,True
1943,2026-07-02,BULL_PUT_BNF_57700_56700_W1000,secondary,BNF,BULL_PUT,49.868621826171875,-439.5,False,False,False
1943,2026-07-02,BULL_PUT_BNF_57700_57100_W600,secondary,BNF,BULL_PUT,32.966732025146484,-222.0,False,False,False
1943,2026-07-02,BULL_PUT_BNF_57700_57200_W500,secondary,BNF,BULL_PUT,25.97650909423828,-262.5,False,False,False
1943,2026-07-02,BULL_PUT_BNF_57700_56900_W800,secondary,BNF,BULL_PUT,22.461708068847656,-355.5,False,False,False
1944,2026-07-02,__NO_TRADE__,synthetic_no_trade,BNF,NO_TRADE,77.13737487792969,0.0,True,False,False
1944,2026-07-02,BEAR_CALL_BNF_58600_59000_W400,primary,BNF,BEAR_CALL,71.823486328125,91.5,False,True,False
1944,2026-07-02,BEAR_CALL_BNF_58600_59600_W1000,secondary,BNF,BEAR_CALL,71.69031524658203,252.0,False,False,True
1944,2026-07-02,BEAR_CALL_BNF_58600_59400_W800,secondary,BNF,BEAR_CALL,60.982139587402344,207.0,False,False,False
1944,2026-07-02,BEAR_CALL_BNF_58600_59200_W600,secondary,BNF,BEAR_CALL,58.52228927612305,15.0,False,False,False
1944,2026-07-02,BEAR_CALL_BNF_58600_59100_W500,secondary,BNF,BEAR_CALL,55.42041015625,117.0,False,False,False
1944,2026-07-02,BULL_PUT_BNF_57600_57200_W400,secondary,BNF,BULL_PUT,31.29952049255371,-220.5,False,False,False
1944,2026-07-02,BULL_PUT_BNF_57600_56600_W1000,secondary,BNF,BULL_PUT,18.249996185302734,-261.0,False,False,False
1944,2026-07-02,BULL_PUT_BNF_57600_57100_W500,secondary,BNF,BULL_PUT,11.918848037719727,-159.0,False,False,False
1944,2026-07-02,BULL_PUT_BNF_57600_57000_W600,secondary,BNF,BULL_PUT,8.24913215637207,-261.0,False,False,False
1944,2026-07-02,BULL_PUT_BNF_57600_56800_W800,secondary,BNF,BULL_PUT,-6.144702911376953,-325.5,False,False,False
1945,2026-07-02,BULL_PUT_BNF_57700_57300_W400,primary,BNF,BULL_PUT,96.39503479003906,-264.0,True,True,False
1945,2026-07-02,__NO_TRADE__,synthetic_no_trade,BNF,NO_TRADE,80.84930419921875,0.0,False,False,True
1945,2026-07-02,BULL_PUT_BNF_57700_56700_W1000,secondary,BNF,BULL_PUT,51.58064270019531,-477.0,False,False,False
1945,2026-07-02,BULL_PUT_BNF_57700_57100_W600,secondary,BNF,BULL_PUT,35.83594512939453,-261.0,False,False,False
1945,2026-07-02,BULL_PUT_BNF_57700_57200_W500,secondary,BNF,BULL_PUT,29.055286407470703,-268.5,False,False,False
1945,2026-07-02,BULL_PUT_BNF_57700_56900_W800,secondary,BNF,BULL_PUT,24.781375885009766,-381.0,False,False,False
1946,2026-07-02,__NO_TRADE__,synthetic_no_trade,BNF,NO_TRADE,77.4159164428711,0.0,True,False,False
1946,2026-07-02,BEAR_CALL_BNF_58600_59000_W400,primary,BNF,BEAR_CALL,73.22334289550781,-12.0,False,True,False
1946,2026-07-02,BEAR_CALL_BNF_58600_59600_W1000,secondary,BNF,BEAR_CALL,59.91357421875,66.0,False,False,True
1946,2026-07-02,BULL_PUT_BNF_57600_56600_W1000,secondary,BNF,BULL_PUT,46.02693176269531,-138.0,False,False,False
1946,2026-07-02,BEAR_CALL_BNF_58600_59200_W600,secondary,BNF,BEAR_CALL,44.06026840209961,-93.0,False,False,False
1946,2026-07-02,BEAR_CALL_BNF_58600_59400_W800,secondary,BNF,BEAR_CALL,43.414398193359375,55.5,False,False,False
1946,2026-07-02,BEAR_CALL_BNF_58600_59100_W500,secondary,BNF,BEAR_CALL,41.29959487915039,27.0,False,False,False
1946,2026-07-02,BULL_PUT_BNF_57600_57200_W400,secondary,BNF,BULL_PUT,39.95786666870117,-117.0,False,False,False
1946,2026-07-02,BULL_PUT_BNF_57600_57000_W600,secondary,BNF,BULL_PUT,31.01028060913086,-151.5,False,False,False
1946,2026-07-02,BULL_PUT_BNF_57600_57100_W500,secondary,BNF,BULL_PUT,25.85582733154297,-76.5,False,False,False
1946,2026-07-02,BULL_PUT_BNF_57600_56800_W800,secondary,BNF,BULL_PUT,17.924884796142578,-190.5,False,False,False
1947,2026-07-02,BEAR_CALL_BNF_58600_59100_W500,primary,BNF,BEAR_CALL,76.58767700195312,-21.0,True,True,False
1947,2026-07-02,__NO_TRADE__,synthetic_no_trade,BNF,NO_TRADE,75.77030181884766,0.0,False,False,False
1947,2026-07-02,BEAR_CALL_BNF_58600_59600_W1000,secondary,BNF,BEAR_CALL,60.24860382080078,31.5,False,False,True
1947,2026-07-02,BEAR_CALL_BNF_58600_59000_W400,secondary,BNF,BEAR_CALL,48.44533157348633,-91.5,False,False,False
1947,2026-07-02,BULL_PUT_BNF_57600_56600_W1000,secondary,BNF,BULL_PUT,46.1861686706543,-123.0,False,False,False
1947,2026-07-02,BEAR_CALL_BNF_58600_59200_W600,secondary,BNF,BEAR_CALL,44.30833435058594,-142.5,False,False,False
1947,2026-07-02,BEAR_CALL_BNF_58600_59400_W800,secondary,BNF,BEAR_CALL,43.507301330566406,0.0,False,False,False
1947,2026-07-02,BULL_PUT_BNF_57600_57200_W400,secondary,BNF,BULL_PUT,39.86105728149414,-111.0,False,False,False
1947,2026-07-02,BULL_PUT_BNF_57600_57000_W600,secondary,BNF,BULL_PUT,31.142562866210938,-112.5,False,False,False
1947,2026-07-02,BULL_PUT_BNF_57600_57100_W500,secondary,BNF,BULL_PUT,25.694561004638672,-66.0,False,False,False
1947,2026-07-02,BULL_PUT_BNF_57600_56800_W800,secondary,BNF,BULL_PUT,17.98793601989746,-184.5,False,False,False
1948,2026-07-02,__NO_TRADE__,synthetic_no_trade,BNF,NO_TRADE,77.779296875,0.0,True,False,True
1948,2026-07-02,BEAR_CALL_BNF_58600_59000_W400,primary,BNF,BEAR_CALL,74.0031509399414,-60.0,False,True,False
1948,2026-07-02,BULL_PUT_BNF_57600_56600_W1000,secondary,BNF,BULL_PUT,55.99285888671875,-39.0,False,False,False
1948,2026-07-02,BEAR_CALL_BNF_58600_59600_W1000,secondary,BNF,BEAR_CALL,52.1324577331543,-36.0,False,False,False
1948,2026-07-02,BULL_PUT_BNF_57600_57200_W400,secondary,BNF,BULL_PUT,46.313941955566406,-88.5,False,False,False
1948,2026-07-02,BULL_PUT_BNF_57600_57000_W600,secondary,BNF,BULL_PUT,40.16487121582031,-108.0,False,False,False
1948,2026-07-02,BEAR_CALL_BNF_58600_59200_W600,secondary,BNF,BEAR_CALL,37.85555648803711,-181.5,False,False,False
1948,2026-07-02,BEAR_CALL_BNF_58600_59100_W500,secondary,BNF,BEAR_CALL,34.71131134033203,-30.0,False,False,False
1948,2026-07-02,BEAR_CALL_BNF_58600_59400_W800,secondary,BNF,BEAR_CALL,34.149261474609375,-48.0,False,False,False
1948,2026-07-02,BULL_PUT_BNF_57600_57100_W500,secondary,BNF,BULL_PUT,32.70331954956055,-40.5,False,False,False
1948,2026-07-02,BULL_PUT_BNF_57600_56800_W800,secondary,BNF,BULL_PUT,27.441783905029297,-117.0,False,False,False
1949,2026-07-02,BULL_PUT_BNF_57600_57200_W400,primary,BNF,BULL_PUT,101.40480041503906,-73.5,True,True,False
1949,2026-07-02,__NO_TRADE__,synthetic_no_trade,BNF,NO_TRADE,82.09440612792969,0.0,False,False,False
1949,2026-07-02,BULL_PUT_BNF_57600_56600_W1000,secondary,BNF,BULL_PUT,58.67807388305664,33.0,False,False,True
1949,2026-07-02,BULL_PUT_BNF_57600_57000_W600,secondary,BNF,BULL_PUT,42.062583923339844,-43.5,False,False,False
1949,2026-07-02,BULL_PUT_BNF_57600_57100_W500,secondary,BNF,BULL_PUT,34.38739013671875,-9.0,False,False,False
1949,2026-07-02,BULL_PUT_BNF_57600_56800_W800,secondary,BNF,BULL_PUT,30.570228576660156,-61.5,False,False,False
1950,2026-07-02,BEAR_CALL_BNF_58600_59200_W600,primary,BNF,BEAR_CALL,81.07765197753906,-220.5,True,True,False
1950,2026-07-02,__NO_TRADE__,synthetic_no_trade,BNF,NO_TRADE,74.07565307617188,0.0,False,False,False
1950,2026-07-02,BEAR_CALL_BNF_58600_59600_W1000,secondary,BNF,BEAR_CALL,56.93758010864258,-121.5,False,False,False
1950,2026-07-02,BULL_PUT_BNF_57600_56600_W1000,secondary,BNF,BULL_PUT,52.64861297607422,15.0,False,False,True
1950,2026-07-02,BEAR_CALL_BNF_58600_59000_W400,secondary,BNF,BEAR_CALL,46.59784698486328,-154.5,False,False,False
1950,2026-07-02,BULL_PUT_BNF_57600_57200_W400,secondary,BNF,BULL_PUT,42.82386016845703,-60.0,False,False,False
1950,2026-07-02,BEAR_CALL_BNF_58600_59400_W800,secondary,BNF,BEAR_CALL,38.48052215576172,-106.5,False,False,False
1950,2026-07-02,BEAR_CALL_BNF_58600_59100_W500,secondary,BNF,BEAR_CALL,37.74413299560547,-108.0,False,False,False
1950,2026-07-02,BULL_PUT_BNF_57600_57000_W600,secondary,BNF,BULL_PUT,36.15385437011719,-79.5,False,False,False
1950,2026-07-02,BULL_PUT_BNF_57600_57100_W500,secondary,BNF,BULL_PUT,29.15753936767578,-24.0,False,False,False
1950,2026-07-02,BULL_PUT_BNF_57600_56800_W800,secondary,BNF,BULL_PUT,24.403228759765625,-69.0,False,False,False
1951,2026-07-02,__NO_TRADE__,synthetic_no_trade,BNF,NO_TRADE,77.34176635742188,0.0,True,False,False
1951,2026-07-02,BEAR_CALL_BNF_58600_59000_W400,primary,BNF,BEAR_CALL,73.584716796875,-37.5,False,True,False
1951,2026-07-02,BEAR_CALL_BNF_58600_59600_W1000,secondary,BNF,BEAR_CALL,61.150169372558594,79.5,False,False,True
1951,2026-07-02,BEAR_CALL_BNF_58600_59200_W600,secondary,BNF,BEAR_CALL,45.51197814941406,-127.5,False,False,False
1951,2026-07-02,BEAR_CALL_BNF_58600_59400_W800,secondary,BNF,BEAR_CALL,45.179847717285156,27.0,False,False,False
1951,2026-07-02,BULL_PUT_BNF_57600_56600_W1000,secondary,BNF,BULL_PUT,43.672874450683594,-160.5,False,False,False
1951,2026-07-02,BEAR_CALL_BNF_58600_59100_W500,secondary,BNF,BEAR_CALL,42.54197692871094,-10.5,False,False,False
1951,2026-07-02,BULL_PUT_BNF_57600_57200_W400,secondary,BNF,BULL_PUT,39.203887939453125,-147.0,False,False,False
1951,2026-07-02,BULL_PUT_BNF_57600_57000_W600,secondary,BNF,BULL_PUT,28.52284049987793,-205.5,False,False,False
1951,2026-07-02,BULL_PUT_BNF_57600_57100_W500,secondary,BNF,BULL_PUT,24.878808975219727,-112.5,False,False,False
1951,2026-07-02,BULL_PUT_BNF_57600_56800_W800,secondary,BNF,BULL_PUT,15.477899551391602,-237.0,False,False,False
1952,2026-07-02,__NO_TRADE__,synthetic_no_trade,BNF,NO_TRADE,76.98123931884766,0.0,True,False,False
1952,2026-07-02,BEAR_CALL_BNF_58600_59000_W400,primary,BNF,BEAR_CALL,73.2916259765625,-33.0,False,True,False
1952,2026-07-02,BEAR_CALL_BNF_58600_59600_W1000,secondary,BNF,BEAR_CALL,61.3188591003418,46.5,False,False,True
1952,2026-07-02,BEAR_CALL_BNF_58600_59200_W600,secondary,BNF,BEAR_CALL,45.66077423095703,-142.5,False,False,False
1952,2026-07-02,BEAR_CALL_BNF_58600_59400_W800,secondary,BNF,BEAR_CALL,45.16637420654297,43.5,False,False,False
1952,2026-07-02,BULL_PUT_BNF_57600_56600_W1000,secondary,BNF,BULL_PUT,44.63792419433594,-156.0,False,False,False
1952,2026-07-02,BEAR_CALL_BNF_58600_59100_W500,secondary,BNF,BEAR_CALL,42.61592102050781,-36.0,False,False,False
1952,2026-07-02,BULL_PUT_BNF_57600_57200_W400,secondary,BNF,BULL_PUT,40.54534912109375,-162.0,False,False,False
1952,2026-07-02,BULL_PUT_BNF_57600_57000_W600,secondary,BNF,BULL_PUT,30.079574584960938,-138.0,False,False,False
1952,2026-07-02,BULL_PUT_BNF_57600_57100_W500,secondary,BNF,BULL_PUT,26.052968978881836,-118.5,False,False,False
1952,2026-07-02,BULL_PUT_BNF_57600_56800_W800,secondary,BNF,BULL_PUT,16.758487701416016,-220.5,False,False,False
1953,2026-07-02,__NO_TRADE__,synthetic_no_trade,BNF,NO_TRADE,76.21250915527344,0.0,True,False,False
1953,2026-07-02,BEAR_CALL_BNF_58600_59000_W400,primary,BNF,BEAR_CALL,72.5829086303711,-12.0,False,True,False
1953,2026-07-02,BEAR_CALL_BNF_58600_59600_W1000,secondary,BNF,BEAR_CALL,63.858604431152344,76.5,False,False,True
1953,2026-07-02,BEAR_CALL_BNF_58600_59400_W800,secondary,BNF,BEAR_CALL,49.118614196777344,54.0,False,False,False
1953,2026-07-02,BEAR_CALL_BNF_58600_59200_W600,secondary,BNF,BEAR_CALL,48.69744873046875,-96.0,False,False,False
1953,2026-07-02,BEAR_CALL_BNF_58600_59100_W500,secondary,BNF,BEAR_CALL,45.64813232421875,16.5,False,False,False
1953,2026-07-02,BULL_PUT_BNF_57600_56600_W1000,secondary,BNF,BULL_PUT,41.31542205810547,-183.0,False,False,False
1953,2026-07-02,BULL_PUT_BNF_57600_57200_W400,secondary,BNF,BULL_PUT,39.51844787597656,-127.5,False,False,False
1953,2026-07-02,BULL_PUT_BNF_57600_57000_W600,secondary,BNF,BULL_PUT,27.677419662475586,-175.5,False,False,False
1953,2026-07-02,BULL_PUT_BNF_57600_57100_W500,secondary,BNF,BULL_PUT,25.119205474853516,-117.0,False,False,False
1953,2026-07-02,BULL_PUT_BNF_57600_56800_W800,secondary,BNF,BULL_PUT,14.659378051757812,-225.0,False,False,False
1954,2026-07-02,__NO_TRADE__,synthetic_no_trade,BNF,NO_TRADE,75.95740509033203,0.0,True,False,False
1954,2026-07-02,BEAR_CALL_BNF_58600_59000_W400,primary,BNF,BEAR_CALL,72.08869171142578,12.0,False,True,False
1954,2026-07-02,BEAR_CALL_BNF_58600_59600_W1000,secondary,BNF,BEAR_CALL,62.22172164916992,67.5,False,False,True
1954,2026-07-02,BEAR_CALL_BNF_58600_59200_W600,secondary,BNF,BEAR_CALL,47.181060791015625,-100.5,False,False,False
1954,2026-07-02,BEAR_CALL_BNF_58600_59400_W800,secondary,BNF,BEAR_CALL,47.111572265625,67.5,False,False,False
1954,2026-07-02,BEAR_CALL_BNF_58600_59100_W500,secondary,BNF,BEAR_CALL,44.191490173339844,19.5,False,False,False
1954,2026-07-02,BULL_PUT_BNF_57600_56600_W1000,secondary,BNF,BULL_PUT,44.02490234375,-253.5,False,False,False
1954,2026-07-02,BULL_PUT_BNF_57600_57200_W400,secondary,BNF,BULL_PUT,42.45714569091797,-172.5,False,False,False
1954,2026-07-02,BULL_PUT_BNF_57600_57000_W600,secondary,BNF,BULL_PUT,30.309480667114258,-208.5,False,False,False
1954,2026-07-02,BULL_PUT_BNF_57600_57100_W500,secondary,BNF,BULL_PUT,28.198841094970703,-156.0,False,False,False
1954,2026-07-02,BULL_PUT_BNF_57600_56800_W800,secondary,BNF,BULL_PUT,17.691364288330078,-238.5,False,False,False
1956,2026-07-02,BULL_PUT_BNF_57600_57200_W400,primary,BNF,BULL_PUT,100.68019104003906,-57.0,True,True,False
1956,2026-07-02,__NO_TRADE__,synthetic_no_trade,BNF,NO_TRADE,82.10554504394531,0.0,False,False,True
1956,2026-07-02,BULL_PUT_BNF_57600_56600_W1000,secondary,BNF,BULL_PUT,58.332557678222656,-10.5,False,False,False
1956,2026-07-02,BULL_PUT_BNF_57600_57000_W600,secondary,BNF,BULL_PUT,42.216392517089844,-55.5,False,False,False
1956,2026-07-02,BULL_PUT_BNF_57600_57100_W500,secondary,BNF,BULL_PUT,34.74797439575195,-28.5,False,False,False
1956,2026-07-02,BULL_PUT_BNF_57600_56800_W800,secondary,BNF,BULL_PUT,30.276262283325195,-82.5,False,False,False
1957,2026-07-02,__NO_TRADE__,synthetic_no_trade,BNF,NO_TRADE,76.38577270507812,0.0,True,False,True
1957,2026-07-02,BEAR_CALL_BNF_58600_59000_W400,primary,BNF,BEAR_CALL,74.05923461914062,-117.0,False,True,False
1957,2026-07-02,BULL_PUT_BNF_57600_56600_W1000,secondary,BNF,BULL_PUT,57.59122848510742,-27.0,False,False,False
1957,2026-07-02,BEAR_CALL_BNF_58600_59600_W1000,secondary,BNF,BEAR_CALL,54.733802795410156,-142.5,False,False,False
1957,2026-07-02,BULL_PUT_BNF_57600_57200_W400,secondary,BNF,BULL_PUT,48.57721710205078,-96.0,False,False,False
1957,2026-07-02,BULL_PUT_BNF_57600_57000_W600,secondary,BNF,BULL_PUT,41.359291076660156,-43.5,False,False,False
1957,2026-07-02,BEAR_CALL_BNF_58600_59200_W600,secondary,BNF,BEAR_CALL,40.09409713745117,-247.5,False,False,False
1957,2026-07-02,BEAR_CALL_BNF_58600_59400_W800,secondary,BNF,BEAR_CALL,36.82868576049805,-156.0,False,False,False
1957,2026-07-02,BEAR_CALL_BNF_58600_59100_W500,secondary,BNF,BEAR_CALL,36.48412322998047,-100.5,False,False,False
1957,2026-07-02,BULL_PUT_BNF_57600_57100_W500,secondary,BNF,BULL_PUT,35.07353973388672,-45.0,False,False,False
1957,2026-07-02,BULL_PUT_BNF_57600_56800_W800,secondary,BNF,BULL_PUT,29.757179260253906,-103.5,False,False,False
1958,2026-07-02,__NO_TRADE__,synthetic_no_trade,BNF,NO_TRADE,76.82035827636719,0.0,True,False,True
1958,2026-07-02,BEAR_CALL_BNF_58500_59000_W500,primary,BNF,BEAR_CALL,71.32463073730469,-103.5,False,True,False
1958,2026-07-02,BEAR_CALL_BNF_58500_59500_W1000,secondary,BNF,BEAR_CALL,65.77558135986328,-202.5,False,False,False
1958,2026-07-02,BEAR_CALL_BNF_58500_59300_W800,secondary,BNF,BEAR_CALL,54.27991485595703,-166.5,False,False,False
1958,2026-07-02,BEAR_CALL_BNF_58500_59100_W600,secondary,BNF,BEAR_CALL,50.91370391845703,-123.0,False,False,False
1958,2026-07-02,BEAR_CALL_BNF_58500_58900_W400,secondary,BNF,BEAR_CALL,50.14244842529297,-93.0,False,False,False
1959,2026-07-02,__NO_TRADE__,synthetic_no_trade,BNF,NO_TRADE,76.27100372314453,0.0,True,False,False
1959,2026-07-02,BEAR_CALL_BNF_58500_59000_W500,primary,BNF,BEAR_CALL,71.29801940917969,-150.0,False,True,False
1959,2026-07-02,BEAR_CALL_BNF_58500_59500_W1000,secondary,BNF,BEAR_CALL,65.32378387451172,-238.5,False,False,False
1959,2026-07-02,BEAR_CALL_BNF_58500_59300_W800,secondary,BNF,BEAR_CALL,53.14374923706055,-171.0,False,False,False
1959,2026-07-02,BEAR_CALL_BNF_58500_58900_W400,secondary,BNF,BEAR_CALL,50.24446105957031,-127.5,False,False,False
1959,2026-07-02,BEAR_CALL_BNF_58500_59100_W600,secondary,BNF,BEAR_CALL,50.20730209350586,-153.0,False,False,False
1959,2026-07-02,BULL_PUT_BNF_57500_57100_W400,secondary,BNF,BULL_PUT,39.10669708251953,33.0,False,False,False
1959,2026-07-02,BULL_PUT_BNF_57500_56500_W1000,secondary,BNF,BULL_PUT,26.847896575927734,63.0,False,False,True
1959,2026-07-02,BULL_PUT_BNF_57500_57000_W500,secondary,BNF,BULL_PUT,21.21344566345215,-13.5,False,False,False
1959,2026-07-02,BULL_PUT_BNF_57500_56900_W600,secondary,BNF,BULL_PUT,16.810537338256836,-30.0,False,False,False
1959,2026-07-02,BULL_PUT_BNF_57500_56700_W800,secondary,BNF,BULL_PUT,3.574281692504883,0.0,False,False,False
1960,2026-07-02,__NO_TRADE__,synthetic_no_trade,BNF,NO_TRADE,76.37520599365234,0.0,True,False,False
1960,2026-07-02,BEAR_CALL_BNF_58500_59000_W500,primary,BNF,BEAR_CALL,71.35346221923828,-157.5,False,True,False
1960,2026-07-02,BEAR_CALL_BNF_58500_59500_W1000,secondary,BNF,BEAR_CALL,63.028282165527344,-225.0,False,False,False
1960,2026-07-02,BEAR_CALL_BNF_58500_59300_W800,secondary,BNF,BEAR_CALL,50.17269515991211,-183.0,False,False,False
1960,2026-07-02,BEAR_CALL_BNF_58500_58900_W400,secondary,BNF,BEAR_CALL,47.563087463378906,-78.0,False,False,False
1960,2026-07-02,BEAR_CALL_BNF_58500_59100_W600,secondary,BNF,BEAR_CALL,47.47637939453125,-147.0,False,False,False
1960,2026-07-02,BULL_PUT_BNF_57500_57100_W400,secondary,BNF,BULL_PUT,40.628299713134766,39.0,False,False,False
1960,2026-07-02,BULL_PUT_BNF_57500_56500_W1000,secondary,BNF,BULL_PUT,30.365901947021484,52.5,False,False,True
1960,2026-07-02,BULL_PUT_BNF_57500_57000_W500,secondary,BNF,BULL_PUT,22.924890518188477,15.0,False,False,False
1960,2026-07-02,BULL_PUT_BNF_57500_56900_W600,secondary,BNF,BULL_PUT,19.995708465576172,-18.0,False,False,False
1960,2026-07-02,BULL_PUT_BNF_57500_56700_W800,secondary,BNF,BULL_PUT,6.60694694519043,-19.5,False,False,False
1961,2026-07-02,__NO_TRADE__,synthetic_no_trade,BNF,NO_TRADE,76.4771728515625,0.0,True,False,False
1961,2026-07-02,BEAR_CALL_BNF_58500_59000_W500,primary,BNF,BEAR_CALL,71.51559448242188,-210.0,False,True,False
1961,2026-07-02,BEAR_CALL_BNF_58500_59500_W1000,secondary,BNF,BEAR_CALL,54.50002670288086,-366.0,False,False,False
1961,2026-07-02,BULL_PUT_BNF_57500_56500_W1000,secondary,BNF,BULL_PUT,52.0282096862793,166.5,False,False,True
1961,2026-07-02,BULL_PUT_BNF_57500_57100_W400,secondary,BNF,BULL_PUT,47.833404541015625,126.0,False,False,False
1961,2026-07-02,BEAR_CALL_BNF_58500_58900_W400,secondary,BNF,BEAR_CALL,41.366607666015625,-139.5,False,False,False
1961,2026-07-02,BULL_PUT_BNF_57500_56900_W600,secondary,BNF,BULL_PUT,38.09747314453125,78.0,False,False,False
1961,2026-07-02,BEAR_CALL_BNF_58500_59300_W800,secondary,BNF,BEAR_CALL,37.82442855834961,-300.0,False,False,False
1961,2026-07-02,BEAR_CALL_BNF_58500_59100_W600,secondary,BNF,BEAR_CALL,37.713775634765625,-228.0,False,False,False
1961,2026-07-02,BULL_PUT_BNF_57500_57000_W500,secondary,BNF,BULL_PUT,34.259788513183594,79.5,False,False,False
1961,2026-07-02,BULL_PUT_BNF_57500_56700_W800,secondary,BNF,BULL_PUT,25.312780380249023,117.0,False,False,False
1962,2026-07-02,__NO_TRADE__,synthetic_no_trade,BNF,NO_TRADE,75.22126770019531,0.0,True,False,False
1962,2026-07-02,BEAR_CALL_BNF_58500_59100_W600,primary,BNF,BEAR_CALL,74.84488677978516,-175.5,False,True,False
1962,2026-07-02,BEAR_CALL_BNF_58500_59500_W1000,secondary,BNF,BEAR_CALL,58.926673889160156,-291.0,False,False,False
1962,2026-07-02,BEAR_CALL_BNF_58500_58900_W400,secondary,BNF,BEAR_CALL,44.87806701660156,-147.0,False,False,False
1962,2026-07-02,BEAR_CALL_BNF_58500_59300_W800,secondary,BNF,BEAR_CALL,43.94774627685547,-243.0,False,False,False
1962,2026-07-02,BULL_PUT_BNF_57500_57100_W400,secondary,BNF,BULL_PUT,43.755245208740234,54.0,False,False,False
1962,2026-07-02,BULL_PUT_BNF_57500_56500_W1000,secondary,BNF,BULL_PUT,40.87388610839844,138.0,False,False,True
1962,2026-07-02,BEAR_CALL_BNF_58500_59000_W500,secondary,BNF,BEAR_CALL,39.7335319519043,-205.5,False,False,False
1962,2026-07-02,BULL_PUT_BNF_57500_56900_W600,secondary,BNF,BULL_PUT,28.39145278930664,27.0,False,False,False
1962,2026-07-02,BULL_PUT_BNF_57500_57000_W500,secondary,BNF,BULL_PUT,27.814844131469727,39.0,False,False,False
1962,2026-07-02,BULL_PUT_BNF_57500_56700_W800,secondary,BNF,BULL_PUT,15.18122673034668,55.5,False,False,False
1963,2026-07-02,BULL_PUT_BNF_57600_57200_W400,primary,BNF,BULL_PUT,105.48420715332031,-127.5,True,True,False
1963,2026-07-02,__NO_TRADE__,synthetic_no_trade,BNF,NO_TRADE,80.77584838867188,0.0,False,False,True
1963,2026-07-02,BULL_PUT_BNF_57600_56600_W1000,secondary,BNF,BULL_PUT,62.35517120361328,-106.5,False,False,False
1963,2026-07-02,BULL_PUT_BNF_57600_57000_W600,secondary,BNF,BULL_PUT,47.37596893310547,-105.0,False,False,False
1963,2026-07-02,BULL_PUT_BNF_57600_57100_W500,secondary,BNF,BULL_PUT,41.61095428466797,-109.5,False,False,False
1963,2026-07-02,BULL_PUT_BNF_57600_56800_W800,secondary,BNF,BULL_PUT,34.414337158203125,-183.0,False,False,False
1964,2026-07-02,__NO_TRADE__,synthetic_no_trade,BNF,NO_TRADE,75.84146881103516,0.0,True,False,False
1964,2026-07-02,BEAR_CALL_BNF_58500_59000_W500,primary,BNF,BEAR_CALL,70.8637924194336,-96.0,False,True,False
1964,2026-07-02,BEAR_CALL_BNF_58500_59500_W1000,secondary,BNF,BEAR_CALL,62.20545959472656,-181.5,False,False,False
1964,2026-07-02,BEAR_CALL_BNF_58500_59300_W800,secondary,BNF,BEAR_CALL,50.257843017578125,-178.5,False,False,False
1964,2026-07-02,BEAR_CALL_BNF_58500_58900_W400,secondary,BNF,BEAR_CALL,47.64666748046875,-75.0,False,False,False
1964,2026-07-02,BEAR_CALL_BNF_58500_59100_W600,secondary,BNF,BEAR_CALL,47.45476531982422,-120.0,False,False,False
1964,2026-07-02,BULL_PUT_BNF_57500_57100_W400,secondary,BNF,BULL_PUT,44.76225280761719,-4.5,False,False,False
1964,2026-07-02,BULL_PUT_BNF_57500_56500_W1000,secondary,BNF,BULL_PUT,35.11158752441406,6.0,False,False,False
1964,2026-07-02,BULL_PUT_BNF_57500_57000_W500,secondary,BNF,BULL_PUT,27.168720245361328,-15.0,False,False,False
1964,2026-07-02,BULL_PUT_BNF_57500_56900_W600,secondary,BNF,BULL_PUT,24.8104248046875,6.0,False,False,True
1964,2026-07-02,BULL_PUT_BNF_57500_56700_W800,secondary,BNF,BULL_PUT,11.304162979125977,-42.0,False,False,False
1965,2026-07-02,__NO_TRADE__,synthetic_no_trade,BNF,NO_TRADE,80.17799377441406,0.0,True,False,False
1965,2026-07-02,BEAR_CALL_BNF_58400_58800_W400,primary,BNF,BEAR_CALL,63.6391487121582,-463.5,False,True,False
1965,2026-07-02,BULL_PUT_BNF_57400_56400_W1000,secondary,BNF,BULL_PUT,56.81151580810547,613.5,False,False,True
1965,2026-07-02,BULL_PUT_BNF_57400_57000_W400,secondary,BNF,BULL_PUT,51.83082962036133,261.0,False,False,False
1965,2026-07-02,BEAR_CALL_BNF_58400_59400_W1000,secondary,BNF,BEAR_CALL,47.38474655151367,-811.5,False,False,False
1965,2026-07-02,BULL_PUT_BNF_57400_56800_W600,secondary,BNF,BULL_PUT,43.68885803222656,372.0,False,False,False
1965,2026-07-02,BULL_PUT_BNF_57400_56900_W500,secondary,BNF,BULL_PUT,40.78614044189453,241.5,False,False,False
1965,2026-07-02,BEAR_CALL_BNF_58400_59200_W800,secondary,BNF,BEAR_CALL,29.93239974975586,-808.5,False,False,False
1965,2026-07-02,BULL_PUT_BNF_57400_56600_W800,secondary,BNF,BULL_PUT,29.928274154663086,537.0,False,False,False
1965,2026-07-02,BEAR_CALL_BNF_58400_59000_W600,secondary,BNF,BEAR_CALL,28.81047821044922,-586.5,False,False,False
1965,2026-07-02,BEAR_CALL_BNF_58400_58900_W500,secondary,BNF,BEAR_CALL,26.999401092529297,-462.0,False,False,False
1966,2026-07-02,__NO_TRADE__,synthetic_no_trade,BNF,NO_TRADE,76.41376495361328,0.0,True,False,True
1966,2026-07-02,BEAR_CALL_BNF_58400_59000_W600,primary,BNF,BEAR_CALL,67.51547241210938,-349.5,False,True,False
1966,2026-07-02,BEAR_CALL_BNF_58400_59400_W1000,secondary,BNF,BEAR_CALL,58.662742614746094,-604.5,False,False,False
1966,2026-07-02,BEAR_CALL_BNF_58400_59200_W800,secondary,BNF,BEAR_CALL,48.702049255371094,-595.5,False,False,False
1966,2026-07-02,BEAR_CALL_BNF_58400_58800_W400,secondary,BNF,BEAR_CALL,42.21986389160156,-370.5,False,False,False
1966,2026-07-02,BEAR_CALL_BNF_58400_58900_W500,secondary,BNF,BEAR_CALL,41.4906005859375,-292.5,False,False,False
1967,2026-07-02,__NO_TRADE__,synthetic_no_trade,BNF,NO_TRADE,76.70144653320312,0.0,True,False,True
1967,2026-07-02,BEAR_CALL_BNF_58400_59000_W600,primary,BNF,BEAR_CALL,67.48121643066406,-337.5,False,True,False
1967,2026-07-02,BEAR_CALL_BNF_58400_59400_W1000,secondary,BNF,BEAR_CALL,58.49842834472656,-585.0,False,False,False
1967,2026-07-02,BEAR_CALL_BNF_58400_59200_W800,secondary,BNF,BEAR_CALL,48.59583282470703,-564.0,False,False,False
1967,2026-07-02,BEAR_CALL_BNF_58400_58800_W400,secondary,BNF,BEAR_CALL,41.91053009033203,-355.5,False,False,False
1967,2026-07-02,BEAR_CALL_BNF_58400_58900_W500,secondary,BNF,BEAR_CALL,41.32063293457031,-282.0,False,False,False
1968,2026-07-02,__NO_TRADE__,synthetic_no_trade,BNF,NO_TRADE,76.6156997680664,0.0,True,False,False
1968,2026-07-02,BEAR_CALL_BNF_58400_59000_W600,primary,BNF,BEAR_CALL,68.68240356445312,-438.0,False,True,False
1968,2026-07-02,BEAR_CALL_BNF_58400_59400_W1000,secondary,BNF,BEAR_CALL,58.37633514404297,-682.5,False,False,False
1968,2026-07-02,BEAR_CALL_BNF_58400_59200_W800,secondary,BNF,BEAR_CALL,46.037742614746094,-688.5,False,False,False
1968,2026-07-02,BEAR_CALL_BNF_58400_58800_W400,secondary,BNF,BEAR_CALL,41.9438591003418,-421.5,False,False,False
1968,2026-07-02,BULL_PUT_BNF_57400_57000_W400,secondary,BNF,BULL_PUT,41.71697235107422,124.5,False,False,False
1968,2026-07-02,BEAR_CALL_BNF_58400_58900_W500,secondary,BNF,BEAR_CALL,39.497920989990234,-360.0,False,False,False
1968,2026-07-02,BULL_PUT_BNF_57400_56400_W1000,secondary,BNF,BULL_PUT,27.652847290039062,408.0,False,False,True
1968,2026-07-02,BULL_PUT_BNF_57400_56900_W500,secondary,BNF,BULL_PUT,24.442502975463867,163.5,False,False,False
1968,2026-07-02,BULL_PUT_BNF_57400_56800_W600,secondary,BNF,BULL_PUT,18.66260528564453,219.0,False,False,False
1968,2026-07-02,BULL_PUT_BNF_57400_56600_W800,secondary,BNF,BULL_PUT,5.332498550415039,367.5,False,False,False
1969,2026-07-02,__NO_TRADE__,synthetic_no_trade,BNF,NO_TRADE,76.9024658203125,0.0,True,False,False
1969,2026-07-02,BEAR_CALL_BNF_58400_59000_W600,primary,BNF,BEAR_CALL,69.55453491210938,-498.0,False,True,False
1969,2026-07-02,BEAR_CALL_BNF_58400_59400_W1000,secondary,BNF,BEAR_CALL,59.80707550048828,-769.5,False,False,False
1969,2026-07-02,BEAR_CALL_BNF_58400_59200_W800,secondary,BNF,BEAR_CALL,46.11956024169922,-727.5,False,False,False
1969,2026-07-02,BEAR_CALL_BNF_58400_58800_W400,secondary,BNF,BEAR_CALL,42.325889587402344,-448.5,False,False,False
1969,2026-07-02,BULL_PUT_BNF_57400_57000_W400,secondary,BNF,BULL_PUT,39.689266204833984,178.5,False,False,False
1969,2026-07-02,BEAR_CALL_BNF_58400_58900_W500,secondary,BNF,BEAR_CALL,39.61058044433594,-417.0,False,False,False
1969,2026-07-02,BULL_PUT_BNF_57400_56400_W1000,secondary,BNF,BULL_PUT,26.795202255249023,390.0,False,False,False
1969,2026-07-02,BULL_PUT_BNF_57400_56900_W500,secondary,BNF,BULL_PUT,24.003440856933594,138.0,False,False,False
1969,2026-07-02,BULL_PUT_BNF_57400_56800_W600,secondary,BNF,BULL_PUT,17.6818904876709,202.5,False,False,False
1969,2026-07-02,BULL_PUT_BNF_57400_56600_W800,secondary,BNF,BULL_PUT,4.575645446777344,393.0,False,False,True
1970,2026-07-02,__NO_TRADE__,synthetic_no_trade,BNF,NO_TRADE,74.78526306152344,0.0,True,False,True
1970,2026-07-02,BEAR_CALL_BNF_58500_59000_W500,primary,BNF,BEAR_CALL,70.64581298828125,-91.5,False,True,False
1970,2026-07-02,BEAR_CALL_BNF_58500_59500_W1000,secondary,BNF,BEAR_CALL,64.35221862792969,-133.5,False,False,False
1970,2026-07-02,BEAR_CALL_BNF_58500_59300_W800,secondary,BNF,BEAR_CALL,55.36140823364258,-144.0,False,False,False
1970,2026-07-02,BEAR_CALL_BNF_58500_59100_W600,secondary,BNF,BEAR_CALL,52.07928466796875,-103.5,False,False,False
1970,2026-07-02,BEAR_CALL_BNF_58500_58900_W400,secondary,BNF,BEAR_CALL,50.19999313354492,-49.5,False,False,False
1971,2026-07-02,__NO_TRADE__,synthetic_no_trade,BNF,NO_TRADE,75.1600112915039,0.0,True,False,False
1971,2026-07-02,BEAR_CALL_BNF_58500_59000_W500,primary,BNF,BEAR_CALL,71.07071685791016,-165.0,False,True,False
1971,2026-07-02,BEAR_CALL_BNF_58500_59500_W1000,secondary,BNF,BEAR_CALL,60.118507385253906,-265.5,False,False,False
1971,2026-07-02,BEAR_CALL_BNF_58500_59300_W800,secondary,BNF,BEAR_CALL,46.72747802734375,-234.0,False,False,False
1971,2026-07-02,BEAR_CALL_BNF_58500_58900_W400,secondary,BNF,BEAR_CALL,46.01581573486328,-106.5,False,False,False
1971,2026-07-02,BULL_PUT_BNF_57500_57100_W400,secondary,BNF,BULL_PUT,45.069026947021484,66.0,False,False,False
1971,2026-07-02,BEAR_CALL_BNF_58500_59100_W600,secondary,BNF,BEAR_CALL,44.8778076171875,-178.5,False,False,False
1971,2026-07-02,BULL_PUT_BNF_57500_56500_W1000,secondary,BNF,BULL_PUT,38.39883804321289,123.0,False,False,True
1971,2026-07-02,BULL_PUT_BNF_57500_57000_W500,secondary,BNF,BULL_PUT,28.062408447265625,60.0,False,False,False
1971,2026-07-02,BULL_PUT_BNF_57500_56900_W600,secondary,BNF,BULL_PUT,27.46601104736328,30.0,False,False,False
1971,2026-07-02,BULL_PUT_BNF_57500_56700_W800,secondary,BNF,BULL_PUT,14.163711547851562,1.5,False,False,False
1972,2026-07-02,__NO_TRADE__,synthetic_no_trade,BNF,NO_TRADE,74.42887115478516,0.0,True,False,False
1972,2026-07-02,BEAR_CALL_BNF_58500_59000_W500,primary,BNF,BEAR_CALL,70.2237319946289,-24.0,False,True,False
1972,2026-07-02,BEAR_CALL_BNF_58500_59500_W1000,secondary,BNF,BEAR_CALL,62.20020294189453,-28.5,False,False,False
1972,2026-07-02,BEAR_CALL_BNF_58500_59300_W800,secondary,BNF,BEAR_CALL,54.34921646118164,-54.0,False,False,False
1972,2026-07-02,BEAR_CALL_BNF_58500_59100_W600,secondary,BNF,BEAR_CALL,50.747039794921875,-24.0,False,False,False
1972,2026-07-02,BEAR_CALL_BNF_58500_58900_W400,secondary,BNF,BEAR_CALL,48.976158142089844,22.5,False,False,True
1973,2026-07-02,__NO_TRADE__,synthetic_no_trade,BNF,NO_TRADE,73.84461975097656,0.0,True,False,False
1973,2026-07-02,BEAR_CALL_BNF_58500_59000_W500,primary,BNF,BEAR_CALL,70.16744995117188,-6.0,False,True,False
1973,2026-07-02,BEAR_CALL_BNF_58500_59500_W1000,secondary,BNF,BEAR_CALL,61.21505355834961,30.0,False,False,True
1973,2026-07-02,BEAR_CALL_BNF_58500_59300_W800,secondary,BNF,BEAR_CALL,54.5604133605957,-7.5,False,False,False
1973,2026-07-02,BEAR_CALL_BNF_58500_59100_W600,secondary,BNF,BEAR_CALL,50.8389892578125,1.5,False,False,False
1973,2026-07-02,BEAR_CALL_BNF_58500_58900_W400,secondary,BNF,BEAR_CALL,49.32856750488281,19.5,False,False,False
1974,2026-07-02,__NO_TRADE__,synthetic_no_trade,BNF,NO_TRADE,73.74373626708984,0.0,True,False,True
1974,2026-07-02,BEAR_CALL_BNF_58600_59000_W400,primary,BNF,BEAR_CALL,73.34688568115234,-117.0,False,True,False
1974,2026-07-02,BULL_PUT_BNF_57600_56600_W1000,secondary,BNF,BULL_PUT,60.001953125,-286.5,False,False,False
1974,2026-07-02,BEAR_CALL_BNF_58600_59600_W1000,secondary,BNF,BEAR_CALL,56.851844787597656,-109.5,False,False,False
1974,2026-07-02,BULL_PUT_BNF_57600_57200_W400,secondary,BNF,BULL_PUT,54.36431121826172,-162.0,False,False,False
1974,2026-07-02,BULL_PUT_BNF_57600_57000_W600,secondary,BNF,BULL_PUT,44.85190200805664,-237.0,False,False,False
1974,2026-07-02,BEAR_CALL_BNF_58600_59200_W600,secondary,BNF,BEAR_CALL,43.305397033691406,-223.5,False,False,False
1974,2026-07-02,BULL_PUT_BNF_57600_57100_W500,secondary,BNF,BULL_PUT,42.87405014038086,-198.0,False,False,False
1974,2026-07-02,BEAR_CALL_BNF_58600_59400_W800,secondary,BNF,BEAR_CALL,40.53364562988281,-124.5,False,False,False
1974,2026-07-02,BEAR_CALL_BNF_58600_59100_W500,secondary,BNF,BEAR_CALL,39.48853302001953,-213.0,False,False,False
1974,2026-07-02,BULL_PUT_BNF_57600_56800_W800,secondary,BNF,BULL_PUT,33.05122375488281,-298.5,False,False,False
1975,2026-07-02,BULL_PUT_BNF_57600_57200_W400,primary,BNF,BULL_PUT,112.435302734375,-169.5,True,True,False
1975,2026-07-02,__NO_TRADE__,synthetic_no_trade,BNF,NO_TRADE,78.6015625,0.0,False,False,True
1975,2026-07-02,BULL_PUT_BNF_57600_56600_W1000,secondary,BNF,BULL_PUT,73.23008728027344,-178.5,False,False,False
1975,2026-07-02,BULL_PUT_BNF_57600_57000_W600,secondary,BNF,BULL_PUT,56.89523696899414,-175.5,False,False,False
1975,2026-07-02,BULL_PUT_BNF_57600_57100_W500,secondary,BNF,BULL_PUT,52.30657958984375,-136.5,False,False,False
1975,2026-07-02,BULL_PUT_BNF_57600_56800_W800,secondary,BNF,BULL_PUT,45.12189483642578,-226.5,False,False,False
1976,2026-07-02,BULL_PUT_BNF_57600_57200_W400,primary,BNF,BULL_PUT,111.93453979492188,-124.5,True,True,False
1976,2026-07-02,__NO_TRADE__,synthetic_no_trade,BNF,NO_TRADE,78.03178405761719,0.0,False,False,True
1976,2026-07-02,BULL_PUT_BNF_57600_56600_W1000,secondary,BNF,BULL_PUT,72.6911849975586,-117.0,False,False,False
1976,2026-07-02,BULL_PUT_BNF_57600_57000_W600,secondary,BNF,BULL_PUT,55.10258483886719,-150.0,False,False,False
1976,2026-07-02,BULL_PUT_BNF_57600_57100_W500,secondary,BNF,BULL_PUT,50.01624298095703,-97.5,False,False,False
1976,2026-07-02,BULL_PUT_BNF_57600_56800_W800,secondary,BNF,BULL_PUT,44.36285400390625,-168.0,False,False,False
1977,2026-07-02,__NO_TRADE__,synthetic_no_trade,BNF,NO_TRADE,72.41658782958984,0.0,True,False,False
1977,2026-07-02,BEAR_CALL_BNF_58500_59000_W500,primary,BNF,BEAR_CALL,70.83943176269531,-13.5,False,True,False
1977,2026-07-02,BEAR_CALL_BNF_58500_59500_W1000,secondary,BNF,BEAR_CALL,63.146305084228516,-21.0,False,False,False
1977,2026-07-02,BEAR_CALL_BNF_58500_59300_W800,secondary,BNF,BEAR_CALL,57.24920654296875,-64.5,False,False,False
1977,2026-07-02,BEAR_CALL_BNF_58500_59100_W600,secondary,BNF,BEAR_CALL,52.751708984375,1.5,False,False,False
1977,2026-07-02,BEAR_CALL_BNF_58500_58900_W400,secondary,BNF,BEAR_CALL,50.573368072509766,31.5,False,False,True
1978,2026-07-02,__NO_TRADE__,synthetic_no_trade,BNF,NO_TRADE,72.75794982910156,0.0,True,False,False
1978,2026-07-02,BEAR_CALL_BNF_58500_59000_W500,primary,BNF,BEAR_CALL,72.35310363769531,-136.5,False,True,False
1978,2026-07-02,BULL_PUT_BNF_57500_56500_W1000,secondary,BNF,BULL_PUT,70.09291076660156,78.0,False,False,True
1978,2026-07-02,BULL_PUT_BNF_57500_57100_W400,secondary,BNF,BULL_PUT,63.539886474609375,6.0,False,False,False
1978,2026-07-02,BULL_PUT_BNF_57500_56900_W600,secondary,BNF,BULL_PUT,52.112144470214844,-21.0,False,False,False
1978,2026-07-02,BULL_PUT_BNF_57500_57000_W500,secondary,BNF,BULL_PUT,50.522544860839844,25.5,False,False,False
1978,2026-07-02,BEAR_CALL_BNF_58500_59500_W1000,secondary,BNF,BEAR_CALL,47.628448486328125,-292.5,False,False,False
1978,2026-07-02,BULL_PUT_BNF_57500_56700_W800,secondary,BNF,BULL_PUT,42.099422454833984,-3.0,False,False,False
1978,2026-07-02,BEAR_CALL_BNF_58500_58900_W400,secondary,BNF,BEAR_CALL,38.25767517089844,-102.0,False,False,False
1978,2026-07-02,BEAR_CALL_BNF_58500_59100_W600,secondary,BNF,BEAR_CALL,35.12191390991211,-175.5,False,False,False
1978,2026-07-02,BEAR_CALL_BNF_58500_59300_W800,secondary,BNF,BEAR_CALL,32.936134338378906,-258.0,False,False,False
1979,2026-07-02,BULL_PUT_BNF_57500_56500_W1000,secondary,BNF,BULL_PUT,72.80282592773438,43.5,True,False,True
1979,2026-07-02,__NO_TRADE__,synthetic_no_trade,BNF,NO_TRADE,72.79190826416016,0.0,False,False,False
1979,2026-07-02,BEAR_CALL_BNF_58500_59000_W500,primary,BNF,BEAR_CALL,71.95271301269531,-63.0,False,True,False
1979,2026-07-02,BULL_PUT_BNF_57500_57100_W400,secondary,BNF,BULL_PUT,65.63565063476562,-12.0,False,False,False
1979,2026-07-02,BULL_PUT_BNF_57500_56900_W600,secondary,BNF,BULL_PUT,54.026458740234375,-58.5,False,False,False
1979,2026-07-02,BULL_PUT_BNF_57500_57000_W500,secondary,BNF,BULL_PUT,52.980743408203125,10.5,False,False,False
1979,2026-07-02,BULL_PUT_BNF_57500_56700_W800,secondary,BNF,BULL_PUT,44.316612243652344,-82.5,False,False,False
1979,2026-07-02,BEAR_CALL_BNF_58500_59500_W1000,secondary,BNF,BEAR_CALL,43.96565246582031,-193.5,False,False,False
1979,2026-07-02,BEAR_CALL_BNF_58500_58900_W400,secondary,BNF,BEAR_CALL,36.06185531616211,-66.0,False,False,False
1979,2026-07-02,BEAR_CALL_BNF_58500_59100_W600,secondary,BNF,BEAR_CALL,33.028038024902344,-123.0,False,False,False
1979,2026-07-02,BEAR_CALL_BNF_58500_59300_W800,secondary,BNF,BEAR_CALL,30.492752075195312,-208.5,False,False,False
1984,2026-07-03,BULL_PUT_BNF_57600_56600_W1000,secondary,BNF,BULL_PUT,4.425252914428711,-514.5,True,False,False
1984,2026-07-03,BULL_PUT_BNF_57600_57200_W400,primary,BNF,BULL_PUT,1.7195148468017578,-253.5,False,True,False
1984,2026-07-03,BULL_PUT_BNF_57600_56800_W800,secondary,BNF,BULL_PUT,-1.7519760131835938,-399.0,False,False,False
1984,2026-07-03,BULL_PUT_BNF_57600_57000_W600,secondary,BNF,BULL_PUT,-7.775295257568359,-297.0,False,False,False
1984,2026-07-03,BULL_PUT_BNF_57600_57100_W500,secondary,BNF,BULL_PUT,-10.237302780151367,-276.0,False,False,False
1984,2026-07-03,__NO_TRADE__,synthetic_no_trade,BNF,NO_TRADE,-32.36769104003906,0.0,False,False,True
1985,2026-07-03,BULL_PUT_BNF_57600_57200_W400,secondary,BNF,BULL_PUT,-11.79811954498291,-295.5,True,False,False
1985,2026-07-03,BULL_PUT_BNF_57600_56800_W800,secondary,BNF,BULL_PUT,-16.392498016357422,-537.0,False,False,False
1985,2026-07-03,BULL_PUT_BNF_57600_57100_W500,secondary,BNF,BULL_PUT,-16.463775634765625,-370.5,False,False,False
1985,2026-07-03,BULL_PUT_BNF_57600_57000_W600,secondary,BNF,BULL_PUT,-16.880443572998047,-346.5,False,False,False
1985,2026-07-03,BULL_PUT_BNF_57600_56600_W1000,secondary,BNF,BULL_PUT,-21.17640495300293,-622.5,False,False,False
1985,2026-07-03,__NO_TRADE__,synthetic_no_trade,BNF,NO_TRADE,-35.07677459716797,0.0,False,False,False
1985,2026-07-03,BEAR_CALL_BNF_58600_59000_W400,primary,BNF,BEAR_CALL,-44.0552978515625,454.5,False,True,False
1985,2026-07-03,BEAR_CALL_BNF_58600_59100_W500,secondary,BNF,BEAR_CALL,-72.5121078491211,627.0,False,False,False
1985,2026-07-03,BEAR_CALL_BNF_58600_59200_W600,secondary,BNF,BEAR_CALL,-111.68095397949219,852.0,False,False,False
1985,2026-07-03,BEAR_CALL_BNF_58600_59400_W800,secondary,BNF,BEAR_CALL,-132.41175842285156,973.5,False,False,False
1985,2026-07-03,BEAR_CALL_BNF_58600_59600_W1000,secondary,BNF,BEAR_CALL,-148.95376586914062,1320.0,False,False,True
1986,2026-07-03,BULL_PUT_BNF_57600_56600_W1000,secondary,BNF,BULL_PUT,0.37165069580078125,-540.0,True,False,False
1986,2026-07-03,BULL_PUT_BNF_57600_56800_W800,secondary,BNF,BULL_PUT,-4.272441864013672,-478.5,False,False,False
1986,2026-07-03,BULL_PUT_BNF_57600_57200_W400,secondary,BNF,BULL_PUT,-7.599027633666992,-255.0,False,False,False
1986,2026-07-03,BULL_PUT_BNF_57600_57000_W600,secondary,BNF,BULL_PUT,-8.538612365722656,-337.5,False,False,False
1986,2026-07-03,BULL_PUT_BNF_57600_57100_W500,secondary,BNF,BULL_PUT,-10.908387184143066,-300.0,False,False,False
1986,2026-07-03,__NO_TRADE__,synthetic_no_trade,BNF,NO_TRADE,-35.144989013671875,0.0,False,False,False
1986,2026-07-03,BEAR_CALL_BNF_58600_59000_W400,primary,BNF,BEAR_CALL,-44.66542434692383,477.0,False,True,False
1986,2026-07-03,BEAR_CALL_BNF_58600_59100_W500,secondary,BNF,BEAR_CALL,-74.0084228515625,672.0,False,False,False
1986,2026-07-03,BEAR_CALL_BNF_58600_59200_W600,secondary,BNF,BEAR_CALL,-114.58143615722656,870.0,False,False,False
1986,2026-07-03,BEAR_CALL_BNF_58600_59400_W800,secondary,BNF,BEAR_CALL,-138.11618041992188,981.0,False,False,False
1986,2026-07-03,BEAR_CALL_BNF_58600_59600_W1000,secondary,BNF,BEAR_CALL,-156.50216674804688,1333.5,False,False,True
1992,2026-07-03,__NO_TRADE__,synthetic_no_trade,BNF,NO_TRADE,-35.07699203491211,0.0,True,False,False
1992,2026-07-03,BEAR_CALL_BNF_58600_59000_W400,primary,BNF,BEAR_CALL,-44.28002166748047,502.5,False,True,False
1992,2026-07-03,BEAR_CALL_BNF_58600_59100_W500,secondary,BNF,BEAR_CALL,-69.51426696777344,657.0,False,False,False
1992,2026-07-03,BEAR_CALL_BNF_58600_59200_W600,secondary,BNF,BEAR_CALL,-105.39445495605469,820.5,False,False,False
1992,2026-07-03,BEAR_CALL_BNF_58600_59400_W800,secondary,BNF,BEAR_CALL,-125.88761901855469,973.5,False,False,False
1992,2026-07-03,BEAR_CALL_BNF_58600_59600_W1000,secondary,BNF,BEAR_CALL,-141.44915771484375,1287.0,False,False,True
1993,2026-07-03,BULL_PUT_BNF_57600_56600_W1000,secondary,BNF,BULL_PUT,6.851917266845703,-507.0,True,False,False
1993,2026-07-03,BULL_PUT_BNF_57600_57200_W400,primary,BNF,BULL_PUT,3.1554698944091797,-234.0,False,True,False
1993,2026-07-03,BULL_PUT_BNF_57600_56800_W800,secondary,BNF,BULL_PUT,0.201568603515625,-387.0,False,False,False
1993,2026-07-03,BULL_PUT_BNF_57600_57000_W600,secondary,BNF,BULL_PUT,-5.95136833190918,-334.5,False,False,False
1993,2026-07-03,BULL_PUT_BNF_57600_57100_W500,secondary,BNF,BULL_PUT,-7.803993225097656,-244.5,False,False,False
1993,2026-07-03,__NO_TRADE__,synthetic_no_trade,BNF,NO_TRADE,-32.41933822631836,0.0,False,False,True
1994,2026-07-03,BULL_PUT_BNF_57600_57200_W400,secondary,BNF,BULL_PUT,-8.53570556640625,-258.0,True,False,False
1994,2026-07-03,BULL_PUT_BNF_57600_56800_W800,secondary,BNF,BULL_PUT,-9.665975570678711,-463.5,False,False,False
1994,2026-07-03,BULL_PUT_BNF_57600_56600_W1000,secondary,BNF,BULL_PUT,-10.464706420898438,-579.0,False,False,False
1994,2026-07-03,BULL_PUT_BNF_57600_57000_W600,secondary,BNF,BULL_PUT,-11.840365409851074,-334.5,False,False,False
1994,2026-07-03,BULL_PUT_BNF_57600_57100_W500,secondary,BNF,BULL_PUT,-12.773133277893066,-301.5,False,False,False
1994,2026-07-03,__NO_TRADE__,synthetic_no_trade,BNF,NO_TRADE,-35.15703201293945,0.0,False,False,False
1994,2026-07-03,BEAR_CALL_BNF_58600_59000_W400,primary,BNF,BEAR_CALL,-44.242584228515625,432.0,False,True,False
1994,2026-07-03,BEAR_CALL_BNF_58600_59100_W500,secondary,BNF,BEAR_CALL,-73.14112854003906,625.5,False,False,False
1994,2026-07-03,BEAR_CALL_BNF_58600_59200_W600,secondary,BNF,BEAR_CALL,-111.36666870117188,762.0,False,False,False
1994,2026-07-03,BEAR_CALL_BNF_58600_59400_W800,secondary,BNF,BEAR_CALL,-134.45623779296875,886.5,False,False,False
1994,2026-07-03,BEAR_CALL_BNF_58600_59600_W1000,secondary,BNF,BEAR_CALL,-151.19876098632812,1210.5,False,False,True
1995,2026-07-03,BULL_PUT_BNF_57700_57300_W400,primary,BNF,BULL_PUT,0.8351020812988281,-322.5,True,True,False
1995,2026-07-03,BULL_PUT_BNF_57700_56700_W1000,secondary,BNF,BULL_PUT,-1.043212890625,-843.0,False,False,False
1995,2026-07-03,BULL_PUT_BNF_57700_56900_W800,secondary,BNF,BULL_PUT,-4.807851791381836,-708.0,False,False,False
1995,2026-07-03,BULL_PUT_BNF_57700_57200_W500,secondary,BNF,BULL_PUT,-11.894095420837402,-403.5,False,False,False
1995,2026-07-03,BULL_PUT_BNF_57700_57100_W600,secondary,BNF,BULL_PUT,-12.22586727142334,-475.5,False,False,False
1995,2026-07-03,__NO_TRADE__,synthetic_no_trade,BNF,NO_TRADE,-32.203643798828125,0.0,False,False,True
1996,2026-07-03,__NO_TRADE__,synthetic_no_trade,BNF,NO_TRADE,-34.99908447265625,0.0,True,False,False
1996,2026-07-03,BEAR_CALL_BNF_58600_59000_W400,primary,BNF,BEAR_CALL,-43.915348052978516,510.0,False,True,False
1996,2026-07-03,BEAR_CALL_BNF_58600_59100_W500,secondary,BNF,BEAR_CALL,-66.84205627441406,723.0,False,False,False
1996,2026-07-03,BEAR_CALL_BNF_58600_59200_W600,secondary,BNF,BEAR_CALL,-101.25749206542969,886.5,False,False,False
1996,2026-07-03,BEAR_CALL_BNF_58600_59400_W800,secondary,BNF,BEAR_CALL,-121.12291717529297,1041.0,False,False,False
1996,2026-07-03,BEAR_CALL_BNF_58600_59600_W1000,secondary,BNF,BEAR_CALL,-136.75625610351562,1348.5,False,False,True
1997,2026-07-03,BULL_PUT_BNF_57600_56600_W1000,secondary,BNF,BULL_PUT,-1.9892826080322266,-597.0,True,False,False
1997,2026-07-03,BULL_PUT_BNF_57600_56800_W800,secondary,BNF,BULL_PUT,-5.594032287597656,-534.0,False,False,False
1997,2026-07-03,BULL_PUT_BNF_57600_57200_W400,secondary,BNF,BULL_PUT,-7.48164176940918,-288.0,False,False,False
1997,2026-07-03,BULL_PUT_BNF_57600_57000_W600,secondary,BNF,BULL_PUT,-8.600571632385254,-388.5,False,False,False
1997,2026-07-03,BULL_PUT_BNF_57600_57100_W500,secondary,BNF,BULL_PUT,-10.553311347961426,-316.5,False,False,False
1997,2026-07-03,__NO_TRADE__,synthetic_no_trade,BNF,NO_TRADE,-35.181236267089844,0.0,False,False,False
1997,2026-07-03,BEAR_CALL_BNF_58600_59000_W400,primary,BNF,BEAR_CALL,-44.572227478027344,451.5,False,True,False
1997,2026-07-03,BEAR_CALL_BNF_58600_59100_W500,secondary,BNF,BEAR_CALL,-72.77639770507812,619.5,False,False,False
1997,2026-07-03,BEAR_CALL_BNF_58600_59200_W600,secondary,BNF,BEAR_CALL,-111.0596923828125,738.0,False,False,False
1997,2026-07-03,BEAR_CALL_BNF_58600_59400_W800,secondary,BNF,BEAR_CALL,-136.17051696777344,882.0,False,False,False
1997,2026-07-03,BEAR_CALL_BNF_58600_59600_W1000,secondary,BNF,BEAR_CALL,-153.88369750976562,1221.0,False,False,True
1998,2026-07-03,__NO_TRADE__,synthetic_no_trade,BNF,NO_TRADE,-35.15601348876953,0.0,True,False,False
1998,2026-07-03,BEAR_CALL_BNF_58600_59000_W400,primary,BNF,BEAR_CALL,-44.1579704284668,438.0,False,True,False
1998,2026-07-03,BEAR_CALL_BNF_58600_59100_W500,secondary,BNF,BEAR_CALL,-72.22401428222656,610.5,False,False,False
1998,2026-07-03,BEAR_CALL_BNF_58600_59200_W600,secondary,BNF,BEAR_CALL,-109.3553695678711,753.0,False,False,False
1998,2026-07-03,BEAR_CALL_BNF_58600_59400_W800,secondary,BNF,BEAR_CALL,-130.77871704101562,840.0,False,False,False
1998,2026-07-03,BEAR_CALL_BNF_58600_59600_W1000,secondary,BNF,BEAR_CALL,-146.91549682617188,1170.0,False,False,True
1999,2026-07-03,BULL_PUT_BNF_57600_57200_W400,primary,BNF,BULL_PUT,2.343996047973633,-288.0,True,True,False
1999,2026-07-03,BULL_PUT_BNF_57600_56600_W1000,secondary,BNF,BULL_PUT,1.7316646575927734,-586.5,False,False,False
1999,2026-07-03,BULL_PUT_BNF_57600_56800_W800,secondary,BNF,BULL_PUT,-3.058107376098633,-495.0,False,False,False
1999,2026-07-03,BULL_PUT_BNF_57600_57000_W600,secondary,BNF,BULL_PUT,-6.867179870605469,-352.5,False,False,False
1999,2026-07-03,BULL_PUT_BNF_57600_57100_W500,secondary,BNF,BULL_PUT,-8.992198944091797,-316.5,False,False,False
1999,2026-07-03,__NO_TRADE__,synthetic_no_trade,BNF,NO_TRADE,-32.39093780517578,0.0,False,False,True
2000,2026-07-03,BULL_PUT_BNF_57600_56600_W1000,secondary,BNF,BULL_PUT,-5.1079912185668945,-594.0,True,False,False
2000,2026-07-03,BULL_PUT_BNF_57600_56800_W800,secondary,BNF,BULL_PUT,-6.640895843505859,-492.0,False,False,False
2000,2026-07-03,BULL_PUT_BNF_57600_57200_W400,secondary,BNF,BULL_PUT,-7.456138610839844,-298.5,False,False,False
2000,2026-07-03,BULL_PUT_BNF_57600_57000_W600,secondary,BNF,BULL_PUT,-9.197872161865234,-348.0,False,False,False
2000,2026-07-03,BULL_PUT_BNF_57600_57100_W500,secondary,BNF,BULL_PUT,-10.63215160369873,-330.0,False,False,False
2000,2026-07-03,__NO_TRADE__,synthetic_no_trade,BNF,NO_TRADE,-35.21336364746094,0.0,False,False,False
2000,2026-07-03,BEAR_CALL_BNF_58600_59000_W400,primary,BNF,BEAR_CALL,-44.662315368652344,451.5,False,True,False
2000,2026-07-03,BEAR_CALL_BNF_58600_59100_W500,secondary,BNF,BEAR_CALL,-72.62592315673828,621.0,False,False,False
2000,2026-07-03,BEAR_CALL_BNF_58600_59200_W600,secondary,BNF,BEAR_CALL,-111.07611846923828,762.0,False,False,False
2000,2026-07-03,BEAR_CALL_BNF_58600_59400_W800,secondary,BNF,BEAR_CALL,-135.70364379882812,889.5,False,False,False
2000,2026-07-03,BEAR_CALL_BNF_58600_59600_W1000,secondary,BNF,BEAR_CALL,-152.2314910888672,1147.5,False,False,True
2001,2026-07-03,__NO_TRADE__,synthetic_no_trade,BNF,NO_TRADE,-35.8760871887207,0.0,True,False,False
2001,2026-07-03,BEAR_CALL_BNF_58500_58900_W400,secondary,BNF,BEAR_CALL,-43.678070068359375,153.0,False,False,False
2001,2026-07-03,BEAR_CALL_BNF_58500_59000_W500,primary,BNF,BEAR_CALL,-75.52006530761719,301.5,False,True,False
2001,2026-07-03,BEAR_CALL_BNF_58500_59100_W600,secondary,BNF,BEAR_CALL,-118.11066436767578,453.0,False,False,False
2001,2026-07-03,BEAR_CALL_BNF_58500_59300_W800,secondary,BNF,BEAR_CALL,-137.72076416015625,633.0,False,False,False
2001,2026-07-03,BEAR_CALL_BNF_58500_59500_W1000,secondary,BNF,BEAR_CALL,-152.51300048828125,741.0,False,False,True
2002,2026-07-03,__NO_TRADE__,synthetic_no_trade,BNF,NO_TRADE,-35.92469787597656,0.0,True,False,False
2002,2026-07-03,BEAR_CALL_BNF_58500_58900_W400,secondary,BNF,BEAR_CALL,-46.886497497558594,193.5,False,False,False
2002,2026-07-03,BEAR_CALL_BNF_58500_59000_W500,primary,BNF,BEAR_CALL,-76.63513946533203,370.5,False,True,False
2002,2026-07-03,BEAR_CALL_BNF_58500_59100_W600,secondary,BNF,BEAR_CALL,-128.2253875732422,495.0,False,False,False
2002,2026-07-03,BEAR_CALL_BNF_58500_59300_W800,secondary,BNF,BEAR_CALL,-146.72279357910156,600.0,False,False,False
2002,2026-07-03,BEAR_CALL_BNF_58500_59500_W1000,secondary,BNF,BEAR_CALL,-163.1226806640625,795.0,False,False,True
2003,2026-07-03,__NO_TRADE__,synthetic_no_trade,BNF,NO_TRADE,-35.889366149902344,0.0,True,False,False
2003,2026-07-03,BEAR_CALL_BNF_58500_58900_W400,secondary,BNF,BEAR_CALL,-45.16482925415039,231.0,False,False,False
2003,2026-07-03,BEAR_CALL_BNF_58500_59000_W500,primary,BNF,BEAR_CALL,-76.67326354980469,408.0,False,True,False
2003,2026-07-03,BEAR_CALL_BNF_58500_59100_W600,secondary,BNF,BEAR_CALL,-121.73011779785156,528.0,False,False,False
2003,2026-07-03,BEAR_CALL_BNF_58500_59300_W800,secondary,BNF,BEAR_CALL,-139.8868865966797,664.5,False,False,False
2003,2026-07-03,BEAR_CALL_BNF_58500_59500_W1000,secondary,BNF,BEAR_CALL,-156.2480926513672,855.0,False,False,True
2004,2026-07-03,BULL_PUT_BNF_57500_56500_W1000,secondary,BNF,BULL_PUT,8.498380661010742,-264.0,True,False,False
2004,2026-07-03,BULL_PUT_BNF_57500_57100_W400,primary,BNF,BULL_PUT,6.486412048339844,-174.0,False,True,False
2004,2026-07-03,BULL_PUT_BNF_57500_56700_W800,secondary,BNF,BULL_PUT,2.493488311767578,-342.0,False,False,False
2004,2026-07-03,BULL_PUT_BNF_57500_56900_W600,secondary,BNF,BULL_PUT,-0.3104286193847656,-282.0,False,False,False
2004,2026-07-03,BULL_PUT_BNF_57500_57000_W500,secondary,BNF,BULL_PUT,-2.956514358520508,-196.5,False,False,False
2004,2026-07-03,__NO_TRADE__,synthetic_no_trade,BNF,NO_TRADE,-32.597782135009766,0.0,False,False,True
2005,2026-07-03,BULL_PUT_BNF_57500_56500_W1000,secondary,BNF,BULL_PUT,19.447572708129883,-129.0,True,False,False
2005,2026-07-03,BULL_PUT_BNF_57500_56700_W800,secondary,BNF,BULL_PUT,9.07760238647461,-193.5,False,False,False
2005,2026-07-03,BULL_PUT_BNF_57500_57100_W400,primary,BNF,BULL_PUT,8.034339904785156,-61.5,False,True,False
2005,2026-07-03,BULL_PUT_BNF_57500_56900_W600,secondary,BNF,BULL_PUT,2.3958396911621094,-169.5,False,False,False
2005,2026-07-03,BULL_PUT_BNF_57500_57000_W500,secondary,BNF,BULL_PUT,0.023250579833984375,-99.0,False,False,False
2005,2026-07-03,__NO_TRADE__,synthetic_no_trade,BNF,NO_TRADE,-32.65079879760742,0.0,False,False,True
2006,2026-07-03,__NO_TRADE__,synthetic_no_trade,BNF,NO_TRADE,-36.77827835083008,0.0,True,False,False
2006,2026-07-03,BEAR_CALL_BNF_58400_58800_W400,secondary,BNF,BEAR_CALL,-55.136539459228516,123.0,False,False,False
2006,2026-07-03,BEAR_CALL_BNF_58400_58900_W500,secondary,BNF,BEAR_CALL,-94.43301391601562,124.5,False,False,False
2006,2026-07-03,BEAR_CALL_BNF_58400_59000_W600,primary,BNF,BEAR_CALL,-112.61203002929688,217.5,False,True,False
2006,2026-07-03,BEAR_CALL_BNF_58400_59200_W800,secondary,BNF,BEAR_CALL,-153.78221130371094,408.0,False,False,False
2006,2026-07-03,BEAR_CALL_BNF_58400_59400_W1000,secondary,BNF,BEAR_CALL,-170.69638061523438,439.5,False,False,True
2007,2026-07-03,__NO_TRADE__,synthetic_no_trade,BNF,NO_TRADE,-36.77046585083008,0.0,True,False,False
2007,2026-07-03,BEAR_CALL_BNF_58400_58800_W400,secondary,BNF,BEAR_CALL,-55.245323181152344,127.5,False,False,False
2007,2026-07-03,BEAR_CALL_BNF_58400_58900_W500,secondary,BNF,BEAR_CALL,-94.57137298583984,126.0,False,False,False
2007,2026-07-03,BEAR_CALL_BNF_58400_59000_W600,primary,BNF,BEAR_CALL,-112.74627685546875,222.0,False,True,False
2007,2026-07-03,BEAR_CALL_BNF_58400_59200_W800,secondary,BNF,BEAR_CALL,-153.89288330078125,400.5,False,False,True
2007,2026-07-03,BEAR_CALL_BNF_58400_59400_W1000,secondary,BNF,BEAR_CALL,-170.1306610107422,397.5,False,False,False
2008,2026-07-03,BULL_PUT_BNF_57500_56500_W1000,secondary,BNF,BULL_PUT,-0.16017723083496094,-397.5,True,False,False
2008,2026-07-03,BULL_PUT_BNF_57500_56700_W800,secondary,BNF,BULL_PUT,-3.0442333221435547,-396.0,False,False,False
2008,2026-07-03,BULL_PUT_BNF_57500_56900_W600,secondary,BNF,BULL_PUT,-4.155027389526367,-325.5,False,False,False
2008,2026-07-03,BULL_PUT_BNF_57500_57100_W400,secondary,BNF,BULL_PUT,-4.348150253295898,-219.0,False,False,False
2008,2026-07-03,BULL_PUT_BNF_57500_57000_W500,secondary,BNF,BULL_PUT,-5.945634841918945,-235.5,False,False,False
2008,2026-07-03,__NO_TRADE__,synthetic_no_trade,BNF,NO_TRADE,-36.03719711303711,0.0,False,False,False
2008,2026-07-03,BEAR_CALL_BNF_58500_58900_W400,secondary,BNF,BEAR_CALL,-44.34889602661133,118.5,False,False,False
2008,2026-07-03,BEAR_CALL_BNF_58500_59000_W500,primary,BNF,BEAR_CALL,-75.86609649658203,249.0,False,True,False
2008,2026-07-03,BEAR_CALL_BNF_58500_59100_W600,secondary,BNF,BEAR_CALL,-128.90274047851562,405.0,False,False,False
2008,2026-07-03,BEAR_CALL_BNF_58500_59300_W800,secondary,BNF,BEAR_CALL,-153.67843627929688,480.0,False,False,False
2008,2026-07-03,BEAR_CALL_BNF_58500_59500_W1000,secondary,BNF,BEAR_CALL,-172.60877990722656,669.0,False,False,True
2009,2026-07-03,BULL_PUT_BNF_57500_56500_W1000,secondary,BNF,BULL_PUT,-0.1788654327392578,-342.0,True,False,False
2009,2026-07-03,BULL_PUT_BNF_57500_56700_W800,secondary,BNF,BULL_PUT,-2.7943973541259766,-379.5,False,False,False
2009,2026-07-03,BULL_PUT_BNF_57500_57100_W400,secondary,BNF,BULL_PUT,-3.6900291442871094,-187.5,False,False,False
2009,2026-07-03,BULL_PUT_BNF_57500_56900_W600,secondary,BNF,BULL_PUT,-3.978710174560547,-333.0,False,False,False
2009,2026-07-03,BULL_PUT_BNF_57500_57000_W500,secondary,BNF,BULL_PUT,-5.761314392089844,-205.5,False,False,False
2009,2026-07-03,__NO_TRADE__,synthetic_no_trade,BNF,NO_TRADE,-36.04389572143555,0.0,False,False,False
2009,2026-07-03,BEAR_CALL_BNF_58500_58900_W400,secondary,BNF,BEAR_CALL,-44.42632293701172,126.0,False,False,False
2009,2026-07-03,BEAR_CALL_BNF_58500_59000_W500,primary,BNF,BEAR_CALL,-75.60504150390625,228.0,False,True,False
2009,2026-07-03,BEAR_CALL_BNF_58500_59100_W600,secondary,BNF,BEAR_CALL,-127.93395233154297,370.5,False,False,False
2009,2026-07-03,BEAR_CALL_BNF_58500_59300_W800,secondary,BNF,BEAR_CALL,-153.2445526123047,457.5,False,False,False
2009,2026-07-03,BEAR_CALL_BNF_58500_59500_W1000,secondary,BNF,BEAR_CALL,-171.0103759765625,585.0,False,False,True
2010,2026-07-03,__NO_TRADE__,synthetic_no_trade,BNF,NO_TRADE,-35.93424987792969,0.0,True,False,False
2010,2026-07-03,BEAR_CALL_BNF_58500_58900_W400,secondary,BNF,BEAR_CALL,-44.95209503173828,159.0,False,False,False
2010,2026-07-03,BEAR_CALL_BNF_58500_59000_W500,primary,BNF,BEAR_CALL,-75.33504486083984,285.0,False,True,False
2010,2026-07-03,BEAR_CALL_BNF_58500_59100_W600,secondary,BNF,BEAR_CALL,-121.3466567993164,423.0,False,False,False
2010,2026-07-03,BEAR_CALL_BNF_58500_59300_W800,secondary,BNF,BEAR_CALL,-140.99290466308594,576.0,False,False,False
2010,2026-07-03,BEAR_CALL_BNF_58500_59500_W1000,secondary,BNF,BEAR_CALL,-156.3310089111328,736.5,False,False,True
2011,2026-07-03,BULL_PUT_BNF_57600_56600_W1000,secondary,BNF,BULL_PUT,7.323324203491211,-517.5,True,False,False
2011,2026-07-03,BULL_PUT_BNF_57600_57200_W400,primary,BNF,BULL_PUT,4.427251815795898,-237.0,False,True,False
2011,2026-07-03,BULL_PUT_BNF_57600_56800_W800,secondary,BNF,BULL_PUT,1.2596187591552734,-412.5,False,False,False
2011,2026-07-03,BULL_PUT_BNF_57600_57000_W600,secondary,BNF,BULL_PUT,-3.7498340606689453,-303.0,False,False,False
2011,2026-07-03,BULL_PUT_BNF_57600_57100_W500,secondary,BNF,BULL_PUT,-5.654329299926758,-265.5,False,False,False
2011,2026-07-03,__NO_TRADE__,synthetic_no_trade,BNF,NO_TRADE,-32.45005798339844,0.0,False,False,True
2012,2026-07-03,BULL_PUT_BNF_57600_56600_W1000,secondary,BNF,BULL_PUT,9.509498596191406,-471.0,True,False,False
2012,2026-07-03,BULL_PUT_BNF_57600_57200_W400,primary,BNF,BULL_PUT,4.860084533691406,-210.0,False,True,False
2012,2026-07-03,BULL_PUT_BNF_57600_56800_W800,secondary,BNF,BULL_PUT,2.3632678985595703,-385.5,False,False,False
2012,2026-07-03,BULL_PUT_BNF_57600_57000_W600,secondary,BNF,BULL_PUT,-3.6551895141601562,-294.0,False,False,False
2012,2026-07-03,BULL_PUT_BNF_57600_57100_W500,secondary,BNF,BULL_PUT,-5.192628860473633,-237.0,False,False,False
2012,2026-07-03,__NO_TRADE__,synthetic_no_trade,BNF,NO_TRADE,-32.472625732421875,0.0,False,False,True
2013,2026-07-03,__NO_TRADE__,synthetic_no_trade,BNF,NO_TRADE,-35.91769790649414,0.0,True,False,False
2013,2026-07-03,BEAR_CALL_BNF_58500_58900_W400,secondary,BNF,BEAR_CALL,-44.448333740234375,177.0,False,False,False
2013,2026-07-03,BEAR_CALL_BNF_58500_59000_W500,primary,BNF,BEAR_CALL,-75.46719360351562,307.5,False,True,False
2013,2026-07-03,BEAR_CALL_BNF_58500_59100_W600,secondary,BNF,BEAR_CALL,-119.46971130371094,442.5,False,False,False
2013,2026-07-03,BEAR_CALL_BNF_58500_59300_W800,secondary,BNF,BEAR_CALL,-138.53533935546875,558.0,False,False,False
2013,2026-07-03,BEAR_CALL_BNF_58500_59500_W1000,secondary,BNF,BEAR_CALL,-153.41014099121094,700.5,False,False,True
2014,2026-07-03,__NO_TRADE__,synthetic_no_trade,BNF,NO_TRADE,-35.93574523925781,0.0,True,False,False
2014,2026-07-03,BEAR_CALL_BNF_58500_58900_W400,secondary,BNF,BEAR_CALL,-44.356300354003906,115.5,False,False,False
2014,2026-07-03,BEAR_CALL_BNF_58500_59000_W500,primary,BNF,BEAR_CALL,-74.93263244628906,247.5,False,True,False
2014,2026-07-03,BEAR_CALL_BNF_58500_59100_W600,secondary,BNF,BEAR_CALL,-120.45405578613281,381.0,False,False,False
2014,2026-07-03,BEAR_CALL_BNF_58500_59300_W800,secondary,BNF,BEAR_CALL,-140.41810607910156,517.5,False,False,False
2014,2026-07-03,BEAR_CALL_BNF_58500_59500_W1000,secondary,BNF,BEAR_CALL,-154.77525329589844,634.5,False,False,True
2015,2026-07-03,__NO_TRADE__,synthetic_no_trade,BNF,NO_TRADE,-36.002357482910156,0.0,True,False,False
2015,2026-07-03,BEAR_CALL_BNF_58500_58900_W400,secondary,BNF,BEAR_CALL,-46.42467498779297,139.5,False,False,False
2015,2026-07-03,BEAR_CALL_BNF_58500_59000_W500,primary,BNF,BEAR_CALL,-75.26802062988281,240.0,False,True,False
2015,2026-07-03,BEAR_CALL_BNF_58500_59100_W600,secondary,BNF,BEAR_CALL,-128.40533447265625,364.5,False,False,False
2015,2026-07-03,BEAR_CALL_BNF_58500_59300_W800,secondary,BNF,BEAR_CALL,-150.12255859375,508.5,False,False,False
2015,2026-07-03,BEAR_CALL_BNF_58500_59500_W1000,secondary,BNF,BEAR_CALL,-165.3592071533203,619.5,False,False,True
2016,2026-07-03,__NO_TRADE__,synthetic_no_trade,BNF,NO_TRADE,-35.97652053833008,0.0,True,False,False
2016,2026-07-03,BEAR_CALL_BNF_58500_58900_W400,secondary,BNF,BEAR_CALL,-46.92601013183594,183.0,False,False,False
2016,2026-07-03,BEAR_CALL_BNF_58500_59000_W500,primary,BNF,BEAR_CALL,-75.43655395507812,270.0,False,True,False
2016,2026-07-03,BEAR_CALL_BNF_58500_59100_W600,secondary,BNF,BEAR_CALL,-127.83819580078125,436.5,False,False,False
2016,2026-07-03,BEAR_CALL_BNF_58500_59300_W800,secondary,BNF,BEAR_CALL,-147.30490112304688,540.0,False,False,False
2016,2026-07-03,BEAR_CALL_BNF_58500_59500_W1000,secondary,BNF,BEAR_CALL,-162.79095458984375,693.0,False,False,True
2017,2026-07-03,__NO_TRADE__,synthetic_no_trade,BNF,NO_TRADE,-35.92185974121094,0.0,True,False,False
2017,2026-07-03,BEAR_CALL_BNF_58500_58900_W400,secondary,BNF,BEAR_CALL,-44.40004348754883,171.0,False,False,False
2017,2026-07-03,BEAR_CALL_BNF_58500_59000_W500,primary,BNF,BEAR_CALL,-75.5165786743164,309.0,False,True,False
2017,2026-07-03,BEAR_CALL_BNF_58500_59100_W600,secondary,BNF,BEAR_CALL,-120.51873016357422,490.5,False,False,False
2017,2026-07-03,BEAR_CALL_BNF_58500_59300_W800,secondary,BNF,BEAR_CALL,-139.0558624267578,612.0,False,False,False
2017,2026-07-03,BEAR_CALL_BNF_58500_59500_W1000,secondary,BNF,BEAR_CALL,-154.5408935546875,774.0,False,False,True
2018,2026-07-03,BULL_PUT_BNF_57500_57100_W400,secondary,BNF,BULL_PUT,-5.674350738525391,-223.5,True,False,False
2018,2026-07-03,BULL_PUT_BNF_57500_56900_W600,secondary,BNF,BULL_PUT,-7.393520355224609,-331.5,False,False,False
2018,2026-07-03,BULL_PUT_BNF_57500_56700_W800,secondary,BNF,BULL_PUT,-7.697895050048828,-403.5,False,False,False
2018,2026-07-03,BULL_PUT_BNF_57500_57000_W500,secondary,BNF,BULL_PUT,-7.842254638671875,-205.5,False,False,False
2018,2026-07-03,BULL_PUT_BNF_57500_56500_W1000,secondary,BNF,BULL_PUT,-9.059640884399414,-387.0,False,False,False
2018,2026-07-03,__NO_TRADE__,synthetic_no_trade,BNF,NO_TRADE,-36.049591064453125,0.0,False,False,False
2018,2026-07-03,BEAR_CALL_BNF_58500_58900_W400,secondary,BNF,BEAR_CALL,-44.986289978027344,115.5,False,False,False
2018,2026-07-03,BEAR_CALL_BNF_58500_59000_W500,primary,BNF,BEAR_CALL,-75.15290832519531,210.0,False,True,False
2018,2026-07-03,BEAR_CALL_BNF_58500_59100_W600,secondary,BNF,BEAR_CALL,-128.33050537109375,358.5,False,False,False
2018,2026-07-03,BEAR_CALL_BNF_58500_59300_W800,secondary,BNF,BEAR_CALL,-152.02197265625,460.5,False,False,False
2018,2026-07-03,BEAR_CALL_BNF_58500_59500_W1000,secondary,BNF,BEAR_CALL,-168.35311889648438,568.5,False,False,True
2019,2026-07-03,__NO_TRADE__,synthetic_no_trade,BNF,NO_TRADE,-35.96527862548828,0.0,True,False,False
2019,2026-07-03,BEAR_CALL_BNF_58500_58900_W400,secondary,BNF,BEAR_CALL,-46.731842041015625,148.5,False,False,False
2019,2026-07-03,BEAR_CALL_BNF_58500_59000_W500,primary,BNF,BEAR_CALL,-75.61067199707031,259.5,False,True,False
2019,2026-07-03,BEAR_CALL_BNF_58500_59100_W600,secondary,BNF,BEAR_CALL,-130.38677978515625,417.0,False,False,False
2019,2026-07-03,BEAR_CALL_BNF_58500_59300_W800,secondary,BNF,BEAR_CALL,-151.10716247558594,526.5,False,False,False
2019,2026-07-03,BEAR_CALL_BNF_58500_59500_W1000,secondary,BNF,BEAR_CALL,-166.9893035888672,667.5,False,False,True
2020,2026-07-03,BULL_PUT_BNF_57500_56500_W1000,secondary,BNF,BULL_PUT,12.082738876342773,-370.5,True,False,False
2020,2026-07-03,BULL_PUT_BNF_57500_57100_W400,primary,BNF,BULL_PUT,6.2719879150390625,-193.5,False,True,False
2020,2026-07-03,BULL_PUT_BNF_57500_56700_W800,secondary,BNF,BULL_PUT,4.075033187866211,-378.0,False,False,False
2020,2026-07-03,BULL_PUT_BNF_57500_56900_W600,secondary,BNF,BULL_PUT,0.9717197418212891,-304.5,False,False,False
2020,2026-07-03,BULL_PUT_BNF_57500_57000_W500,secondary,BNF,BULL_PUT,-2.0114059448242188,-229.5,False,False,False
2020,2026-07-03,__NO_TRADE__,synthetic_no_trade,BNF,NO_TRADE,-32.60991668701172,0.0,False,False,True
2021,2026-07-03,BULL_PUT_BNF_57500_57100_W400,primary,BNF,BULL_PUT,5.738922119140625,-220.5,True,True,False
2021,2026-07-03,BULL_PUT_BNF_57500_56500_W1000,secondary,BNF,BULL_PUT,4.800436019897461,-411.0,False,False,False
2021,2026-07-03,BULL_PUT_BNF_57500_56700_W800,secondary,BNF,BULL_PUT,-0.28311729431152344,-415.5,False,False,False
2021,2026-07-03,BULL_PUT_BNF_57500_56900_W600,secondary,BNF,BULL_PUT,-1.8730583190917969,-339.0,False,False,False
2021,2026-07-03,BULL_PUT_BNF_57500_57000_W500,secondary,BNF,BULL_PUT,-4.214138031005859,-246.0,False,False,False
2021,2026-07-03,__NO_TRADE__,synthetic_no_trade,BNF,NO_TRADE,-32.58806610107422,0.0,False,False,True
2022,2026-07-03,BULL_PUT_BNF_57500_56500_W1000,secondary,BNF,BULL_PUT,17.648509979248047,-322.5,True,False,False
2022,2026-07-03,BULL_PUT_BNF_57500_56700_W800,secondary,BNF,BULL_PUT,7.124057769775391,-354.0,False,False,False
2022,2026-07-03,BULL_PUT_BNF_57500_57100_W400,primary,BNF,BULL_PUT,6.912090301513672,-171.0,False,True,False
2022,2026-07-03,BULL_PUT_BNF_57500_56900_W600,secondary,BNF,BULL_PUT,2.5273208618164062,-294.0,False,False,False
2022,2026-07-03,BULL_PUT_BNF_57500_57000_W500,secondary,BNF,BULL_PUT,-0.37686920166015625,-199.5,False,False,False
2022,2026-07-03,__NO_TRADE__,synthetic_no_trade,BNF,NO_TRADE,-32.634063720703125,0.0,False,False,True
2023,2026-07-03,BULL_PUT_BNF_57500_56500_W1000,secondary,BNF,BULL_PUT,18.71146011352539,-285.0,True,False,False
2023,2026-07-03,BULL_PUT_BNF_57500_56700_W800,secondary,BNF,BULL_PUT,8.214115142822266,-279.0,False,False,False
2023,2026-07-03,BULL_PUT_BNF_57500_57100_W400,primary,BNF,BULL_PUT,7.017862319946289,-168.0,False,True,False
2023,2026-07-03,BULL_PUT_BNF_57500_56900_W600,secondary,BNF,BULL_PUT,2.649944305419922,-244.5,False,False,False
2023,2026-07-03,BULL_PUT_BNF_57500_57000_W500,secondary,BNF,BULL_PUT,-0.076690673828125,-180.0,False,False,False
2023,2026-07-03,__NO_TRADE__,synthetic_no_trade,BNF,NO_TRADE,-32.64557647705078,0.0,False,False,True
2024,2026-07-03,BULL_PUT_BNF_57500_56500_W1000,secondary,BNF,BULL_PUT,21.153562545776367,-229.5,True,False,False
2024,2026-07-03,BULL_PUT_BNF_57500_56700_W800,secondary,BNF,BULL_PUT,9.474124908447266,-291.0,False,False,False
2024,2026-07-03,BULL_PUT_BNF_57500_57100_W400,primary,BNF,BULL_PUT,7.743766784667969,-123.0,False,True,False
2024,2026-07-03,BULL_PUT_BNF_57500_56900_W600,secondary,BNF,BULL_PUT,3.415111541748047,-210.0,False,False,False
2024,2026-07-03,BULL_PUT_BNF_57500_57000_W500,secondary,BNF,BULL_PUT,1.0384483337402344,-138.0,False,False,False
2024,2026-07-03,__NO_TRADE__,synthetic_no_trade,BNF,NO_TRADE,-32.66636657714844,0.0,False,False,True
2025,2026-07-03,__NO_TRADE__,synthetic_no_trade,BNF,NO_TRADE,-35.89635467529297,0.0,True,False,False
2025,2026-07-03,BEAR_CALL_BNF_58400_58800_W400,secondary,BNF,BEAR_CALL,-54.20896911621094,136.5,False,False,False
2025,2026-07-03,BEAR_CALL_BNF_58400_58900_W500,primary,BNF,BEAR_CALL,-83.11903381347656,129.0,False,True,False
2025,2026-07-03,BEAR_CALL_BNF_58400_59000_W600,secondary,BNF,BEAR_CALL,-133.47909545898438,156.0,False,False,False
2025,2026-07-03,BEAR_CALL_BNF_58400_59200_W800,secondary,BNF,BEAR_CALL,-150.45574951171875,379.5,False,False,True
2025,2026-07-03,BEAR_CALL_BNF_58400_59400_W1000,secondary,BNF,BEAR_CALL,-165.73226928710938,345.0,False,False,False
2026,2026-07-03,BULL_PUT_BNF_57400_56400_W1000,secondary,BNF,BULL_PUT,16.577388763427734,135.0,True,False,True
2026,2026-07-03,BULL_PUT_BNF_57400_57000_W400,primary,BNF,BULL_PUT,10.130075454711914,73.5,False,True,False
2026,2026-07-03,BULL_PUT_BNF_57400_56600_W800,secondary,BNF,BULL_PUT,7.824268341064453,97.5,False,False,False
2026,2026-07-03,BULL_PUT_BNF_57400_56800_W600,secondary,BNF,BULL_PUT,5.267784118652344,88.5,False,False,False
2026,2026-07-03,BULL_PUT_BNF_57400_56900_W500,secondary,BNF,BULL_PUT,1.728384017944336,25.5,False,False,False
2026,2026-07-03,__NO_TRADE__,synthetic_no_trade,BNF,NO_TRADE,-32.71905517578125,0.0,False,False,False
2027,2026-07-03,BULL_PUT_BNF_57400_56400_W1000,secondary,BNF,BULL_PUT,26.130279541015625,288.0,True,False,True
2027,2026-07-03,BULL_PUT_BNF_57400_56600_W800,secondary,BNF,BULL_PUT,14.471437454223633,277.5,False,False,False
2027,2026-07-03,BULL_PUT_BNF_57400_57000_W400,primary,BNF,BULL_PUT,11.434555053710938,156.0,False,True,False
2027,2026-07-03,BULL_PUT_BNF_57400_56800_W600,secondary,BNF,BULL_PUT,8.666496276855469,217.5,False,False,False
2027,2026-07-03,BULL_PUT_BNF_57400_56900_W500,secondary,BNF,BULL_PUT,4.877420425415039,123.0,False,False,False
2027,2026-07-03,__NO_TRADE__,synthetic_no_trade,BNF,NO_TRADE,-32.751014709472656,0.0,False,False,False
2028,2026-07-03,BULL_PUT_BNF_57400_56400_W1000,secondary,BNF,BULL_PUT,11.842977523803711,280.5,True,False,True
2028,2026-07-03,BULL_PUT_BNF_57400_57000_W400,primary,BNF,BULL_PUT,10.976428985595703,141.0,False,True,False
2028,2026-07-03,BULL_PUT_BNF_57400_56600_W800,secondary,BNF,BULL_PUT,6.322938919067383,247.5,False,False,False
2028,2026-07-03,BULL_PUT_BNF_57400_56800_W600,secondary,BNF,BULL_PUT,3.345949172973633,186.0,False,False,False
2028,2026-07-03,BULL_PUT_BNF_57400_56900_W500,secondary,BNF,BULL_PUT,0.3636970520019531,82.5,False,False,False
2028,2026-07-03,__NO_TRADE__,synthetic_no_trade,BNF,NO_TRADE,-32.70879364013672,0.0,False,False,False
2029,2026-07-03,BULL_PUT_BNF_57400_56400_W1000,secondary,BNF,BULL_PUT,22.78473472595215,190.5,True,False,True
2029,2026-07-03,BULL_PUT_BNF_57400_56600_W800,secondary,BNF,BULL_PUT,11.919107437133789,174.0,False,False,False
2029,2026-07-03,BULL_PUT_BNF_57400_57000_W400,primary,BNF,BULL_PUT,10.617164611816406,102.0,False,True,False
2029,2026-07-03,BULL_PUT_BNF_57400_56800_W600,secondary,BNF,BULL_PUT,7.716957092285156,168.0,False,False,False
2029,2026-07-03,BULL_PUT_BNF_57400_56900_W500,secondary,BNF,BULL_PUT,3.810117721557617,81.0,False,False,False
2029,2026-07-03,__NO_TRADE__,synthetic_no_trade,BNF,NO_TRADE,-32.73324966430664,0.0,False,False,False
2030,2026-07-03,BULL_PUT_BNF_57400_56400_W1000,secondary,BNF,BULL_PUT,16.558856964111328,171.0,True,False,True
2030,2026-07-03,BULL_PUT_BNF_57400_57000_W400,primary,BNF,BULL_PUT,10.293100357055664,79.5,False,True,False
2030,2026-07-03,BULL_PUT_BNF_57400_56600_W800,secondary,BNF,BULL_PUT,8.299324035644531,151.5,False,False,False
2030,2026-07-03,BULL_PUT_BNF_57400_56800_W600,secondary,BNF,BULL_PUT,5.367332458496094,133.5,False,False,False
2030,2026-07-03,BULL_PUT_BNF_57400_56900_W500,secondary,BNF,BULL_PUT,1.9217453002929688,60.0,False,False,False
2030,2026-07-03,__NO_TRADE__,synthetic_no_trade,BNF,NO_TRADE,-32.719154357910156,0.0,False,False,False
2031,2026-07-03,BULL_PUT_BNF_57400_56400_W1000,secondary,BNF,BULL_PUT,22.971683502197266,178.5,True,False,False
2031,2026-07-03,BULL_PUT_BNF_57400_56600_W800,secondary,BNF,BULL_PUT,12.175289154052734,178.5,False,False,True
2031,2026-07-03,BULL_PUT_BNF_57400_57000_W400,primary,BNF,BULL_PUT,10.57111930847168,84.0,False,True,False
2031,2026-07-03,BULL_PUT_BNF_57400_56800_W600,secondary,BNF,BULL_PUT,7.967456817626953,91.5,False,False,False
2031,2026-07-03,BULL_PUT_BNF_57400_56900_W500,secondary,BNF,BULL_PUT,4.083648681640625,55.5,False,False,False
2031,2026-07-03,__NO_TRADE__,synthetic_no_trade,BNF,NO_TRADE,-32.74024963378906,0.0,False,False,False
2032,2026-07-03,__NO_TRADE__,synthetic_no_trade,BNF,NO_TRADE,-35.32018280029297,0.0,True,False,True
2032,2026-07-03,BEAR_CALL_BNF_58300_58700_W400,primary,BNF,BEAR_CALL,-64.25148010253906,-195.0,False,True,False
2032,2026-07-03,BEAR_CALL_BNF_58300_58800_W500,secondary,BNF,BEAR_CALL,-108.54562377929688,-184.5,False,False,False
2032,2026-07-03,BEAR_CALL_BNF_58300_58900_W600,secondary,BNF,BEAR_CALL,-157.85147094726562,-261.0,False,False,False
2032,2026-07-03,BEAR_CALL_BNF_58300_59100_W800,secondary,BNF,BEAR_CALL,-173.85494995117188,-192.0,False,False,False
2032,2026-07-03,BEAR_CALL_BNF_58300_59300_W1000,secondary,BNF,BEAR_CALL,-186.99473571777344,-331.5,False,False,False
2033,2026-07-03,__NO_TRADE__,synthetic_no_trade,BNF,NO_TRADE,-35.31746292114258,0.0,True,False,True
2033,2026-07-03,BEAR_CALL_BNF_58300_58700_W400,primary,BNF,BEAR_CALL,-64.669189453125,-129.0,False,True,False
2033,2026-07-03,BEAR_CALL_BNF_58300_58800_W500,secondary,BNF,BEAR_CALL,-108.09516906738281,-106.5,False,False,False
2033,2026-07-03,BEAR_CALL_BNF_58300_58900_W600,secondary,BNF,BEAR_CALL,-156.6829833984375,-171.0,False,False,False
2033,2026-07-03,BEAR_CALL_BNF_58300_59100_W800,secondary,BNF,BEAR_CALL,-171.10011291503906,-79.5,False,False,False
2033,2026-07-03,BEAR_CALL_BNF_58300_59300_W1000,secondary,BNF,BEAR_CALL,-185.96836853027344,-192.0,False,False,False
2034,2026-07-03,BULL_PUT_BNF_57400_56400_W1000,secondary,BNF,BULL_PUT,26.090286254882812,186.0,True,False,True
2034,2026-07-03,BULL_PUT_BNF_57400_56600_W800,secondary,BNF,BULL_PUT,13.102718353271484,160.5,False,False,False
2034,2026-07-03,BULL_PUT_BNF_57400_57000_W400,primary,BNF,BULL_PUT,9.864950180053711,73.5,False,True,False
2034,2026-07-03,BULL_PUT_BNF_57400_56800_W600,secondary,BNF,BULL_PUT,7.907215118408203,132.0,False,False,False
2034,2026-07-03,BULL_PUT_BNF_57400_56900_W500,secondary,BNF,BULL_PUT,3.7900829315185547,54.0,False,False,False
2034,2026-07-03,__NO_TRADE__,synthetic_no_trade,BNF,NO_TRADE,-32.73882293701172,0.0,False,False,False
2035,2026-07-03,BULL_PUT_BNF_57400_56400_W1000,secondary,BNF,BULL_PUT,20.032180786132812,144.0,True,False,True
2035,2026-07-03,BULL_PUT_BNF_57400_57000_W400,primary,BNF,BULL_PUT,9.869903564453125,60.0,False,True,False
2035,2026-07-03,BULL_PUT_BNF_57400_56600_W800,secondary,BNF,BULL_PUT,9.839052200317383,114.0,False,False,False
2035,2026-07-03,BULL_PUT_BNF_57400_56800_W600,secondary,BNF,BULL_PUT,6.548675537109375,93.0,False,False,False
2035,2026-07-03,BULL_PUT_BNF_57400_56900_W500,secondary,BNF,BULL_PUT,2.6644287109375,21.0,False,False,False
2035,2026-07-03,__NO_TRADE__,synthetic_no_trade,BNF,NO_TRADE,-32.721824645996094,0.0,False,False,False
2036,2026-07-03,BULL_PUT_BNF_57400_56400_W1000,secondary,BNF,BULL_PUT,19.919692993164062,192.0,True,False,True
2036,2026-07-03,BULL_PUT_BNF_57400_56600_W800,secondary,BNF,BULL_PUT,10.19061279296875,162.0,False,False,False
2036,2026-07-03,BULL_PUT_BNF_57400_57000_W400,primary,BNF,BULL_PUT,10.16754150390625,81.0,False,True,False
2036,2026-07-03,BULL_PUT_BNF_57400_56800_W600,secondary,BNF,BULL_PUT,6.538475036621094,94.5,False,False,False
2036,2026-07-03,BULL_PUT_BNF_57400_56900_W500,secondary,BNF,BULL_PUT,2.6345596313476562,10.5,False,False,False
2036,2026-07-03,__NO_TRADE__,synthetic_no_trade,BNF,NO_TRADE,-32.72078323364258,0.0,False,False,False
2037,2026-07-03,BULL_PUT_BNF_57400_56400_W1000,secondary,BNF,BULL_PUT,29.64065170288086,271.5,True,False,True
2037,2026-07-03,BULL_PUT_BNF_57400_56600_W800,secondary,BNF,BULL_PUT,15.919988632202148,270.0,False,False,False
2037,2026-07-03,BULL_PUT_BNF_57400_57000_W400,primary,BNF,BULL_PUT,10.642646789550781,121.5,False,True,False
2037,2026-07-03,BULL_PUT_BNF_57400_56800_W600,secondary,BNF,BULL_PUT,8.830236434936523,180.0,False,False,False
2037,2026-07-03,BULL_PUT_BNF_57400_56900_W500,secondary,BNF,BULL_PUT,4.962366104125977,70.5,False,False,False
2037,2026-07-03,__NO_TRADE__,synthetic_no_trade,BNF,NO_TRADE,-32.755523681640625,0.0,False,False,False
2038,2026-07-03,__NO_TRADE__,synthetic_no_trade,BNF,NO_TRADE,-35.29091262817383,0.0,True,False,True
2038,2026-07-03,BEAR_CALL_BNF_58300_58700_W400,primary,BNF,BEAR_CALL,-64.23143005371094,-213.0,False,True,False
2038,2026-07-03,BEAR_CALL_BNF_58300_58800_W500,secondary,BNF,BEAR_CALL,-105.94180297851562,-229.5,False,False,False
2038,2026-07-03,BEAR_CALL_BNF_58300_58900_W600,secondary,BNF,BEAR_CALL,-154.22439575195312,-301.5,False,False,False
2038,2026-07-03,BEAR_CALL_BNF_58300_59100_W800,secondary,BNF,BEAR_CALL,-170.87232971191406,-262.5,False,False,False
2038,2026-07-03,BEAR_CALL_BNF_58300_59300_W1000,secondary,BNF,BEAR_CALL,-183.87379455566406,-361.5,False,False,False
2039,2026-07-03,BULL_PUT_BNF_57400_56400_W1000,secondary,BNF,BULL_PUT,28.367843627929688,223.5,True,False,True
2039,2026-07-03,BULL_PUT_BNF_57400_56600_W800,secondary,BNF,BULL_PUT,14.017953872680664,145.5,False,False,False
2039,2026-07-03,BULL_PUT_BNF_57400_57000_W400,primary,BNF,BULL_PUT,10.033798217773438,85.5,False,True,False
2039,2026-07-03,BULL_PUT_BNF_57400_56800_W600,secondary,BNF,BULL_PUT,8.209781646728516,145.5,False,False,False
2039,2026-07-03,BULL_PUT_BNF_57400_56900_W500,secondary,BNF,BULL_PUT,4.240568161010742,58.5,False,False,False
2039,2026-07-03,__NO_TRADE__,synthetic_no_trade,BNF,NO_TRADE,-32.74992752075195,0.0,False,False,False
2040,2026-07-03,BULL_PUT_BNF_57400_56400_W1000,secondary,BNF,BULL_PUT,7.099987030029297,133.5,True,False,True
2040,2026-07-03,BULL_PUT_BNF_57400_56600_W800,secondary,BNF,BULL_PUT,2.5278491973876953,132.0,False,False,False
2040,2026-07-03,BULL_PUT_BNF_57400_56800_W600,secondary,BNF,BULL_PUT,1.0363655090332031,106.5,False,False,False
2040,2026-07-03,BULL_PUT_BNF_57400_57000_W400,secondary,BNF,BULL_PUT,0.37317466735839844,72.0,False,False,False
2040,2026-07-03,BULL_PUT_BNF_57400_56900_W500,secondary,BNF,BULL_PUT,-1.4344196319580078,12.0,False,False,False
2040,2026-07-03,__NO_TRADE__,synthetic_no_trade,BNF,NO_TRADE,-36.90349578857422,0.0,False,False,False
2040,2026-07-03,BEAR_CALL_BNF_58400_58800_W400,secondary,BNF,BEAR_CALL,-51.682350158691406,-54.0,False,False,False
2040,2026-07-03,BEAR_CALL_BNF_58400_58900_W500,secondary,BNF,BEAR_CALL,-93.32913208007812,-123.0,False,False,False
2040,2026-07-03,BEAR_CALL_BNF_58400_59000_W600,primary,BNF,BEAR_CALL,-110.39397430419922,-85.5,False,True,False
2040,2026-07-03,BEAR_CALL_BNF_58400_59200_W800,secondary,BNF,BEAR_CALL,-167.53256225585938,22.5,False,False,False
2040,2026-07-03,BEAR_CALL_BNF_58400_59400_W1000,secondary,BNF,BEAR_CALL,-183.7374267578125,-96.0,False,False,False
2041,2026-07-03,BULL_PUT_BNF_57400_56400_W1000,secondary,BNF,BULL_PUT,22.25229835510254,337.5,True,False,True
2041,2026-07-03,BULL_PUT_BNF_57400_56600_W800,secondary,BNF,BULL_PUT,12.289955139160156,294.0,False,False,False
2041,2026-07-03,BULL_PUT_BNF_57400_57000_W400,primary,BNF,BULL_PUT,10.408092498779297,135.0,False,True,False
2041,2026-07-03,BULL_PUT_BNF_57400_56800_W600,secondary,BNF,BULL_PUT,6.891275405883789,190.5,False,False,False
2041,2026-07-03,BULL_PUT_BNF_57400_56900_W500,secondary,BNF,BULL_PUT,2.875,130.5,False,False,False
2041,2026-07-03,__NO_TRADE__,synthetic_no_trade,BNF,NO_TRADE,-32.71638870239258,0.0,False,False,False
2042,2026-07-03,BULL_PUT_BNF_57400_56400_W1000,secondary,BNF,BULL_PUT,22.43300437927246,258.0,True,False,True
2042,2026-07-03,BULL_PUT_BNF_57400_56600_W800,secondary,BNF,BULL_PUT,11.76368522644043,217.5,False,False,False
2042,2026-07-03,BULL_PUT_BNF_57400_57000_W400,primary,BNF,BULL_PUT,9.624982833862305,70.5,False,True,False
2042,2026-07-03,BULL_PUT_BNF_57400_56800_W600,secondary,BNF,BULL_PUT,6.972578048706055,154.5,False,False,False
2042,2026-07-03,BULL_PUT_BNF_57400_56900_W500,secondary,BNF,BULL_PUT,2.8663673400878906,81.0,False,False,False
2042,2026-07-03,__NO_TRADE__,synthetic_no_trade,BNF,NO_TRADE,-32.719905853271484,0.0,False,False,False
2043,2026-07-03,__NO_TRADE__,synthetic_no_trade,BNF,NO_TRADE,-35.95489501953125,0.0,True,False,True
2043,2026-07-03,BEAR_CALL_BNF_58400_58800_W400,secondary,BNF,BEAR_CALL,-53.76647186279297,-94.5,False,False,False
2043,2026-07-03,BEAR_CALL_BNF_58400_58900_W500,primary,BNF,BEAR_CALL,-81.02810668945312,-139.5,False,True,False
2043,2026-07-03,BEAR_CALL_BNF_58400_59000_W600,secondary,BNF,BEAR_CALL,-144.03521728515625,-136.5,False,False,False
2043,2026-07-03,BEAR_CALL_BNF_58400_59200_W800,secondary,BNF,BEAR_CALL,-165.8031463623047,-25.5,False,False,False
2043,2026-07-03,BEAR_CALL_BNF_58400_59400_W1000,secondary,BNF,BEAR_CALL,-179.26792907714844,-196.5,False,False,False
2044,2026-07-03,BULL_PUT_BNF_57400_57000_W400,secondary,BNF,BULL_PUT,-2.932462692260742,46.5,True,False,False
2044,2026-07-03,BULL_PUT_BNF_57400_56800_W600,secondary,BNF,BULL_PUT,-5.011476516723633,90.0,False,False,False
2044,2026-07-03,BULL_PUT_BNF_57400_56600_W800,secondary,BNF,BULL_PUT,-5.108192443847656,205.5,False,False,True
2044,2026-07-03,BULL_PUT_BNF_57400_56900_W500,secondary,BNF,BULL_PUT,-5.39161491394043,99.0,False,False,False
2044,2026-07-03,BULL_PUT_BNF_57400_56400_W1000,secondary,BNF,BULL_PUT,-7.582395553588867,202.5,False,False,False
2044,2026-07-03,__NO_TRADE__,synthetic_no_trade,BNF,NO_TRADE,-36.905235290527344,0.0,False,False,False
2044,2026-07-03,BEAR_CALL_BNF_58400_58800_W400,secondary,BNF,BEAR_CALL,-52.79656219482422,-85.5,False,False,False
2044,2026-07-03,BEAR_CALL_BNF_58400_58900_W500,secondary,BNF,BEAR_CALL,-94.28546142578125,-172.5,False,False,False
2044,2026-07-03,BEAR_CALL_BNF_58400_59000_W600,primary,BNF,BEAR_CALL,-109.29096984863281,-129.0,False,True,False
2044,2026-07-03,BEAR_CALL_BNF_58400_59200_W800,secondary,BNF,BEAR_CALL,-166.53814697265625,31.5,False,False,False
2044,2026-07-03,BEAR_CALL_BNF_58400_59400_W1000,secondary,BNF,BEAR_CALL,-179.20333862304688,-220.5,False,False,False
2045,2026-07-03,__NO_TRADE__,synthetic_no_trade,BNF,NO_TRADE,-35.982757568359375,0.0,True,False,False
2045,2026-07-03,BEAR_CALL_BNF_58400_58800_W400,secondary,BNF,BEAR_CALL,-55.200592041015625,-16.5,False,False,False
2045,2026-07-03,BEAR_CALL_BNF_58400_58900_W500,primary,BNF,BEAR_CALL,-81.07247924804688,-43.5,False,True,False
2045,2026-07-03,BEAR_CALL_BNF_58400_59000_W600,secondary,BNF,BEAR_CALL,-142.37350463867188,-27.0,False,False,False
2045,2026-07-03,BEAR_CALL_BNF_58400_59200_W800,secondary,BNF,BEAR_CALL,-160.57699584960938,72.0,False,False,True
2045,2026-07-03,BEAR_CALL_BNF_58400_59400_W1000,secondary,BNF,BEAR_CALL,-173.7091064453125,-43.5,False,False,False
2046,2026-07-03,__NO_TRADE__,synthetic_no_trade,BNF,NO_TRADE,-36.86656951904297,0.0,True,False,True
2046,2026-07-03,BEAR_CALL_BNF_58400_58800_W400,secondary,BNF,BEAR_CALL,-54.203163146972656,-69.0,False,False,False
2046,2026-07-03,BEAR_CALL_BNF_58400_58900_W500,secondary,BNF,BEAR_CALL,-94.60244750976562,-117.0,False,False,False
2046,2026-07-03,BEAR_CALL_BNF_58400_59000_W600,primary,BNF,BEAR_CALL,-108.80043029785156,-97.5,False,True,False
2046,2026-07-03,BEAR_CALL_BNF_58400_59200_W800,secondary,BNF,BEAR_CALL,-157.75927734375,-1.5,False,False,False
2046,2026-07-03,BEAR_CALL_BNF_58400_59400_W1000,secondary,BNF,BEAR_CALL,-170.1786651611328,-142.5,False,False,False
2047,2026-07-03,__NO_TRADE__,synthetic_no_trade,BNF,NO_TRADE,-36.82596969604492,0.0,True,False,True
2047,2026-07-03,BEAR_CALL_BNF_58400_58800_W400,secondary,BNF,BEAR_CALL,-51.18290328979492,-66.0,False,False,False
2047,2026-07-03,BEAR_CALL_BNF_58400_58900_W500,secondary,BNF,BEAR_CALL,-88.25859832763672,-109.5,False,False,False
2047,2026-07-03,BEAR_CALL_BNF_58400_59000_W600,primary,BNF,BEAR_CALL,-108.59928894042969,-60.0,False,True,False
2047,2026-07-03,BEAR_CALL_BNF_58400_59200_W800,secondary,BNF,BEAR_CALL,-147.1821746826172,-6.0,False,False,False
2047,2026-07-03,BEAR_CALL_BNF_58400_59400_W1000,secondary,BNF,BEAR_CALL,-159.74502563476562,-112.5,False,False,False
2048,2026-07-03,__NO_TRADE__,synthetic_no_trade,BNF,NO_TRADE,-36.80921936035156,0.0,True,False,False
2048,2026-07-03,BEAR_CALL_BNF_58400_58800_W400,secondary,BNF,BEAR_CALL,-51.63446044921875,-63.0,False,False,False
2048,2026-07-03,BEAR_CALL_BNF_58400_58900_W500,secondary,BNF,BEAR_CALL,-89.16786193847656,-91.5,False,False,False
2048,2026-07-03,BEAR_CALL_BNF_58400_59000_W600,primary,BNF,BEAR_CALL,-109.46769714355469,-31.5,False,True,False
2048,2026-07-03,BEAR_CALL_BNF_58400_59200_W800,secondary,BNF,BEAR_CALL,-148.89932250976562,49.5,False,False,True
2048,2026-07-03,BEAR_CALL_BNF_58400_59400_W1000,secondary,BNF,BEAR_CALL,-160.48272705078125,-114.0,False,False,False
2049,2026-07-03,BULL_PUT_BNF_57500_56500_W1000,secondary,BNF,BULL_PUT,21.43291664123535,-229.5,True,False,False
2049,2026-07-03,BULL_PUT_BNF_57500_56700_W800,secondary,BNF,BULL_PUT,9.926902770996094,-286.5,False,False,False
2049,2026-07-03,BULL_PUT_BNF_57500_57100_W400,primary,BNF,BULL_PUT,7.939149856567383,-138.0,False,True,False
2049,2026-07-03,BULL_PUT_BNF_57500_56900_W600,secondary,BNF,BULL_PUT,3.9908828735351562,-219.0,False,False,False
2049,2026-07-03,BULL_PUT_BNF_57500_57000_W500,secondary,BNF,BULL_PUT,1.5602149963378906,-162.0,False,False,False
2049,2026-07-03,__NO_TRADE__,synthetic_no_trade,BNF,NO_TRADE,-32.670467376708984,0.0,False,False,True
2136,2026-07-07,BULL_PUT_BNF_58000_57600_W400,primary,BNF,BULL_PUT,-181.14932250976562,-519.0,True,True,False
2136,2026-07-07,__NO_TRADE__,synthetic_no_trade,BNF,NO_TRADE,-181.21151733398438,0.0,False,False,True
2136,2026-07-07,BULL_PUT_BNF_58000_57500_W500,secondary,BNF,BULL_PUT,-342.2939453125,-592.5,False,False,False
2136,2026-07-07,BULL_PUT_BNF_58000_57400_W600,secondary,BNF,BULL_PUT,-399.504150390625,-711.0,False,False,False
2136,2026-07-07,BULL_PUT_BNF_58000_57200_W800,secondary,BNF,BULL_PUT,-492.2022705078125,-883.5,False,False,False
2136,2026-07-07,BULL_PUT_BNF_58000_57000_W1000,secondary,BNF,BULL_PUT,-640.0570068359375,-1017.0,False,False,False
2137,2026-07-07,BULL_PUT_BNF_58000_57600_W400,primary,BNF,BULL_PUT,-175.19320678710938,-469.5,True,True,False
2137,2026-07-07,__NO_TRADE__,synthetic_no_trade,BNF,NO_TRADE,-182.03353881835938,0.0,False,False,True
2137,2026-07-07,BULL_PUT_BNF_58000_57500_W500,secondary,BNF,BULL_PUT,-309.79132080078125,-537.0,False,False,False
2137,2026-07-07,BULL_PUT_BNF_58000_57400_W600,secondary,BNF,BULL_PUT,-374.7493591308594,-654.0,False,False,False
2137,2026-07-07,BULL_PUT_BNF_58000_57200_W800,secondary,BNF,BULL_PUT,-450.4632873535156,-823.5,False,False,False
2137,2026-07-07,BULL_PUT_BNF_58000_57000_W1000,secondary,BNF,BULL_PUT,-563.032958984375,-939.0,False,False,False
2138,2026-07-07,__NO_TRADE__,synthetic_no_trade,BNF,NO_TRADE,-174.97186279296875,0.0,True,False,True
2138,2026-07-07,BULL_PUT_BNF_57900_57500_W400,primary,BNF,BULL_PUT,-217.66162109375,-309.0,False,True,False
2138,2026-07-07,BULL_PUT_BNF_58000_57600_W400,secondary,BNF,BULL_PUT,-263.9642639160156,-337.5,False,False,False
2138,2026-07-07,BULL_PUT_BNF_58000_57500_W500,secondary,BNF,BULL_PUT,-376.12994384765625,-408.0,False,False,False
2138,2026-07-07,BULL_PUT_BNF_58000_57400_W600,secondary,BNF,BULL_PUT,-529.5145263671875,-484.5,False,False,False
2138,2026-07-07,BULL_PUT_BNF_57900_57400_W500,secondary,BNF,BULL_PUT,-546.53564453125,-385.5,False,False,False
2138,2026-07-07,BULL_PUT_BNF_57900_57300_W600,secondary,BNF,BULL_PUT,-598.1229248046875,-490.5,False,False,False
2138,2026-07-07,BULL_PUT_BNF_58000_57200_W800,secondary,BNF,BULL_PUT,-653.671142578125,-564.0,False,False,False
2138,2026-07-07,BULL_PUT_BNF_57900_57100_W800,secondary,BNF,BULL_PUT,-740.0760498046875,-501.0,False,False,False
2138,2026-07-07,BULL_PUT_BNF_57900_56900_W1000,secondary,BNF,BULL_PUT,-967.9174194335938,-553.5,False,False,False
2138,2026-07-07,BULL_PUT_BNF_58000_57000_W1000,secondary,BNF,BULL_PUT,-1003.0385131835938,-616.5,False,False,False
2139,2026-07-07,__NO_TRADE__,synthetic_no_trade,BNF,NO_TRADE,-180.40655517578125,0.0,True,False,True
2139,2026-07-07,BULL_PUT_BNF_58000_57600_W400,primary,BNF,BULL_PUT,-189.14285278320312,-313.5,False,True,False
2139,2026-07-07,BULL_PUT_BNF_57900_57500_W400,secondary,BNF,BULL_PUT,-353.96185302734375,-345.0,False,False,False
2139,2026-07-07,BULL_PUT_BNF_58000_57500_W500,secondary,BNF,BULL_PUT,-365.9811706542969,-376.5,False,False,False
2139,2026-07-07,BULL_PUT_BNF_58000_57400_W600,secondary,BNF,BULL_PUT,-508.5840148925781,-450.0,False,False,False
2139,2026-07-07,BULL_PUT_BNF_57900_57400_W500,secondary,BNF,BULL_PUT,-550.8694458007812,-418.5,False,False,False
2139,2026-07-07,BULL_PUT_BNF_57900_57300_W600,secondary,BNF,BULL_PUT,-592.0400390625,-528.0,False,False,False
2139,2026-07-07,BULL_PUT_BNF_58000_57200_W800,secondary,BNF,BULL_PUT,-645.5841064453125,-585.0,False,False,False
2139,2026-07-07,BULL_PUT_BNF_57900_57100_W800,secondary,BNF,BULL_PUT,-771.212890625,-574.5,False,False,False
2139,2026-07-07,BULL_PUT_BNF_58000_57000_W1000,secondary,BNF,BULL_PUT,-973.287841796875,-633.0,False,False,False
2139,2026-07-07,BULL_PUT_BNF_57900_56900_W1000,secondary,BNF,BULL_PUT,-1025.52099609375,-655.5,False,False,False
2140,2026-07-07,BEAR_CALL_BNF_58900_59900_W1000,secondary,BNF,BEAR_CALL,157.0369873046875,1444.5,True,False,True
2140,2026-07-07,BEAR_CALL_BNF_58900_59700_W800,secondary,BNF,BEAR_CALL,156.62606811523438,1179.0,False,False,False
2140,2026-07-07,BEAR_CALL_BNF_58900_59500_W600,secondary,BNF,BEAR_CALL,135.65277099609375,904.5,False,False,False
2140,2026-07-07,BEAR_CALL_BNF_58900_59400_W500,secondary,BNF,BEAR_CALL,120.7447280883789,691.5,False,False,False
2140,2026-07-07,BEAR_CALL_BNF_58900_59300_W400,primary,BNF,BEAR_CALL,45.552303314208984,531.0,False,True,False
2140,2026-07-07,__NO_TRADE__,synthetic_no_trade,BNF,NO_TRADE,-242.35598754882812,0.0,False,False,False
2140,2026-07-07,BULL_PUT_BNF_58000_57600_W400,secondary,BNF,BULL_PUT,-261.2734680175781,-355.5,False,False,False
2140,2026-07-07,BULL_PUT_BNF_58000_57500_W500,secondary,BNF,BULL_PUT,-360.85504150390625,-430.5,False,False,False
2140,2026-07-07,BULL_PUT_BNF_58000_57400_W600,secondary,BNF,BULL_PUT,-483.4076843261719,-504.0,False,False,False
2140,2026-07-07,BULL_PUT_BNF_58000_57200_W800,secondary,BNF,BULL_PUT,-590.3948974609375,-645.0,False,False,False
2140,2026-07-07,BULL_PUT_BNF_58000_57000_W1000,secondary,BNF,BULL_PUT,-880.3872680664062,-706.5,False,False,False
2141,2026-07-07,BEAR_CALL_BNF_58900_59900_W1000,secondary,BNF,BEAR_CALL,146.560302734375,1462.5,True,False,True
2141,2026-07-07,BEAR_CALL_BNF_58900_59700_W800,secondary,BNF,BEAR_CALL,145.3091583251953,1170.0,False,False,False
2141,2026-07-07,BEAR_CALL_BNF_58900_59500_W600,secondary,BNF,BEAR_CALL,125.43418884277344,919.5,False,False,False
2141,2026-07-07,BEAR_CALL_BNF_58900_59400_W500,secondary,BNF,BEAR_CALL,109.99088287353516,690.0,False,False,False
2141,2026-07-07,BEAR_CALL_BNF_58900_59300_W400,primary,BNF,BEAR_CALL,40.069984436035156,546.0,False,True,False
2141,2026-07-07,__NO_TRADE__,synthetic_no_trade,BNF,NO_TRADE,-242.53076171875,0.0,False,False,False
2141,2026-07-07,BULL_PUT_BNF_58000_57600_W400,secondary,BNF,BULL_PUT,-264.321533203125,-376.5,False,False,False
2141,2026-07-07,BULL_PUT_BNF_58000_57500_W500,secondary,BNF,BULL_PUT,-366.6753845214844,-460.5,False,False,False
2141,2026-07-07,BULL_PUT_BNF_58000_57400_W600,secondary,BNF,BULL_PUT,-477.39996337890625,-516.0,False,False,False
2141,2026-07-07,BULL_PUT_BNF_58000_57200_W800,secondary,BNF,BULL_PUT,-580.0016479492188,-666.0,False,False,False
2141,2026-07-07,BULL_PUT_BNF_58000_57000_W1000,secondary,BNF,BULL_PUT,-853.1438598632812,-745.5,False,False,False
2142,2026-07-07,BEAR_CALL_BNF_58900_59900_W1000,secondary,BNF,BEAR_CALL,147.8045654296875,1369.5,True,False,True
2142,2026-07-07,BEAR_CALL_BNF_58900_59700_W800,secondary,BNF,BEAR_CALL,135.02142333984375,1083.0,False,False,False
2142,2026-07-07,BEAR_CALL_BNF_58900_59500_W600,secondary,BNF,BEAR_CALL,119.10199737548828,850.5,False,False,False
2142,2026-07-07,BEAR_CALL_BNF_58900_59400_W500,secondary,BNF,BEAR_CALL,111.64408874511719,664.5,False,False,False
2142,2026-07-07,BEAR_CALL_BNF_58900_59300_W400,primary,BNF,BEAR_CALL,35.00430679321289,502.5,False,True,False
2142,2026-07-07,BULL_PUT_BNF_58000_57600_W400,secondary,BNF,BULL_PUT,-229.20742797851562,-336.0,False,False,False
2142,2026-07-07,__NO_TRADE__,synthetic_no_trade,BNF,NO_TRADE,-242.81082153320312,0.0,False,False,False
2142,2026-07-07,BULL_PUT_BNF_57900_57500_W400,secondary,BNF,BULL_PUT,-307.5328674316406,-394.5,False,False,False
2142,2026-07-07,BULL_PUT_BNF_58000_57500_W500,secondary,BNF,BULL_PUT,-332.2973937988281,-451.5,False,False,False
2142,2026-07-07,BULL_PUT_BNF_58000_57400_W600,secondary,BNF,BULL_PUT,-434.7452087402344,-505.5,False,False,False
2142,2026-07-07,BULL_PUT_BNF_57900_57400_W500,secondary,BNF,BULL_PUT,-455.67584228515625,-448.5,False,False,False
2142,2026-07-07,BULL_PUT_BNF_57900_57300_W600,secondary,BNF,BULL_PUT,-477.2183837890625,-585.0,False,False,False
2142,2026-07-07,BULL_PUT_BNF_58000_57200_W800,secondary,BNF,BULL_PUT,-536.87548828125,-642.0,False,False,False
2142,2026-07-07,BULL_PUT_BNF_57900_57100_W800,secondary,BNF,BULL_PUT,-613.37255859375,-622.5,False,False,False
2142,2026-07-07,BULL_PUT_BNF_57900_56900_W1000,secondary,BNF,BULL_PUT,-769.7859497070312,-720.0,False,False,False
2142,2026-07-07,BULL_PUT_BNF_58000_57000_W1000,secondary,BNF,BULL_PUT,-808.5037841796875,-706.5,False,False,False
2143,2026-07-07,BEAR_CALL_BNF_58900_59900_W1000,secondary,BNF,BEAR_CALL,124.82730102539062,1492.5,True,False,True
2143,2026-07-07,BEAR_CALL_BNF_58900_59700_W800,secondary,BNF,BEAR_CALL,123.40646362304688,1219.5,False,False,False
2143,2026-07-07,BEAR_CALL_BNF_58900_59500_W600,secondary,BNF,BEAR_CALL,103.06903076171875,936.0,False,False,False
2143,2026-07-07,BEAR_CALL_BNF_58900_59400_W500,secondary,BNF,BEAR_CALL,90.11387634277344,733.5,False,False,False
2143,2026-07-07,BEAR_CALL_BNF_58900_59300_W400,primary,BNF,BEAR_CALL,28.132781982421875,564.0,False,True,False
2143,2026-07-07,__NO_TRADE__,synthetic_no_trade,BNF,NO_TRADE,-243.0125732421875,0.0,False,False,False
2143,2026-07-07,BULL_PUT_BNF_58000_57600_W400,secondary,BNF,BULL_PUT,-250.81117248535156,-388.5,False,False,False
2143,2026-07-07,BULL_PUT_BNF_58000_57500_W500,secondary,BNF,BULL_PUT,-343.5658874511719,-454.5,False,False,False
2143,2026-07-07,BULL_PUT_BNF_58000_57400_W600,secondary,BNF,BULL_PUT,-444.86407470703125,-538.5,False,False,False
2143,2026-07-07,BULL_PUT_BNF_58000_57200_W800,secondary,BNF,BULL_PUT,-535.690673828125,-684.0,False,False,False
2143,2026-07-07,BULL_PUT_BNF_58000_57000_W1000,secondary,BNF,BULL_PUT,-772.5054931640625,-765.0,False,False,False
2144,2026-07-07,BEAR_CALL_BNF_58900_59700_W800,secondary,BNF,BEAR_CALL,138.68568420410156,1227.0,True,False,False
2144,2026-07-07,BEAR_CALL_BNF_58900_59900_W1000,secondary,BNF,BEAR_CALL,138.08526611328125,1531.5,False,False,True
2144,2026-07-07,BEAR_CALL_BNF_58900_59500_W600,secondary,BNF,BEAR_CALL,118.15636444091797,952.5,False,False,False
2144,2026-07-07,BEAR_CALL_BNF_58900_59400_W500,secondary,BNF,BEAR_CALL,104.20988464355469,748.5,False,False,False
2144,2026-07-07,BEAR_CALL_BNF_58900_59300_W400,primary,BNF,BEAR_CALL,36.38420486450195,595.5,False,True,False
2144,2026-07-07,__NO_TRADE__,synthetic_no_trade,BNF,NO_TRADE,-242.71337890625,0.0,False,False,False
2144,2026-07-07,BULL_PUT_BNF_58000_57600_W400,secondary,BNF,BULL_PUT,-258.0936279296875,-375.0,False,False,False
2144,2026-07-07,BULL_PUT_BNF_58000_57500_W500,secondary,BNF,BULL_PUT,-357.763916015625,-457.5,False,False,False
2144,2026-07-07,BULL_PUT_BNF_58000_57400_W600,secondary,BNF,BULL_PUT,-472.9004821777344,-558.0,False,False,False
2144,2026-07-07,BULL_PUT_BNF_58000_57200_W800,secondary,BNF,BULL_PUT,-572.091064453125,-700.5,False,False,False
2144,2026-07-07,BULL_PUT_BNF_58000_57000_W1000,secondary,BNF,BULL_PUT,-835.0245361328125,-774.0,False,False,False
2145,2026-07-07,BEAR_CALL_BNF_58900_59900_W1000,secondary,BNF,BEAR_CALL,139.44720458984375,1429.5,True,False,True
2145,2026-07-07,BEAR_CALL_BNF_58900_59700_W800,secondary,BNF,BEAR_CALL,130.3383331298828,1143.0,False,False,False
2145,2026-07-07,BEAR_CALL_BNF_58900_59500_W600,secondary,BNF,BEAR_CALL,113.27772521972656,889.5,False,False,False
2145,2026-07-07,BEAR_CALL_BNF_58900_59400_W500,secondary,BNF,BEAR_CALL,104.85307312011719,703.5,False,False,False
2145,2026-07-07,BEAR_CALL_BNF_58900_59300_W400,primary,BNF,BEAR_CALL,32.234378814697266,522.0,False,True,False
2145,2026-07-07,BULL_PUT_BNF_58000_57600_W400,secondary,BNF,BULL_PUT,-237.3897247314453,-348.0,False,False,False
2145,2026-07-07,__NO_TRADE__,synthetic_no_trade,BNF,NO_TRADE,-242.9097442626953,0.0,False,False,False
2145,2026-07-07,BULL_PUT_BNF_57900_57500_W400,secondary,BNF,BULL_PUT,-255.61033630371094,-357.0,False,False,False
2145,2026-07-07,BULL_PUT_BNF_58000_57500_W500,secondary,BNF,BULL_PUT,-331.66326904296875,-427.5,False,False,False
2145,2026-07-07,BULL_PUT_BNF_57900_57400_W500,secondary,BNF,BULL_PUT,-371.3559265136719,-450.0,False,False,False
2145,2026-07-07,BULL_PUT_BNF_57900_57300_W600,secondary,BNF,BULL_PUT,-396.1889343261719,-588.0,False,False,False
2145,2026-07-07,BULL_PUT_BNF_58000_57400_W600,secondary,BNF,BULL_PUT,-440.52777099609375,-520.5,False,False,False
2145,2026-07-07,BULL_PUT_BNF_57900_57100_W800,secondary,BNF,BULL_PUT,-498.1918029785156,-630.0,False,False,False
2145,2026-07-07,BULL_PUT_BNF_58000_57200_W800,secondary,BNF,BULL_PUT,-537.5198974609375,-661.5,False,False,False
2145,2026-07-07,BULL_PUT_BNF_57900_56900_W1000,secondary,BNF,BULL_PUT,-594.2098999023438,-723.0,False,False,False
2145,2026-07-07,BULL_PUT_BNF_58000_57000_W1000,secondary,BNF,BULL_PUT,-798.715087890625,-729.0,False,False,False
2146,2026-07-07,BEAR_CALL_BNF_58900_59900_W1000,secondary,BNF,BEAR_CALL,135.2681884765625,1429.5,True,False,True
2146,2026-07-07,BEAR_CALL_BNF_58900_59700_W800,secondary,BNF,BEAR_CALL,126.77812957763672,1170.0,False,False,False
2146,2026-07-07,BEAR_CALL_BNF_58900_59500_W600,secondary,BNF,BEAR_CALL,109.11119842529297,897.0,False,False,False
2146,2026-07-07,BEAR_CALL_BNF_58900_59400_W500,secondary,BNF,BEAR_CALL,100.70167541503906,703.5,False,False,False
2146,2026-07-07,BEAR_CALL_BNF_58900_59300_W400,primary,BNF,BEAR_CALL,30.085315704345703,535.5,False,True,False
2146,2026-07-07,BULL_PUT_BNF_58000_57600_W400,secondary,BNF,BULL_PUT,-236.0218963623047,-364.5,False,False,False
2146,2026-07-07,__NO_TRADE__,synthetic_no_trade,BNF,NO_TRADE,-243.01287841796875,0.0,False,False,False
2146,2026-07-07,BULL_PUT_BNF_57900_57500_W400,secondary,BNF,BULL_PUT,-254.32469177246094,-370.5,False,False,False
2146,2026-07-07,BULL_PUT_BNF_58000_57500_W500,secondary,BNF,BULL_PUT,-324.5525207519531,-414.0,False,False,False
2146,2026-07-07,BULL_PUT_BNF_57900_57400_W500,secondary,BNF,BULL_PUT,-368.4387512207031,-457.5,False,False,False
2146,2026-07-07,BULL_PUT_BNF_57900_57300_W600,secondary,BNF,BULL_PUT,-390.35626220703125,-586.5,False,False,False
2146,2026-07-07,BULL_PUT_BNF_58000_57400_W600,secondary,BNF,BULL_PUT,-428.99298095703125,-501.0,False,False,False
2146,2026-07-07,BULL_PUT_BNF_57900_57100_W800,secondary,BNF,BULL_PUT,-494.60687255859375,-643.5,False,False,False
2146,2026-07-07,BULL_PUT_BNF_58000_57200_W800,secondary,BNF,BULL_PUT,-528.0576171875,-663.0,False,False,False
2146,2026-07-07,BULL_PUT_BNF_57900_56900_W1000,secondary,BNF,BULL_PUT,-591.6092529296875,-745.5,False,False,False
2146,2026-07-07,BULL_PUT_BNF_58000_57000_W1000,secondary,BNF,BULL_PUT,-777.5523071289062,-720.0,False,False,False
2147,2026-07-07,BULL_PUT_BNF_58000_57600_W400,primary,BNF,BULL_PUT,-174.34353637695312,-438.0,True,True,False
2147,2026-07-07,__NO_TRADE__,synthetic_no_trade,BNF,NO_TRADE,-182.33956909179688,0.0,False,False,True
2147,2026-07-07,BULL_PUT_BNF_58000_57500_W500,secondary,BNF,BULL_PUT,-350.1685791015625,-538.5,False,False,False
2147,2026-07-07,BULL_PUT_BNF_58000_57400_W600,secondary,BNF,BULL_PUT,-425.0099792480469,-630.0,False,False,False
2147,2026-07-07,BULL_PUT_BNF_58000_57200_W800,secondary,BNF,BULL_PUT,-525.96875,-816.0,False,False,False
2147,2026-07-07,BULL_PUT_BNF_58000_57000_W1000,secondary,BNF,BULL_PUT,-722.0260009765625,-915.0,False,False,False
2148,2026-07-07,BEAR_CALL_BNF_58900_59900_W1000,secondary,BNF,BEAR_CALL,126.46560668945312,1485.0,True,False,True
2148,2026-07-07,BEAR_CALL_BNF_58900_59700_W800,secondary,BNF,BEAR_CALL,119.12774658203125,1210.5,False,False,False
2148,2026-07-07,BEAR_CALL_BNF_58900_59500_W600,secondary,BNF,BEAR_CALL,101.3049087524414,922.5,False,False,False
2148,2026-07-07,BEAR_CALL_BNF_58900_59400_W500,secondary,BNF,BEAR_CALL,94.0310287475586,745.5,False,False,False
2148,2026-07-07,BEAR_CALL_BNF_58900_59300_W400,primary,BNF,BEAR_CALL,25.364776611328125,531.0,False,True,False
2148,2026-07-07,BULL_PUT_BNF_58000_57600_W400,secondary,BNF,BULL_PUT,-233.04156494140625,-393.0,False,False,False
2148,2026-07-07,__NO_TRADE__,synthetic_no_trade,BNF,NO_TRADE,-243.22967529296875,0.0,False,False,False
2148,2026-07-07,BULL_PUT_BNF_57900_57500_W400,secondary,BNF,BULL_PUT,-253.10049438476562,-405.0,False,False,False
2148,2026-07-07,BULL_PUT_BNF_58000_57500_W500,secondary,BNF,BULL_PUT,-330.39788818359375,-469.5,False,False,False
2148,2026-07-07,BULL_PUT_BNF_57900_57400_W500,secondary,BNF,BULL_PUT,-368.0506286621094,-517.5,False,False,False
2148,2026-07-07,BULL_PUT_BNF_57900_57300_W600,secondary,BNF,BULL_PUT,-382.03948974609375,-612.0,False,False,False
2148,2026-07-07,BULL_PUT_BNF_58000_57400_W600,secondary,BNF,BULL_PUT,-430.11981201171875,-582.0,False,False,False
2148,2026-07-07,BULL_PUT_BNF_57900_57100_W800,secondary,BNF,BULL_PUT,-494.8044128417969,-690.0,False,False,False
2148,2026-07-07,BULL_PUT_BNF_58000_57200_W800,secondary,BNF,BULL_PUT,-523.0672607421875,-718.5,False,False,False
2148,2026-07-07,BULL_PUT_BNF_57900_56900_W1000,secondary,BNF,BULL_PUT,-582.6661987304688,-780.0,False,False,False
2148,2026-07-07,BULL_PUT_BNF_58000_57000_W1000,secondary,BNF,BULL_PUT,-773.6627807617188,-796.5,False,False,False
2149,2026-07-07,BEAR_CALL_BNF_58900_59900_W1000,secondary,BNF,BEAR_CALL,135.093994140625,1402.5,True,False,True
2149,2026-07-07,BEAR_CALL_BNF_58900_59700_W800,secondary,BNF,BEAR_CALL,122.14385223388672,1143.0,False,False,False
2149,2026-07-07,BEAR_CALL_BNF_58900_59500_W600,secondary,BNF,BEAR_CALL,105.51017761230469,870.0,False,False,False
2149,2026-07-07,BEAR_CALL_BNF_58900_59400_W500,secondary,BNF,BEAR_CALL,101.94700622558594,693.0,False,False,False
2149,2026-07-07,BEAR_CALL_BNF_58900_59300_W400,primary,BNF,BEAR_CALL,26.853687286376953,549.0,False,True,False
2149,2026-07-07,BULL_PUT_BNF_58000_57600_W400,secondary,BNF,BULL_PUT,-216.54840087890625,-346.5,False,False,False
2149,2026-07-07,__NO_TRADE__,synthetic_no_trade,BNF,NO_TRADE,-243.2354736328125,0.0,False,False,False
2149,2026-07-07,BULL_PUT_BNF_57900_57500_W400,secondary,BNF,BULL_PUT,-302.5350646972656,-391.5,False,False,False
2149,2026-07-07,BULL_PUT_BNF_58000_57500_W500,secondary,BNF,BULL_PUT,-304.7218933105469,-414.0,False,False,False
2149,2026-07-07,BULL_PUT_BNF_58000_57400_W600,secondary,BNF,BULL_PUT,-401.11859130859375,-487.5,False,False,False
2149,2026-07-07,BULL_PUT_BNF_57900_57400_W500,secondary,BNF,BULL_PUT,-460.0957336425781,-465.0,False,False,False
2149,2026-07-07,BULL_PUT_BNF_57900_57300_W600,secondary,BNF,BULL_PUT,-473.132568359375,-598.5,False,False,False
2149,2026-07-07,BULL_PUT_BNF_58000_57200_W800,secondary,BNF,BULL_PUT,-501.9356689453125,-654.0,False,False,False
2149,2026-07-07,BULL_PUT_BNF_57900_57100_W800,secondary,BNF,BULL_PUT,-619.9675903320312,-651.0,False,False,False
2149,2026-07-07,BULL_PUT_BNF_58000_57000_W1000,secondary,BNF,BULL_PUT,-750.5733642578125,-730.5,False,False,False
2149,2026-07-07,BULL_PUT_BNF_57900_56900_W1000,secondary,BNF,BULL_PUT,-779.5821533203125,-742.5,False,False,False
2150,2026-07-07,BEAR_CALL_BNF_58900_59900_W1000,secondary,BNF,BEAR_CALL,128.9493865966797,1419.0,True,False,True
2150,2026-07-07,BEAR_CALL_BNF_58900_59700_W800,secondary,BNF,BEAR_CALL,116.70689392089844,1161.0,False,False,False
2150,2026-07-07,BEAR_CALL_BNF_58900_59500_W600,secondary,BNF,BEAR_CALL,100.42504119873047,885.0,False,False,False
2150,2026-07-07,BEAR_CALL_BNF_58900_59400_W500,secondary,BNF,BEAR_CALL,95.61077117919922,697.5,False,False,False
2150,2026-07-07,BEAR_CALL_BNF_58900_59300_W400,primary,BNF,BEAR_CALL,23.842731475830078,537.0,False,True,False
2150,2026-07-07,BULL_PUT_BNF_58000_57600_W400,secondary,BNF,BULL_PUT,-219.15586853027344,-376.5,False,False,False
2150,2026-07-07,__NO_TRADE__,synthetic_no_trade,BNF,NO_TRADE,-243.3471221923828,0.0,False,False,False
2150,2026-07-07,BULL_PUT_BNF_57900_57500_W400,secondary,BNF,BULL_PUT,-290.3022766113281,-406.5,False,False,False
2150,2026-07-07,BULL_PUT_BNF_58000_57500_W500,secondary,BNF,BULL_PUT,-310.9161071777344,-448.5,False,False,False
2150,2026-07-07,BULL_PUT_BNF_58000_57400_W600,secondary,BNF,BULL_PUT,-401.07659912109375,-514.5,False,False,False
2150,2026-07-07,BULL_PUT_BNF_57900_57400_W500,secondary,BNF,BULL_PUT,-432.7089538574219,-472.5,False,False,False
2150,2026-07-07,BULL_PUT_BNF_57900_57300_W600,secondary,BNF,BULL_PUT,-446.3023681640625,-615.0,False,False,False
2150,2026-07-07,BULL_PUT_BNF_58000_57200_W800,secondary,BNF,BULL_PUT,-504.23016357421875,-709.5,False,False,False
2150,2026-07-07,BULL_PUT_BNF_57900_57100_W800,secondary,BNF,BULL_PUT,-587.828125,-676.5,False,False,False
2150,2026-07-07,BULL_PUT_BNF_57900_56900_W1000,secondary,BNF,BULL_PUT,-716.516357421875,-750.0,False,False,False
2150,2026-07-07,BULL_PUT_BNF_58000_57000_W1000,secondary,BNF,BULL_PUT,-747.7138671875,-780.0,False,False,False
2151,2026-07-07,BEAR_CALL_BNF_58900_59900_W1000,secondary,BNF,BEAR_CALL,101.5904769897461,1498.5,True,False,True
2151,2026-07-07,BEAR_CALL_BNF_58900_59700_W800,secondary,BNF,BEAR_CALL,94.35682678222656,1230.0,False,False,False
2151,2026-07-07,BEAR_CALL_BNF_58900_59500_W600,secondary,BNF,BEAR_CALL,77.1143798828125,931.5,False,False,False
2151,2026-07-07,BEAR_CALL_BNF_58900_59400_W500,secondary,BNF,BEAR_CALL,69.274658203125,741.0,False,False,False
2151,2026-07-07,BEAR_CALL_BNF_58900_59300_W400,primary,BNF,BEAR_CALL,12.938322067260742,564.0,False,True,False
2151,2026-07-07,BULL_PUT_BNF_58000_57600_W400,secondary,BNF,BULL_PUT,-232.1214599609375,-397.5,False,False,False
2151,2026-07-07,__NO_TRADE__,synthetic_no_trade,BNF,NO_TRADE,-243.8265838623047,0.0,False,False,False
2151,2026-07-07,BULL_PUT_BNF_58000_57500_W500,secondary,BNF,BULL_PUT,-322.67974853515625,-472.5,False,False,False
2151,2026-07-07,BULL_PUT_BNF_58000_57400_W600,secondary,BNF,BULL_PUT,-405.81866455078125,-573.0,False,False,False
2151,2026-07-07,BULL_PUT_BNF_58000_57200_W800,secondary,BNF,BULL_PUT,-499.36383056640625,-778.5,False,False,False
2151,2026-07-07,BULL_PUT_BNF_58000_57000_W1000,secondary,BNF,BULL_PUT,-711.3909912109375,-865.5,False,False,False
2152,2026-07-07,BULL_PUT_BNF_58000_57600_W400,primary,BNF,BULL_PUT,-166.92300415039062,-358.5,True,True,False
2152,2026-07-07,__NO_TRADE__,synthetic_no_trade,BNF,NO_TRADE,-184.4633331298828,0.0,False,False,True
2152,2026-07-07,BULL_PUT_BNF_58000_57500_W500,secondary,BNF,BULL_PUT,-285.08203125,-379.5,False,False,False
2152,2026-07-07,BULL_PUT_BNF_57900_57500_W400,secondary,BNF,BULL_PUT,-288.4533386230469,-343.5,False,False,False
2152,2026-07-07,BULL_PUT_BNF_58000_57400_W600,secondary,BNF,BULL_PUT,-383.02923583984375,-513.0,False,False,False
2152,2026-07-07,BULL_PUT_BNF_57900_57400_W500,secondary,BNF,BULL_PUT,-454.8907165527344,-477.0,False,False,False
2152,2026-07-07,BULL_PUT_BNF_57900_57300_W600,secondary,BNF,BULL_PUT,-462.9762268066406,-607.5,False,False,False
2152,2026-07-07,BULL_PUT_BNF_58000_57200_W800,secondary,BNF,BULL_PUT,-481.36016845703125,-694.5,False,False,False
2152,2026-07-07,BULL_PUT_BNF_57900_57100_W800,secondary,BNF,BULL_PUT,-621.6502075195312,-688.5,False,False,False
2152,2026-07-07,BULL_PUT_BNF_58000_57000_W1000,secondary,BNF,BULL_PUT,-702.0426635742188,-760.5,False,False,False
2152,2026-07-07,BULL_PUT_BNF_57900_56900_W1000,secondary,BNF,BULL_PUT,-792.1859130859375,-796.5,False,False,False
2153,2026-07-07,BEAR_CALL_BNF_58900_59900_W1000,secondary,BNF,BEAR_CALL,117.60403442382812,1521.0,True,False,True
2153,2026-07-07,BEAR_CALL_BNF_58900_59700_W800,secondary,BNF,BEAR_CALL,110.78470611572266,1240.5,False,False,False
2153,2026-07-07,BEAR_CALL_BNF_58900_59500_W600,secondary,BNF,BEAR_CALL,93.69448852539062,957.0,False,False,False
2153,2026-07-07,BEAR_CALL_BNF_58900_59400_W500,secondary,BNF,BEAR_CALL,86.1915054321289,756.0,False,False,False
2153,2026-07-07,BEAR_CALL_BNF_58900_59300_W400,primary,BNF,BEAR_CALL,20.75393295288086,555.0,False,True,False
2153,2026-07-07,BULL_PUT_BNF_58000_57600_W400,secondary,BNF,BULL_PUT,-234.51295471191406,-474.0,False,False,False
2153,2026-07-07,__NO_TRADE__,synthetic_no_trade,BNF,NO_TRADE,-243.4590301513672,0.0,False,False,False
2153,2026-07-07,BULL_PUT_BNF_58000_57500_W500,secondary,BNF,BULL_PUT,-326.22125244140625,-487.5,False,False,False
2153,2026-07-07,BULL_PUT_BNF_58000_57400_W600,secondary,BNF,BULL_PUT,-420.8137512207031,-633.0,False,False,False
2153,2026-07-07,BULL_PUT_BNF_58000_57200_W800,secondary,BNF,BULL_PUT,-527.8125610351562,-828.0,False,False,False
2153,2026-07-07,BULL_PUT_BNF_58000_57000_W1000,secondary,BNF,BULL_PUT,-793.8867797851562,-955.5,False,False,False
2154,2026-07-07,BULL_PUT_BNF_58000_57600_W400,primary,BNF,BULL_PUT,-165.84225463867188,-346.5,True,True,False
2154,2026-07-07,__NO_TRADE__,synthetic_no_trade,BNF,NO_TRADE,-184.81948852539062,0.0,False,False,True
2154,2026-07-07,BULL_PUT_BNF_58000_57500_W500,secondary,BNF,BULL_PUT,-282.89599609375,-385.5,False,False,False
2154,2026-07-07,BULL_PUT_BNF_57900_57500_W400,secondary,BNF,BULL_PUT,-292.65716552734375,-379.5,False,False,False
2154,2026-07-07,BULL_PUT_BNF_58000_57400_W600,secondary,BNF,BULL_PUT,-376.01361083984375,-507.0,False,False,False
2154,2026-07-07,BULL_PUT_BNF_57900_57400_W500,secondary,BNF,BULL_PUT,-456.740966796875,-501.0,False,False,False
2154,2026-07-07,BULL_PUT_BNF_57900_57300_W600,secondary,BNF,BULL_PUT,-463.0898132324219,-595.5,False,False,False
2154,2026-07-07,BULL_PUT_BNF_58000_57200_W800,secondary,BNF,BULL_PUT,-468.0892028808594,-672.0,False,False,False
2154,2026-07-07,BULL_PUT_BNF_57900_57100_W800,secondary,BNF,BULL_PUT,-618.306884765625,-672.0,False,False,False
2154,2026-07-07,BULL_PUT_BNF_58000_57000_W1000,secondary,BNF,BULL_PUT,-674.7140502929688,-729.0,False,False,False
2154,2026-07-07,BULL_PUT_BNF_57900_56900_W1000,secondary,BNF,BULL_PUT,-794.54052734375,-772.5,False,False,False
2155,2026-07-07,BULL_PUT_BNF_58000_57600_W400,primary,BNF,BULL_PUT,-163.513427734375,-283.5,True,True,False
2155,2026-07-07,__NO_TRADE__,synthetic_no_trade,BNF,NO_TRADE,-185.51400756835938,0.0,False,False,True
2155,2026-07-07,BULL_PUT_BNF_58000_57500_W500,secondary,BNF,BULL_PUT,-264.4734802246094,-306.0,False,False,False
2155,2026-07-07,BULL_PUT_BNF_57900_57500_W400,secondary,BNF,BULL_PUT,-272.5028381347656,-306.0,False,False,False
2155,2026-07-07,BULL_PUT_BNF_58000_57400_W600,secondary,BNF,BULL_PUT,-353.475830078125,-466.5,False,False,False
2155,2026-07-07,BULL_PUT_BNF_58000_57200_W800,secondary,BNF,BULL_PUT,-426.24029541015625,-574.5,False,False,False
2155,2026-07-07,BULL_PUT_BNF_57900_57400_W500,secondary,BNF,BULL_PUT,-434.5804138183594,-466.5,False,False,False
2155,2026-07-07,BULL_PUT_BNF_57900_57300_W600,secondary,BNF,BULL_PUT,-438.50299072265625,-543.0,False,False,False
2155,2026-07-07,BULL_PUT_BNF_57900_57100_W800,secondary,BNF,BULL_PUT,-558.255615234375,-603.0,False,False,False
2155,2026-07-07,BULL_PUT_BNF_58000_57000_W1000,secondary,BNF,BULL_PUT,-598.4234008789062,-618.0,False,False,False
2155,2026-07-07,BULL_PUT_BNF_57900_56900_W1000,secondary,BNF,BULL_PUT,-698.436767578125,-678.0,False,False,False
2156,2026-07-07,BULL_PUT_BNF_58000_57600_W400,primary,BNF,BULL_PUT,-162.92648315429688,-289.5,True,True,False
2156,2026-07-07,__NO_TRADE__,synthetic_no_trade,BNF,NO_TRADE,-185.85951232910156,0.0,False,False,True
2156,2026-07-07,BULL_PUT_BNF_58000_57500_W500,secondary,BNF,BULL_PUT,-263.7790222167969,-321.0,False,False,False
2156,2026-07-07,BULL_PUT_BNF_57900_57500_W400,secondary,BNF,BULL_PUT,-264.3804626464844,-309.0,False,False,False
2156,2026-07-07,BULL_PUT_BNF_58000_57400_W600,secondary,BNF,BULL_PUT,-342.6791687011719,-438.0,False,False,False
2156,2026-07-07,BULL_PUT_BNF_57900_57400_W500,secondary,BNF,BULL_PUT,-410.9071960449219,-426.0,False,False,False
2156,2026-07-07,BULL_PUT_BNF_58000_57200_W800,secondary,BNF,BULL_PUT,-416.89239501953125,-571.5,False,False,False
2156,2026-07-07,BULL_PUT_BNF_57900_57300_W600,secondary,BNF,BULL_PUT,-417.5578918457031,-511.5,False,False,False
2156,2026-07-07,BULL_PUT_BNF_57900_57100_W800,secondary,BNF,BULL_PUT,-518.0167846679688,-567.0,False,False,False
2156,2026-07-07,BULL_PUT_BNF_58000_57000_W1000,secondary,BNF,BULL_PUT,-583.0972900390625,-619.5,False,False,False
2156,2026-07-07,BULL_PUT_BNF_57900_56900_W1000,secondary,BNF,BULL_PUT,-633.4031982421875,-634.5,False,False,False
2157,2026-07-07,BEAR_CALL_BNF_58900_59900_W1000,secondary,BNF,BEAR_CALL,95.64772033691406,1444.5,True,False,True
2157,2026-07-07,BEAR_CALL_BNF_58900_59700_W800,secondary,BNF,BEAR_CALL,87.34727478027344,1185.0,False,False,False
2157,2026-07-07,BEAR_CALL_BNF_58900_59500_W600,secondary,BNF,BEAR_CALL,70.5968017578125,907.5,False,False,False
2157,2026-07-07,BEAR_CALL_BNF_58900_59400_W500,secondary,BNF,BEAR_CALL,61.92421340942383,714.0,False,False,False
2157,2026-07-07,BEAR_CALL_BNF_58900_59300_W400,primary,BNF,BEAR_CALL,9.906198501586914,555.0,False,True,False
2157,2026-07-07,BULL_PUT_BNF_58000_57600_W400,secondary,BNF,BULL_PUT,-231.49539184570312,-403.5,False,False,False
2157,2026-07-07,__NO_TRADE__,synthetic_no_trade,BNF,NO_TRADE,-243.9549560546875,0.0,False,False,False
2157,2026-07-07,BULL_PUT_BNF_58000_57500_W500,secondary,BNF,BULL_PUT,-313.8833923339844,-454.5,False,False,False
2157,2026-07-07,BULL_PUT_BNF_58000_57400_W600,secondary,BNF,BULL_PUT,-398.4619445800781,-574.5,False,False,False
2157,2026-07-07,BULL_PUT_BNF_58000_57200_W800,secondary,BNF,BULL_PUT,-485.1661682128906,-762.0,False,False,False
2157,2026-07-07,BULL_PUT_BNF_58000_57000_W1000,secondary,BNF,BULL_PUT,-681.5953979492188,-856.5,False,False,False
2158,2026-07-07,BEAR_CALL_BNF_58900_59900_W1000,secondary,BNF,BEAR_CALL,95.31391906738281,1444.5,True,False,True
2158,2026-07-07,BEAR_CALL_BNF_58900_59700_W800,secondary,BNF,BEAR_CALL,86.91468811035156,1182.0,False,False,False
2158,2026-07-07,BEAR_CALL_BNF_58900_59500_W600,secondary,BNF,BEAR_CALL,70.00529479980469,898.5,False,False,False
2158,2026-07-07,BEAR_CALL_BNF_58900_59400_W500,secondary,BNF,BEAR_CALL,61.49256896972656,706.5,False,False,False
2158,2026-07-07,BEAR_CALL_BNF_58900_59300_W400,primary,BNF,BEAR_CALL,9.425567626953125,546.0,False,True,False
2158,2026-07-07,BULL_PUT_BNF_58000_57600_W400,secondary,BNF,BULL_PUT,-230.55282592773438,-400.5,False,False,False
2158,2026-07-07,__NO_TRADE__,synthetic_no_trade,BNF,NO_TRADE,-243.95448303222656,0.0,False,False,False
2158,2026-07-07,BULL_PUT_BNF_58000_57500_W500,secondary,BNF,BULL_PUT,-311.396240234375,-450.0,False,False,False
2158,2026-07-07,BULL_PUT_BNF_58000_57400_W600,secondary,BNF,BULL_PUT,-398.448974609375,-586.5,False,False,False
2158,2026-07-07,BULL_PUT_BNF_58000_57200_W800,secondary,BNF,BULL_PUT,-479.8210754394531,-750.0,False,False,False
2158,2026-07-07,BULL_PUT_BNF_58000_57000_W1000,secondary,BNF,BULL_PUT,-669.3114624023438,-834.0,False,False,False
2159,2026-07-07,BULL_PUT_BNF_57900_57500_W400,primary,BNF,BULL_PUT,-176.68603515625,-313.5,True,True,False
2159,2026-07-07,__NO_TRADE__,synthetic_no_trade,BNF,NO_TRADE,-180.68624877929688,0.0,False,False,True
2159,2026-07-07,BULL_PUT_BNF_58000_57600_W400,secondary,BNF,BULL_PUT,-205.45501708984375,-358.5,False,False,False
2159,2026-07-07,BULL_PUT_BNF_58000_57500_W500,secondary,BNF,BULL_PUT,-277.243896484375,-358.5,False,False,False
2159,2026-07-07,BULL_PUT_BNF_58000_57400_W600,secondary,BNF,BULL_PUT,-364.3299560546875,-465.0,False,False,False
2159,2026-07-07,BULL_PUT_BNF_57900_57400_W500,secondary,BNF,BULL_PUT,-423.7601318359375,-420.0,False,False,False
2159,2026-07-07,BULL_PUT_BNF_57900_57300_W600,secondary,BNF,BULL_PUT,-435.380126953125,-520.5,False,False,False
2159,2026-07-07,BULL_PUT_BNF_58000_57200_W800,secondary,BNF,BULL_PUT,-449.8351745605469,-624.0,False,False,False
2159,2026-07-07,BULL_PUT_BNF_57900_57100_W800,secondary,BNF,BULL_PUT,-555.7789306640625,-607.5,False,False,False
2159,2026-07-07,BULL_PUT_BNF_58000_57000_W1000,secondary,BNF,BULL_PUT,-649.110595703125,-690.0,False,False,False
2159,2026-07-07,BULL_PUT_BNF_57900_56900_W1000,secondary,BNF,BULL_PUT,-687.2092895507812,-684.0,False,False,False
2160,2026-07-07,BEAR_CALL_BNF_58900_59900_W1000,secondary,BNF,BEAR_CALL,111.08686065673828,1299.0,True,False,True
2160,2026-07-07,BEAR_CALL_BNF_58900_59700_W800,secondary,BNF,BEAR_CALL,92.36868286132812,1054.5,False,False,False
2160,2026-07-07,BEAR_CALL_BNF_58900_59500_W600,secondary,BNF,BEAR_CALL,79.09754943847656,820.5,False,False,False
2160,2026-07-07,BEAR_CALL_BNF_58900_59400_W500,secondary,BNF,BEAR_CALL,74.33056640625,643.5,False,False,False
2160,2026-07-07,BEAR_CALL_BNF_58900_59300_W400,primary,BNF,BEAR_CALL,12.92581558227539,466.5,False,True,False
2160,2026-07-07,BULL_PUT_BNF_58000_57600_W400,secondary,BNF,BULL_PUT,-218.07196044921875,-369.0,False,False,False
2160,2026-07-07,__NO_TRADE__,synthetic_no_trade,BNF,NO_TRADE,-243.83279418945312,0.0,False,False,False
2160,2026-07-07,BULL_PUT_BNF_58000_57500_W500,secondary,BNF,BULL_PUT,-292.9951171875,-387.0,False,False,False
2160,2026-07-07,BULL_PUT_BNF_58000_57400_W600,secondary,BNF,BULL_PUT,-385.8127136230469,-519.0,False,False,False
2160,2026-07-07,BULL_PUT_BNF_58000_57200_W800,secondary,BNF,BULL_PUT,-465.13201904296875,-666.0,False,False,False
2160,2026-07-07,BULL_PUT_BNF_58000_57000_W1000,secondary,BNF,BULL_PUT,-667.6629638671875,-736.5,False,False,False
2161,2026-07-07,BEAR_CALL_BNF_58900_59900_W1000,secondary,BNF,BEAR_CALL,112.71891021728516,1341.0,True,False,True
2161,2026-07-07,BEAR_CALL_BNF_58900_59700_W800,secondary,BNF,BEAR_CALL,103.18769836425781,1072.5,False,False,False
2161,2026-07-07,BEAR_CALL_BNF_58900_59500_W600,secondary,BNF,BEAR_CALL,85.44828796386719,832.5,False,False,False
2161,2026-07-07,BEAR_CALL_BNF_58900_59400_W500,secondary,BNF,BEAR_CALL,74.70771789550781,657.0,False,False,False
2161,2026-07-07,BEAR_CALL_BNF_58900_59300_W400,primary,BNF,BEAR_CALL,19.495532989501953,502.5,False,True,False
2161,2026-07-07,BULL_PUT_BNF_58000_57600_W400,secondary,BNF,BULL_PUT,-242.5905303955078,-403.5,False,False,False
2161,2026-07-07,__NO_TRADE__,synthetic_no_trade,BNF,NO_TRADE,-243.34014892578125,0.0,False,False,False
2161,2026-07-07,BULL_PUT_BNF_58000_57500_W500,secondary,BNF,BULL_PUT,-321.36090087890625,-429.0,False,False,False
2161,2026-07-07,BULL_PUT_BNF_58000_57400_W600,secondary,BNF,BULL_PUT,-425.01458740234375,-573.0,False,False,False
2161,2026-07-07,BULL_PUT_BNF_58000_57200_W800,secondary,BNF,BULL_PUT,-518.6502685546875,-747.0,False,False,False
2161,2026-07-07,BULL_PUT_BNF_58000_57000_W1000,secondary,BNF,BULL_PUT,-735.5977172851562,-841.5,False,False,False
2162,2026-07-07,BEAR_CALL_BNF_58900_59900_W1000,secondary,BNF,BEAR_CALL,121.73202514648438,1353.0,True,False,True
2162,2026-07-07,BEAR_CALL_BNF_58900_59700_W800,secondary,BNF,BEAR_CALL,113.48162078857422,1092.0,False,False,False
2162,2026-07-07,BEAR_CALL_BNF_58900_59500_W600,secondary,BNF,BEAR_CALL,95.79339599609375,861.0,False,False,False
2162,2026-07-07,BEAR_CALL_BNF_58900_59400_W500,secondary,BNF,BEAR_CALL,83.52711486816406,657.0,False,False,False
2162,2026-07-07,BEAR_CALL_BNF_58900_59300_W400,primary,BNF,BEAR_CALL,24.507869720458984,496.5,False,True,False
2162,2026-07-07,__NO_TRADE__,synthetic_no_trade,BNF,NO_TRADE,-243.1182861328125,0.0,False,False,False
2162,2026-07-07,BULL_PUT_BNF_58000_57600_W400,secondary,BNF,BULL_PUT,-246.21109008789062,-369.0,False,False,False
2162,2026-07-07,BULL_PUT_BNF_58000_57500_W500,secondary,BNF,BULL_PUT,-333.0744323730469,-435.0,False,False,False
2162,2026-07-07,BULL_PUT_BNF_58000_57400_W600,secondary,BNF,BULL_PUT,-441.2596435546875,-562.5,False,False,False
2162,2026-07-07,BULL_PUT_BNF_58000_57200_W800,secondary,BNF,BULL_PUT,-537.2110595703125,-729.0,False,False,False
2162,2026-07-07,BULL_PUT_BNF_58000_57000_W1000,secondary,BNF,BULL_PUT,-777.020751953125,-835.5,False,False,False
2163,2026-07-07,BEAR_CALL_BNF_58900_59900_W1000,secondary,BNF,BEAR_CALL,121.39378356933594,1449.0,True,False,True
2163,2026-07-07,BEAR_CALL_BNF_58900_59700_W800,secondary,BNF,BEAR_CALL,118.90045166015625,1173.0,False,False,False
2163,2026-07-07,BEAR_CALL_BNF_58900_59500_W600,secondary,BNF,BEAR_CALL,98.7952880859375,921.0,False,False,False
2163,2026-07-07,BEAR_CALL_BNF_58900_59400_W500,secondary,BNF,BEAR_CALL,84.91056823730469,718.5,False,False,False
2163,2026-07-07,BEAR_CALL_BNF_58900_59300_W400,primary,BNF,BEAR_CALL,26.135486602783203,552.0,False,True,False
2163,2026-07-07,__NO_TRADE__,synthetic_no_trade,BNF,NO_TRADE,-243.0181427001953,0.0,False,False,False
2163,2026-07-07,BULL_PUT_BNF_58000_57600_W400,secondary,BNF,BULL_PUT,-252.1876678466797,-441.0,False,False,False
2163,2026-07-07,BULL_PUT_BNF_58000_57500_W500,secondary,BNF,BULL_PUT,-352.1410217285156,-505.5,False,False,False
2163,2026-07-07,BULL_PUT_BNF_58000_57400_W600,secondary,BNF,BULL_PUT,-447.0457763671875,-633.0,False,False,False
2163,2026-07-07,BULL_PUT_BNF_58000_57200_W800,secondary,BNF,BULL_PUT,-557.4995727539062,-822.0,False,False,False
2163,2026-07-07,BULL_PUT_BNF_58000_57000_W1000,secondary,BNF,BULL_PUT,-796.9539184570312,-934.5,False,False,False
2164,2026-07-07,BEAR_CALL_BNF_58900_59900_W1000,secondary,BNF,BEAR_CALL,99.97203063964844,1543.5,True,False,True
2164,2026-07-07,BEAR_CALL_BNF_58900_59700_W800,secondary,BNF,BEAR_CALL,99.03947448730469,1260.0,False,False,False
2164,2026-07-07,BEAR_CALL_BNF_58900_59500_W600,secondary,BNF,BEAR_CALL,79.11697387695312,970.5,False,False,False
2164,2026-07-07,BEAR_CALL_BNF_58900_59400_W500,secondary,BNF,BEAR_CALL,67.50067901611328,780.0,False,False,False
2164,2026-07-07,BEAR_CALL_BNF_58900_59300_W400,primary,BNF,BEAR_CALL,14.450769424438477,594.0,False,True,False
2164,2026-07-07,BULL_PUT_BNF_58000_57600_W400,secondary,BNF,BULL_PUT,-237.10528564453125,-442.5,False,False,False
2164,2026-07-07,__NO_TRADE__,synthetic_no_trade,BNF,NO_TRADE,-243.58021545410156,0.0,False,False,False
2164,2026-07-07,BULL_PUT_BNF_58000_57500_W500,secondary,BNF,BULL_PUT,-331.3360290527344,-514.5,False,False,False
2164,2026-07-07,BULL_PUT_BNF_58000_57400_W600,secondary,BNF,BULL_PUT,-408.404541015625,-649.5,False,False,False
2164,2026-07-07,BULL_PUT_BNF_58000_57200_W800,secondary,BNF,BULL_PUT,-503.0389099121094,-826.5,False,False,False
2164,2026-07-07,BULL_PUT_BNF_58000_57000_W1000,secondary,BNF,BULL_PUT,-714.1761474609375,-984.0,False,False,False
2165,2026-07-07,BEAR_CALL_BNF_58900_59900_W1000,secondary,BNF,BEAR_CALL,107.80335235595703,1464.0,True,False,True
2165,2026-07-07,BEAR_CALL_BNF_58900_59700_W800,secondary,BNF,BEAR_CALL,102.41253662109375,1173.0,False,False,False
2165,2026-07-07,BEAR_CALL_BNF_58900_59500_W600,secondary,BNF,BEAR_CALL,84.67879486083984,927.0,False,False,False
2165,2026-07-07,BEAR_CALL_BNF_58900_59400_W500,secondary,BNF,BEAR_CALL,72.95098114013672,714.0,False,False,False
2165,2026-07-07,BEAR_CALL_BNF_58900_59300_W400,primary,BNF,BEAR_CALL,17.86686897277832,555.0,False,True,False
2165,2026-07-07,BULL_PUT_BNF_58000_57600_W400,secondary,BNF,BULL_PUT,-242.0180206298828,-430.5,False,False,False
2165,2026-07-07,__NO_TRADE__,synthetic_no_trade,BNF,NO_TRADE,-243.45594787597656,0.0,False,False,False
2165,2026-07-07,BULL_PUT_BNF_58000_57500_W500,secondary,BNF,BULL_PUT,-321.65350341796875,-445.5,False,False,False
2165,2026-07-07,BULL_PUT_BNF_58000_57400_W600,secondary,BNF,BULL_PUT,-423.1731262207031,-609.0,False,False,False
2165,2026-07-07,BULL_PUT_BNF_58000_57200_W800,secondary,BNF,BULL_PUT,-525.426025390625,-813.0,False,False,False
2165,2026-07-07,BULL_PUT_BNF_58000_57000_W1000,secondary,BNF,BULL_PUT,-753.4453125,-936.0,False,False,False
2166,2026-07-07,BULL_PUT_BNF_58000_57600_W400,primary,BNF,BULL_PUT,-171.50929260253906,-511.5,True,True,False
2166,2026-07-07,__NO_TRADE__,synthetic_no_trade,BNF,NO_TRADE,-183.260986328125,0.0,False,False,True
2166,2026-07-07,BULL_PUT_BNF_58000_57500_W500,secondary,BNF,BULL_PUT,-339.3212890625,-573.0,False,False,False
2166,2026-07-07,BULL_PUT_BNF_58000_57400_W600,secondary,BNF,BULL_PUT,-399.1607666015625,-748.5,False,False,False
2166,2026-07-07,BULL_PUT_BNF_58000_57200_W800,secondary,BNF,BULL_PUT,-516.5105590820312,-985.5,False,False,False
2166,2026-07-07,BULL_PUT_BNF_58000_57000_W1000,secondary,BNF,BULL_PUT,-699.9537353515625,-1123.5,False,False,False
2167,2026-07-07,BULL_PUT_BNF_58000_57600_W400,primary,BNF,BULL_PUT,-171.4974365234375,-508.5,True,True,False
2167,2026-07-07,__NO_TRADE__,synthetic_no_trade,BNF,NO_TRADE,-183.2622528076172,0.0,False,False,True
2167,2026-07-07,BULL_PUT_BNF_58000_57500_W500,secondary,BNF,BULL_PUT,-343.89959716796875,-583.5,False,False,False
2167,2026-07-07,BULL_PUT_BNF_58000_57400_W600,secondary,BNF,BULL_PUT,-399.2606201171875,-720.0,False,False,False
2167,2026-07-07,BULL_PUT_BNF_58000_57200_W800,secondary,BNF,BULL_PUT,-508.212646484375,-943.5,False,False,False
2167,2026-07-07,BULL_PUT_BNF_58000_57000_W1000,secondary,BNF,BULL_PUT,-695.356201171875,-1102.5,False,False,False
2168,2026-07-07,BULL_PUT_BNF_58000_57600_W400,primary,BNF,BULL_PUT,-169.53831481933594,-444.0,True,True,False
2168,2026-07-07,__NO_TRADE__,synthetic_no_trade,BNF,NO_TRADE,-183.60525512695312,0.0,False,False,True
2168,2026-07-07,BULL_PUT_BNF_58000_57500_W500,secondary,BNF,BULL_PUT,-329.46923828125,-511.5,False,False,False
2168,2026-07-07,BULL_PUT_BNF_58000_57400_W600,secondary,BNF,BULL_PUT,-407.5546569824219,-648.0,False,False,False
2168,2026-07-07,BULL_PUT_BNF_58000_57200_W800,secondary,BNF,BULL_PUT,-509.3526611328125,-859.5,False,False,False
2168,2026-07-07,BULL_PUT_BNF_58000_57000_W1000,secondary,BNF,BULL_PUT,-701.7220458984375,-982.5,False,False,False
2169,2026-07-07,BULL_PUT_BNF_58000_57600_W400,primary,BNF,BULL_PUT,-169.03579711914062,-478.5,True,True,False
2169,2026-07-07,__NO_TRADE__,synthetic_no_trade,BNF,NO_TRADE,-183.92996215820312,0.0,False,False,True
2169,2026-07-07,BULL_PUT_BNF_58000_57500_W500,secondary,BNF,BULL_PUT,-336.16607666015625,-552.0,False,False,False
2169,2026-07-07,BULL_PUT_BNF_58000_57400_W600,secondary,BNF,BULL_PUT,-399.8927001953125,-696.0,False,False,False
2169,2026-07-07,BULL_PUT_BNF_58000_57200_W800,secondary,BNF,BULL_PUT,-504.5959167480469,-910.5,False,False,False
2169,2026-07-07,BULL_PUT_BNF_58000_57000_W1000,secondary,BNF,BULL_PUT,-692.2073364257812,-1047.0,False,False,False
2170,2026-07-07,BEAR_CALL_BNF_58900_59900_W1000,secondary,BNF,BEAR_CALL,107.50627136230469,1296.0,True,False,True
2170,2026-07-07,BEAR_CALL_BNF_58900_59700_W800,secondary,BNF,BEAR_CALL,88.56834411621094,1060.5,False,False,False
2170,2026-07-07,BEAR_CALL_BNF_58900_59500_W600,secondary,BNF,BEAR_CALL,75.48151397705078,823.5,False,False,False
2170,2026-07-07,BEAR_CALL_BNF_58900_59400_W500,secondary,BNF,BEAR_CALL,71.02335357666016,649.5,False,False,False
2170,2026-07-07,BEAR_CALL_BNF_58900_59300_W400,primary,BNF,BEAR_CALL,11.368724822998047,499.5,False,True,False
2170,2026-07-07,BULL_PUT_BNF_58000_57600_W400,secondary,BNF,BULL_PUT,-218.93643188476562,-403.5,False,False,False
2170,2026-07-07,BULL_PUT_BNF_57900_57500_W400,secondary,BNF,BULL_PUT,-236.3921661376953,-406.5,False,False,False
2170,2026-07-07,__NO_TRADE__,synthetic_no_trade,BNF,NO_TRADE,-243.96531677246094,0.0,False,False,False
2170,2026-07-07,BULL_PUT_BNF_58000_57500_W500,secondary,BNF,BULL_PUT,-299.8509521484375,-436.5,False,False,False
2170,2026-07-07,BULL_PUT_BNF_57900_57400_W500,secondary,BNF,BULL_PUT,-344.93609619140625,-543.0,False,False,False
2170,2026-07-07,BULL_PUT_BNF_57900_57300_W600,secondary,BNF,BULL_PUT,-356.2760925292969,-669.0,False,False,False
2170,2026-07-07,BULL_PUT_BNF_58000_57400_W600,secondary,BNF,BULL_PUT,-389.46368408203125,-573.0,False,False,False
2170,2026-07-07,BULL_PUT_BNF_57900_57100_W800,secondary,BNF,BULL_PUT,-470.14794921875,-760.5,False,False,False
2170,2026-07-07,BULL_PUT_BNF_58000_57200_W800,secondary,BNF,BULL_PUT,-473.33538818359375,-736.5,False,False,False
2170,2026-07-07,BULL_PUT_BNF_57900_56900_W1000,secondary,BNF,BULL_PUT,-552.4993896484375,-879.0,False,False,False
2170,2026-07-07,BULL_PUT_BNF_58000_57000_W1000,secondary,BNF,BULL_PUT,-691.36181640625,-843.0,False,False,False
2171,2026-07-07,BULL_PUT_BNF_57900_57500_W400,primary,BNF,BULL_PUT,-177.7146453857422,-340.5,True,True,False
2171,2026-07-07,__NO_TRADE__,synthetic_no_trade,BNF,NO_TRADE,-180.74258422851562,0.0,False,False,True
2171,2026-07-07,BULL_PUT_BNF_58000_57600_W400,secondary,BNF,BULL_PUT,-211.42776489257812,-369.0,False,False,False
2171,2026-07-07,BULL_PUT_BNF_58000_57500_W500,secondary,BNF,BULL_PUT,-287.4588623046875,-364.5,False,False,False
2171,2026-07-07,BULL_PUT_BNF_58000_57400_W600,secondary,BNF,BULL_PUT,-378.6861572265625,-468.0,False,False,False
2171,2026-07-07,BULL_PUT_BNF_57900_57400_W500,secondary,BNF,BULL_PUT,-457.97857666015625,-444.0,False,False,False
2171,2026-07-07,BULL_PUT_BNF_57900_57300_W600,secondary,BNF,BULL_PUT,-470.5984802246094,-553.5,False,False,False
2171,2026-07-07,BULL_PUT_BNF_58000_57200_W800,secondary,BNF,BULL_PUT,-471.3852844238281,-625.5,False,False,False
2171,2026-07-07,BULL_PUT_BNF_57900_57100_W800,secondary,BNF,BULL_PUT,-607.884033203125,-603.0,False,False,False
2171,2026-07-07,BULL_PUT_BNF_58000_57000_W1000,secondary,BNF,BULL_PUT,-672.00537109375,-676.5,False,False,False
2171,2026-07-07,BULL_PUT_BNF_57900_56900_W1000,secondary,BNF,BULL_PUT,-788.935302734375,-693.0,False,False,False
2172,2026-07-07,BULL_PUT_BNF_58000_57600_W400,primary,BNF,BULL_PUT,-168.02813720703125,-367.5,True,True,False
2172,2026-07-07,__NO_TRADE__,synthetic_no_trade,BNF,NO_TRADE,-184.0966796875,0.0,False,False,True
2172,2026-07-07,BULL_PUT_BNF_57900_57500_W400,secondary,BNF,BULL_PUT,-288.1661376953125,-364.5,False,False,False
2172,2026-07-07,BULL_PUT_BNF_58000_57500_W500,secondary,BNF,BULL_PUT,-292.85723876953125,-408.0,False,False,False
2172,2026-07-07,BULL_PUT_BNF_58000_57400_W600,secondary,BNF,BULL_PUT,-389.0704650878906,-526.5,False,False,False
2172,2026-07-07,BULL_PUT_BNF_57900_57400_W500,secondary,BNF,BULL_PUT,-446.3005676269531,-483.0,False,False,False
2172,2026-07-07,BULL_PUT_BNF_57900_57300_W600,secondary,BNF,BULL_PUT,-453.55938720703125,-583.5,False,False,False
2172,2026-07-07,BULL_PUT_BNF_58000_57200_W800,secondary,BNF,BULL_PUT,-480.65679931640625,-681.0,False,False,False
2172,2026-07-07,BULL_PUT_BNF_57900_57100_W800,secondary,BNF,BULL_PUT,-598.7230834960938,-666.0,False,False,False
2172,2026-07-07,BULL_PUT_BNF_58000_57000_W1000,secondary,BNF,BULL_PUT,-709.1173095703125,-757.5,False,False,False
2172,2026-07-07,BULL_PUT_BNF_57900_56900_W1000,secondary,BNF,BULL_PUT,-758.159423828125,-781.5,False,False,False
2173,2026-07-07,BEAR_CALL_BNF_58900_59900_W1000,secondary,BNF,BEAR_CALL,111.37320709228516,1126.5,True,False,True
2173,2026-07-07,BEAR_CALL_BNF_58900_59700_W800,secondary,BNF,BEAR_CALL,86.41604614257812,928.5,False,False,False
2173,2026-07-07,BEAR_CALL_BNF_58900_59500_W600,secondary,BNF,BEAR_CALL,75.06932067871094,729.0,False,False,False
2173,2026-07-07,BEAR_CALL_BNF_58900_59400_W500,secondary,BNF,BEAR_CALL,71.47158813476562,574.5,False,False,False
2173,2026-07-07,BEAR_CALL_BNF_58900_59300_W400,primary,BNF,BEAR_CALL,10.883733749389648,447.0,False,True,False
2173,2026-07-07,BULL_PUT_BNF_58000_57600_W400,secondary,BNF,BULL_PUT,-209.19334411621094,-345.0,False,False,False
2173,2026-07-07,__NO_TRADE__,synthetic_no_trade,BNF,NO_TRADE,-243.96731567382812,0.0,False,False,False
2173,2026-07-07,BULL_PUT_BNF_57900_57500_W400,secondary,BNF,BULL_PUT,-255.8079376220703,-390.0,False,False,False
2173,2026-07-07,BULL_PUT_BNF_58000_57500_W500,secondary,BNF,BULL_PUT,-288.14398193359375,-405.0,False,False,False
2173,2026-07-07,BULL_PUT_BNF_58000_57400_W600,secondary,BNF,BULL_PUT,-377.4569091796875,-535.5,False,False,False
2173,2026-07-07,BULL_PUT_BNF_57900_57400_W500,secondary,BNF,BULL_PUT,-381.59075927734375,-520.5,False,False,False
2173,2026-07-07,BULL_PUT_BNF_57900_57300_W600,secondary,BNF,BULL_PUT,-389.3978271484375,-631.5,False,False,False
2173,2026-07-07,BULL_PUT_BNF_58000_57200_W800,secondary,BNF,BULL_PUT,-457.6551208496094,-687.0,False,False,False
2173,2026-07-07,BULL_PUT_BNF_57900_57100_W800,secondary,BNF,BULL_PUT,-510.78082275390625,-711.0,False,False,False
2173,2026-07-07,BULL_PUT_BNF_57900_56900_W1000,secondary,BNF,BULL_PUT,-612.4805297851562,-814.5,False,False,False
2173,2026-07-07,BULL_PUT_BNF_58000_57000_W1000,secondary,BNF,BULL_PUT,-660.9036865234375,-768.0,False,False,False
2174,2026-07-07,BEAR_CALL_BNF_58800_59800_W1000,secondary,BNF,BEAR_CALL,53.44959259033203,730.5,True,False,True
2174,2026-07-07,BEAR_CALL_BNF_58800_59600_W800,secondary,BNF,BEAR_CALL,31.022016525268555,595.5,False,False,False
2174,2026-07-07,BEAR_CALL_BNF_58800_59400_W600,secondary,BNF,BEAR_CALL,19.825767517089844,460.5,False,False,False
2174,2026-07-07,BEAR_CALL_BNF_58800_59300_W500,secondary,BNF,BEAR_CALL,14.473811149597168,372.0,False,False,False
2174,2026-07-07,BEAR_CALL_BNF_58800_59200_W400,primary,BNF,BEAR_CALL,-3.0208206176757812,276.0,False,True,False
2174,2026-07-07,BULL_PUT_BNF_58000_57600_W400,secondary,BNF,BULL_PUT,-200.001220703125,-220.5,False,False,False
2174,2026-07-07,__NO_TRADE__,synthetic_no_trade,BNF,NO_TRADE,-239.92303466796875,0.0,False,False,False
2174,2026-07-07,BULL_PUT_BNF_58000_57500_W500,secondary,BNF,BULL_PUT,-268.4616394042969,-208.5,False,False,False
2174,2026-07-07,BULL_PUT_BNF_58000_57400_W600,secondary,BNF,BULL_PUT,-332.4833984375,-310.5,False,False,False
2174,2026-07-07,BULL_PUT_BNF_58000_57200_W800,secondary,BNF,BULL_PUT,-406.1314392089844,-412.5,False,False,False
2174,2026-07-07,BULL_PUT_BNF_58000_57000_W1000,secondary,BNF,BULL_PUT,-553.81787109375,-465.0,False,False,False
2175,2026-07-07,BEAR_CALL_BNF_58800_59800_W1000,secondary,BNF,BEAR_CALL,65.29383087158203,669.0,True,False,True
2175,2026-07-07,BEAR_CALL_BNF_58800_59600_W800,secondary,BNF,BEAR_CALL,39.23438262939453,568.5,False,False,False
2175,2026-07-07,BEAR_CALL_BNF_58800_59400_W600,secondary,BNF,BEAR_CALL,29.328323364257812,421.5,False,False,False
2175,2026-07-07,BEAR_CALL_BNF_58800_59300_W500,secondary,BNF,BEAR_CALL,24.407751083374023,331.5,False,False,False
2175,2026-07-07,BEAR_CALL_BNF_58800_59200_W400,primary,BNF,BEAR_CALL,4.315696716308594,249.0,False,True,False
2175,2026-07-07,BULL_PUT_BNF_58000_57600_W400,secondary,BNF,BULL_PUT,-201.06764221191406,-208.5,False,False,False
2175,2026-07-07,__NO_TRADE__,synthetic_no_trade,BNF,NO_TRADE,-239.53179931640625,0.0,False,False,False
2175,2026-07-07,BULL_PUT_BNF_58000_57500_W500,secondary,BNF,BULL_PUT,-276.0290222167969,-226.5,False,False,False
2175,2026-07-07,BULL_PUT_BNF_58000_57400_W600,secondary,BNF,BULL_PUT,-340.3245544433594,-283.5,False,False,False
2175,2026-07-07,BULL_PUT_BNF_58000_57200_W800,secondary,BNF,BULL_PUT,-423.8030700683594,-391.5,False,False,False
2175,2026-07-07,BULL_PUT_BNF_58000_57000_W1000,secondary,BNF,BULL_PUT,-592.21337890625,-441.0,False,False,False
2176,2026-07-07,BEAR_CALL_BNF_58800_59800_W1000,secondary,BNF,BEAR_CALL,45.38822937011719,685.5,True,False,True
2176,2026-07-07,BEAR_CALL_BNF_58800_59600_W800,secondary,BNF,BEAR_CALL,19.974937438964844,580.5,False,False,False
2176,2026-07-07,BEAR_CALL_BNF_58800_59400_W600,secondary,BNF,BEAR_CALL,11.034034729003906,426.0,False,False,False
2176,2026-07-07,BEAR_CALL_BNF_58800_59300_W500,secondary,BNF,BEAR_CALL,7.356655120849609,334.5,False,False,False
2176,2026-07-07,BEAR_CALL_BNF_58800_59200_W400,primary,BNF,BEAR_CALL,-6.832669258117676,264.0,False,True,False
2176,2026-07-07,BULL_PUT_BNF_58000_57600_W400,secondary,BNF,BULL_PUT,-192.77391052246094,-219.0,False,False,False
2176,2026-07-07,__NO_TRADE__,synthetic_no_trade,BNF,NO_TRADE,-240.25674438476562,0.0,False,False,False
2176,2026-07-07,BULL_PUT_BNF_58000_57500_W500,secondary,BNF,BULL_PUT,-259.6040954589844,-229.5,False,False,False
2176,2026-07-07,BULL_PUT_BNF_58000_57400_W600,secondary,BNF,BULL_PUT,-323.6495361328125,-337.5,False,False,False
2176,2026-07-07,BULL_PUT_BNF_58000_57200_W800,secondary,BNF,BULL_PUT,-393.802734375,-445.5,False,False,False
2176,2026-07-07,BULL_PUT_BNF_58000_57000_W1000,secondary,BNF,BULL_PUT,-521.385498046875,-463.5,False,False,False
2177,2026-07-07,BEAR_CALL_BNF_58800_59800_W1000,secondary,BNF,BEAR_CALL,53.18900680541992,723.0,True,False,True
2177,2026-07-07,BEAR_CALL_BNF_58800_59600_W800,secondary,BNF,BEAR_CALL,30.41482925415039,606.0,False,False,False
2177,2026-07-07,BEAR_CALL_BNF_58800_59400_W600,secondary,BNF,BEAR_CALL,19.59052276611328,457.5,False,False,False
2177,2026-07-07,BEAR_CALL_BNF_58800_59300_W500,secondary,BNF,BEAR_CALL,14.669447898864746,367.5,False,False,False
2177,2026-07-07,BEAR_CALL_BNF_58800_59200_W400,primary,BNF,BEAR_CALL,-2.7133026123046875,264.0,False,True,False
2177,2026-07-07,__NO_TRADE__,synthetic_no_trade,BNF,NO_TRADE,-239.9417724609375,0.0,False,False,False
2178,2026-07-07,BEAR_CALL_BNF_58800_59800_W1000,secondary,BNF,BEAR_CALL,57.27684783935547,630.0,True,False,True
2178,2026-07-07,BEAR_CALL_BNF_58800_59600_W800,secondary,BNF,BEAR_CALL,29.90757179260254,556.5,False,False,False
2178,2026-07-07,BEAR_CALL_BNF_58800_59400_W600,secondary,BNF,BEAR_CALL,20.817365646362305,402.0,False,False,False
2178,2026-07-07,BEAR_CALL_BNF_58800_59300_W500,secondary,BNF,BEAR_CALL,16.307432174682617,307.5,False,False,False
2178,2026-07-07,BEAR_CALL_BNF_58800_59200_W400,primary,BNF,BEAR_CALL,-0.2279033660888672,229.5,False,True,False
2178,2026-07-07,__NO_TRADE__,synthetic_no_trade,BNF,NO_TRADE,-239.81805419921875,0.0,False,False,False
2179,2026-07-07,BEAR_CALL_BNF_58800_59800_W1000,secondary,BNF,BEAR_CALL,69.427734375,766.5,True,False,True
2179,2026-07-07,BEAR_CALL_BNF_58800_59600_W800,secondary,BNF,BEAR_CALL,50.42875671386719,655.5,False,False,False
2179,2026-07-07,BEAR_CALL_BNF_58800_59400_W600,secondary,BNF,BEAR_CALL,36.556190490722656,493.5,False,False,False
2179,2026-07-07,BEAR_CALL_BNF_58800_59300_W500,secondary,BNF,BEAR_CALL,29.571523666381836,396.0,False,False,False
2179,2026-07-07,BEAR_CALL_BNF_58800_59200_W400,primary,BNF,BEAR_CALL,6.142448425292969,306.0,False,True,False
2179,2026-07-07,__NO_TRADE__,synthetic_no_trade,BNF,NO_TRADE,-239.36097717285156,0.0,False,False,False
2180,2026-07-07,BULL_PUT_BNF_57800_57400_W400,primary,BNF,BULL_PUT,-180.20758056640625,-171.0,True,True,False
2180,2026-07-07,__NO_TRADE__,synthetic_no_trade,BNF,NO_TRADE,-180.29196166992188,0.0,False,False,True
2180,2026-07-07,BULL_PUT_BNF_57800_57200_W600,secondary,BNF,BULL_PUT,-472.13616943359375,-234.0,False,False,False
2180,2026-07-07,BULL_PUT_BNF_57800_57300_W500,secondary,BNF,BULL_PUT,-473.6613464355469,-199.5,False,False,False
2180,2026-07-07,BULL_PUT_BNF_57800_57000_W800,secondary,BNF,BULL_PUT,-566.2340698242188,-202.5,False,False,False
2180,2026-07-07,BULL_PUT_BNF_57800_56800_W1000,secondary,BNF,BULL_PUT,-696.5283203125,-244.5,False,False,False
2181,2026-07-07,BEAR_CALL_BNF_58700_59700_W1000,secondary,BNF,BEAR_CALL,-9.596118927001953,349.5,True,False,True
2181,2026-07-07,BEAR_CALL_BNF_58700_59100_W400,primary,BNF,BEAR_CALL,-14.631084442138672,91.5,False,True,False
2181,2026-07-07,BEAR_CALL_BNF_58700_59500_W800,secondary,BNF,BEAR_CALL,-23.007762908935547,250.5,False,False,False
2181,2026-07-07,BEAR_CALL_BNF_58700_59300_W600,secondary,BNF,BEAR_CALL,-27.28818130493164,150.0,False,False,False
2181,2026-07-07,BEAR_CALL_BNF_58700_59200_W500,secondary,BNF,BEAR_CALL,-32.48976516723633,109.5,False,False,False
2181,2026-07-07,__NO_TRADE__,synthetic_no_trade,BNF,NO_TRADE,-234.67752075195312,0.0,False,False,False
2182,2026-07-07,BEAR_CALL_BNF_58700_59100_W400,primary,BNF,BEAR_CALL,-15.503694534301758,21.0,True,True,False
2182,2026-07-07,BEAR_CALL_BNF_58700_59700_W1000,secondary,BNF,BEAR_CALL,-19.49317169189453,114.0,False,False,True
2182,2026-07-07,BEAR_CALL_BNF_58700_59300_W600,secondary,BNF,BEAR_CALL,-38.94826126098633,48.0,False,False,False
2182,2026-07-07,BEAR_CALL_BNF_58700_59200_W500,secondary,BNF,BEAR_CALL,-40.908531188964844,30.0,False,False,False
2182,2026-07-07,BEAR_CALL_BNF_58700_59500_W800,secondary,BNF,BEAR_CALL,-44.07282638549805,106.5,False,False,False
2182,2026-07-07,__NO_TRADE__,synthetic_no_trade,BNF,NO_TRADE,-234.9094696044922,0.0,False,False,False
2183,2026-07-07,BEAR_CALL_BNF_58700_59700_W1000,secondary,BNF,BEAR_CALL,-0.057117462158203125,126.0,True,False,True
2183,2026-07-07,BEAR_CALL_BNF_58700_59100_W400,primary,BNF,BEAR_CALL,-9.465532302856445,0.0,False,True,False
2183,2026-07-07,BEAR_CALL_BNF_58700_59500_W800,secondary,BNF,BEAR_CALL,-23.096904754638672,103.5,False,False,False
2183,2026-07-07,BEAR_CALL_BNF_58700_59300_W600,secondary,BNF,BEAR_CALL,-24.787242889404297,30.0,False,False,False
2183,2026-07-07,BEAR_CALL_BNF_58700_59200_W500,secondary,BNF,BEAR_CALL,-31.026565551757812,3.0,False,False,False
2183,2026-07-07,__NO_TRADE__,synthetic_no_trade,BNF,NO_TRADE,-234.41452026367188,0.0,False,False,False
2184,2026-07-07,__NO_TRADE__,synthetic_no_trade,BNF,NO_TRADE,-178.23980712890625,0.0,True,False,True
2184,2026-07-07,BULL_PUT_BNF_57800_57400_W400,primary,BNF,BULL_PUT,-184.79859924316406,-112.5,False,True,False
2184,2026-07-07,BULL_PUT_BNF_57800_57300_W500,secondary,BNF,BULL_PUT,-505.44097900390625,-133.5,False,False,False
2184,2026-07-07,BULL_PUT_BNF_57800_57200_W600,secondary,BNF,BULL_PUT,-522.5729370117188,-154.5,False,False,False
2184,2026-07-07,BULL_PUT_BNF_57800_57000_W800,secondary,BNF,BULL_PUT,-613.05078125,-136.5,False,False,False
2184,2026-07-07,BULL_PUT_BNF_57800_56800_W1000,secondary,BNF,BULL_PUT,-747.161865234375,-121.5,False,False,False
2185,2026-07-07,__NO_TRADE__,synthetic_no_trade,BNF,NO_TRADE,-177.95167541503906,0.0,True,False,False
2185,2026-07-07,BULL_PUT_BNF_57800_57400_W400,primary,BNF,BULL_PUT,-185.12957763671875,-25.5,False,True,False
2185,2026-07-07,BULL_PUT_BNF_57800_57300_W500,secondary,BNF,BULL_PUT,-503.26116943359375,-48.0,False,False,False
2185,2026-07-07,BULL_PUT_BNF_57800_57200_W600,secondary,BNF,BULL_PUT,-558.3588256835938,-31.5,False,False,False
2185,2026-07-07,BULL_PUT_BNF_57800_57000_W800,secondary,BNF,BULL_PUT,-639.189208984375,-4.5,False,False,False
2185,2026-07-07,BULL_PUT_BNF_57800_56800_W1000,secondary,BNF,BULL_PUT,-825.8302612304688,22.5,False,False,True
2186,2026-07-07,__NO_TRADE__,synthetic_no_trade,BNF,NO_TRADE,-177.138427734375,0.0,True,False,True
2186,2026-07-07,BULL_PUT_BNF_57800_57400_W400,primary,BNF,BULL_PUT,-188.86000061035156,-46.5,False,True,False
2186,2026-07-07,BULL_PUT_BNF_57800_57300_W500,secondary,BNF,BULL_PUT,-531.77294921875,-69.0,False,False,False
2186,2026-07-07,BULL_PUT_BNF_57800_57200_W600,secondary,BNF,BULL_PUT,-589.5470581054688,-79.5,False,False,False
2186,2026-07-07,BULL_PUT_BNF_57800_57000_W800,secondary,BNF,BULL_PUT,-685.6598510742188,-54.0,False,False,False
2186,2026-07-07,BULL_PUT_BNF_57800_56800_W1000,secondary,BNF,BULL_PUT,-880.9437255859375,-22.5,False,False,False
2187,2026-07-07,__NO_TRADE__,synthetic_no_trade,BNF,NO_TRADE,-179.47898864746094,0.0,True,False,True
2187,2026-07-07,BULL_PUT_BNF_57800_57400_W400,primary,BNF,BULL_PUT,-181.77682495117188,-144.0,False,True,False
2187,2026-07-07,BULL_PUT_BNF_57800_57300_W500,secondary,BNF,BULL_PUT,-498.666015625,-178.5,False,False,False
2187,2026-07-07,BULL_PUT_BNF_57800_57200_W600,secondary,BNF,BULL_PUT,-499.98980712890625,-193.5,False,False,False
2187,2026-07-07,BULL_PUT_BNF_57800_57000_W800,secondary,BNF,BULL_PUT,-611.740966796875,-208.5,False,False,False
2187,2026-07-07,BULL_PUT_BNF_57800_56800_W1000,secondary,BNF,BULL_PUT,-765.9202880859375,-252.0,False,False,False
2188,2026-07-07,BULL_PUT_BNF_58000_57600_W400,primary,BNF,BULL_PUT,-161.09689331054688,-58.5,True,True,False
2188,2026-07-07,__NO_TRADE__,synthetic_no_trade,BNF,NO_TRADE,-186.889892578125,0.0,False,False,True
2188,2026-07-07,BULL_PUT_BNF_58000_57500_W500,secondary,BNF,BULL_PUT,-233.01242065429688,-43.5,False,False,False
2188,2026-07-07,BULL_PUT_BNF_58000_57400_W600,secondary,BNF,BULL_PUT,-257.80596923828125,-76.5,False,False,False
2188,2026-07-07,BULL_PUT_BNF_58000_57200_W800,secondary,BNF,BULL_PUT,-318.0341491699219,-111.0,False,False,False
2188,2026-07-07,BULL_PUT_BNF_57800_57400_W400,secondary,BNF,BULL_PUT,-335.3294982910156,-81.0,False,False,False
2188,2026-07-07,BULL_PUT_BNF_58000_57000_W1000,secondary,BNF,BULL_PUT,-419.9464111328125,-94.5,False,False,False
2188,2026-07-07,BULL_PUT_BNF_57800_57300_W500,secondary,BNF,BULL_PUT,-504.1469421386719,-99.0,False,False,False
2188,2026-07-07,BULL_PUT_BNF_57800_57200_W600,secondary,BNF,BULL_PUT,-538.3701171875,-115.5,False,False,False
2188,2026-07-07,BULL_PUT_BNF_57800_57000_W800,secondary,BNF,BULL_PUT,-637.475341796875,-99.0,False,False,False
2188,2026-07-07,BULL_PUT_BNF_57800_56800_W1000,secondary,BNF,BULL_PUT,-813.9391479492188,-84.0,False,False,False
2189,2026-07-07,BEAR_CALL_BNF_58700_59100_W400,primary,BNF,BEAR_CALL,-25.31632423400879,27.0,True,True,False
2189,2026-07-07,BEAR_CALL_BNF_58700_59700_W1000,secondary,BNF,BEAR_CALL,-39.68423843383789,184.5,False,False,True
2189,2026-07-07,BEAR_CALL_BNF_58700_59200_W500,secondary,BNF,BEAR_CALL,-55.29029846191406,40.5,False,False,False
2189,2026-07-07,BEAR_CALL_BNF_58700_59300_W600,secondary,BNF,BEAR_CALL,-55.97584533691406,64.5,False,False,False
2189,2026-07-07,BEAR_CALL_BNF_58700_59500_W800,secondary,BNF,BEAR_CALL,-61.595428466796875,159.0,False,False,False
2189,2026-07-07,BULL_PUT_BNF_58000_57600_W400,secondary,BNF,BULL_PUT,-152.95013427734375,-39.0,False,False,False
2189,2026-07-07,BULL_PUT_BNF_58000_57500_W500,secondary,BNF,BULL_PUT,-208.97315979003906,-18.0,False,False,False
2189,2026-07-07,BULL_PUT_BNF_58000_57400_W600,secondary,BNF,BULL_PUT,-227.26852416992188,-55.5,False,False,False
2189,2026-07-07,__NO_TRADE__,synthetic_no_trade,BNF,NO_TRADE,-235.72178649902344,0.0,False,False,False
2189,2026-07-07,BULL_PUT_BNF_58000_57200_W800,secondary,BNF,BULL_PUT,-274.058837890625,-64.5,False,False,False
2189,2026-07-07,BULL_PUT_BNF_58000_57000_W1000,secondary,BNF,BULL_PUT,-354.7513122558594,-49.5,False,False,False
2190,2026-07-07,BULL_PUT_BNF_58000_57600_W400,primary,BNF,BULL_PUT,-158.82159423828125,-91.5,True,True,False
2190,2026-07-07,__NO_TRADE__,synthetic_no_trade,BNF,NO_TRADE,-188.33502197265625,0.0,False,False,True
2190,2026-07-07,BULL_PUT_BNF_58000_57500_W500,secondary,BNF,BULL_PUT,-225.70120239257812,-91.5,False,False,False
2190,2026-07-07,BULL_PUT_BNF_58000_57400_W600,secondary,BNF,BULL_PUT,-254.86880493164062,-136.5,False,False,False
2190,2026-07-07,BULL_PUT_BNF_58000_57200_W800,secondary,BNF,BULL_PUT,-308.24993896484375,-163.5,False,False,False
2190,2026-07-07,BULL_PUT_BNF_57800_57400_W400,secondary,BNF,BULL_PUT,-321.7451171875,-130.5,False,False,False
2190,2026-07-07,BULL_PUT_BNF_58000_57000_W1000,secondary,BNF,BULL_PUT,-404.695068359375,-183.0,False,False,False
2190,2026-07-07,BULL_PUT_BNF_57800_57300_W500,secondary,BNF,BULL_PUT,-484.82965087890625,-139.5,False,False,False
2190,2026-07-07,BULL_PUT_BNF_57800_57200_W600,secondary,BNF,BULL_PUT,-499.0837707519531,-157.5,False,False,False
2190,2026-07-07,BULL_PUT_BNF_57800_57000_W800,secondary,BNF,BULL_PUT,-612.7884521484375,-177.0,False,False,False
2190,2026-07-07,BULL_PUT_BNF_57800_56800_W1000,secondary,BNF,BULL_PUT,-780.6858520507812,-187.5,False,False,False
2191,2026-07-07,BULL_PUT_BNF_57800_57400_W400,primary,BNF,BULL_PUT,-178.72816467285156,-117.0,True,True,False
2191,2026-07-07,__NO_TRADE__,synthetic_no_trade,BNF,NO_TRADE,-180.73526000976562,0.0,False,False,True
2191,2026-07-07,BULL_PUT_BNF_57800_57300_W500,secondary,BNF,BULL_PUT,-474.30108642578125,-150.0,False,False,False
2191,2026-07-07,BULL_PUT_BNF_57800_57200_W600,secondary,BNF,BULL_PUT,-479.9659729003906,-165.0,False,False,False
2191,2026-07-07,BULL_PUT_BNF_57800_57000_W800,secondary,BNF,BULL_PUT,-581.14208984375,-178.5,False,False,False
2191,2026-07-07,BULL_PUT_BNF_57800_56800_W1000,secondary,BNF,BULL_PUT,-714.5164794921875,-175.5,False,False,False
2192,2026-07-07,BEAR_CALL_BNF_58800_59800_W1000,secondary,BNF,BEAR_CALL,32.84562683105469,432.0,True,False,True
2192,2026-07-07,BEAR_CALL_BNF_58800_59300_W500,secondary,BNF,BEAR_CALL,-3.1832714080810547,232.5,False,False,False
2192,2026-07-07,BEAR_CALL_BNF_58800_59600_W800,secondary,BNF,BEAR_CALL,-4.2055511474609375,402.0,False,False,False
2192,2026-07-07,BEAR_CALL_BNF_58800_59400_W600,secondary,BNF,BEAR_CALL,-4.601045608520508,289.5,False,False,False
2192,2026-07-07,BEAR_CALL_BNF_58800_59200_W400,primary,BNF,BEAR_CALL,-16.291797637939453,163.5,False,True,False
2192,2026-07-07,__NO_TRADE__,synthetic_no_trade,BNF,NO_TRADE,-241.15243530273438,0.0,False,False,False
2213,2026-07-08,BEAR_PUT_BNF_57100_57700_W600,primary,BNF,BEAR_PUT,237.95620727539062,2871.0,True,True,True
2213,2026-07-08,__NO_TRADE__,synthetic_no_trade,BNF,NO_TRADE,13.659217834472656,0.0,False,False,False
2214,2026-07-08,BEAR_PUT_BNF_56800_57800_W1000,primary,BNF,BEAR_PUT,71.72541809082031,4999.5,True,True,True
2214,2026-07-08,__NO_TRADE__,synthetic_no_trade,BNF,NO_TRADE,15.423042297363281,0.0,False,False,False
2214,2026-07-08,BEAR_PUT_BNF_57000_57800_W800,secondary,BNF,BEAR_PUT,-246.87942504882812,4009.5,False,False,False
2215,2026-07-08,BEAR_PUT_BNF_57000_57800_W800,primary,BNF,BEAR_PUT,216.75987243652344,4290.0,True,True,True
2215,2026-07-08,__NO_TRADE__,synthetic_no_trade,BNF,NO_TRADE,13.503311157226562,0.0,False,False,False
2217,2026-07-08,BEAR_PUT_BNF_57100_57900_W800,primary,BNF,BEAR_PUT,241.39959716796875,4743.0,True,True,True
2217,2026-07-08,__NO_TRADE__,synthetic_no_trade,BNF,NO_TRADE,10.491241455078125,0.0,False,False,False
2217,2026-07-08,BEAR_PUT_BNF_57300_57900_W600,secondary,BNF,BEAR_PUT,-234.89442443847656,3613.5,False,False,False
2218,2026-07-08,BEAR_PUT_BNF_56900_57900_W1000,primary,BNF,BEAR_PUT,90.030029296875,5611.5,True,True,True
2218,2026-07-08,__NO_TRADE__,synthetic_no_trade,BNF,NO_TRADE,13.128166198730469,0.0,False,False,False
2218,2026-07-08,BEAR_PUT_BNF_57100_57900_W800,secondary,BNF,BEAR_PUT,-206.94143676757812,4560.0,False,False,False
2219,2026-07-08,BEAR_PUT_BNF_57200_57800_W600,primary,BNF,BEAR_PUT,284.89654541015625,3400.5,True,True,True
2219,2026-07-08,__NO_TRADE__,synthetic_no_trade,BNF,NO_TRADE,10.633350372314453,0.0,False,False,False
2226,2026-07-08,BEAR_PUT_BNF_57400_58000_W600,primary,BNF,BEAR_PUT,314.6480712890625,4119.0,True,True,True
2226,2026-07-08,BEAR_PUT_BNF_57700_58000_W300,secondary,BNF,BEAR_PUT,31.58794403076172,2094.0,False,False,False
2226,2026-07-08,BEAR_PUT_BNF_57600_58000_W400,secondary,BNF,BEAR_PUT,23.957901000976562,2499.0,False,False,False
2226,2026-07-08,__NO_TRADE__,synthetic_no_trade,BNF,NO_TRADE,1.98406982421875,0.0,False,False,False
2226,2026-07-08,BEAR_PUT_BNF_57500_58000_W500,secondary,BNF,BEAR_PUT,-162.28909301757812,3457.5,False,False,False
2227,2026-07-08,BEAR_PUT_BNF_57400_58000_W600,primary,BNF,BEAR_PUT,310.390869140625,4042.5,True,True,True
2227,2026-07-08,BEAR_PUT_BNF_57600_58000_W400,secondary,BNF,BEAR_PUT,14.326126098632812,2440.5,False,False,False
2227,2026-07-08,__NO_TRADE__,synthetic_no_trade,BNF,NO_TRADE,2.015941619873047,0.0,False,False,False
2227,2026-07-08,BEAR_PUT_BNF_57500_58000_W500,secondary,BNF,BEAR_PUT,-181.74508666992188,3369.0,False,False,False
2228,2026-07-08,BEAR_PUT_BNF_57400_58000_W600,primary,BNF,BEAR_PUT,313.48590087890625,3948.0,True,True,True
2228,2026-07-08,BEAR_PUT_BNF_57600_58000_W400,secondary,BNF,BEAR_PUT,17.543216705322266,2394.0,False,False,False
2228,2026-07-08,__NO_TRADE__,synthetic_no_trade,BNF,NO_TRADE,2.15283203125,0.0,False,False,False
2228,2026-07-08,BEAR_PUT_BNF_57500_58000_W500,secondary,BNF,BEAR_PUT,-177.2449951171875,3285.0,False,False,False
2264,2026-07-08,BEAR_PUT_BNF_57000_57600_W600,primary,BNF,BEAR_PUT,165.06314086914062,2868.0,True,True,True
2264,2026-07-08,__NO_TRADE__,synthetic_no_trade,BNF,NO_TRADE,15.851066589355469,0.0,False,False,False
2265,2026-07-08,BEAR_PUT_BNF_56600_57400_W800,primary,BNF,BEAR_PUT,102.20950317382812,2616.0,True,True,True
2265,2026-07-08,__NO_TRADE__,synthetic_no_trade,BNF,NO_TRADE,21.16416358947754,0.0,False,False,False
2265,2026-07-08,BEAR_PUT_BNF_56800_57400_W600,secondary,BNF,BEAR_PUT,-580.9866943359375,1998.0,False,False,False
2266,2026-07-08,__NO_TRADE__,synthetic_no_trade,BNF,NO_TRADE,10.690988540649414,0.0,True,False,False
2266,2026-07-08,BEAR_PUT_BNF_56400_57200_W800,primary,BNF,BEAR_PUT,-245.86155700683594,1627.5,False,True,True
2266,2026-07-08,BEAR_PUT_BNF_56600_57200_W600,secondary,BNF,BEAR_PUT,-1253.319580078125,1198.5,False,False,False
2267,2026-07-08,__NO_TRADE__,synthetic_no_trade,NF,NO_TRADE,49.9033203125,0.0,True,False,False
2267,2026-07-08,BEAR_PUT_NF_23700_24000_W300,primary,NF,BEAR_PUT,-220.2521514892578,1218.75,False,True,True
2267,2026-07-08,BEAR_PUT_BNF_56300_57100_W800,secondary,BNF,BEAR_PUT,-1058.4986572265625,1005.0,False,False,False
2267,2026-07-08,BEAR_PUT_BNF_56500_57100_W600,secondary,BNF,BEAR_PUT,-1319.70556640625,958.5,False,False,False
2268,2026-07-08,__NO_TRADE__,synthetic_no_trade,NF,NO_TRADE,46.048431396484375,0.0,True,False,False
2268,2026-07-08,BEAR_PUT_NF_23750_23850_W100,primary,NF,BEAR_PUT,-3.610605239868164,191.75,False,True,False
2268,2026-07-08,BEAR_PUT_BNF_56100_56900_W800,secondary,BNF,BEAR_PUT,-1043.48291015625,454.5,False,False,True
2268,2026-07-08,BEAR_PUT_BNF_56300_56900_W600,secondary,BNF,BEAR_PUT,-1295.822265625,192.0,False,False,False
2269,2026-07-08,__NO_TRADE__,synthetic_no_trade,NF,NO_TRADE,53.17737579345703,0.0,True,False,False
2269,2026-07-08,BEAR_PUT_NF_23600_23900_W300,primary,NF,BEAR_PUT,-240.59103393554688,-78.0,False,True,False
2269,2026-07-08,BEAR_PUT_BNF_56600_56900_W300,secondary,BNF,BEAR_PUT,-616.3330078125,97.5,False,False,False
2269,2026-07-08,BEAR_PUT_BNF_55900_56900_W1000,secondary,BNF,BEAR_PUT,-687.8614501953125,346.5,False,False,True
2269,2026-07-08,BEAR_PUT_BNF_56500_56900_W400,secondary,BNF,BEAR_PUT,-693.546142578125,283.5,False,False,False
2269,2026-07-08,BEAR_PUT_NF_23650_23900_W250,secondary,NF,BEAR_PUT,-759.8271484375,-42.25,False,False,False
2269,2026-07-08,BEAR_PUT_BNF_56100_56900_W800,secondary,BNF,BEAR_PUT,-998.046142578125,289.5,False,False,False
2269,2026-07-08,BEAR_PUT_BNF_56400_56900_W500,secondary,BNF,BEAR_PUT,-1191.4068603515625,321.0,False,False,False
2269,2026-07-08,BEAR_PUT_BNF_56300_56900_W600,secondary,BNF,BEAR_PUT,-1217.1956787109375,28.5,False,False,False
2270,2026-07-08,__NO_TRADE__,synthetic_no_trade,NF,NO_TRADE,51.16047668457031,0.0,True,False,False
2270,2026-07-08,BEAR_PUT_NF_23650_23900_W250,primary,NF,BEAR_PUT,-306.3145751953125,159.25,False,True,False
2270,2026-07-08,BEAR_PUT_BNF_55900_56900_W1000,secondary,BNF,BEAR_PUT,-754.7430419921875,243.0,False,False,False
2270,2026-07-08,BEAR_PUT_BNF_56500_56900_W400,secondary,BNF,BEAR_PUT,-817.1710815429688,250.5,False,False,False
2270,2026-07-08,BEAR_PUT_BNF_56100_56900_W800,secondary,BNF,BEAR_PUT,-1115.23193359375,127.5,False,False,False
2270,2026-07-08,BEAR_PUT_BNF_56400_56900_W500,secondary,BNF,BEAR_PUT,-1339.980712890625,267.0,False,False,True
2270,2026-07-08,BEAR_PUT_BNF_56300_56900_W600,secondary,BNF,BEAR_PUT,-1342.732666015625,-45.0,False,False,False
2271,2026-07-08,__NO_TRADE__,synthetic_no_trade,NF,NO_TRADE,53.70610809326172,0.0,True,False,False
2271,2026-07-08,BEAR_PUT_NF_23600_23900_W300,primary,NF,BEAR_PUT,-312.2615966796875,217.75,False,True,False
2271,2026-07-08,BEAR_PUT_NF_23700_23850_W150,secondary,NF,BEAR_PUT,-590.7967529296875,143.0,False,False,False
2271,2026-07-08,BEAR_PUT_NF_23700_23900_W200,secondary,NF,BEAR_PUT,-665.15380859375,175.5,False,False,False
2271,2026-07-08,BEAR_PUT_BNF_56500_56800_W300,secondary,BNF,BEAR_PUT,-718.77783203125,183.0,False,False,False
2271,2026-07-08,BEAR_PUT_BNF_56400_56800_W400,secondary,BNF,BEAR_PUT,-816.3109130859375,250.5,False,False,False
2271,2026-07-08,BEAR_PUT_NF_23650_23900_W250,secondary,NF,BEAR_PUT,-863.71044921875,182.0,False,False,False
2271,2026-07-08,BEAR_PUT_BNF_56000_56800_W800,secondary,BNF,BEAR_PUT,-1065.7393798828125,388.5,False,False,True
2271,2026-07-08,BEAR_PUT_BNF_56300_56800_W500,secondary,BNF,BEAR_PUT,-1328.231201171875,22.5,False,False,False
2271,2026-07-08,BEAR_PUT_BNF_56200_56800_W600,secondary,BNF,BEAR_PUT,-1352.072265625,102.0,False,False,False
2272,2026-07-08,__NO_TRADE__,synthetic_no_trade,NF,NO_TRADE,34.19032287597656,0.0,True,False,True
2272,2026-07-08,BEAR_PUT_NF_23650_23850_W200,secondary,NF,BEAR_PUT,-87.70760345458984,-269.75,False,False,False
2272,2026-07-08,BEAR_PUT_NF_23600_23850_W250,primary,NF,BEAR_PUT,-130.2684326171875,-321.75,False,True,False
2272,2026-07-08,BEAR_PUT_BNF_56200_56700_W500,secondary,BNF,BEAR_PUT,-226.65403747558594,-294.0,False,False,False
2272,2026-07-08,BEAR_PUT_BNF_55900_56700_W800,secondary,BNF,BEAR_PUT,-258.001708984375,-330.0,False,False,False
2272,2026-07-08,BEAR_PUT_BNF_56100_56700_W600,secondary,BNF,BEAR_PUT,-265.3899230957031,-235.5,False,False,False
2273,2026-07-08,__NO_TRADE__,synthetic_no_trade,NF,NO_TRADE,31.616491317749023,0.0,True,False,False
2273,2026-07-08,BEAR_PUT_BNF_56500_56800_W300,secondary,BNF,BEAR_PUT,-66.80088806152344,21.0,False,False,False
2273,2026-07-08,BEAR_PUT_NF_23650_23850_W200,secondary,NF,BEAR_PUT,-86.76103210449219,-29.25,False,False,False
2273,2026-07-08,BEAR_PUT_NF_23700_23900_W200,secondary,NF,BEAR_PUT,-94.31873321533203,-6.5,False,False,False
2273,2026-07-08,BEAR_PUT_BNF_56400_56800_W400,secondary,BNF,BEAR_PUT,-110.31021881103516,63.0,False,False,True
2273,2026-07-08,BEAR_PUT_NF_23600_23900_W300,primary,NF,BEAR_PUT,-140.94107055664062,9.75,False,True,False
2273,2026-07-08,BEAR_PUT_NF_23650_23900_W250,secondary,NF,BEAR_PUT,-163.15472412109375,16.25,False,False,False
2273,2026-07-08,BEAR_PUT_BNF_56300_56800_W500,secondary,BNF,BEAR_PUT,-215.19454956054688,-211.5,False,False,False
2273,2026-07-08,BEAR_PUT_BNF_55800_56800_W1000,secondary,BNF,BEAR_PUT,-241.0229949951172,-30.0,False,False,False
2273,2026-07-08,BEAR_PUT_BNF_56000_56800_W800,secondary,BNF,BEAR_PUT,-252.6244354248047,-24.0,False,False,False
2273,2026-07-08,BEAR_PUT_BNF_56200_56800_W600,secondary,BNF,BEAR_PUT,-254.49560546875,-183.0,False,False,False
2276,2026-07-08,__NO_TRADE__,synthetic_no_trade,NF,NO_TRADE,57.619712829589844,0.0,True,False,True
2276,2026-07-08,BEAR_PUT_NF_23550_23850_W300,primary,NF,BEAR_PUT,-327.36541748046875,-572.0,False,True,False
2276,2026-07-08,BEAR_PUT_NF_23650_23800_W150,secondary,NF,BEAR_PUT,-654.8842163085938,-289.25,False,False,False
2276,2026-07-08,BEAR_PUT_NF_23650_23850_W200,secondary,NF,BEAR_PUT,-721.9448852539062,-403.0,False,False,False
2276,2026-07-08,BEAR_PUT_BNF_55600_56600_W1000,secondary,BNF,BEAR_PUT,-722.6654052734375,-711.0,False,False,False
2276,2026-07-08,BEAR_PUT_BNF_56200_56600_W400,secondary,BNF,BEAR_PUT,-873.9139404296875,-504.0,False,False,False
2276,2026-07-08,BEAR_PUT_NF_23600_23850_W250,secondary,NF,BEAR_PUT,-920.594970703125,-513.5,False,False,False
2276,2026-07-08,BEAR_PUT_BNF_55800_56600_W800,secondary,BNF,BEAR_PUT,-1079.792236328125,-525.0,False,False,False
2276,2026-07-08,BEAR_PUT_BNF_56100_56600_W500,secondary,BNF,BEAR_PUT,-1359.36181640625,-465.0,False,False,False
2276,2026-07-08,BEAR_PUT_BNF_56000_56600_W600,secondary,BNF,BEAR_PUT,-1364.865478515625,-430.5,False,False,False
2277,2026-07-08,__NO_TRADE__,synthetic_no_trade,NF,NO_TRADE,36.83175277709961,0.0,True,False,True
2277,2026-07-08,BEAR_PUT_NF_23650_23800_W150,secondary,NF,BEAR_PUT,-36.42894744873047,-458.25,False,False,False
2277,2026-07-08,BEAR_PUT_NF_23600_23800_W200,primary,NF,BEAR_PUT,-56.75676727294922,-591.5,False,True,False
2277,2026-07-08,BEAR_PUT_BNF_56300_56600_W300,secondary,BNF,BEAR_PUT,-76.57376098632812,-445.5,False,False,False
2277,2026-07-08,BEAR_PUT_BNF_56200_56600_W400,secondary,BNF,BEAR_PUT,-133.045166015625,-522.0,False,False,False
2277,2026-07-08,BEAR_PUT_BNF_55600_56600_W1000,secondary,BNF,BEAR_PUT,-240.4946746826172,-894.0,False,False,False
2277,2026-07-08,BEAR_PUT_BNF_56100_56600_W500,secondary,BNF,BEAR_PUT,-248.8426971435547,-577.5,False,False,False
2277,2026-07-08,BEAR_PUT_BNF_55800_56600_W800,secondary,BNF,BEAR_PUT,-260.9876403808594,-628.5,False,False,False
2277,2026-07-08,BEAR_PUT_BNF_56000_56600_W600,secondary,BNF,BEAR_PUT,-277.91314697265625,-502.5,False,False,False
2278,2026-07-08,__NO_TRADE__,synthetic_no_trade,NF,NO_TRADE,44.108543395996094,0.0,True,False,True
2278,2026-07-08,BEAR_PUT_NF_23700_23850_W150,secondary,NF,BEAR_PUT,-34.53376007080078,-198.25,False,False,False
2278,2026-07-08,BEAR_PUT_NF_23650_23800_W150,secondary,NF,BEAR_PUT,-44.928260803222656,-295.75,False,False,False
2278,2026-07-08,BEAR_PUT_NF_23650_23850_W200,secondary,NF,BEAR_PUT,-86.2262954711914,-263.25,False,False,False
2278,2026-07-08,BEAR_PUT_NF_23600_23800_W200,secondary,NF,BEAR_PUT,-86.55148315429688,-581.75,False,False,False
2278,2026-07-08,BEAR_PUT_BNF_56300_56700_W400,secondary,BNF,BEAR_PUT,-132.00051879882812,-432.0,False,False,False
2278,2026-07-08,BEAR_PUT_NF_23450_23850_W400,primary,NF,BEAR_PUT,-147.8750762939453,-604.5,False,True,False
2278,2026-07-08,BEAR_PUT_NF_23600_23850_W250,secondary,NF,BEAR_PUT,-170.21710205078125,-549.25,False,False,False
2278,2026-07-08,BEAR_PUT_NF_23550_23850_W300,secondary,NF,BEAR_PUT,-201.16270446777344,-477.75,False,False,False
2278,2026-07-08,BEAR_PUT_BNF_56200_56700_W500,secondary,BNF,BEAR_PUT,-242.95285034179688,-484.5,False,False,False
2278,2026-07-08,BEAR_PUT_BNF_55700_56700_W1000,secondary,BNF,BEAR_PUT,-246.56739807128906,-864.0,False,False,False
2278,2026-07-08,BEAR_PUT_BNF_55900_56700_W800,secondary,BNF,BEAR_PUT,-263.910888671875,-595.5,False,False,False
2278,2026-07-08,BEAR_PUT_BNF_56100_56700_W600,secondary,BNF,BEAR_PUT,-275.4001770019531,-448.5,False,False,False
2288,2026-07-09,__NO_TRADE__,synthetic_no_trade,NF,NO_TRADE,-79.65437316894531,0.0,True,False,True
2288,2026-07-09,BULL_CALL_NF_24250_24050_W200,secondary,NF,BULL_CALL,-116.21415710449219,-1459.25,False,False,False
2288,2026-07-09,BULL_CALL_NF_24250_24000_W250,secondary,NF,BULL_CALL,-267.9847412109375,-1807.0,False,False,False
2288,2026-07-09,BULL_CALL_NF_24300_24000_W300,secondary,NF,BULL_CALL,-346.93035888671875,-2086.5,False,False,False
2288,2026-07-09,BULL_CALL_NF_24400_24000_W400,primary,NF,BULL_CALL,-359.07049560546875,-2574.0,False,True,False
2498,2026-07-13,BEAR_CALL_BNF_58500_58900_W400,secondary,BNF,BEAR_CALL,527.2644653320312,24.0,True,False,False
2498,2026-07-13,BEAR_CALL_BNF_58500_59000_W500,primary,BNF,BEAR_CALL,411.00738525390625,69.0,False,True,True
2498,2026-07-13,__NO_TRADE__,synthetic_no_trade,BNF,NO_TRADE,-24.36385726928711,0.0,False,False,False
2518,2026-07-14,BEAR_PUT_BNF_56900_57500_W600,secondary,BNF,BEAR_PUT,197.69244384765625,-45.0,True,False,False
2518,2026-07-14,BEAR_PUT_BNF_56700_57500_W800,secondary,BNF,BEAR_PUT,178.98846435546875,-91.5,False,False,False
2518,2026-07-14,BEAR_PUT_BNF_57000_57500_W500,secondary,BNF,BEAR_PUT,163.2286376953125,-103.5,False,False,False
2518,2026-07-14,BEAR_PUT_BNF_57100_57500_W400,secondary,BNF,BEAR_PUT,121.35626983642578,-91.5,False,False,False
2518,2026-07-14,BEAR_PUT_BNF_56500_57500_W1000,primary,BNF,BEAR_PUT,91.69468688964844,-66.0,False,True,False
2518,2026-07-14,BEAR_PUT_BNF_57200_57500_W300,secondary,BNF,BEAR_PUT,42.753753662109375,-61.5,False,False,False
2518,2026-07-14,__NO_TRADE__,synthetic_no_trade,BNF,NO_TRADE,-140.30477905273438,0.0,False,False,True
2529,2026-07-14,BEAR_PUT_BNF_57000_57600_W600,secondary,BNF,BEAR_PUT,282.5616760253906,339.0,True,False,False
2529,2026-07-14,BEAR_PUT_BNF_57100_57600_W500,secondary,BNF,BEAR_PUT,252.30490112304688,262.5,False,False,False
2529,2026-07-14,BEAR_PUT_BNF_57200_57600_W400,secondary,BNF,BEAR_PUT,231.2340850830078,231.0,False,False,False
2529,2026-07-14,BEAR_PUT_BNF_56800_57600_W800,secondary,BNF,BEAR_PUT,222.35598754882812,493.5,False,False,False
2529,2026-07-14,BEAR_PUT_BNF_57300_57600_W300,secondary,BNF,BEAR_PUT,134.57705688476562,127.5,False,False,False
2529,2026-07-14,BEAR_PUT_BNF_56600_57600_W1000,primary,BNF,BEAR_PUT,65.7550048828125,601.5,False,True,True
2529,2026-07-14,__NO_TRADE__,synthetic_no_trade,BNF,NO_TRADE,-137.20486450195312,0.0,False,False,False
2580,2026-07-14,BEAR_PUT_BNF_56900_57500_W600,secondary,BNF,BEAR_PUT,227.50531005859375,204.0,True,False,False
2580,2026-07-14,BEAR_PUT_BNF_57000_57500_W500,secondary,BNF,BEAR_PUT,194.81088256835938,72.0,False,False,False
2580,2026-07-14,BEAR_PUT_BNF_57100_57500_W400,secondary,BNF,BEAR_PUT,159.64682006835938,90.0,False,False,False
2580,2026-07-14,BEAR_PUT_BNF_56700_57500_W800,primary,BNF,BEAR_PUT,102.21469116210938,207.0,False,True,True
2580,2026-07-14,BEAR_PUT_BNF_57200_57500_W300,secondary,BNF,BEAR_PUT,65.79518127441406,13.5,False,False,False
2580,2026-07-14,__NO_TRADE__,synthetic_no_trade,BNF,NO_TRADE,-140.81346130371094,0.0,False,False,False
2581,2026-07-14,BEAR_PUT_BNF_56900_57500_W600,secondary,BNF,BEAR_PUT,237.23001098632812,232.5,True,False,False
2581,2026-07-14,BEAR_PUT_BNF_57000_57500_W500,secondary,BNF,BEAR_PUT,208.71495056152344,103.5,False,False,False
2581,2026-07-14,BEAR_PUT_BNF_56700_57500_W800,secondary,BNF,BEAR_PUT,193.32876586914062,235.5,False,False,False
2581,2026-07-14,BEAR_PUT_BNF_57100_57500_W400,secondary,BNF,BEAR_PUT,175.3992156982422,112.5,False,False,False
2581,2026-07-14,BEAR_PUT_BNF_57200_57500_W300,secondary,BNF,BEAR_PUT,82.73136901855469,82.5,False,False,False
2581,2026-07-14,BEAR_PUT_BNF_56500_57500_W1000,primary,BNF,BEAR_PUT,67.24359893798828,315.0,False,True,True
2581,2026-07-14,BEAR_PUT_BNF_57300_57500_W200,secondary,BNF,BEAR_PUT,30.94338035583496,61.5,False,False,False
2581,2026-07-14,__NO_TRADE__,synthetic_no_trade,BNF,NO_TRADE,-138.50003051757812,0.0,False,False,False
2582,2026-07-14,BEAR_PUT_BNF_56900_57500_W600,secondary,BNF,BEAR_PUT,210.56504821777344,0.0,True,False,False
2582,2026-07-14,BEAR_PUT_BNF_56700_57500_W800,secondary,BNF,BEAR_PUT,181.82577514648438,-33.0,False,False,False
2582,2026-07-14,BEAR_PUT_BNF_57000_57500_W500,secondary,BNF,BEAR_PUT,176.85641479492188,-87.0,False,False,False
2582,2026-07-14,BEAR_PUT_BNF_57100_57500_W400,secondary,BNF,BEAR_PUT,139.90155029296875,-63.0,False,False,False
2582,2026-07-14,BEAR_PUT_BNF_56500_57500_W1000,primary,BNF,BEAR_PUT,79.59092712402344,-15.0,False,True,False
2582,2026-07-14,__NO_TRADE__,synthetic_no_trade,BNF,NO_TRADE,-139.1053466796875,0.0,False,False,True
2659,2026-07-16,BEAR_PUT_BNF_57300_57700_W400,secondary,BNF,BEAR_PUT,49.01347351074219,307.5,True,False,False
2659,2026-07-16,BEAR_PUT_BNF_57400_57700_W300,secondary,BNF,BEAR_PUT,40.51597595214844,178.5,False,False,False
2659,2026-07-16,BEAR_PUT_BNF_57500_57700_W200,secondary,BNF,BEAR_PUT,31.839595794677734,145.5,False,False,False
2659,2026-07-16,BEAR_PUT_BNF_57200_57700_W500,secondary,BNF,BEAR_PUT,17.020593643188477,369.0,False,False,False
2659,2026-07-16,BEAR_PUT_BNF_57100_57700_W600,secondary,BNF,BEAR_PUT,3.349635124206543,349.5,False,False,False
2659,2026-07-16,__NO_TRADE__,synthetic_no_trade,NF,NO_TRADE,-111.46837615966797,0.0,False,False,False
2659,2026-07-16,BEAR_PUT_NF_24050_24150_W100,secondary,NF,BEAR_PUT,-189.54930114746094,620.75,False,False,False
2659,2026-07-16,BEAR_PUT_NF_23950_24150_W200,secondary,NF,BEAR_PUT,-219.39312744140625,1176.5,False,False,False
2659,2026-07-16,BEAR_PUT_NF_24000_24150_W150,secondary,NF,BEAR_PUT,-222.903564453125,942.5,False,False,False
2659,2026-07-16,BEAR_PUT_NF_23900_24150_W250,primary,NF,BEAR_PUT,-373.63775634765625,1355.25,False,True,True
2660,2026-07-16,BEAR_PUT_BNF_57300_57700_W400,secondary,BNF,BEAR_PUT,46.175811767578125,243.0,True,False,False
2660,2026-07-16,BEAR_PUT_BNF_57400_57700_W300,secondary,BNF,BEAR_PUT,41.57546615600586,204.0,False,False,False
2660,2026-07-16,BEAR_PUT_BNF_57500_57700_W200,secondary,BNF,BEAR_PUT,29.373409271240234,118.5,False,False,False
2660,2026-07-16,BEAR_PUT_BNF_57200_57700_W500,secondary,BNF,BEAR_PUT,14.57571792602539,301.5,False,False,False
2660,2026-07-16,BEAR_PUT_BNF_57100_57700_W600,secondary,BNF,BEAR_PUT,2.865504264831543,331.5,False,False,False
2660,2026-07-16,__NO_TRADE__,synthetic_no_trade,NF,NO_TRADE,-110.21324157714844,0.0,False,False,False
2660,2026-07-16,BEAR_PUT_NF_24000_24100_W100,secondary,NF,BEAR_PUT,-180.5254669189453,507.0,False,False,False
2660,2026-07-16,BEAR_PUT_NF_24050_24150_W100,secondary,NF,BEAR_PUT,-188.8243408203125,617.5,False,False,False
2660,2026-07-16,BEAR_PUT_NF_23950_24150_W200,secondary,NF,BEAR_PUT,-226.75076293945312,1072.5,False,False,False
2660,2026-07-16,BEAR_PUT_NF_24000_24150_W150,secondary,NF,BEAR_PUT,-229.49148559570312,864.5,False,False,False
2660,2026-07-16,BEAR_PUT_NF_23900_24150_W250,secondary,NF,BEAR_PUT,-250.18734741210938,1228.5,False,False,False
2660,2026-07-16,BEAR_PUT_NF_23850_24150_W300,primary,NF,BEAR_PUT,-390.307861328125,1368.25,False,True,True
2661,2026-07-16,BEAR_PUT_BNF_57300_57700_W400,secondary,BNF,BEAR_PUT,44.38272476196289,195.0,True,False,False
2661,2026-07-16,BEAR_PUT_BNF_57400_57700_W300,secondary,BNF,BEAR_PUT,40.66178894042969,186.0,False,False,False
2661,2026-07-16,BEAR_PUT_BNF_57200_57700_W500,secondary,BNF,BEAR_PUT,14.468427658081055,282.0,False,False,False
2661,2026-07-16,BEAR_PUT_BNF_57100_57700_W600,secondary,BNF,BEAR_PUT,2.108072280883789,280.5,False,False,False
2661,2026-07-16,__NO_TRADE__,synthetic_no_trade,NF,NO_TRADE,-107.21519470214844,0.0,False,False,False
2661,2026-07-16,BEAR_PUT_NF_24000_24100_W100,secondary,NF,BEAR_PUT,-182.9315185546875,435.5,False,False,False
2661,2026-07-16,BEAR_PUT_NF_23950_24100_W150,primary,NF,BEAR_PUT,-327.3740539550781,581.75,False,True,True
2662,2026-07-16,BEAR_PUT_BNF_57300_57700_W400,secondary,BNF,BEAR_PUT,44.222938537597656,145.5,True,False,False
2662,2026-07-16,BEAR_PUT_BNF_57400_57700_W300,secondary,BNF,BEAR_PUT,40.58999252319336,141.0,False,False,False
2662,2026-07-16,BEAR_PUT_BNF_57500_57700_W200,secondary,BNF,BEAR_PUT,28.24829864501953,46.5,False,False,False
2662,2026-07-16,BEAR_PUT_BNF_57200_57700_W500,secondary,BNF,BEAR_PUT,10.478811264038086,139.5,False,False,False
2662,2026-07-16,BEAR_PUT_BNF_57100_57700_W600,secondary,BNF,BEAR_PUT,-0.9292659759521484,142.5,False,False,False
2662,2026-07-16,__NO_TRADE__,synthetic_no_trade,NF,NO_TRADE,-104.62612915039062,0.0,False,False,False
2662,2026-07-16,BEAR_PUT_NF_24000_24100_W100,secondary,NF,BEAR_PUT,-187.99209594726562,292.5,False,False,False
2662,2026-07-16,BEAR_PUT_NF_23950_24100_W150,secondary,NF,BEAR_PUT,-222.8162841796875,429.0,False,False,False
2662,2026-07-16,BEAR_PUT_NF_23900_24100_W200,primary,NF,BEAR_PUT,-358.04095458984375,523.25,False,True,True
2678,2026-07-16,BEAR_PUT_BNF_57400_57800_W400,secondary,BNF,BEAR_PUT,62.399723052978516,658.5,True,False,False
2678,2026-07-16,BEAR_PUT_BNF_57500_57800_W300,secondary,BNF,BEAR_PUT,60.08294677734375,460.5,False,False,False
2678,2026-07-16,BEAR_PUT_BNF_57600_57800_W200,secondary,BNF,BEAR_PUT,41.36903381347656,264.0,False,False,False
2678,2026-07-16,BEAR_PUT_BNF_57300_57800_W500,secondary,BNF,BEAR_PUT,32.4664421081543,811.5,False,False,False
2678,2026-07-16,__NO_TRADE__,synthetic_no_trade,NF,NO_TRADE,-114.51095581054688,0.0,False,False,False
2678,2026-07-16,BEAR_PUT_NF_24050_24150_W100,primary,NF,BEAR_PUT,-251.04559326171875,975.0,False,True,True
2679,2026-07-16,BEAR_PUT_BNF_57400_57800_W400,secondary,BNF,BEAR_PUT,57.75959014892578,525.0,True,False,False
2679,2026-07-16,BEAR_PUT_BNF_57500_57800_W300,secondary,BNF,BEAR_PUT,51.42832946777344,322.5,False,False,False
2679,2026-07-16,BEAR_PUT_BNF_57600_57800_W200,secondary,BNF,BEAR_PUT,36.75285720825195,208.5,False,False,False
2679,2026-07-16,BEAR_PUT_BNF_57300_57800_W500,secondary,BNF,BEAR_PUT,25.93852424621582,625.5,False,False,False
2679,2026-07-16,__NO_TRADE__,synthetic_no_trade,NF,NO_TRADE,-114.50930786132812,0.0,False,False,False
2679,2026-07-16,BEAR_PUT_NF_24050_24150_W100,primary,NF,BEAR_PUT,-251.89578247070312,962.0,False,True,True
2680,2026-07-16,BEAR_PUT_BNF_57300_57700_W400,secondary,BNF,BEAR_PUT,56.4494743347168,438.0,True,False,False
2680,2026-07-16,BEAR_PUT_BNF_57400_57700_W300,secondary,BNF,BEAR_PUT,55.41161346435547,366.0,False,False,False
2680,2026-07-16,BEAR_PUT_BNF_57500_57700_W200,secondary,BNF,BEAR_PUT,38.551536560058594,187.5,False,False,False
2680,2026-07-16,__NO_TRADE__,synthetic_no_trade,NF,NO_TRADE,-114.61882019042969,0.0,False,False,False
2680,2026-07-16,BEAR_PUT_NF_24050_24150_W100,secondary,NF,BEAR_PUT,-168.66839599609375,923.0,False,False,False
2680,2026-07-16,BEAR_PUT_NF_24000_24150_W150,primary,NF,BEAR_PUT,-290.87030029296875,1365.0,False,True,True
2736,2026-07-17,BEAR_PUT_NF_24000_24200_W200,primary,NF,BEAR_PUT,1237.5794677734375,-1413.75,True,True,False
2736,2026-07-17,BEAR_PUT_NF_24100_24200_W100,secondary,NF,BEAR_PUT,1070.8515625,-754.0,False,False,False
2736,2026-07-17,BEAR_PUT_NF_24050_24200_W150,secondary,NF,BEAR_PUT,861.79736328125,-1079.0,False,False,False
2736,2026-07-17,__NO_TRADE__,synthetic_no_trade,NF,NO_TRADE,367.0470275878906,0.0,False,False,True
2736,2026-07-17,BEAR_PUT_BNF_57200_57800_W600,secondary,BNF,BEAR_PUT,163.55271911621094,-2211.0,False,False,False
2736,2026-07-17,BEAR_PUT_BNF_57300_57800_W500,secondary,BNF,BEAR_PUT,158.2820587158203,-1821.0,False,False,False
2736,2026-07-17,BEAR_PUT_BNF_57400_57800_W400,secondary,BNF,BEAR_PUT,147.79331970214844,-1542.0,False,False,False
2736,2026-07-17,BEAR_PUT_BNF_57600_57800_W200,secondary,BNF,BEAR_PUT,147.4712677001953,-850.5,False,False,False
2736,2026-07-17,BEAR_PUT_BNF_57000_57800_W800,secondary,BNF,BEAR_PUT,145.52159118652344,-2847.0,False,False,False
2736,2026-07-17,BEAR_PUT_BNF_57500_57800_W300,secondary,BNF,BEAR_PUT,139.02584838867188,-1210.5,False,False,False
2737,2026-07-17,BEAR_PUT_NF_24000_24200_W200,primary,NF,BEAR_PUT,1248.3756103515625,-1553.5,True,True,False
2737,2026-07-17,BEAR_PUT_NF_24050_24200_W150,secondary,NF,BEAR_PUT,864.939697265625,-1209.0,False,False,False
2737,2026-07-17,__NO_TRADE__,synthetic_no_trade,NF,NO_TRADE,367.0344543457031,0.0,False,False,True
2737,2026-07-17,BEAR_PUT_BNF_57700_57900_W200,secondary,BNF,BEAR_PUT,172.3741912841797,-687.0,False,False,False
2737,2026-07-17,BEAR_PUT_BNF_57300_57900_W600,secondary,BNF,BEAR_PUT,155.40638732910156,-1926.0,False,False,False
2737,2026-07-17,BEAR_PUT_BNF_57400_57900_W500,secondary,BNF,BEAR_PUT,155.27078247070312,-1707.0,False,False,False
2737,2026-07-17,BEAR_PUT_BNF_57600_57900_W300,secondary,BNF,BEAR_PUT,144.37037658691406,-1062.0,False,False,False
2737,2026-07-17,BEAR_PUT_BNF_57500_57900_W400,secondary,BNF,BEAR_PUT,143.9915008544922,-1383.0,False,False,False
2737,2026-07-17,BEAR_PUT_BNF_57100_57900_W800,secondary,BNF,BEAR_PUT,137.56326293945312,-2596.5,False,False,False
2737,2026-07-17,BEAR_PUT_BNF_56900_57900_W1000,secondary,BNF,BEAR_PUT,130.29518127441406,-3217.5,False,False,False
2738,2026-07-17,BEAR_PUT_NF_24000_24200_W200,primary,NF,BEAR_PUT,1236.5703125,-1404.0,True,True,False
2738,2026-07-17,BEAR_PUT_NF_24050_24200_W150,secondary,NF,BEAR_PUT,861.677490234375,-1075.75,False,False,False
2738,2026-07-17,__NO_TRADE__,synthetic_no_trade,NF,NO_TRADE,367.03460693359375,0.0,False,False,True
2738,2026-07-17,BEAR_PUT_BNF_57700_57900_W200,secondary,BNF,BEAR_PUT,173.84603881835938,-679.5,False,False,False
2738,2026-07-17,BEAR_PUT_BNF_57300_57900_W600,secondary,BNF,BEAR_PUT,157.75894165039062,-1851.0,False,False,False
2738,2026-07-17,BEAR_PUT_BNF_57400_57900_W500,secondary,BNF,BEAR_PUT,155.0526123046875,-1669.5,False,False,False
2738,2026-07-17,BEAR_PUT_BNF_57600_57900_W300,secondary,BNF,BEAR_PUT,150.8580780029297,-1023.0,False,False,False
2738,2026-07-17,BEAR_PUT_BNF_57500_57900_W400,secondary,BNF,BEAR_PUT,147.58770751953125,-1341.0,False,False,False
2738,2026-07-17,BEAR_PUT_BNF_57100_57900_W800,secondary,BNF,BEAR_PUT,138.7123260498047,-2544.0,False,False,False
2738,2026-07-17,BEAR_PUT_BNF_56900_57900_W1000,secondary,BNF,BEAR_PUT,132.83436584472656,-3135.0,False,False,False
2739,2026-07-17,BEAR_PUT_NF_23950_24250_W300,primary,NF,BEAR_PUT,985.020263671875,-1803.75,True,True,False
2739,2026-07-17,BEAR_PUT_NF_24050_24200_W150,secondary,NF,BEAR_PUT,852.9510498046875,-939.25,False,False,False
2739,2026-07-17,BEAR_PUT_NF_24050_24250_W200,secondary,NF,BEAR_PUT,727.52099609375,-1277.25,False,False,False
2739,2026-07-17,BEAR_PUT_NF_24000_24250_W250,secondary,NF,BEAR_PUT,694.492919921875,-1569.75,False,False,False
2739,2026-07-17,__NO_TRADE__,synthetic_no_trade,NF,NO_TRADE,365.4927978515625,0.0,False,False,True
2739,2026-07-17,BEAR_PUT_BNF_57700_57900_W200,secondary,BNF,BEAR_PUT,179.13124084472656,-667.5,False,False,False
2739,2026-07-17,BEAR_PUT_BNF_57300_57900_W600,secondary,BNF,BEAR_PUT,162.58145141601562,-1837.5,False,False,False
2739,2026-07-17,BEAR_PUT_BNF_57400_57900_W500,secondary,BNF,BEAR_PUT,161.9626922607422,-1609.5,False,False,False
2739,2026-07-17,BEAR_PUT_BNF_57500_57900_W400,secondary,BNF,BEAR_PUT,155.7080535888672,-1293.0,False,False,False
2739,2026-07-17,BEAR_PUT_BNF_57600_57900_W300,secondary,BNF,BEAR_PUT,145.47811889648438,-1063.5,False,False,False
2739,2026-07-17,BEAR_PUT_BNF_57100_57900_W800,secondary,BNF,BEAR_PUT,144.8784942626953,-2458.5,False,False,False
2739,2026-07-17,BEAR_PUT_BNF_56900_57900_W1000,secondary,BNF,BEAR_PUT,137.4044189453125,-3025.5,False,False,False
2740,2026-07-17,BEAR_PUT_NF_23950_24250_W300,primary,NF,BEAR_PUT,986.85009765625,-1751.75,True,True,False
2740,2026-07-17,BEAR_PUT_NF_24050_24200_W150,secondary,NF,BEAR_PUT,850.998291015625,-910.0,False,False,False
2740,2026-07-17,BEAR_PUT_NF_24050_24250_W200,secondary,NF,BEAR_PUT,729.8653564453125,-1238.25,False,False,False
2740,2026-07-17,BEAR_PUT_NF_24000_24250_W250,secondary,NF,BEAR_PUT,700.0774536132812,-1534.0,False,False,False
2740,2026-07-17,__NO_TRADE__,synthetic_no_trade,NF,NO_TRADE,366.198486328125,0.0,False,False,True
2740,2026-07-17,BEAR_PUT_BNF_57700_57900_W200,secondary,BNF,BEAR_PUT,183.95925903320312,-661.5,False,False,False
2740,2026-07-17,BEAR_PUT_BNF_57300_57900_W600,secondary,BNF,BEAR_PUT,172.47076416015625,-1809.0,False,False,False
2740,2026-07-17,BEAR_PUT_BNF_57400_57900_W500,secondary,BNF,BEAR_PUT,171.66903686523438,-1606.5,False,False,False
2740,2026-07-17,BEAR_PUT_BNF_57600_57900_W300,secondary,BNF,BEAR_PUT,164.943603515625,-1000.5,False,False,False
2740,2026-07-17,BEAR_PUT_BNF_57500_57900_W400,secondary,BNF,BEAR_PUT,161.3097686767578,-1293.0,False,False,False
2740,2026-07-17,BEAR_PUT_BNF_57100_57900_W800,secondary,BNF,BEAR_PUT,151.25579833984375,-2437.5,False,False,False
2740,2026-07-17,BEAR_PUT_BNF_56900_57900_W1000,secondary,BNF,BEAR_PUT,140.08877563476562,-3000.0,False,False,False
2746,2026-07-17,BEAR_PUT_NF_24150_24250_W100,secondary,NF,BEAR_PUT,999.4915771484375,-305.5,True,False,False
2746,2026-07-17,BEAR_PUT_NF_24000_24300_W300,primary,NF,BEAR_PUT,951.1959228515625,-981.5,False,True,False
2746,2026-07-17,BEAR_PUT_NF_24100_24250_W150,secondary,NF,BEAR_PUT,819.5224609375,-471.25,False,False,False
2746,2026-07-17,BEAR_PUT_NF_24050_24250_W200,secondary,NF,BEAR_PUT,730.1639404296875,-620.75,False,False,False
2746,2026-07-17,BEAR_PUT_NF_24100_24300_W200,secondary,NF,BEAR_PUT,694.5692138671875,-637.0,False,False,False
2746,2026-07-17,BEAR_PUT_NF_24050_24300_W250,secondary,NF,BEAR_PUT,670.0115966796875,-786.5,False,False,False
2746,2026-07-17,__NO_TRADE__,synthetic_no_trade,NF,NO_TRADE,365.82196044921875,0.0,False,False,True
2746,2026-07-17,BEAR_PUT_BNF_57900_58100_W200,secondary,BNF,BEAR_PUT,244.2081298828125,-546.0,False,False,False
2746,2026-07-17,BEAR_PUT_BNF_57800_58100_W300,secondary,BNF,BEAR_PUT,234.0589599609375,-673.5,False,False,False
2746,2026-07-17,BEAR_PUT_BNF_57700_58100_W400,secondary,BNF,BEAR_PUT,210.42962646484375,-912.0,False,False,False
2746,2026-07-17,BEAR_PUT_BNF_57600_58100_W500,secondary,BNF,BEAR_PUT,210.138671875,-1180.5,False,False,False
2746,2026-07-17,BEAR_PUT_BNF_57500_58100_W600,secondary,BNF,BEAR_PUT,199.12881469726562,-1333.5,False,False,False
2746,2026-07-17,BEAR_PUT_BNF_57300_58100_W800,secondary,BNF,BEAR_PUT,163.7648162841797,-1708.5,False,False,False
2746,2026-07-17,BEAR_PUT_BNF_57100_58100_W1000,secondary,BNF,BEAR_PUT,138.25308227539062,-2166.0,False,False,False
2747,2026-07-17,BEAR_PUT_NF_24050_24250_W200,primary,NF,BEAR_PUT,1188.8238525390625,-832.0,True,True,False
2747,2026-07-17,BEAR_PUT_NF_24100_24250_W150,secondary,NF,BEAR_PUT,832.916748046875,-653.25,False,False,False
2747,2026-07-17,__NO_TRADE__,synthetic_no_trade,NF,NO_TRADE,368.604736328125,0.0,False,False,True
2747,2026-07-17,BEAR_PUT_BNF_57900_58100_W200,secondary,BNF,BEAR_PUT,224.28128051757812,-604.5,False,False,False
2747,2026-07-17,BEAR_PUT_BNF_57800_58100_W300,secondary,BNF,BEAR_PUT,192.62710571289062,-792.0,False,False,False
2747,2026-07-17,BEAR_PUT_BNF_57600_58100_W500,secondary,BNF,BEAR_PUT,186.13784790039062,-1330.5,False,False,False
2747,2026-07-17,BEAR_PUT_BNF_57700_58100_W400,secondary,BNF,BEAR_PUT,175.63014221191406,-1066.5,False,False,False
2747,2026-07-17,BEAR_PUT_BNF_57500_58100_W600,secondary,BNF,BEAR_PUT,173.60653686523438,-1542.0,False,False,False
2747,2026-07-17,BEAR_PUT_BNF_57300_58100_W800,secondary,BNF,BEAR_PUT,148.1216583251953,-1930.5,False,False,False
2747,2026-07-17,BEAR_PUT_BNF_57100_58100_W1000,secondary,BNF,BEAR_PUT,127.20508575439453,-2421.0,False,False,False
2748,2026-07-17,BEAR_PUT_NF_24150_24250_W100,secondary,NF,BEAR_PUT,993.0269165039062,-266.5,True,False,False
2748,2026-07-17,BEAR_PUT_NF_24000_24300_W300,primary,NF,BEAR_PUT,948.6502075195312,-893.75,False,True,False
2748,2026-07-17,BEAR_PUT_NF_24100_24250_W150,secondary,NF,BEAR_PUT,813.079345703125,-438.75,False,False,False
2748,2026-07-17,BEAR_PUT_NF_24100_24300_W200,secondary,NF,BEAR_PUT,694.2950439453125,-594.75,False,False,False
2748,2026-07-17,BEAR_PUT_NF_24050_24300_W250,secondary,NF,BEAR_PUT,673.5123291015625,-708.5,False,False,False
2748,2026-07-17,__NO_TRADE__,synthetic_no_trade,NF,NO_TRADE,364.880859375,0.0,False,False,True
2748,2026-07-17,BEAR_PUT_BNF_57900_58100_W200,secondary,BNF,BEAR_PUT,257.8334655761719,-507.0,False,False,False
2748,2026-07-17,BEAR_PUT_BNF_57800_58100_W300,secondary,BNF,BEAR_PUT,257.22320556640625,-607.5,False,False,False
2748,2026-07-17,BEAR_PUT_BNF_57600_58100_W500,secondary,BNF,BEAR_PUT,230.3446044921875,-1045.5,False,False,False
2748,2026-07-17,BEAR_PUT_BNF_57700_58100_W400,secondary,BNF,BEAR_PUT,226.70962524414062,-844.5,False,False,False
2748,2026-07-17,BEAR_PUT_BNF_57500_58100_W600,secondary,BNF,BEAR_PUT,212.67166137695312,-1237.5,False,False,False
2748,2026-07-17,BEAR_PUT_BNF_57300_58100_W800,secondary,BNF,BEAR_PUT,176.2825927734375,-1542.0,False,False,False
2748,2026-07-17,BEAR_PUT_BNF_57100_58100_W1000,secondary,BNF,BEAR_PUT,147.85621643066406,-1950.0,False,False,False
2749,2026-07-17,BEAR_PUT_NF_24150_24250_W100,secondary,NF,BEAR_PUT,988.1834716796875,-237.25,True,False,False
2749,2026-07-17,BEAR_PUT_NF_24000_24300_W300,primary,NF,BEAR_PUT,946.4007568359375,-851.5,False,True,False
2749,2026-07-17,BEAR_PUT_NF_24100_24250_W150,secondary,NF,BEAR_PUT,807.20556640625,-399.75,False,False,False
2749,2026-07-17,BEAR_PUT_NF_24100_24300_W200,secondary,NF,BEAR_PUT,694.6947021484375,-552.5,False,False,False
2749,2026-07-17,BEAR_PUT_NF_24050_24300_W250,secondary,NF,BEAR_PUT,674.9935913085938,-663.0,False,False,False
2749,2026-07-17,__NO_TRADE__,synthetic_no_trade,NF,NO_TRADE,364.22576904296875,0.0,False,False,True
2749,2026-07-17,BEAR_PUT_BNF_58000_58200_W200,secondary,BNF,BEAR_PUT,276.6025695800781,-463.5,False,False,False
2749,2026-07-17,BEAR_PUT_BNF_57900_58200_W300,secondary,BNF,BEAR_PUT,258.6030578613281,-688.5,False,False,False
2749,2026-07-17,BEAR_PUT_BNF_57700_58200_W500,secondary,BNF,BEAR_PUT,242.0923614501953,-946.5,False,False,False
2749,2026-07-17,BEAR_PUT_BNF_57800_58200_W400,secondary,BNF,BEAR_PUT,238.678466796875,-775.5,False,False,False
2749,2026-07-17,BEAR_PUT_BNF_57600_58200_W600,secondary,BNF,BEAR_PUT,214.65185546875,-1159.5,False,False,False
2749,2026-07-17,BEAR_PUT_BNF_57400_58200_W800,secondary,BNF,BEAR_PUT,176.95941162109375,-1434.0,False,False,False
2749,2026-07-17,BEAR_PUT_BNF_57200_58200_W1000,secondary,BNF,BEAR_PUT,141.5682373046875,-1704.0,False,False,False
2750,2026-07-17,BEAR_PUT_NF_24050_24250_W200,primary,NF,BEAR_PUT,1187.8677978515625,-815.75,True,True,False
2750,2026-07-17,BEAR_PUT_NF_24100_24250_W150,secondary,NF,BEAR_PUT,832.5882568359375,-640.25,False,False,False
2750,2026-07-17,__NO_TRADE__,synthetic_no_trade,NF,NO_TRADE,368.5875244140625,0.0,False,False,True
2750,2026-07-17,BEAR_PUT_BNF_57900_58100_W200,secondary,BNF,BEAR_PUT,260.0949401855469,-507.0,False,False,False
2750,2026-07-17,BEAR_PUT_BNF_57800_58100_W300,secondary,BNF,BEAR_PUT,229.85630798339844,-684.0,False,False,False
2750,2026-07-17,BEAR_PUT_BNF_57600_58100_W500,secondary,BNF,BEAR_PUT,210.41091918945312,-1152.0,False,False,False
2750,2026-07-17,BEAR_PUT_BNF_57700_58100_W400,secondary,BNF,BEAR_PUT,206.49961853027344,-922.5,False,False,False
2750,2026-07-17,BEAR_PUT_BNF_57500_58100_W600,secondary,BNF,BEAR_PUT,197.08883666992188,-1338.0,False,False,False
2750,2026-07-17,BEAR_PUT_BNF_57300_58100_W800,secondary,BNF,BEAR_PUT,165.45668029785156,-1672.5,False,False,False
2750,2026-07-17,BEAR_PUT_BNF_57100_58100_W1000,secondary,BNF,BEAR_PUT,141.7126922607422,-2101.5,False,False,False
2821,2026-07-20,BEAR_PUT_BNF_57500_57800_W300,secondary,BNF,BEAR_PUT,139.73716735839844,-862.5,True,False,False
2821,2026-07-20,BEAR_PUT_BNF_57400_57800_W400,secondary,BNF,BEAR_PUT,25.815631866455078,-1179.0,False,False,False
2821,2026-07-20,__NO_TRADE__,synthetic_no_trade,NF,NO_TRADE,21.56936264038086,0.0,False,False,True
2821,2026-07-20,BEAR_PUT_NF_24050_24250_W200,primary,NF,BEAR_PUT,-70.90418243408203,-1381.25,False,True,False
2821,2026-07-20,BEAR_PUT_BNF_57300_57800_W500,secondary,BNF,BEAR_PUT,-94.3786392211914,-1375.5,False,False,False
2821,2026-07-20,BEAR_PUT_BNF_57200_57800_W600,secondary,BNF,BEAR_PUT,-210.89666748046875,-1633.5,False,False,False
2821,2026-07-20,BEAR_PUT_BNF_57000_57800_W800,secondary,BNF,BEAR_PUT,-511.5291748046875,-2155.5,False,False,False
2822,2026-07-20,BEAR_PUT_BNF_57400_57800_W400,secondary,BNF,BEAR_PUT,18.885101318359375,-1293.0,True,False,False
2822,2026-07-20,__NO_TRADE__,synthetic_no_trade,BNF,NO_TRADE,-69.20665740966797,0.0,False,False,True
2822,2026-07-20,BEAR_PUT_BNF_57300_57800_W500,secondary,BNF,BEAR_PUT,-112.17557525634766,-1519.5,False,False,False
2822,2026-07-20,BEAR_PUT_BNF_57200_57800_W600,secondary,BNF,BEAR_PUT,-248.110107421875,-1806.0,False,False,False
2822,2026-07-20,BEAR_PUT_BNF_57000_57800_W800,primary,BNF,BEAR_PUT,-669.7713623046875,-2377.5,False,True,False
2879,2026-07-21,BEAR_PUT_BNF_57500_58100_W600,secondary,BNF,BEAR_PUT,-162.8536834716797,1239.0,True,False,False
2879,2026-07-21,__NO_TRADE__,synthetic_no_trade,NF,NO_TRADE,-331.3388671875,0.0,False,False,False
2879,2026-07-21,BEAR_PUT_BNF_57600_58100_W500,secondary,BNF,BEAR_PUT,-452.3077697753906,1060.5,False,False,False
2879,2026-07-21,BEAR_PUT_NF_24150_24250_W100,primary,NF,BEAR_PUT,-547.4177856445312,1781.0,False,True,True
2879,2026-07-21,BEAR_PUT_BNF_57900_58100_W200,secondary,BNF,BEAR_PUT,-556.9384155273438,423.0,False,False,False
2879,2026-07-21,BEAR_PUT_BNF_57700_58100_W400,secondary,BNF,BEAR_PUT,-567.8851318359375,888.0,False,False,False
2879,2026-07-21,BEAR_PUT_BNF_57800_58100_W300,secondary,BNF,BEAR_PUT,-570.3937377929688,657.0,False,False,False
2880,2026-07-21,BEAR_PUT_BNF_57500_58100_W600,primary,BNF,BEAR_PUT,-315.39447021484375,1395.0,True,True,True
2880,2026-07-21,__NO_TRADE__,synthetic_no_trade,BNF,NO_TRADE,-349.8902587890625,0.0,False,False,False
2880,2026-07-21,BEAR_PUT_BNF_57600_58100_W500,secondary,BNF,BEAR_PUT,-362.029052734375,1221.0,False,False,False
2880,2026-07-21,BEAR_PUT_BNF_57700_58100_W400,secondary,BNF,BEAR_PUT,-515.4844970703125,970.5,False,False,False
2880,2026-07-21,BEAR_PUT_BNF_57800_58100_W300,secondary,BNF,BEAR_PUT,-547.362060546875,720.0,False,False,False
2880,2026-07-21,BEAR_PUT_BNF_57900_58100_W200,secondary,BNF,BEAR_PUT,-548.9195556640625,454.5,False,False,False
2881,2026-07-21,__NO_TRADE__,synthetic_no_trade,NF,NO_TRADE,-328.21514892578125,0.0,True,False,False
2881,2026-07-21,BEAR_PUT_BNF_57600_58000_W400,secondary,BNF,BEAR_PUT,-392.8204040527344,757.5,False,False,False
2881,2026-07-21,BEAR_PUT_BNF_57700_58000_W300,secondary,BNF,BEAR_PUT,-488.4636535644531,574.5,False,False,False
2881,2026-07-21,BEAR_PUT_BNF_57800_58000_W200,secondary,BNF,BEAR_PUT,-536.860595703125,364.5,False,False,False
2881,2026-07-21,BEAR_PUT_NF_24100_24250_W150,primary,NF,BEAR_PUT,-552.9617919921875,1075.75,False,True,False
2881,2026-07-21,BEAR_PUT_NF_24150_24250_W100,secondary,NF,BEAR_PUT,-556.2606201171875,1634.75,False,False,True
2882,2026-07-21,__NO_TRADE__,synthetic_no_trade,NF,NO_TRADE,-326.7466125488281,0.0,True,False,False
2882,2026-07-21,BEAR_PUT_BNF_57600_58000_W400,secondary,BNF,BEAR_PUT,-407.51641845703125,651.0,False,False,False
2882,2026-07-21,BEAR_PUT_BNF_57700_58000_W300,secondary,BNF,BEAR_PUT,-488.27105712890625,490.5,False,False,False
2882,2026-07-21,BEAR_PUT_BNF_57800_58000_W200,secondary,BNF,BEAR_PUT,-524.3114013671875,304.5,False,False,False
2882,2026-07-21,BEAR_PUT_NF_24100_24250_W150,primary,NF,BEAR_PUT,-544.92724609375,1017.25,False,True,False
2882,2026-07-21,BEAR_PUT_NF_24150_24250_W100,secondary,NF,BEAR_PUT,-550.3585205078125,1576.25,False,False,True
2883,2026-07-21,BEAR_PUT_BNF_57500_58000_W500,secondary,BNF,BEAR_PUT,-213.849853515625,846.0,True,False,False
2883,2026-07-21,__NO_TRADE__,synthetic_no_trade,NF,NO_TRADE,-327.50225830078125,0.0,False,False,False
2883,2026-07-21,BEAR_PUT_BNF_57600_58000_W400,secondary,BNF,BEAR_PUT,-361.5513610839844,706.5,False,False,False
2883,2026-07-21,BEAR_PUT_BNF_57700_58000_W300,secondary,BNF,BEAR_PUT,-466.5762634277344,523.5,False,False,False
2883,2026-07-21,BEAR_PUT_BNF_57800_58000_W200,secondary,BNF,BEAR_PUT,-510.1341552734375,342.0,False,False,False
2883,2026-07-21,BEAR_PUT_NF_24150_24250_W100,primary,NF,BEAR_PUT,-535.018798828125,1764.75,False,True,True
2954,2026-07-22,BEAR_PUT_NF_23900_24050_W150,secondary,NF,BEAR_PUT,76.2235107421875,893.75,True,False,False
2954,2026-07-22,__NO_TRADE__,synthetic_no_trade,NF,NO_TRADE,69.3387451171875,0.0,False,False,False
2954,2026-07-22,BEAR_PUT_NF_23900_24100_W200,secondary,NF,BEAR_PUT,-34.090606689453125,1118.0,False,False,False
2954,2026-07-22,BEAR_PUT_NF_23850_24100_W250,secondary,NF,BEAR_PUT,-131.25233459472656,1322.75,False,False,False
2954,2026-07-22,BEAR_PUT_NF_23800_24100_W300,primary,NF,BEAR_PUT,-188.3223876953125,1540.5,False,True,True
2955,2026-07-22,BEAR_PUT_NF_23950_24050_W100,secondary,NF,BEAR_PUT,191.7706756591797,432.25,True,False,False
2955,2026-07-22,BEAR_PUT_NF_23900_24000_W100,secondary,NF,BEAR_PUT,173.30271911621094,334.75,False,False,False
2955,2026-07-22,__NO_TRADE__,synthetic_no_trade,NF,NO_TRADE,67.082763671875,0.0,False,False,False
2955,2026-07-22,BEAR_PUT_BNF_57100_57300_W200,secondary,BNF,BEAR_PUT,-77.91483306884766,492.0,False,False,False
2955,2026-07-22,BEAR_PUT_NF_23800_24050_W250,primary,NF,BEAR_PUT,-125.57207489013672,780.0,False,True,True
2955,2026-07-22,BEAR_PUT_BNF_56900_57300_W400,secondary,BNF,BEAR_PUT,-175.50204467773438,772.5,False,False,False
2955,2026-07-22,BEAR_PUT_NF_23850_24050_W200,secondary,NF,BEAR_PUT,-177.47885131835938,637.0,False,False,False
2956,2026-07-22,__NO_TRADE__,synthetic_no_trade,BNF,NO_TRADE,-1.3055734634399414,0.0,True,False,False
2956,2026-07-22,BEAR_PUT_BNF_56800_57300_W500,primary,BNF,BEAR_PUT,-138.85548400878906,670.5,False,True,True
3029,2026-07-23,BEAR_PUT_NF_23750_23950_W200,primary,NF,BEAR_PUT,184.12904357910156,861.25,True,True,True
3029,2026-07-23,__NO_TRADE__,synthetic_no_trade,NF,NO_TRADE,103.54615020751953,0.0,False,False,False
