snapshot_id,day,menu_size_real,context_rows,context_win_rate_pnl_positive,model_pick_id,model_pick_role,model_pick_strategy,model_predicted_pnl,model_pick_pnl,brain_primary_id,brain_primary_strategy,brain_primary_pnl,menu_avg_pnl_including_no_trade,oracle_pick_id,oracle_pick_strategy,oracle_pnl_including_no_trade,latency_sec
329,2026-06-03,20,256,0.8515625,BULL_PUT_NF_23100_22800_W300,secondary,BULL_PUT,2484.16796875,1946.75,BEAR_CALL_NF_23400_23550_W150,BEAR_CALL,-1436.5,-179.52380952380952,BULL_PUT_NF_23150_22750_W400,BULL_PUT,2561.0,40.71646821399918
335,2026-06-03,15,256,0.8515625,BULL_PUT_NF_23100_22800_W300,secondary,BULL_PUT,2190.841796875,2200.25,BEAR_CALL_NF_23400_23550_W150,BEAR_CALL,-1608.75,-912.84375,BULL_PUT_NF_23100_22700_W400,BULL_PUT,2635.75,40.71646821399918
380,2026-06-03,13,256,0.8515625,BEAR_CALL_NF_23500_23750_W250,secondary,BEAR_CALL,1432.47119140625,-1124.5,BEAR_PUT_NF_23150_23300_W150,BEAR_PUT,-838.5,-1056.1964285714287,__NO_TRADE__,NO_TRADE,0.0,40.71646821399918
391,2026-06-03,15,256,0.8515625,BEAR_CALL_NF_23550_23950_W400,secondary,BEAR_CALL,1746.34033203125,354.25,BEAR_CALL_NF_23550_23700_W150,BEAR_CALL,94.25,111.515625,BEAR_CALL_NF_23550_23950_W400,BEAR_CALL,354.25,40.71646821399918
392,2026-06-03,15,256,0.8515625,BULL_PUT_NF_23250_22850_W400,secondary,BULL_PUT,1737.543701171875,-126.75,BEAR_CALL_NF_23550_23700_W150,BEAR_CALL,334.75,337.796875,BEAR_CALL_NF_23550_23950_W400,BEAR_CALL,906.75,40.71646821399918
393,2026-06-03,15,256,0.8515625,BULL_PUT_NF_23250_22850_W400,secondary,BULL_PUT,1788.8028564453125,-390.0,BEAR_CALL_NF_23600_23750_W150,BEAR_CALL,656.5,116.1875,BEAR_CALL_NF_23600_24000_W400,BEAR_CALL,1569.75,40.71646821399918
394,2026-06-03,15,256,0.8515625,BULL_PUT_NF_23250_22850_W400,secondary,BULL_PUT,1740.702880859375,-234.0,BEAR_CALL_NF_23550_23700_W150,BEAR_CALL,357.5,368.875,BEAR_CALL_NF_23550_23950_W400,BEAR_CALL,1101.75,40.71646821399918
395,2026-06-03,15,256,0.8515625,BULL_PUT_NF_23250_22850_W400,secondary,BULL_PUT,1752.92236328125,-240.5,BEAR_CALL_NF_23550_23700_W150,BEAR_CALL,568.75,511.671875,BEAR_CALL_NF_23550_23950_W400,BEAR_CALL,1446.25,40.71646821399918
396,2026-06-03,20,256,0.8515625,BULL_PUT_NF_23250_22850_W400,secondary,BULL_PUT,1769.708984375,-305.5,BEAR_CALL_NF_23600_23750_W150,BEAR_CALL,591.5,120.07142857142857,BEAR_CALL_NF_23600_24000_W400,BEAR_CALL,1566.5,40.71646821399918
397,2026-06-03,15,256,0.8515625,BULL_PUT_NF_23250_22850_W400,secondary,BULL_PUT,1792.6453857421875,-461.5,BEAR_CALL_NF_23600_23750_W150,BEAR_CALL,721.5,111.109375,BEAR_CALL_NF_23600_24000_W400,BEAR_CALL,1612.0,40.71646821399918
398,2026-06-03,15,256,0.8515625,BULL_PUT_NF_23300_22900_W400,secondary,BULL_PUT,1641.80712890625,-708.5,BEAR_CALL_NF_23600_23750_W150,BEAR_CALL,802.75,583.984375,BEAR_CALL_NF_23600_24000_W400,BEAR_CALL,1846.0,40.71646821399918
399,2026-06-03,15,256,0.8515625,BULL_PUT_NF_23250_22850_W400,secondary,BULL_PUT,1758.9757080078125,-539.5,BEAR_CALL_NF_23600_23750_W150,BEAR_CALL,624.0,47.328125,BEAR_CALL_NF_23600_24000_W400,BEAR_CALL,1540.5,40.71646821399918
400,2026-06-03,15,256,0.8515625,BULL_PUT_NF_23250_22850_W400,secondary,BULL_PUT,1760.551025390625,-295.75,BEAR_CALL_NF_23550_23700_W150,BEAR_CALL,351.0,283.359375,BEAR_CALL_NF_23600_24000_W400,BEAR_CALL,841.75,40.71646821399918
401,2026-06-03,20,256,0.8515625,BULL_PUT_NF_23250_22850_W400,secondary,BULL_PUT,1827.1202392578125,-500.5,BEAR_CALL_NF_23550_23700_W150,BEAR_CALL,390.0,117.92857142857143,BEAR_CALL_NF_23550_23950_W400,BEAR_CALL,975.0,40.71646821399918
402,2026-06-03,15,256,0.8515625,BEAR_CALL_NF_23550_23950_W400,secondary,BEAR_CALL,1853.3271484375,45.5,BEAR_CALL_NF_23550_23700_W150,BEAR_CALL,29.25,-30.0625,BEAR_CALL_NF_23550_23950_W400,BEAR_CALL,45.5,40.71646821399918
403,2026-06-03,10,256,0.8515625,BEAR_CALL_NF_23550_23950_W400,secondary,BEAR_CALL,1827.03759765625,3.25,BEAR_CALL_NF_23550_23700_W150,BEAR_CALL,9.75,0.5909090909090909,BEAR_CALL_NF_23550_23750_W200,BEAR_CALL,22.75,40.71646821399918
404,2026-06-03,15,256,0.8515625,BEAR_CALL_NF_23550_23950_W400,secondary,BEAR_CALL,1887.046630859375,156.0,BEAR_CALL_NF_23550_23700_W150,BEAR_CALL,87.75,49.5625,BEAR_CALL_NF_23550_23950_W400,BEAR_CALL,156.0,40.71646821399918
413,2026-06-04,10,256,0.6171875,BEAR_CALL_NF_23550_23700_W150,secondary,BEAR_CALL,-288.06707763671875,-425.75,BEAR_PUT_NF_23150_23400_W250,BEAR_PUT,-1173.25,-598.8863636363636,__NO_TRADE__,NO_TRADE,0.0,12.96765551599674
414,2026-06-04,11,256,0.6171875,__NO_TRADE__,synthetic_no_trade,NO_TRADE,-156.15028381347656,0.0,BEAR_PUT_BNF_53200_54200_W1000,BEAR_PUT,-705.0,-623.4583333333334,__NO_TRADE__,NO_TRADE,0.0,12.96765551599674
415,2026-06-04,8,256,0.6171875,BEAR_CALL_NF_23550_23700_W150,secondary,BEAR_CALL,-142.14585876464844,-211.25,BEAR_PUT_NF_23200_23400_W200,BEAR_PUT,-601.25,-274.80555555555554,__NO_TRADE__,NO_TRADE,0.0,12.96765551599674
416,2026-06-04,20,256,0.6171875,BEAR_CALL_NF_23600_23750_W150,secondary,BEAR_CALL,295.60772705078125,19.5,BEAR_PUT_NF_23150_23450_W300,BEAR_PUT,-627.25,-85.92857142857143,BEAR_CALL_NF_23600_24000_W400,BEAR_CALL,292.5,12.96765551599674
417,2026-06-04,9,256,0.6171875,BEAR_PUT_BNF_53500_54300_W800,secondary,BEAR_PUT,-229.86083984375,-256.5,BEAR_PUT_NF_23150_23450_W300,BEAR_PUT,-546.0,-279.925,__NO_TRADE__,NO_TRADE,0.0,12.96765551599674
424,2026-06-04,8,256,0.6171875,BEAR_PUT_BNF_53500_54100_W600,secondary,BEAR_PUT,-169.00979614257812,-411.0,BEAR_PUT_NF_23100_23400_W300,BEAR_PUT,-1290.25,-625.7222222222222,__NO_TRADE__,NO_TRADE,0.0,12.96765551599674
425,2026-06-04,12,256,0.6171875,BEAR_CALL_NF_23550_23700_W150,secondary,BEAR_CALL,-259.10760498046875,-357.5,BEAR_PUT_NF_23100_23400_W300,BEAR_PUT,-1394.25,-630.5384615384615,__NO_TRADE__,NO_TRADE,0.0,12.96765551599674
426,2026-06-04,14,256,0.6171875,BEAR_CALL_NF_23600_23750_W150,secondary,BEAR_CALL,210.69313049316406,-120.25,BEAR_PUT_BNF_53400_54200_W800,BEAR_PUT,-333.0,-215.03333333333333,__NO_TRADE__,NO_TRADE,0.0,12.96765551599674
427,2026-06-04,10,256,0.6171875,BEAR_PUT_BNF_53600_54400_W800,secondary,BEAR_PUT,-252.82589721679688,-88.5,BEAR_PUT_NF_23150_23450_W300,BEAR_PUT,-689.0,-311.52272727272725,__NO_TRADE__,NO_TRADE,0.0,12.96765551599674
428,2026-06-04,8,256,0.6171875,BEAR_PUT_BNF_53400_54400_W1000,secondary,BEAR_PUT,-327.502197265625,-79.5,BEAR_PUT_NF_23150_23450_W300,BEAR_PUT,-711.75,-326.97222222222223,__NO_TRADE__,NO_TRADE,0.0,12.96765551599674
429,2026-06-04,4,256,0.6171875,__NO_TRADE__,synthetic_no_trade,NO_TRADE,-160.53294372558594,0.0,BEAR_PUT_BNF_53400_54400_W1000,BEAR_PUT,-51.0,-145.25,__NO_TRADE__,NO_TRADE,0.0,12.96765551599674
430,2026-06-04,9,256,0.6171875,BEAR_PUT_BNF_53700_54300_W600,secondary,BEAR_PUT,-146.69717407226562,-207.0,BEAR_PUT_BNF_53300_54300_W1000,BEAR_PUT,-313.5,-426.225,__NO_TRADE__,NO_TRADE,0.0,12.96765551599674
457,2026-06-04,1,256,0.6171875,__NO_TRADE__,synthetic_no_trade,NO_TRADE,-143.87704467773438,0.0,BEAR_PUT_BNF_53100_54100_W1000,BEAR_PUT,-1216.5,-608.25,__NO_TRADE__,NO_TRADE,0.0,12.96765551599674
458,2026-06-04,2,256,0.6171875,__NO_TRADE__,synthetic_no_trade,NO_TRADE,-140.61756896972656,0.0,BEAR_PUT_BNF_53100_54100_W1000,BEAR_PUT,-1219.5,-890.75,__NO_TRADE__,NO_TRADE,0.0,12.96765551599674
459,2026-06-04,1,256,0.6171875,__NO_TRADE__,synthetic_no_trade,NO_TRADE,-401.47857666015625,0.0,BEAR_PUT_NF_23150_23350_W200,BEAR_PUT,-1433.25,-716.625,__NO_TRADE__,NO_TRADE,0.0,12.96765551599674
460,2026-06-04,2,256,0.6171875,__NO_TRADE__,synthetic_no_trade,NO_TRADE,-148.00643920898438,0.0,BEAR_PUT_BNF_53100_54100_W1000,BEAR_PUT,-1213.5,-736.0,__NO_TRADE__,NO_TRADE,0.0,12.96765551599674
471,2026-06-04,5,256,0.6171875,BULL_PUT_BNF_54000_53500_W500,secondary,BULL_PUT,661.5648193359375,73.5,BULL_PUT_BNF_54000_53600_W400,BULL_PUT,22.5,87.25,BULL_PUT_BNF_54000_53200_W800,BULL_PUT,198.0,12.96765551599674
472,2026-06-04,5,256,0.6171875,BULL_PUT_BNF_54000_53400_W600,secondary,BULL_PUT,651.1661376953125,-190.5,BULL_PUT_BNF_54000_53600_W400,BULL_PUT,-174.0,-149.75,__NO_TRADE__,NO_TRADE,0.0,12.96765551599674
473,2026-06-04,5,256,0.6171875,BULL_PUT_BNF_54000_53500_W500,secondary,BULL_PUT,630.413818359375,-133.5,BULL_PUT_BNF_54000_53600_W400,BULL_PUT,-165.0,-120.0,__NO_TRADE__,NO_TRADE,0.0,12.96765551599674
474,2026-06-04,5,256,0.6171875,BULL_PUT_BNF_54000_53400_W600,secondary,BULL_PUT,677.8305053710938,-189.0,BULL_PUT_BNF_54000_53600_W400,BULL_PUT,-172.5,-148.75,__NO_TRADE__,NO_TRADE,0.0,12.96765551599674
476,2026-06-04,5,256,0.6171875,BULL_PUT_BNF_54000_53500_W500,secondary,BULL_PUT,671.3078002929688,31.5,BULL_PUT_BNF_54000_53600_W400,BULL_PUT,33.0,78.75,BULL_PUT_BNF_54000_53200_W800,BULL_PUT,229.5,12.96765551599674
478,2026-06-04,5,256,0.6171875,BULL_PUT_BNF_54000_53500_W500,secondary,BULL_PUT,617.4457397460938,-1.5,BULL_PUT_BNF_54000_53600_W400,BULL_PUT,-54.0,15.75,BULL_PUT_BNF_54000_53200_W800,BULL_PUT,103.5,12.96765551599674
479,2026-06-04,5,256,0.6171875,BULL_PUT_BNF_54000_53500_W500,secondary,BULL_PUT,599.7108154296875,-21.0,BULL_PUT_BNF_54000_53600_W400,BULL_PUT,-66.0,-5.5,BULL_PUT_BNF_54000_53200_W800,BULL_PUT,81.0,12.96765551599674
480,2026-06-04,5,256,0.6171875,BULL_PUT_BNF_54000_53500_W500,secondary,BULL_PUT,592.5540771484375,-58.5,BULL_PUT_BNF_54000_53600_W400,BULL_PUT,-82.5,-41.5,BULL_PUT_BNF_54000_53200_W800,BULL_PUT,21.0,12.96765551599674
481,2026-06-04,5,256,0.6171875,BULL_PUT_BNF_54000_53500_W500,secondary,BULL_PUT,565.9530029296875,-91.5,BULL_PUT_BNF_54000_53600_W400,BULL_PUT,-112.5,-101.75,__NO_TRADE__,NO_TRADE,0.0,12.96765551599674
497,2026-06-05,5,256,0.5625,BEAR_PUT_NF_23400_23500_W100,secondary,BEAR_PUT,66.8560562133789,848.25,BEAR_PUT_BNF_53900_54700_W800,BEAR_PUT,625.5,760.5833333333334,BEAR_PUT_NF_23300_23500_W200,BEAR_PUT,1485.25,12.068611869995948
498,2026-06-05,6,256,0.5625,BEAR_PUT_NF_23350_23450_W100,secondary,BEAR_PUT,-1.1532821655273438,650.0,BEAR_PUT_BNF_53800_54600_W800,BEAR_PUT,300.0,335.64285714285717,BEAR_PUT_NF_23300_23450_W150,BEAR_PUT,916.5,12.068611869995948
499,2026-06-05,6,256,0.5625,BEAR_PUT_BNF_54000_54500_W500,secondary,BEAR_PUT,-36.61972427368164,22.5,BEAR_PUT_NF_23200_23450_W250,BEAR_PUT,594.75,318.92857142857144,BEAR_PUT_NF_23200_23450_W250,BEAR_PUT,594.75,12.068611869995948
500,2026-06-05,2,256,0.5625,__NO_TRADE__,synthetic_no_trade,NO_TRADE,-105.16828918457031,0.0,BEAR_PUT_NF_23200_23350_W150,BEAR_PUT,-438.75,-227.5,__NO_TRADE__,NO_TRADE,0.0,12.068611869995948
501,2026-06-05,1,256,0.5625,__NO_TRADE__,synthetic_no_trade,NO_TRADE,-27.992042541503906,0.0,BEAR_PUT_BNF_53300_54300_W1000,BEAR_PUT,-1753.5,-876.75,__NO_TRADE__,NO_TRADE,0.0,12.068611869995948
502,2026-06-05,3,256,0.5625,__NO_TRADE__,synthetic_no_trade,NO_TRADE,-26.767921447753906,0.0,BEAR_PUT_BNF_53600_54400_W800,BEAR_PUT,-583.5,-491.1875,__NO_TRADE__,NO_TRADE,0.0,12.068611869995948
503,2026-06-05,4,256,0.5625,__NO_TRADE__,synthetic_no_trade,NO_TRADE,-139.9987335205078,0.0,BEAR_PUT_NF_23150_23400_W250,BEAR_PUT,-744.25,-447.25,__NO_TRADE__,NO_TRADE,0.0,12.068611869995948
504,2026-06-05,2,256,0.5625,__NO_TRADE__,synthetic_no_trade,NO_TRADE,-31.316932678222656,0.0,BEAR_PUT_BNF_53700_54500_W800,BEAR_PUT,-396.0,-122.25,BEAR_PUT_NF_23250_23400_W150,BEAR_PUT,29.25,12.068611869995948
505,2026-06-05,7,256,0.5625,BEAR_PUT_NF_23400_23500_W100,secondary,BEAR_PUT,50.760650634765625,763.75,BEAR_PUT_NF_23250_23500_W250,BEAR_PUT,1488.5,757.1875,BEAR_PUT_NF_23250_23500_W250,BEAR_PUT,1488.5,12.068611869995948
506,2026-06-05,6,256,0.5625,BEAR_PUT_BNF_54400_54800_W400,secondary,BEAR_PUT,-13.332172393798828,435.0,BEAR_PUT_BNF_54000_54800_W800,BEAR_PUT,960.0,597.0357142857143,BEAR_PUT_BNF_54000_54800_W800,BEAR_PUT,960.0,12.068611869995948
507,2026-06-05,6,256,0.5625,BEAR_PUT_BNF_54300_54700_W400,secondary,BEAR_PUT,-16.909957885742188,502.5,BEAR_PUT_NF_23250_23450_W200,BEAR_PUT,919.75,549.7857142857143,BEAR_PUT_NF_23250_23450_W200,BEAR_PUT,919.75,12.068611869995948
508,2026-06-05,4,256,0.5625,__NO_TRADE__,synthetic_no_trade,NO_TRADE,-30.090377807617188,0.0,BEAR_PUT_BNF_53800_54600_W800,BEAR_PUT,115.5,34.7,BEAR_PUT_BNF_53800_54600_W800,BEAR_PUT,115.5,12.068611869995948
509,2026-06-05,8,256,0.5625,BEAR_PUT_BNF_54200_54600_W400,secondary,BEAR_PUT,-23.850582122802734,162.0,BEAR_PUT_NF_23200_23450_W250,BEAR_PUT,516.75,293.80555555555554,BEAR_PUT_NF_23200_23450_W250,BEAR_PUT,516.75,12.068611869995948
510,2026-06-05,5,256,0.5625,BEAR_PUT_BNF_54200_54600_W400,secondary,BEAR_PUT,-15.417884826660156,51.0,BEAR_PUT_BNF_53800_54600_W800,BEAR_PUT,277.5,147.33333333333334,BEAR_PUT_BNF_53800_54600_W800,BEAR_PUT,277.5,12.068611869995948
511,2026-06-05,2,256,0.5625,__NO_TRADE__,synthetic_no_trade,NO_TRADE,-78.0561294555664,0.0,BEAR_PUT_NF_23250_23400_W150,BEAR_PUT,117.0,84.5,BEAR_PUT_NF_23300_23400_W100,BEAR_PUT,136.5,12.068611869995948
512,2026-06-05,4,256,0.5625,__NO_TRADE__,synthetic_no_trade,NO_TRADE,-35.423011779785156,0.0,BEAR_PUT_BNF_53800_54600_W800,BEAR_PUT,120.0,57.65,BEAR_PUT_BNF_53800_54600_W800,BEAR_PUT,120.0,12.068611869995948
523,2026-06-05,3,256,0.5625,__NO_TRADE__,synthetic_no_trade,NO_TRADE,-33.10354232788086,0.0,BEAR_PUT_BNF_53500_54500_W1000,BEAR_PUT,-381.0,-290.625,__NO_TRADE__,NO_TRADE,0.0,12.068611869995948
534,2026-06-05,1,256,0.5625,__NO_TRADE__,synthetic_no_trade,NO_TRADE,-11.509223937988281,0.0,BEAR_PUT_BNF_53200_54200_W1000,BEAR_PUT,-1585.5,-792.75,__NO_TRADE__,NO_TRADE,0.0,12.068611869995948
535,2026-06-05,1,256,0.5625,__NO_TRADE__,synthetic_no_trade,NO_TRADE,-201.69869995117188,0.0,BEAR_PUT_NF_23100_23300_W200,BEAR_PUT,-1742.0,-871.0,__NO_TRADE__,NO_TRADE,0.0,12.068611869995948
542,2026-06-05,5,256,0.5625,BULL_PUT_BNF_54000_53400_W600,secondary,BULL_PUT,219.96829223632812,714.0,BULL_PUT_BNF_54000_53600_W400,BULL_PUT,490.5,602.75,BULL_PUT_BNF_54000_53000_W1000,BULL_PUT,1104.0,12.068611869995948
543,2026-06-05,4,256,0.5625,__NO_TRADE__,synthetic_no_trade,NO_TRADE,-33.954368591308594,0.0,BEAR_PUT_BNF_53400_54400_W1000,BEAR_PUT,-757.5,-492.15,__NO_TRADE__,NO_TRADE,0.0,12.068611869995948
544,2026-06-05,4,256,0.5625,__NO_TRADE__,synthetic_no_trade,NO_TRADE,-27.928817749023438,0.0,BEAR_PUT_BNF_53500_54300_W800,BEAR_PUT,-885.0,-596.9,__NO_TRADE__,NO_TRADE,0.0,12.068611869995948
545,2026-06-05,2,256,0.5625,__NO_TRADE__,synthetic_no_trade,NO_TRADE,-155.44300842285156,0.0,BEAR_PUT_NF_23150_23350_W200,BEAR_PUT,-1049.75,-620.75,__NO_TRADE__,NO_TRADE,0.0,12.068611869995948
546,2026-06-05,2,256,0.5625,__NO_TRADE__,synthetic_no_trade,NO_TRADE,-45.44002914428711,0.0,BEAR_PUT_BNF_53900_54500_W600,BEAR_PUT,18.0,74.25,BEAR_PUT_NF_23300_23400_W100,BEAR_PUT,204.75,12.068611869995948
547,2026-06-05,6,256,0.5625,BEAR_PUT_BNF_53700_54500_W800,secondary,BEAR_PUT,-88.71232604980469,-457.5,BEAR_PUT_NF_23150_23400_W250,BEAR_PUT,-146.25,-114.10714285714286,BEAR_PUT_NF_23250_23350_W100,BEAR_PUT,3.25,12.068611869995948
548,2026-06-05,1,256,0.5625,__NO_TRADE__,synthetic_no_trade,NO_TRADE,-32.48870086669922,0.0,BEAR_PUT_BNF_53700_54500_W800,BEAR_PUT,-418.5,-209.25,__NO_TRADE__,NO_TRADE,0.0,12.068611869995948
549,2026-06-05,3,256,0.5625,__NO_TRADE__,synthetic_no_trade,NO_TRADE,-168.65151977539062,0.0,BEAR_PUT_NF_23150_23350_W200,BEAR_PUT,-718.25,-422.5,__NO_TRADE__,NO_TRADE,0.0,12.068611869995948
550,2026-06-05,2,256,0.5625,__NO_TRADE__,synthetic_no_trade,NO_TRADE,-31.91968536376953,0.0,BEAR_PUT_BNF_53700_54500_W800,BEAR_PUT,-334.5,-157.0,__NO_TRADE__,NO_TRADE,0.0,12.068611869995948
551,2026-06-05,2,256,0.5625,__NO_TRADE__,synthetic_no_trade,NO_TRADE,-37.57270050048828,0.0,BEAR_PUT_BNF_53700_54500_W800,BEAR_PUT,-409.5,-195.0,__NO_TRADE__,NO_TRADE,0.0,12.068611869995948
554,2026-06-05,4,256,0.5625,BEAR_PUT_BNF_54200_54500_W300,secondary,BEAR_PUT,-12.00008773803711,-124.5,BEAR_PUT_BNF_53700_54500_W800,BEAR_PUT,-141.0,-68.7,BEAR_PUT_BNF_53900_54500_W600,BEAR_PUT,13.5,12.068611869995948
578,2026-06-08,14,256,0.6328125,__NO_TRADE__,synthetic_no_trade,NO_TRADE,-326.8104248046875,0.0,BEAR_PUT_NF_22950_23200_W250,BEAR_PUT,848.25,646.8666666666667,BEAR_CALL_NF_23350_23750_W400,BEAR_CALL,1703.0,14.1513686410035
612,2026-06-08,14,256,0.6328125,BULL_PUT_NF_23000_22600_W400,secondary,BULL_PUT,1459.0416259765625,104.0,BEAR_CALL_NF_23300_23450_W150,BEAR_CALL,490.75,396.71666666666664,BEAR_CALL_NF_23300_23700_W400,BEAR_CALL,864.5,14.1513686410035
613,2026-06-08,18,256,0.6328125,BULL_PUT_NF_23000_22750_W250,secondary,BULL_PUT,1279.828369140625,-110.5,BEAR_CALL_NF_23300_23450_W150,BEAR_CALL,578.5,336.1578947368421,BEAR_CALL_NF_23300_23700_W400,BEAR_CALL,975.0,14.1513686410035
614,2026-06-08,17,256,0.6328125,BULL_PUT_NF_23000_22600_W400,secondary,BULL_PUT,1404.419189453125,13.0,BEAR_CALL_NF_23300_23450_W150,BEAR_CALL,461.5,284.9166666666667,BEAR_CALL_NF_23300_23700_W400,BEAR_CALL,796.25,14.1513686410035
615,2026-06-08,16,256,0.6328125,BULL_PUT_NF_23000_22600_W400,secondary,BULL_PUT,1486.4879150390625,100.75,BEAR_CALL_NF_23300_23450_W150,BEAR_CALL,406.25,273.19117647058823,BEAR_CALL_NF_23300_23700_W400,BEAR_CALL,721.5,14.1513686410035
616,2026-06-08,18,256,0.6328125,BULL_PUT_NF_23000_22750_W250,secondary,BULL_PUT,1297.3070068359375,-81.25,BEAR_CALL_NF_23350_23500_W150,BEAR_CALL,412.75,287.0,BEAR_CALL_NF_23300_23700_W400,BEAR_CALL,806.0,14.1513686410035
617,2026-06-08,13,256,0.6328125,BULL_PUT_NF_23000_22600_W400,secondary,BULL_PUT,1389.9783935546875,-9.75,BEAR_CALL_NF_23300_23450_W150,BEAR_CALL,438.75,309.2142857142857,BEAR_CALL_NF_23300_23700_W400,BEAR_CALL,744.25,14.1513686410035
618,2026-06-08,12,256,0.6328125,BULL_PUT_NF_23050_22650_W400,secondary,BULL_PUT,1356.621337890625,-903.5,BEAR_CALL_NF_23350_23500_W150,BEAR_CALL,607.75,-155.0,BEAR_CALL_NF_23350_23650_W300,BEAR_CALL,880.75,14.1513686410035
619,2026-06-08,18,256,0.6328125,BULL_PUT_NF_23050_22650_W400,secondary,BULL_PUT,1437.5078125,-767.0,BEAR_CALL_NF_23350_23500_W150,BEAR_CALL,591.5,-185.1578947368421,BEAR_CALL_NF_23350_23650_W300,BEAR_CALL,861.25,14.1513686410035
620,2026-06-08,13,256,0.6328125,BULL_PUT_NF_23050_22650_W400,secondary,BULL_PUT,1531.848876953125,-601.25,BULL_PUT_NF_23000_22850_W150,BULL_PUT,-234.0,-102.375,BEAR_CALL_NF_23350_23650_W300,BEAR_CALL,646.75,14.1513686410035
621,2026-06-08,13,256,0.6328125,BULL_PUT_NF_23000_22750_W250,secondary,BULL_PUT,1147.7802734375,-409.5,BEAR_CALL_NF_23300_23450_W150,BEAR_CALL,591.5,331.5,BEAR_CALL_NF_23300_23700_W400,BEAR_CALL,916.5,14.1513686410035
622,2026-06-08,16,256,0.6328125,BULL_PUT_NF_22950_22700_W250,secondary,BULL_PUT,1387.397705078125,253.5,BEAR_CALL_NF_23250_23400_W150,BEAR_CALL,-204.75,-114.23529411764706,BULL_PUT_NF_22950_22650_W300,BULL_PUT,263.25,14.1513686410035
623,2026-06-08,11,256,0.6328125,BULL_PUT_NF_23000_22600_W400,secondary,BULL_PUT,1556.911865234375,58.5,BEAR_CALL_NF_23300_23450_W150,BEAR_CALL,-19.5,24.104166666666668,BULL_PUT_NF_23000_22750_W250,BULL_PUT,71.5,14.1513686410035
624,2026-06-08,12,256,0.6328125,BULL_PUT_NF_23000_22600_W400,secondary,BULL_PUT,1502.0439453125,0.0,BEAR_CALL_NF_23300_23450_W150,BEAR_CALL,-13.0,0.5,BULL_PUT_NF_23000_22850_W150,BULL_PUT,22.75,14.1513686410035
625,2026-06-08,16,256,0.6328125,BULL_PUT_NF_23000_22600_W400,secondary,BULL_PUT,1599.077880859375,84.5,BEAR_CALL_NF_23250_23400_W150,BEAR_CALL,-81.25,-11.470588235294118,BULL_PUT_NF_23000_22600_W400,BULL_PUT,84.5,14.1513686410035
626,2026-06-08,10,256,0.6328125,__NO_TRADE__,synthetic_no_trade,NO_TRADE,-318.02984619140625,0.0,BEAR_PUT_NF_22950_23100_W150,BEAR_PUT,-240.5,-299.5681818181818,__NO_TRADE__,NO_TRADE,0.0,14.1513686410035
654,2026-06-09,2,256,0.6328125,BEAR_PUT_BNF_53700_54500_W800,secondary,BEAR_PUT,-22.446449279785156,-2536.5,BEAR_PUT_BNF_53500_54500_W1000,BEAR_PUT,-3130.5,-1889.0,__NO_TRADE__,NO_TRADE,0.0,11.108063953994133
655,2026-06-09,2,256,0.6328125,BEAR_PUT_BNF_53800_54600_W800,secondary,BEAR_PUT,-3.592254638671875,-2521.5,BEAR_PUT_BNF_53600_54600_W1000,BEAR_PUT,-2985.0,-1835.5,__NO_TRADE__,NO_TRADE,0.0,11.108063953994133
656,2026-06-09,2,256,0.6328125,BEAR_PUT_BNF_53800_54600_W800,secondary,BEAR_PUT,-7.341529846191406,-2370.0,BEAR_PUT_BNF_53600_54600_W1000,BEAR_PUT,-2817.0,-1729.0,__NO_TRADE__,NO_TRADE,0.0,11.108063953994133
659,2026-06-09,5,256,0.6328125,BEAR_PUT_NF_23100_23200_W100,secondary,BEAR_PUT,146.76463317871094,-2411.5,BEAR_PUT_NF_23000_23200_W200,BEAR_PUT,-3103.75,-2062.75,__NO_TRADE__,NO_TRADE,0.0,11.108063953994133
660,2026-06-09,4,256,0.6328125,BEAR_PUT_NF_23100_23200_W100,secondary,BEAR_PUT,186.98165893554688,-2574.0,BEAR_PUT_NF_23050_23200_W150,BEAR_PUT,-3100.5,-1912.2,__NO_TRADE__,NO_TRADE,0.0,11.108063953994133
661,2026-06-09,5,256,0.6328125,BULL_PUT_BNF_54500_54100_W400,primary,BULL_PUT,0.8042469024658203,780.0,BULL_PUT_BNF_54500_54100_W400,BULL_PUT,780.0,1043.5,BULL_PUT_BNF_54500_53500_W1000,BULL_PUT,1911.0,11.108063953994133
662,2026-06-09,4,256,0.6328125,BEAR_PUT_BNF_54200_54800_W600,secondary,BEAR_PUT,176.99685668945312,-1191.0,BEAR_PUT_NF_23100_23200_W100,BEAR_PUT,-2297.75,-1358.05,__NO_TRADE__,NO_TRADE,0.0,11.108063953994133
663,2026-06-09,4,256,0.6328125,BEAR_PUT_NF_23100_23200_W100,secondary,BEAR_PUT,186.12411499023438,-2466.75,BEAR_PUT_NF_23050_23200_W150,BEAR_PUT,-2951.0,-1809.55,__NO_TRADE__,NO_TRADE,0.0,11.108063953994133
664,2026-06-09,10,256,0.6328125,BEAR_CALL_BNF_55300_56300_W1000,secondary,BEAR_CALL,321.04888916015625,-2002.5,BEAR_CALL_BNF_55300_55800_W500,BEAR_CALL,-1081.5,-164.3181818181818,BULL_PUT_BNF_54500_53500_W1000,BULL_PUT,1551.0,11.108063953994133
665,2026-06-09,5,256,0.6328125,__NO_TRADE__,synthetic_no_trade,NO_TRADE,-97.59580993652344,0.0,BULL_PUT_BNF_54500_54100_W400,BULL_PUT,585.0,762.75,BULL_PUT_BNF_54500_53500_W1000,BULL_PUT,1432.5,11.108063953994133
666,2026-06-09,5,256,0.6328125,BULL_PUT_BNF_54500_54100_W400,primary,BULL_PUT,-46.756710052490234,555.0,BULL_PUT_BNF_54500_54100_W400,BULL_PUT,555.0,749.5,BULL_PUT_BNF_54500_53500_W1000,BULL_PUT,1413.0,11.108063953994133
667,2026-06-09,5,256,0.6328125,BULL_PUT_BNF_54500_54100_W400,primary,BULL_PUT,-33.76094436645508,529.5,BULL_PUT_BNF_54500_54100_W400,BULL_PUT,529.5,703.75,BULL_PUT_BNF_54500_53500_W1000,BULL_PUT,1332.0,11.108063953994133
668,2026-06-09,6,256,0.6328125,BEAR_PUT_BNF_54400_55000_W600,secondary,BEAR_PUT,192.11767578125,-843.0,BEAR_PUT_BNF_54000_55000_W1000,BEAR_PUT,-1198.5,-694.5,__NO_TRADE__,NO_TRADE,0.0,11.108063953994133
670,2026-06-09,5,256,0.6328125,BULL_PUT_BNF_54500_54100_W400,primary,BULL_PUT,17.504989624023438,469.5,BULL_PUT_BNF_54500_54100_W400,BULL_PUT,469.5,625.0,BULL_PUT_BNF_54500_53500_W1000,BULL_PUT,1177.5,11.108063953994133
673,2026-06-09,5,256,0.6328125,BULL_PUT_BNF_54500_54100_W400,primary,BULL_PUT,-16.740859985351562,490.5,BULL_PUT_BNF_54500_54100_W400,BULL_PUT,490.5,647.25,BULL_PUT_BNF_54500_53500_W1000,BULL_PUT,1264.5,11.108063953994133
685,2026-06-09,5,256,0.6328125,BULL_PUT_BNF_54600_54200_W400,primary,BULL_PUT,5.611328125,274.5,BULL_PUT_BNF_54600_54200_W400,BULL_PUT,274.5,323.5,BULL_PUT_BNF_54600_53600_W1000,BULL_PUT,577.5,11.108063953994133
876,2026-06-12,6,256,0.62890625,BEAR_PUT_BNF_55300_55900_W600,secondary,BEAR_PUT,233.57989501953125,-3013.5,BEAR_PUT_NF_23150_23350_W200,BEAR_PUT,-2964.0,-2667.3214285714284,__NO_TRADE__,NO_TRADE,0.0,9.526985048003553
877,2026-06-12,6,256,0.62890625,BEAR_PUT_BNF_55300_55900_W600,secondary,BEAR_PUT,230.12547302246094,-3096.0,BEAR_PUT_NF_23150_23350_W200,BEAR_PUT,-3006.25,-2728.535714285714,__NO_TRADE__,NO_TRADE,0.0,9.526985048003553
928,2026-06-12,5,256,0.62890625,BEAR_CALL_NF_23750_23950_W200,secondary,BEAR_CALL,210.6381378173828,-474.5,BULL_PUT_NF_23450_23300_W150,BULL_PUT,458.25,167.375,BULL_PUT_NF_23450_23200_W250,BULL_PUT,708.5,9.526985048003553
1000,2026-06-15,5,256,0.625,BEAR_CALL_NF_24000_24200_W200,secondary,BEAR_CALL,207.5302276611328,731.25,BEAR_CALL_NF_24000_24150_W150,BEAR_CALL,604.5,335.8333333333333,BEAR_CALL_NF_24000_24200_W200,BEAR_CALL,731.25,10.872669787000632
1001,2026-06-15,5,256,0.625,BULL_PUT_NF_23750_23600_W150,secondary,BULL_PUT,148.51083374023438,-513.5,BEAR_CALL_NF_24050_24200_W150,BEAR_CALL,679.25,217.75,BEAR_CALL_NF_24050_24300_W250,BEAR_CALL,903.5,10.872669787000632
1002,2026-06-15,5,256,0.625,BULL_PUT_NF_23750_23600_W150,secondary,BULL_PUT,147.15591430664062,-529.75,BEAR_CALL_NF_24050_24200_W150,BEAR_CALL,533.0,141.375,BEAR_CALL_NF_24050_24300_W250,BEAR_CALL,763.75,10.872669787000632
1003,2026-06-15,5,256,0.625,BULL_PUT_NF_23800_23650_W150,secondary,BULL_PUT,168.7736358642578,-747.5,BEAR_CALL_NF_24050_24200_W150,BEAR_CALL,676.0,-82.875,BEAR_CALL_NF_24050_24250_W200,BEAR_CALL,802.75,10.872669787000632
1004,2026-06-15,5,256,0.625,BULL_PUT_NF_23800_23650_W150,secondary,BULL_PUT,166.7911376953125,-731.25,BEAR_CALL_NF_24050_24200_W150,BEAR_CALL,679.25,-89.91666666666667,BEAR_CALL_NF_24050_24250_W200,BEAR_CALL,796.25,10.872669787000632
1005,2026-06-15,5,256,0.625,BEAR_CALL_NF_24050_24250_W200,secondary,BEAR_CALL,170.09408569335938,1085.5,BEAR_CALL_NF_24050_24200_W150,BEAR_CALL,906.75,410.0416666666667,BEAR_CALL_NF_24050_24250_W200,BEAR_CALL,1085.5,10.872669787000632
1006,2026-06-15,5,256,0.625,BULL_PUT_NF_23800_23600_W200,secondary,BULL_PUT,143.08958435058594,-1160.25,BULL_PUT_NF_23800_23650_W150,BULL_PUT,-958.75,14.625,BEAR_CALL_NF_24050_24200_W150,BEAR_CALL,822.25,10.872669787000632
1007,2026-06-15,5,256,0.625,BULL_PUT_NF_23800_23650_W150,secondary,BULL_PUT,166.7684326171875,-874.25,BULL_PUT_NF_23750_23600_W150,BULL_PUT,-702.0,-179.83333333333334,BEAR_CALL_NF_24050_24250_W200,BEAR_CALL,848.25,10.872669787000632
1008,2026-06-15,5,256,0.625,BULL_PUT_NF_23800_23650_W150,secondary,BULL_PUT,166.83322143554688,-864.5,BULL_PUT_NF_23750_23600_W150,BULL_PUT,-715.0,-196.08333333333334,BEAR_CALL_NF_24050_24250_W200,BEAR_CALL,793.0,10.872669787000632
1009,2026-06-15,5,256,0.625,BULL_PUT_NF_23750_23550_W200,secondary,BULL_PUT,134.2484130859375,-503.75,BULL_PUT_NF_23750_23600_W150,BULL_PUT,-448.5,35.208333333333336,BEAR_CALL_NF_24050_24300_W250,BEAR_CALL,445.25,10.872669787000632
1010,2026-06-15,5,256,0.625,BULL_PUT_NF_23750_23550_W200,secondary,BULL_PUT,137.17849731445312,-455.0,BULL_PUT_NF_23750_23600_W150,BULL_PUT,-409.5,18.958333333333332,BEAR_CALL_NF_24050_24300_W250,BEAR_CALL,373.75,10.872669787000632
1011,2026-06-15,5,256,0.625,BEAR_CALL_NF_24000_24250_W250,secondary,BEAR_CALL,165.98182678222656,351.0,BEAR_CALL_NF_24000_24150_W150,BEAR_CALL,266.5,28.166666666666668,BEAR_CALL_NF_24000_24250_W250,BEAR_CALL,351.0,10.872669787000632
1012,2026-06-15,5,256,0.625,BULL_PUT_NF_23700_23550_W150,secondary,BULL_PUT,143.65771484375,-87.75,BEAR_CALL_NF_24000_24150_W150,BEAR_CALL,52.0,17.333333333333332,BEAR_CALL_NF_24000_24200_W200,BEAR_CALL,55.25,10.872669787000632
1013,2026-06-15,5,256,0.625,BULL_PUT_NF_23700_23550_W150,secondary,BULL_PUT,150.3914794921875,9.75,BEAR_CALL_NF_24000_24150_W150,BEAR_CALL,-9.75,-1.625,BULL_PUT_NF_23700_23550_W150,BULL_PUT,9.75,10.872669787000632
1014,2026-06-15,5,256,0.625,BEAR_CALL_NF_24000_24250_W250,secondary,BEAR_CALL,176.28700256347656,386.75,BEAR_CALL_NF_24000_24150_W150,BEAR_CALL,217.75,4.333333333333333,BEAR_CALL_NF_24000_24250_W250,BEAR_CALL,386.75,10.872669787000632
1015,2026-06-15,4,256,0.625,BEAR_CALL_NF_24000_24250_W250,secondary,BEAR_CALL,156.91993713378906,188.5,BEAR_CALL_NF_24000_24150_W150,BEAR_CALL,91.0,139.75,BEAR_CALL_NF_24000_24300_W300,BEAR_CALL,247.0,10.872669787000632
938,2026-06-15,7,256,0.625,BEAR_PUT_BNF_57000_57600_W600,secondary,BEAR_PUT,204.7370147705078,1033.5,BEAR_CALL_NF_24100_24250_W150,BEAR_CALL,838.5,933.6875,BEAR_PUT_BNF_56600_57600_W1000,BEAR_PUT,1723.5,10.872669787000632
939,2026-06-15,6,256,0.625,BEAR_PUT_BNF_56700_57500_W800,secondary,BEAR_PUT,149.96380615234375,828.0,BEAR_CALL_NF_24100_24250_W150,BEAR_CALL,900.25,897.5,BEAR_CALL_NF_24100_24400_W300,BEAR_CALL,1283.75,10.872669787000632
940,2026-06-15,6,256,0.625,BEAR_PUT_BNF_56700_57500_W800,secondary,BEAR_PUT,150.77471923828125,790.5,BEAR_CALL_NF_24100_24250_W150,BEAR_CALL,828.75,832.0357142857143,BEAR_CALL_NF_24100_24400_W300,BEAR_CALL,1189.5,10.872669787000632
941,2026-06-15,6,256,0.625,BEAR_PUT_BNF_56600_57400_W800,secondary,BEAR_PUT,141.12619018554688,576.0,BEAR_CALL_NF_24100_24250_W150,BEAR_CALL,819.0,734.3571428571429,BEAR_CALL_NF_24100_24400_W300,BEAR_CALL,1179.75,10.872669787000632
942,2026-06-15,7,256,0.625,BEAR_PUT_NF_23750_23950_W200,primary,BEAR_PUT,193.27108764648438,1222.0,BEAR_PUT_NF_23750_23950_W200,BEAR_PUT,1222.0,776.21875,BEAR_PUT_NF_23750_23950_W200,BEAR_PUT,1222.0,10.872669787000632
943,2026-06-15,7,256,0.625,BEAR_PUT_BNF_56800_57400_W600,secondary,BEAR_PUT,214.43963623046875,495.0,BEAR_CALL_NF_24100_24250_W150,BEAR_CALL,1027.0,872.3125,BEAR_CALL_NF_24100_24400_W300,BEAR_CALL,1465.75,10.872669787000632
1105,2026-06-17,5,256,0.55859375,BEAR_PUT_BNF_56900_57500_W600,secondary,BEAR_PUT,34.167457580566406,-642.0,BEAR_PUT_BNF_56500_57500_W1000,BEAR_PUT,-1029.0,-591.5,__NO_TRADE__,NO_TRADE,0.0,10.172287547997257
1106,2026-06-17,10,256,0.55859375,BEAR_CALL_NF_24200_24600_W400,secondary,BEAR_CALL,1015.632080078125,607.75,BEAR_PUT_NF_23800_24100_W300,BEAR_PUT,-104.0,26.931818181818183,BEAR_CALL_NF_24200_24600_W400,BEAR_CALL,607.75,10.172287547997257
1107,2026-06-17,4,256,0.55859375,BEAR_PUT_BNF_56900_57500_W600,secondary,BEAR_PUT,35.20832824707031,-634.5,BEAR_PUT_BNF_56500_57500_W1000,BEAR_PUT,-1008.0,-594.9,__NO_TRADE__,NO_TRADE,0.0,10.172287547997257
1108,2026-06-17,4,256,0.55859375,BEAR_PUT_NF_23800_24100_W300,primary,BEAR_PUT,265.7391052246094,-188.5,BEAR_PUT_NF_23800_24100_W300,BEAR_PUT,-188.5,-498.2,__NO_TRADE__,NO_TRADE,0.0,10.172287547997257
1109,2026-06-17,4,256,0.55859375,BEAR_PUT_NF_23800_24100_W300,primary,BEAR_PUT,266.4573059082031,-188.5,BEAR_PUT_NF_23800_24100_W300,BEAR_PUT,-188.5,-473.0,__NO_TRADE__,NO_TRADE,0.0,10.172287547997257
1393,2026-06-22,11,256,0.6328125,BULL_PUT_BNF_57400_56600_W800,secondary,BULL_PUT,300.609375,453.0,BEAR_CALL_NF_24250_24400_W150,BEAR_CALL,224.25,10.125,BULL_PUT_BNF_57400_56600_W800,BULL_PUT,453.0,11.37328478800191
1394,2026-06-22,11,256,0.6328125,BULL_PUT_BNF_57400_56600_W800,secondary,BULL_PUT,300.14306640625,375.0,BULL_PUT_NF_24000_23850_W150,BULL_PUT,-13.0,19.833333333333332,BULL_PUT_BNF_57400_56600_W800,BULL_PUT,375.0,11.37328478800191
1395,2026-06-22,12,256,0.6328125,BULL_PUT_BNF_57400_56600_W800,secondary,BULL_PUT,299.7276916503906,337.5,BULL_PUT_NF_24000_23850_W150,BULL_PUT,-45.5,55.61538461538461,BULL_PUT_BNF_57400_56600_W800,BULL_PUT,337.5,11.37328478800191
1396,2026-06-22,11,256,0.6328125,BULL_PUT_BNF_57400_56600_W800,secondary,BULL_PUT,296.9335021972656,156.0,BEAR_CALL_NF_24250_24400_W150,BEAR_CALL,406.25,90.375,BEAR_CALL_NF_24250_24450_W200,BEAR_CALL,471.25,11.37328478800191
1397,2026-06-22,12,256,0.6328125,BULL_PUT_BNF_57400_56600_W800,secondary,BULL_PUT,298.4817810058594,153.0,BEAR_CALL_NF_24250_24400_W150,BEAR_CALL,399.75,66.76923076923077,BEAR_CALL_NF_24250_24450_W200,BEAR_CALL,455.0,11.37328478800191
1398,2026-06-22,12,256,0.6328125,BULL_PUT_BNF_57500_56700_W800,secondary,BULL_PUT,302.24639892578125,15.0,BULL_PUT_NF_24000_23850_W150,BULL_PUT,-143.0,78.21153846153847,BEAR_CALL_NF_24250_24450_W200,BEAR_CALL,438.75,11.37328478800191
1399,2026-06-22,11,256,0.6328125,BULL_PUT_BNF_57400_56600_W800,secondary,BULL_PUT,297.23809814453125,16.5,BEAR_CALL_NF_24250_24400_W150,BEAR_CALL,390.0,121.10416666666667,BEAR_CALL_NF_24250_24450_W200,BEAR_CALL,445.25,11.37328478800191
1400,2026-06-22,2,256,0.6328125,BEAR_CALL_NF_24250_24450_W200,secondary,BEAR_CALL,202.01809692382812,516.75,BEAR_CALL_NF_24250_24400_W150,BEAR_CALL,448.5,321.75,BEAR_CALL_NF_24250_24450_W200,BEAR_CALL,516.75,11.37328478800191
1401,2026-06-22,2,256,0.6328125,BEAR_CALL_NF_24250_24450_W200,secondary,BEAR_CALL,205.05023193359375,325.0,BEAR_CALL_NF_24250_24400_W150,BEAR_CALL,286.0,203.66666666666666,BEAR_CALL_NF_24250_24450_W200,BEAR_CALL,325.0,11.37328478800191
1402,2026-06-22,2,256,0.6328125,BEAR_CALL_NF_24250_24450_W200,secondary,BEAR_CALL,200.1988067626953,455.0,BEAR_CALL_NF_24250_24400_W150,BEAR_CALL,399.75,284.9166666666667,BEAR_CALL_NF_24250_24450_W200,BEAR_CALL,455.0,11.37328478800191
1403,2026-06-22,2,256,0.6328125,BEAR_CALL_NF_24250_24400_W150,primary,BEAR_CALL,99.71036529541016,71.5,BEAR_CALL_NF_24250_24400_W150,BEAR_CALL,71.5,13.0,BEAR_CALL_NF_24250_24400_W150,BEAR_CALL,71.5,11.37328478800191
1404,2026-06-22,2,256,0.6328125,__NO_TRADE__,synthetic_no_trade,NO_TRADE,3.008045196533203,0.0,BULL_PUT_NF_24000_23850_W150,BULL_PUT,159.25,109.41666666666667,BULL_PUT_NF_24000_23800_W200,BULL_PUT,169.0,11.37328478800191
1405,2026-06-22,1,256,0.6328125,__NO_TRADE__,synthetic_no_trade,NO_TRADE,2.9146881103515625,0.0,BULL_PUT_NF_24000_23850_W150,BULL_PUT,3.25,1.625,BULL_PUT_NF_24000_23850_W150,BULL_PUT,3.25,11.37328478800191
1406,2026-06-22,3,256,0.6328125,BEAR_CALL_NF_24200_24450_W250,secondary,BEAR_CALL,269.9261169433594,-120.25,BEAR_CALL_NF_24200_24350_W150,BEAR_CALL,-100.75,-83.6875,__NO_TRADE__,NO_TRADE,0.0,11.37328478800191
1411,2026-06-23,9,256,0.69921875,BULL_PUT_BNF_57400_56600_W800,secondary,BULL_PUT,325.5545959472656,-4569.0,BEAR_CALL_BNF_58400_58800_W400,BEAR_CALL,1882.5,-95.55,BEAR_CALL_BNF_58400_59400_W1000,BEAR_CALL,3378.0,16.78234650399827
1441,2026-06-23,4,256,0.69921875,BEAR_PUT_NF_24000_24100_W100,secondary,BEAR_PUT,-87.75053405761719,4650.75,BEAR_PUT_NF_23900_24100_W200,BEAR_PUT,10855.0,4880.95,BEAR_PUT_NF_23900_24100_W200,BEAR_PUT,10855.0,16.78234650399827
1442,2026-06-23,3,256,0.69921875,__NO_TRADE__,synthetic_no_trade,NO_TRADE,-163.3959197998047,0.0,BEAR_PUT_BNF_57200_57600_W400,BEAR_PUT,1780.5,977.25,BEAR_PUT_BNF_57200_57600_W400,BEAR_PUT,1780.5,16.78234650399827
1443,2026-06-23,2,256,0.69921875,__NO_TRADE__,synthetic_no_trade,NO_TRADE,-163.1043701171875,0.0,BEAR_PUT_BNF_57300_57600_W300,BEAR_PUT,1419.0,800.0,BEAR_PUT_BNF_57300_57600_W300,BEAR_PUT,1419.0,16.78234650399827
1444,2026-06-23,6,256,0.69921875,BEAR_CALL_BNF_58000_59000_W1000,secondary,BEAR_CALL,94.69575500488281,1902.0,BEAR_PUT_NF_23900_24000_W100,BEAR_PUT,4036.5,1631.357142857143,BEAR_PUT_NF_23900_24000_W100,BEAR_PUT,4036.5,16.78234650399827
1445,2026-06-23,6,256,0.69921875,BEAR_CALL_BNF_58000_59000_W1000,secondary,BEAR_CALL,97.8530044555664,1734.0,BEAR_PUT_BNF_57100_57500_W400,BEAR_PUT,1212.0,1131.857142857143,BEAR_CALL_BNF_58000_59000_W1000,BEAR_CALL,1734.0,16.78234650399827
1446,2026-06-23,7,256,0.69921875,BEAR_CALL_BNF_58000_59000_W1000,secondary,BEAR_CALL,90.78506469726562,1638.0,BEAR_PUT_BNF_57100_57500_W400,BEAR_PUT,1146.0,1043.4375,BEAR_CALL_BNF_58000_59000_W1000,BEAR_CALL,1638.0,16.78234650399827
1447,2026-06-23,6,256,0.69921875,BEAR_CALL_BNF_58000_59000_W1000,secondary,BEAR_CALL,94.90755462646484,1779.0,BEAR_PUT_BNF_57100_57500_W400,BEAR_PUT,1192.5,1146.642857142857,BEAR_CALL_BNF_58000_59000_W1000,BEAR_CALL,1779.0,16.78234650399827
1448,2026-06-23,5,256,0.69921875,BEAR_CALL_BNF_58000_59000_W1000,secondary,BEAR_CALL,95.41873931884766,1849.5,BEAR_CALL_BNF_58000_58400_W400,BEAR_CALL,1005.0,1176.25,BEAR_CALL_BNF_58000_59000_W1000,BEAR_CALL,1849.5,16.78234650399827
1449,2026-06-23,9,256,0.69921875,BULL_PUT_BNF_56900_56100_W800,secondary,BULL_PUT,519.3131103515625,-795.0,BEAR_CALL_BNF_57900_58300_W400,BEAR_CALL,655.5,231.6,BEAR_CALL_BNF_57900_58900_W1000,BEAR_CALL,1333.5,16.78234650399827
1450,2026-06-23,14,256,0.69921875,BULL_PUT_BNF_56900_56100_W800,secondary,BULL_PUT,526.9207153320312,-1185.0,BEAR_CALL_BNF_57900_58300_W400,BEAR_CALL,795.0,505.6,BEAR_CALL_BNF_57900_58900_W1000,BEAR_CALL,1567.5,16.78234650399827
1451,2026-06-23,14,256,0.69921875,BULL_PUT_BNF_56900_56100_W800,secondary,BULL_PUT,527.6767578125,-1173.0,BEAR_CALL_BNF_57900_58300_W400,BEAR_CALL,750.0,464.3,BEAR_CALL_BNF_57900_58900_W1000,BEAR_CALL,1483.5,16.78234650399827
1452,2026-06-23,14,256,0.69921875,BULL_PUT_BNF_56900_56100_W800,secondary,BULL_PUT,527.5119018554688,-1173.0,BEAR_CALL_BNF_57900_58300_W400,BEAR_CALL,750.0,464.3,BEAR_CALL_BNF_57900_58900_W1000,BEAR_CALL,1483.5,16.78234650399827
1453,2026-06-23,14,256,0.69921875,BULL_PUT_BNF_56900_56100_W800,secondary,BULL_PUT,526.271484375,-1104.0,BEAR_CALL_BNF_57900_58300_W400,BEAR_CALL,763.5,505.6,BEAR_CALL_BNF_57900_58900_W1000,BEAR_CALL,1543.5,16.78234650399827
1454,2026-06-23,9,256,0.69921875,BULL_PUT_BNF_57000_56200_W800,secondary,BULL_PUT,501.22576904296875,-1489.5,BEAR_CALL_BNF_58000_58400_W400,BEAR_CALL,786.0,106.8,BEAR_CALL_BNF_58000_59000_W1000,BEAR_CALL,1485.0,16.78234650399827
1455,2026-06-23,9,256,0.69921875,BULL_PUT_BNF_57000_56200_W800,secondary,BULL_PUT,500.2301025390625,-1504.5,BEAR_CALL_BNF_58000_58400_W400,BEAR_CALL,718.5,53.4,BEAR_CALL_BNF_58000_59000_W1000,BEAR_CALL,1341.0,16.78234650399827
1456,2026-06-23,9,256,0.69921875,BULL_PUT_BNF_56900_56100_W800,secondary,BULL_PUT,522.015380859375,-925.5,BEAR_CALL_BNF_57900_58300_W400,BEAR_CALL,562.5,122.1,BEAR_CALL_BNF_57900_58900_W1000,BEAR_CALL,1113.0,16.78234650399827
1457,2026-06-23,9,256,0.69921875,BULL_PUT_BNF_56900_56100_W800,secondary,BULL_PUT,519.9075317382812,-981.0,BEAR_CALL_BNF_57900_58300_W400,BEAR_CALL,616.5,157.35,BEAR_CALL_BNF_57900_58900_W1000,BEAR_CALL,1261.5,16.78234650399827
1458,2026-06-23,9,256,0.69921875,BULL_PUT_BNF_56900_56100_W800,secondary,BULL_PUT,516.5120239257812,-988.5,BEAR_CALL_BNF_57900_58300_W400,BEAR_CALL,621.0,144.75,BEAR_CALL_BNF_57900_58900_W1000,BEAR_CALL,1233.0,16.78234650399827
1459,2026-06-23,9,256,0.69921875,BULL_PUT_BNF_56900_56100_W800,secondary,BULL_PUT,502.4373474121094,-1050.0,BEAR_CALL_BNF_57900_58300_W400,BEAR_CALL,660.0,155.85,BEAR_CALL_BNF_57900_58900_W1000,BEAR_CALL,1317.0,16.78234650399827
1460,2026-06-23,9,256,0.69921875,BULL_PUT_BNF_57000_56200_W800,secondary,BULL_PUT,488.111328125,-1630.5,BEAR_CALL_BNF_58000_58400_W400,BEAR_CALL,808.5,72.15,BEAR_CALL_BNF_58000_59000_W1000,BEAR_CALL,1497.0,16.78234650399827
1461,2026-06-23,14,256,0.69921875,BULL_PUT_BNF_56900_56100_W800,secondary,BULL_PUT,513.43896484375,-1159.5,BEAR_CALL_BNF_57900_58300_W400,BEAR_CALL,669.0,387.5,BEAR_CALL_BNF_57900_58900_W1000,BEAR_CALL,1323.0,16.78234650399827
1462,2026-06-23,14,256,0.69921875,BULL_PUT_BNF_56900_56100_W800,secondary,BULL_PUT,518.353271484375,-1129.5,BEAR_CALL_BNF_57900_58300_W400,BEAR_CALL,678.0,400.1,BEAR_CALL_BNF_57900_58900_W1000,BEAR_CALL,1338.0,16.78234650399827
1463,2026-06-23,9,256,0.69921875,BULL_PUT_BNF_57000_56200_W800,secondary,BULL_PUT,508.15069580078125,-1345.5,BEAR_CALL_BNF_58000_58400_W400,BEAR_CALL,696.0,77.55,BEAR_CALL_BNF_58000_59000_W1000,BEAR_CALL,1287.0,16.78234650399827
1464,2026-06-23,14,256,0.69921875,BULL_PUT_BNF_56900_56100_W800,secondary,BULL_PUT,528.4490966796875,-993.0,BEAR_CALL_BNF_57900_58300_W400,BEAR_CALL,589.5,350.9,BEAR_CALL_BNF_57900_58900_W1000,BEAR_CALL,1182.0,16.78234650399827
1465,2026-06-23,14,256,0.69921875,BULL_PUT_BNF_56900_56100_W800,secondary,BULL_PUT,520.7081909179688,-1119.0,BEAR_CALL_BNF_57900_58300_W400,BEAR_CALL,640.5,370.1,BEAR_CALL_BNF_57900_58900_W1000,BEAR_CALL,1269.0,16.78234650399827
1466,2026-06-23,14,256,0.69921875,BULL_PUT_BNF_56900_56100_W800,secondary,BULL_PUT,509.868896484375,-1116.0,BEAR_CALL_BNF_57900_58300_W400,BEAR_CALL,628.5,345.8,BEAR_CALL_BNF_57900_58900_W1000,BEAR_CALL,1225.5,16.78234650399827
1467,2026-06-23,9,256,0.69921875,BULL_PUT_BNF_56900_56100_W800,secondary,BULL_PUT,506.7689208984375,-888.0,BEAR_CALL_BNF_57900_58300_W400,BEAR_CALL,526.5,114.6,BEAR_CALL_BNF_57900_58900_W1000,BEAR_CALL,1078.5,16.78234650399827
1468,2026-06-23,9,256,0.69921875,BULL_PUT_BNF_56800_56000_W800,secondary,BULL_PUT,541.1644287109375,-240.0,BEAR_CALL_BNF_57800_58200_W400,BEAR_CALL,300.0,138.3,BEAR_CALL_BNF_57800_58800_W1000,BEAR_CALL,633.0,16.78234650399827
1469,2026-06-23,9,256,0.69921875,BULL_PUT_BNF_56800_56000_W800,secondary,BULL_PUT,541.1939697265625,-301.5,BEAR_CALL_BNF_57800_58200_W400,BEAR_CALL,318.0,139.35,BEAR_CALL_BNF_57800_58800_W1000,BEAR_CALL,687.0,16.78234650399827
1470,2026-06-23,10,256,0.69921875,BULL_PUT_BNF_56800_55800_W1000,secondary,BULL_PUT,603.9957885742188,-84.0,BEAR_CALL_BNF_57800_58200_W400,BEAR_CALL,162.0,70.63636363636364,BEAR_CALL_BNF_57800_58800_W1000,BEAR_CALL,339.0,16.78234650399827
1471,2026-06-23,10,256,0.69921875,BULL_PUT_BNF_56800_55800_W1000,secondary,BULL_PUT,599.4033203125,-133.5,BEAR_CALL_BNF_57800_58200_W400,BEAR_CALL,240.0,112.5,BEAR_CALL_BNF_57800_58800_W1000,BEAR_CALL,522.0,16.78234650399827
1472,2026-06-23,9,256,0.69921875,BULL_PUT_BNF_56800_56000_W800,secondary,BULL_PUT,546.0143432617188,-325.5,BEAR_CALL_BNF_57800_58200_W400,BEAR_CALL,310.5,119.1,BEAR_CALL_BNF_57800_58800_W1000,BEAR_CALL,657.0,16.78234650399827
1473,2026-06-23,9,256,0.69921875,BULL_PUT_BNF_56800_56000_W800,secondary,BULL_PUT,530.8949584960938,-496.5,BEAR_CALL_BNF_57800_58200_W400,BEAR_CALL,349.5,91.2,BEAR_CALL_BNF_57800_58800_W1000,BEAR_CALL,697.5,16.78234650399827
1474,2026-06-23,9,256,0.69921875,BULL_PUT_BNF_56800_56000_W800,secondary,BULL_PUT,531.625244140625,-139.5,BEAR_CALL_BNF_57800_58200_W400,BEAR_CALL,130.5,40.65,BEAR_CALL_BNF_57800_58800_W1000,BEAR_CALL,247.5,16.78234650399827
1475,2026-06-23,10,256,0.69921875,BULL_PUT_BNF_56800_55800_W1000,secondary,BULL_PUT,612.1505737304688,-52.5,BEAR_CALL_BNF_57800_58200_W400,BEAR_CALL,27.0,1.2272727272727273,BEAR_CALL_BNF_57800_58800_W1000,BEAR_CALL,85.5,16.78234650399827
1476,2026-06-23,9,256,0.69921875,BULL_PUT_BNF_56800_56000_W800,secondary,BULL_PUT,525.8491821289062,-517.5,BEAR_CALL_BNF_57800_58200_W400,BEAR_CALL,238.5,12.0,BEAR_CALL_BNF_57800_58800_W1000,BEAR_CALL,486.0,16.78234650399827
1477,2026-06-23,9,256,0.69921875,BULL_PUT_BNF_56800_56000_W800,secondary,BULL_PUT,527.4459228515625,-403.5,BEAR_CALL_BNF_57800_58200_W400,BEAR_CALL,210.0,28.35,BEAR_CALL_BNF_57800_58800_W1000,BEAR_CALL,451.5,16.78234650399827
1478,2026-06-23,9,256,0.69921875,BULL_PUT_BNF_56900_56100_W800,secondary,BULL_PUT,516.1429443359375,-757.5,BEAR_CALL_BNF_57900_58300_W400,BEAR_CALL,288.0,-14.1,BEAR_CALL_BNF_57900_58900_W1000,BEAR_CALL,604.5,16.78234650399827
1479,2026-06-23,9,256,0.69921875,BULL_PUT_BNF_56800_56000_W800,secondary,BULL_PUT,530.54052734375,-499.5,BEAR_CALL_BNF_57800_58200_W400,BEAR_CALL,172.5,-34.2,BEAR_CALL_BNF_57800_58800_W1000,BEAR_CALL,352.5,16.78234650399827
1480,2026-06-23,9,256,0.69921875,BULL_PUT_BNF_56900_56100_W800,secondary,BULL_PUT,510.0472412109375,-804.0,BEAR_CALL_BNF_57900_58300_W400,BEAR_CALL,280.5,-43.8,BEAR_CALL_BNF_57900_58900_W1000,BEAR_CALL,549.0,16.78234650399827
1482,2026-06-23,9,256,0.69921875,BULL_PUT_BNF_56800_56000_W800,secondary,BULL_PUT,526.8590087890625,-573.0,BEAR_CALL_BNF_57800_58200_W400,BEAR_CALL,228.0,-31.95,BEAR_CALL_BNF_57800_58800_W1000,BEAR_CALL,393.0,16.78234650399827
1483,2026-06-23,9,256,0.69921875,BULL_PUT_BNF_56800_56000_W800,secondary,BULL_PUT,532.516845703125,-463.5,BEAR_CALL_BNF_57800_58200_W400,BEAR_CALL,154.5,-44.25,BEAR_CALL_BNF_57800_58800_W1000,BEAR_CALL,286.5,16.78234650399827
1484,2026-06-23,9,256,0.69921875,BULL_PUT_BNF_56900_56100_W800,secondary,BULL_PUT,499.3988342285156,-1105.5,BEAR_CALL_BNF_57900_58300_W400,BEAR_CALL,430.5,-40.35,BEAR_CALL_BNF_57900_58900_W1000,BEAR_CALL,792.0,16.78234650399827
1485,2026-06-23,9,256,0.69921875,BULL_PUT_BNF_56900_56100_W800,secondary,BULL_PUT,517.7352294921875,-819.0,BEAR_CALL_BNF_57900_58300_W400,BEAR_CALL,292.5,-50.55,BEAR_CALL_BNF_57900_58900_W1000,BEAR_CALL,537.0,16.78234650399827
1486,2026-06-23,9,256,0.69921875,BULL_PUT_BNF_56900_56100_W800,secondary,BULL_PUT,520.55224609375,-810.0,BEAR_CALL_BNF_57900_58300_W400,BEAR_CALL,288.0,-56.55,BEAR_CALL_BNF_57900_58900_W1000,BEAR_CALL,507.0,16.78234650399827
1487,2026-06-23,9,256,0.69921875,BULL_PUT_BNF_56900_56100_W800,secondary,BULL_PUT,517.0469970703125,-805.5,BEAR_CALL_BNF_57900_58300_W400,BEAR_CALL,247.5,-81.75,BEAR_CALL_BNF_57900_58900_W1000,BEAR_CALL,430.5,16.78234650399827
1488,2026-06-23,16,256,0.69921875,BEAR_CALL_BNF_57700_58700_W1000,secondary,BEAR_CALL,82.78411865234375,79.5,BEAR_PUT_NF_23650_23850_W200,BEAR_PUT,-130.0,2.161764705882353,BEAR_PUT_BNF_56800_57200_W400,BEAR_PUT,79.5,16.78234650399827
1489,2026-06-23,14,256,0.69921875,BEAR_CALL_BNF_57700_58700_W1000,secondary,BEAR_CALL,64.61125183105469,223.5,BEAR_PUT_NF_23650_23850_W200,BEAR_PUT,435.5,212.5,BEAR_PUT_NF_23750_23850_W100,BEAR_PUT,435.5,16.78234650399827
1490,2026-06-23,17,256,0.69921875,BEAR_CALL_BNF_57700_58700_W1000,secondary,BEAR_CALL,82.33738708496094,-1.5,BEAR_PUT_NF_23600_23850_W250,BEAR_PUT,-3.25,-3.6805555555555554,BEAR_PUT_BNF_57000_57200_W200,BEAR_PUT,7.5,16.78234650399827
1491,2026-06-23,14,256,0.69921875,BULL_PUT_BNF_56600_55800_W800,secondary,BULL_PUT,569.54833984375,591.0,BEAR_CALL_BNF_57500_57900_W400,BEAR_CALL,-540.0,-346.6,BULL_PUT_BNF_56600_55800_W800,BULL_PUT,591.0,16.78234650399827
1492,2026-06-23,14,256,0.69921875,BULL_PUT_BNF_56600_55800_W800,secondary,BULL_PUT,576.0570068359375,769.5,BEAR_CALL_BNF_57500_57900_W400,BEAR_CALL,-565.5,-351.9,BULL_PUT_BNF_56600_55800_W800,BULL_PUT,769.5,16.78234650399827
1496,2026-06-24,11,256,0.59765625,BEAR_PUT_NF_23700_23850_W150,primary,BEAR_PUT,294.283935546875,-1592.5,BEAR_PUT_NF_23700_23850_W150,BEAR_PUT,-1592.5,-2832.8333333333335,__NO_TRADE__,NO_TRADE,0.0,15.477670357999159
1497,2026-06-24,11,256,0.59765625,BEAR_CALL_BNF_58000_59000_W1000,secondary,BEAR_CALL,295.181640625,-5223.0,BEAR_PUT_NF_23700_23850_W150,BEAR_PUT,-1576.25,-2551.1875,__NO_TRADE__,NO_TRADE,0.0,15.477670357999159
1498,2026-06-24,11,256,0.59765625,BEAR_CALL_BNF_58000_59000_W1000,secondary,BEAR_CALL,388.8890380859375,-4900.5,BEAR_PUT_NF_23650_23900_W250,BEAR_PUT,-2440.75,-2452.1875,__NO_TRADE__,NO_TRADE,0.0,15.477670357999159
1499,2026-06-24,10,256,0.59765625,BEAR_PUT_NF_23700_23850_W150,primary,BEAR_PUT,301.7149353027344,-1647.75,BEAR_PUT_NF_23700_23850_W150,BEAR_PUT,-1647.75,-3070.840909090909,__NO_TRADE__,NO_TRADE,0.0,15.477670357999159
1500,2026-06-24,12,256,0.59765625,BEAR_CALL_BNF_58000_58800_W800,secondary,BEAR_CALL,354.02069091796875,-4639.5,BEAR_PUT_NF_23600_23900_W300,BEAR_PUT,-2905.5,-2719.269230769231,__NO_TRADE__,NO_TRADE,0.0,15.477670357999159
1501,2026-06-24,9,256,0.59765625,BEAR_CALL_BNF_58000_58800_W800,secondary,BEAR_CALL,277.02752685546875,-4918.5,BEAR_CALL_BNF_58000_58400_W400,BEAR_CALL,-2874.0,-1207.8,BULL_PUT_BNF_57000_56200_W800,BULL_PUT,2785.5,15.477670357999159
1502,2026-06-24,7,256,0.59765625,BEAR_CALL_BNF_57900_58500_W600,secondary,BEAR_CALL,147.42774963378906,-4942.5,BEAR_PUT_BNF_56800_57400_W600,BEAR_PUT,-4194.0,-4210.6875,__NO_TRADE__,NO_TRADE,0.0,15.477670357999159
1503,2026-06-24,13,256,0.59765625,BEAR_PUT_NF_23550_23850_W300,primary,BEAR_PUT,297.2007751464844,-3809.0,BEAR_PUT_NF_23550_23850_W300,BEAR_PUT,-3809.0,-3898.9821428571427,__NO_TRADE__,NO_TRADE,0.0,15.477670357999159
1504,2026-06-24,10,256,0.59765625,BEAR_PUT_NF_23600_23850_W250,primary,BEAR_PUT,277.70574951171875,-3038.75,BEAR_PUT_NF_23600_23850_W250,BEAR_PUT,-3038.75,-3633.8636363636365,__NO_TRADE__,NO_TRADE,0.0,15.477670357999159
1505,2026-06-24,10,256,0.59765625,BEAR_CALL_BNF_58100_58900_W800,secondary,BEAR_CALL,331.4310607910156,-4066.5,BEAR_PUT_NF_23650_23900_W250,BEAR_PUT,-2327.0,-2756.0227272727275,__NO_TRADE__,NO_TRADE,0.0,15.477670357999159
1506,2026-06-24,8,256,0.59765625,BEAR_CALL_BNF_58100_58900_W800,secondary,BEAR_CALL,390.2657165527344,-3873.0,BEAR_PUT_NF_23700_23900_W200,BEAR_PUT,-1781.0,-2593.5555555555557,__NO_TRADE__,NO_TRADE,0.0,15.477670357999159
1507,2026-06-24,12,256,0.59765625,BEAR_CALL_BNF_58200_59000_W800,secondary,BEAR_CALL,357.33575439453125,-3129.0,BEAR_PUT_NF_23700_23900_W200,BEAR_PUT,-1602.25,-2047.7307692307693,__NO_TRADE__,NO_TRADE,0.0,15.477670357999159
1508,2026-06-24,9,256,0.59765625,BEAR_CALL_BNF_58100_58900_W800,secondary,BEAR_CALL,485.6793212890625,-3601.5,BEAR_PUT_NF_23700_23900_W200,BEAR_PUT,-1621.75,-2196.55,__NO_TRADE__,NO_TRADE,0.0,15.477670357999159
1509,2026-06-24,8,256,0.59765625,BEAR_CALL_BNF_58200_59000_W800,secondary,BEAR_CALL,432.4411315917969,-2884.5,BEAR_PUT_NF_23750_23950_W200,BEAR_PUT,-1329.25,-1997.6944444444443,__NO_TRADE__,NO_TRADE,0.0,15.477670357999159
1510,2026-06-24,9,256,0.59765625,BEAR_CALL_BNF_58200_59000_W800,secondary,BEAR_CALL,448.852294921875,-2668.5,BEAR_CALL_BNF_58200_58600_W400,BEAR_CALL,-1651.5,-509.4,BULL_PUT_BNF_57200_56400_W800,BULL_PUT,2043.0,15.477670357999159
1511,2026-06-24,9,256,0.59765625,BEAR_CALL_BNF_58200_59000_W800,secondary,BEAR_CALL,421.0881042480469,-2727.0,BEAR_CALL_BNF_58200_58600_W400,BEAR_CALL,-1683.0,-503.85,BULL_PUT_BNF_57200_56400_W800,BULL_PUT,2125.5,15.477670357999159
1512,2026-06-24,9,256,0.59765625,BEAR_CALL_BNF_58200_59000_W800,secondary,BEAR_CALL,396.13238525390625,-2914.5,BEAR_CALL_BNF_58200_58600_W400,BEAR_CALL,-1785.0,-550.35,BULL_PUT_BNF_57200_56400_W800,BULL_PUT,2229.0,15.477670357999159
1513,2026-06-24,9,256,0.59765625,BEAR_CALL_BNF_58200_59000_W800,secondary,BEAR_CALL,387.000732421875,-3033.0,BEAR_CALL_BNF_58200_58600_W400,BEAR_CALL,-1849.5,-582.3,BULL_PUT_BNF_57200_56400_W800,BULL_PUT,2271.0,15.477670357999159
1514,2026-06-24,9,256,0.59765625,BEAR_CALL_BNF_58200_59000_W800,secondary,BEAR_CALL,467.24237060546875,-2682.0,BEAR_CALL_BNF_58200_58600_W400,BEAR_CALL,-1641.0,-512.25,BULL_PUT_BNF_57200_56400_W800,BULL_PUT,2032.5,15.477670357999159
1515,2026-06-24,9,256,0.59765625,BEAR_CALL_BNF_58200_59000_W800,secondary,BEAR_CALL,464.24951171875,-2679.0,BEAR_CALL_BNF_58200_58600_W400,BEAR_CALL,-1635.0,-519.15,BULL_PUT_BNF_57200_56400_W800,BULL_PUT,2004.0,15.477670357999159
1516,2026-06-24,9,256,0.59765625,BEAR_CALL_BNF_58200_59000_W800,secondary,BEAR_CALL,485.8525085449219,-2638.5,BEAR_CALL_BNF_58200_58600_W400,BEAR_CALL,-1608.0,-553.95,BULL_PUT_BNF_57200_56400_W800,BULL_PUT,1833.0,15.477670357999159
1517,2026-06-24,8,256,0.59765625,BEAR_CALL_BNF_58300_59100_W800,secondary,BEAR_CALL,439.5594177246094,-2079.0,BEAR_CALL_BNF_58300_58700_W400,BEAR_CALL,-1279.5,-100.5,BULL_PUT_BNF_57300_56500_W800,BULL_PUT,1827.0,15.477670357999159
1518,2026-06-24,12,256,0.59765625,BEAR_CALL_BNF_58400_58900_W500,secondary,BEAR_CALL,455.6058349609375,-964.5,BEAR_PUT_NF_23750_24000_W250,BEAR_PUT,-851.5,-944.5384615384615,__NO_TRADE__,NO_TRADE,0.0,15.477670357999159
1519,2026-06-24,10,256,0.59765625,BEAR_CALL_BNF_58400_58900_W500,secondary,BEAR_CALL,438.63623046875,-1086.0,BEAR_PUT_NF_23750_24000_W250,BEAR_PUT,-968.5,-1101.75,__NO_TRADE__,NO_TRADE,0.0,15.477670357999159
1520,2026-06-24,10,256,0.59765625,BEAR_CALL_BNF_58400_58900_W500,secondary,BEAR_CALL,433.99310302734375,-1069.5,BEAR_PUT_NF_23800_23950_W150,BEAR_PUT,-659.75,-1033.840909090909,__NO_TRADE__,NO_TRADE,0.0,15.477670357999159
1521,2026-06-24,13,256,0.59765625,BEAR_CALL_BNF_58400_59200_W800,secondary,BEAR_CALL,479.76751708984375,-1192.5,BEAR_PUT_NF_23700_24000_W300,BEAR_PUT,-1290.25,-995.5,__NO_TRADE__,NO_TRADE,0.0,15.477670357999159
1522,2026-06-24,9,256,0.59765625,BEAR_CALL_BNF_58400_59200_W800,secondary,BEAR_CALL,492.1490173339844,-1159.5,BEAR_CALL_BNF_58400_58800_W400,BEAR_CALL,-759.0,-103.95,BULL_PUT_BNF_57400_56600_W800,BULL_PUT,1302.0,15.477670357999159
1523,2026-06-24,9,256,0.59765625,BEAR_CALL_BNF_58400_59200_W800,secondary,BEAR_CALL,515.531494140625,-949.5,BEAR_CALL_BNF_58400_58800_W400,BEAR_CALL,-604.5,-76.65,BULL_PUT_BNF_57400_56600_W800,BULL_PUT,1093.5,15.477670357999159
1524,2026-06-24,8,256,0.59765625,BEAR_CALL_BNF_58500_59000_W500,secondary,BEAR_CALL,443.9306335449219,-580.5,BEAR_CALL_BNF_58500_58900_W400,BEAR_CALL,-499.5,99.16666666666667,BULL_PUT_BNF_57500_56700_W800,BULL_PUT,1102.5,15.477670357999159
1525,2026-06-24,9,256,0.59765625,BEAR_CALL_BNF_58500_59300_W800,secondary,BEAR_CALL,527.5496826171875,-127.5,BEAR_CALL_BNF_58500_58900_W400,BEAR_CALL,-133.5,115.5,BULL_PUT_BNF_57500_56700_W800,BULL_PUT,607.5,15.477670357999159
1526,2026-06-24,8,256,0.59765625,BEAR_CALL_BNF_58600_59100_W500,secondary,BEAR_CALL,445.883056640625,34.5,BEAR_CALL_BNF_58600_59000_W400,BEAR_CALL,16.5,248.0,BULL_PUT_BNF_57600_56800_W800,BULL_PUT,673.5,15.477670357999159
1527,2026-06-24,8,256,0.59765625,BEAR_CALL_BNF_58600_59400_W800,secondary,BEAR_CALL,468.05364990234375,274.5,BEAR_CALL_BNF_58600_59000_W400,BEAR_CALL,103.5,261.1666666666667,BULL_PUT_BNF_57600_56800_W800,BULL_PUT,549.0,15.477670357999159
1528,2026-06-24,8,256,0.59765625,BEAR_CALL_BNF_58600_59100_W500,secondary,BEAR_CALL,439.65008544921875,24.0,BEAR_CALL_BNF_58600_59000_W400,BEAR_CALL,9.0,252.66666666666666,BULL_PUT_BNF_57600_56800_W800,BULL_PUT,693.0,15.477670357999159
1529,2026-06-24,8,256,0.59765625,BEAR_CALL_BNF_58600_59100_W500,secondary,BEAR_CALL,454.1103515625,127.5,BEAR_CALL_BNF_58600_59000_W400,BEAR_CALL,88.5,262.6666666666667,BULL_PUT_BNF_57600_56800_W800,BULL_PUT,583.5,15.477670357999159
1530,2026-06-24,9,256,0.59765625,BEAR_CALL_BNF_58600_59100_W500,secondary,BEAR_CALL,435.4586486816406,-37.5,BEAR_CALL_BNF_58600_59000_W400,BEAR_CALL,-57.0,302.55,BULL_PUT_BNF_57600_56600_W1000,BULL_PUT,856.5,15.477670357999159
1531,2026-06-24,9,256,0.59765625,BEAR_CALL_BNF_58500_59300_W800,secondary,BEAR_CALL,491.6029357910156,-258.0,BEAR_CALL_BNF_58500_58900_W400,BEAR_CALL,-231.0,112.95,BULL_PUT_BNF_57500_56700_W800,BULL_PUT,781.5,15.477670357999159
1532,2026-06-24,8,256,0.59765625,BEAR_CALL_BNF_58600_59100_W500,secondary,BEAR_CALL,430.9623718261719,33.0,BEAR_CALL_BNF_58600_59000_W400,BEAR_CALL,4.5,243.5,BULL_PUT_BNF_57600_56800_W800,BULL_PUT,646.5,15.477670357999159
1533,2026-06-24,9,256,0.59765625,BEAR_CALL_BNF_58600_59400_W800,secondary,BEAR_CALL,482.6634216308594,516.0,BEAR_CALL_BNF_58600_59000_W400,BEAR_CALL,268.5,289.65,BEAR_CALL_BNF_58600_59600_W1000,BEAR_CALL,598.5,15.477670357999159
1534,2026-06-24,8,256,0.59765625,BEAR_CALL_BNF_58600_59100_W500,secondary,BEAR_CALL,422.58740234375,-90.0,BEAR_CALL_BNF_58600_59000_W400,BEAR_CALL,-109.5,167.83333333333334,BULL_PUT_BNF_57600_56800_W800,BULL_PUT,609.0,15.477670357999159
1538,2026-06-24,9,256,0.59765625,BEAR_CALL_BNF_58500_59300_W800,secondary,BEAR_CALL,494.9841003417969,-300.0,BEAR_CALL_BNF_58500_58900_W400,BEAR_CALL,-241.5,65.85,BULL_PUT_BNF_57500_56700_W800,BULL_PUT,669.0,15.477670357999159
1539,2026-06-24,9,256,0.59765625,BEAR_CALL_BNF_58500_59300_W800,secondary,BEAR_CALL,500.763916015625,-226.5,BEAR_CALL_BNF_58500_58900_W400,BEAR_CALL,-193.5,69.15,BULL_PUT_BNF_57500_56700_W800,BULL_PUT,567.0,15.477670357999159
1541,2026-06-24,9,256,0.59765625,BEAR_CALL_BNF_58500_59300_W800,secondary,BEAR_CALL,502.4491882324219,-225.0,BEAR_CALL_BNF_58500_58900_W400,BEAR_CALL,-183.0,67.95,BULL_PUT_BNF_57500_56700_W800,BULL_PUT,567.0,15.477670357999159
1542,2026-06-24,9,256,0.59765625,BEAR_CALL_BNF_58500_59300_W800,secondary,BEAR_CALL,514.6666259765625,-250.5,BEAR_CALL_BNF_58500_58900_W400,BEAR_CALL,-205.5,53.85,BULL_PUT_BNF_57500_56700_W800,BULL_PUT,561.0,15.477670357999159
1551,2026-06-24,8,256,0.59765625,BEAR_CALL_BNF_58700_59200_W500,secondary,BEAR_CALL,450.4888000488281,586.5,BEAR_CALL_BNF_58700_59100_W400,BEAR_CALL,489.0,202.0,BEAR_CALL_BNF_58700_59500_W800,BEAR_CALL,796.5,15.477670357999159
1668,2026-06-29,10,256,0.6328125,BEAR_CALL_BNF_58700_59300_W600,secondary,BEAR_CALL,312.2225036621094,1530.0,BULL_PUT_NF_24000_23850_W150,BULL_PUT,-2541.5,-1385.4318181818182,BEAR_CALL_BNF_58700_59300_W600,BEAR_CALL,1530.0,13.505172443001356
1669,2026-06-29,11,256,0.6328125,BEAR_CALL_BNF_58700_59300_W600,secondary,BEAR_CALL,314.8267822265625,1360.5,BULL_PUT_NF_24000_23850_W150,BULL_PUT,-2509.0,-1472.0416666666667,BEAR_CALL_BNF_58700_59300_W600,BEAR_CALL,1360.5,13.505172443001356
1671,2026-06-29,11,256,0.6328125,BEAR_CALL_BNF_58700_59300_W600,secondary,BEAR_CALL,328.896728515625,1725.0,BULL_PUT_NF_24000_23850_W150,BULL_PUT,-2626.0,-1137.3541666666667,BEAR_CALL_BNF_58700_59500_W800,BEAR_CALL,1936.5,13.505172443001356
1692,2026-06-29,11,256,0.6328125,BEAR_CALL_NF_24100_24500_W400,secondary,BEAR_CALL,1059.4569091796875,955.5,BEAR_CALL_NF_24100_24250_W150,BEAR_CALL,666.25,489.9583333333333,BEAR_CALL_NF_24100_24500_W400,BEAR_CALL,955.5,13.505172443001356
1693,2026-06-29,10,256,0.6328125,BEAR_CALL_NF_24100_24400_W300,secondary,BEAR_CALL,770.1505126953125,539.5,BEAR_CALL_NF_24100_24250_W150,BEAR_CALL,377.0,381.29545454545456,BEAR_CALL_BNF_58300_58900_W600,BEAR_CALL,643.5,13.505172443001356
1694,2026-06-29,10,256,0.6328125,BEAR_CALL_NF_24100_24400_W300,secondary,BEAR_CALL,818.487060546875,708.5,BEAR_CALL_NF_24100_24250_W150,BEAR_CALL,507.0,421.1818181818182,BEAR_CALL_NF_24100_24400_W300,BEAR_CALL,708.5,13.505172443001356
1695,2026-06-29,10,256,0.6328125,BEAR_CALL_NF_24100_24400_W300,secondary,BEAR_CALL,771.0674438476562,546.0,BEAR_CALL_NF_24100_24250_W150,BEAR_CALL,393.25,398.59090909090907,BEAR_CALL_BNF_58200_59000_W800,BEAR_CALL,598.5,13.505172443001356
1696,2026-06-29,11,256,0.6328125,BEAR_CALL_NF_24100_24400_W300,secondary,BEAR_CALL,691.314453125,276.25,BEAR_CALL_NF_24100_24250_W150,BEAR_CALL,172.25,300.3958333333333,BULL_PUT_BNF_57200_56600_W600,BULL_PUT,591.0,13.505172443001356
1697,2026-06-29,9,256,0.6328125,BEAR_CALL_NF_24100_24350_W250,secondary,BEAR_CALL,537.0022583007812,149.5,BEAR_CALL_NF_24100_24250_W150,BEAR_CALL,97.5,255.75,BULL_PUT_BNF_57200_56600_W600,BULL_PUT,781.5,13.505172443001356
1698,2026-06-29,15,256,0.6328125,BEAR_CALL_NF_24100_24400_W300,secondary,BEAR_CALL,697.894287109375,341.25,BEAR_CALL_NF_24100_24250_W150,BEAR_CALL,224.25,287.609375,BULL_PUT_BNF_57200_56600_W600,BULL_PUT,589.5,13.505172443001356
1699,2026-06-29,15,256,0.6328125,BEAR_CALL_NF_24100_24400_W300,secondary,BEAR_CALL,719.941162109375,383.5,BEAR_CALL_NF_24100_24250_W150,BEAR_CALL,243.75,265.0,BULL_PUT_BNF_57200_56600_W600,BULL_PUT,661.5,13.505172443001356
1716,2026-06-29,5,256,0.6328125,BEAR_CALL_BNF_58400_59000_W600,secondary,BEAR_CALL,369.03680419921875,685.5,BULL_PUT_BNF_57400_57000_W400,BULL_PUT,-391.5,171.25,BEAR_CALL_BNF_58400_59000_W600,BEAR_CALL,685.5,13.505172443001356
1717,2026-06-29,5,256,0.6328125,BEAR_CALL_BNF_58400_59000_W600,secondary,BEAR_CALL,365.31829833984375,784.5,BULL_PUT_BNF_57400_57000_W400,BULL_PUT,-478.5,186.0,BEAR_CALL_BNF_58400_59000_W600,BEAR_CALL,784.5,13.505172443001356
1718,2026-06-29,5,256,0.6328125,BEAR_CALL_BNF_58400_58900_W500,secondary,BEAR_CALL,346.2373046875,526.5,BULL_PUT_BNF_57400_57000_W400,BULL_PUT,-220.5,43.75,BEAR_CALL_BNF_58400_58900_W500,BEAR_CALL,526.5,13.505172443001356
1719,2026-06-29,5,256,0.6328125,BEAR_CALL_BNF_58400_59000_W600,secondary,BEAR_CALL,368.08099365234375,694.5,BEAR_CALL_BNF_58400_58800_W400,BEAR_CALL,561.0,181.25,BEAR_CALL_BNF_58400_59000_W600,BEAR_CALL,694.5,13.505172443001356
1720,2026-06-29,5,256,0.6328125,BEAR_CALL_BNF_58400_58900_W500,secondary,BEAR_CALL,347.36309814453125,537.0,BULL_PUT_BNF_57400_57000_W400,BULL_PUT,-301.5,5.75,BEAR_CALL_BNF_58400_58900_W500,BEAR_CALL,537.0,13.505172443001356
1721,2026-06-29,4,256,0.6328125,BEAR_CALL_BNF_58400_58800_W400,secondary,BEAR_CALL,352.391357421875,526.5,BULL_PUT_BNF_57400_57000_W400,BULL_PUT,-385.5,63.0,BEAR_CALL_BNF_58400_58900_W500,BEAR_CALL,592.5,13.505172443001356
1722,2026-06-29,4,256,0.6328125,BEAR_CALL_BNF_58400_59000_W600,secondary,BEAR_CALL,369.8193359375,898.5,BULL_PUT_BNF_57400_57000_W400,BULL_PUT,-537.0,381.9,BEAR_CALL_BNF_58400_59000_W600,BEAR_CALL,898.5,13.505172443001356
1723,2026-06-29,4,256,0.6328125,BEAR_CALL_BNF_58400_58900_W500,secondary,BEAR_CALL,348.88092041015625,574.5,BEAR_CALL_BNF_58400_58800_W400,BEAR_CALL,508.5,51.0,BEAR_CALL_BNF_58400_58900_W500,BEAR_CALL,574.5,13.505172443001356
1724,2026-06-29,4,256,0.6328125,BEAR_CALL_BNF_58400_59000_W600,secondary,BEAR_CALL,364.2298583984375,802.5,BULL_PUT_BNF_57400_57000_W400,BULL_PUT,-484.5,339.3,BEAR_CALL_BNF_58400_59000_W600,BEAR_CALL,802.5,13.505172443001356
1725,2026-06-29,5,256,0.6328125,BEAR_CALL_BNF_58400_59000_W600,secondary,BEAR_CALL,368.04541015625,718.5,BULL_PUT_BNF_57400_57000_W400,BULL_PUT,-427.5,172.25,BEAR_CALL_BNF_58400_59000_W600,BEAR_CALL,718.5,13.505172443001356
1726,2026-06-29,6,256,0.6328125,BEAR_CALL_BNF_58300_58900_W600,secondary,BEAR_CALL,379.27716064453125,385.5,BEAR_CALL_BNF_58300_58700_W400,BEAR_CALL,316.5,170.57142857142858,BEAR_CALL_BNF_58300_58900_W600,BEAR_CALL,385.5,13.505172443001356
1727,2026-06-29,5,256,0.6328125,BEAR_CALL_BNF_58300_58800_W500,secondary,BEAR_CALL,358.03033447265625,175.5,BULL_PUT_BNF_57300_56900_W400,BULL_PUT,165.0,160.5,BULL_PUT_BNF_57300_56700_W600,BULL_PUT,268.5,13.505172443001356
1728,2026-06-29,8,256,0.6328125,BEAR_CALL_BNF_58000_58600_W600,secondary,BEAR_CALL,465.1578369140625,-177.0,BULL_PUT_BNF_57200_56800_W400,BULL_PUT,217.5,-83.5,BULL_PUT_BNF_57200_56800_W400,BULL_PUT,217.5,13.505172443001356
1729,2026-06-29,7,256,0.6328125,BEAR_CALL_BNF_58000_58500_W500,secondary,BEAR_CALL,443.70947265625,108.0,BEAR_CALL_BNF_58200_58600_W400,BEAR_CALL,75.0,90.375,BEAR_CALL_BNF_58000_58800_W800,BEAR_CALL,144.0,13.505172443001356
1817,2026-07-01,10,256,0.6171875,BULL_PUT_BNF_57100_56700_W400,secondary,BULL_PUT,665.1040649414062,567.0,BEAR_CALL_BNF_58100_58500_W400,BEAR_CALL,-972.0,-160.22727272727272,BULL_PUT_BNF_57100_56100_W1000,BULL_PUT,1536.0,19.922741503003635
1818,2026-07-01,10,256,0.6171875,BULL_PUT_BNF_57000_56600_W400,secondary,BULL_PUT,721.4680786132812,667.5,BEAR_CALL_BNF_58000_58600_W600,BEAR_CALL,-1321.5,-143.5909090909091,BULL_PUT_BNF_57000_56000_W1000,BULL_PUT,1938.0,19.922741503003635
1819,2026-07-01,10,256,0.6171875,BULL_PUT_BNF_57000_56600_W400,secondary,BULL_PUT,672.5697631835938,663.0,BEAR_CALL_BNF_58000_58500_W500,BEAR_CALL,-1032.0,-124.9090909090909,BULL_PUT_BNF_57000_56000_W1000,BULL_PUT,1816.5,19.922741503003635
1820,2026-07-01,10,256,0.6171875,BULL_PUT_BNF_57100_56700_W400,secondary,BULL_PUT,807.574462890625,477.0,BEAR_CALL_BNF_58100_58500_W400,BEAR_CALL,-940.5,-177.13636363636363,BULL_PUT_BNF_57100_56100_W1000,BULL_PUT,1536.0,19.922741503003635
1821,2026-07-01,10,256,0.6171875,BULL_PUT_BNF_57200_56800_W400,secondary,BULL_PUT,800.4639892578125,466.5,BEAR_CALL_BNF_58200_58700_W500,BEAR_CALL,-907.5,-157.5,BULL_PUT_BNF_57200_56400_W800,BULL_PUT,1119.0,19.922741503003635
1822,2026-07-01,10,256,0.6171875,BULL_PUT_BNF_57200_56800_W400,secondary,BULL_PUT,870.7593994140625,436.5,BEAR_CALL_BNF_58200_58600_W400,BEAR_CALL,-742.5,-139.77272727272728,BULL_PUT_BNF_57200_56200_W1000,BULL_PUT,1164.0,19.922741503003635
1823,2026-07-01,10,256,0.6171875,BULL_PUT_BNF_57100_56700_W400,secondary,BULL_PUT,677.7769165039062,433.5,BEAR_CALL_BNF_58100_58600_W500,BEAR_CALL,-948.0,-116.18181818181819,BULL_PUT_BNF_57100_56100_W1000,BULL_PUT,1321.5,19.922741503003635
1824,2026-07-01,10,256,0.6171875,BULL_PUT_BNF_57200_56800_W400,secondary,BULL_PUT,831.8624877929688,508.5,BEAR_CALL_BNF_58200_58600_W400,BEAR_CALL,-685.5,-79.9090909090909,BULL_PUT_BNF_57200_56200_W1000,BULL_PUT,1300.5,19.922741503003635
1825,2026-07-01,10,256,0.6171875,BULL_PUT_BNF_57100_56700_W400,secondary,BULL_PUT,855.19287109375,469.5,BEAR_CALL_BNF_58100_58500_W400,BEAR_CALL,-810.0,-114.27272727272727,BULL_PUT_BNF_57100_56100_W1000,BULL_PUT,1371.0,19.922741503003635
1826,2026-07-01,10,256,0.6171875,BULL_PUT_BNF_57200_56800_W400,secondary,BULL_PUT,883.7060546875,424.5,BEAR_CALL_BNF_58200_58700_W500,BEAR_CALL,-799.5,-102.27272727272727,BULL_PUT_BNF_57200_56200_W1000,BULL_PUT,1116.0,19.922741503003635
1827,2026-07-01,10,256,0.6171875,BULL_PUT_BNF_57200_56800_W400,secondary,BULL_PUT,670.480712890625,253.5,BEAR_CALL_BNF_58200_58800_W600,BEAR_CALL,-609.0,-78.27272727272727,BULL_PUT_BNF_57200_56200_W1000,BULL_PUT,825.0,19.922741503003635
1828,2026-07-01,10,256,0.6171875,BULL_PUT_BNF_57300_56900_W400,secondary,BULL_PUT,656.12939453125,15.0,BEAR_CALL_BNF_58300_58900_W600,BEAR_CALL,-171.0,26.59090909090909,BULL_PUT_BNF_57300_56300_W1000,BULL_PUT,364.5,19.922741503003635
1829,2026-07-01,10,256,0.6171875,BULL_PUT_BNF_57300_56900_W400,secondary,BULL_PUT,554.4867553710938,-45.0,BEAR_CALL_BNF_58300_58900_W600,BEAR_CALL,-142.5,25.227272727272727,BULL_PUT_BNF_57300_56500_W800,BULL_PUT,280.5,19.922741503003635
1830,2026-07-01,10,256,0.6171875,BULL_PUT_BNF_57300_56900_W400,secondary,BULL_PUT,621.932861328125,-54.0,BEAR_CALL_BNF_58300_58900_W600,BEAR_CALL,-222.0,-13.636363636363637,BULL_PUT_BNF_57300_56500_W800,BULL_PUT,279.0,19.922741503003635
1831,2026-07-01,10,256,0.6171875,BULL_PUT_BNF_57300_56900_W400,secondary,BULL_PUT,734.817138671875,135.0,BEAR_CALL_BNF_58300_58900_W600,BEAR_CALL,-472.5,-17.863636363636363,BULL_PUT_BNF_57300_56300_W1000,BULL_PUT,621.0,19.922741503003635
1832,2026-07-01,10,256,0.6171875,BULL_PUT_BNF_57200_56800_W400,secondary,BULL_PUT,803.6156005859375,204.0,BEAR_CALL_BNF_58200_58600_W400,BEAR_CALL,-450.0,-127.77272727272727,BULL_PUT_BNF_57200_56200_W1000,BULL_PUT,709.5,19.922741503003635
1833,2026-07-01,10,256,0.6171875,BULL_PUT_BNF_57200_56800_W400,secondary,BULL_PUT,785.1273193359375,273.0,BEAR_CALL_BNF_58200_58600_W400,BEAR_CALL,-550.5,-140.72727272727272,BULL_PUT_BNF_57200_56200_W1000,BULL_PUT,874.5,19.922741503003635
1834,2026-07-01,10,256,0.6171875,BULL_PUT_BNF_57200_56800_W400,secondary,BULL_PUT,761.97119140625,252.0,BEAR_CALL_BNF_58200_58600_W400,BEAR_CALL,-474.0,-115.0909090909091,BULL_PUT_BNF_57200_56200_W1000,BULL_PUT,768.0,19.922741503003635
1835,2026-07-01,10,256,0.6171875,BULL_PUT_BNF_57200_56800_W400,secondary,BULL_PUT,687.6318359375,277.5,BEAR_CALL_BNF_58200_58600_W400,BEAR_CALL,-427.5,-89.5909090909091,BULL_PUT_BNF_57200_56200_W1000,BULL_PUT,795.0,19.922741503003635
1836,2026-07-01,10,256,0.6171875,BULL_PUT_BNF_57200_56800_W400,secondary,BULL_PUT,666.88427734375,309.0,BEAR_CALL_BNF_58200_58800_W600,BEAR_CALL,-700.5,-110.04545454545455,BULL_PUT_BNF_57200_56200_W1000,BULL_PUT,855.0,19.922741503003635
1837,2026-07-01,10,256,0.6171875,BULL_PUT_BNF_57300_56900_W400,secondary,BULL_PUT,685.0054931640625,157.5,BEAR_CALL_BNF_58300_58900_W600,BEAR_CALL,-516.0,-13.5,BULL_PUT_BNF_57300_56300_W1000,BULL_PUT,708.0,19.922741503003635
1838,2026-07-01,10,256,0.6171875,BULL_PUT_BNF_57300_56900_W400,secondary,BULL_PUT,597.3343505859375,69.0,BEAR_CALL_BNF_58300_58900_W600,BEAR_CALL,-352.5,-3.0,BULL_PUT_BNF_57300_56300_W1000,BULL_PUT,484.5,19.922741503003635
1839,2026-07-01,10,256,0.6171875,BULL_PUT_BNF_57400_57000_W400,secondary,BULL_PUT,529.2945556640625,121.5,BEAR_CALL_BNF_58400_59000_W600,BEAR_CALL,-108.0,24.272727272727273,BULL_PUT_BNF_57400_56400_W1000,BULL_PUT,282.0,19.922741503003635
1840,2026-07-01,10,256,0.6171875,BULL_PUT_BNF_57400_57000_W400,secondary,BULL_PUT,531.3250732421875,51.0,BEAR_CALL_BNF_58400_59000_W600,BEAR_CALL,-76.5,17.454545454545453,BULL_PUT_BNF_57400_56400_W1000,BULL_PUT,249.0,19.922741503003635
1841,2026-07-01,10,256,0.6171875,BULL_PUT_BNF_57400_57000_W400,secondary,BULL_PUT,551.74853515625,174.0,BEAR_CALL_BNF_58400_58800_W400,BEAR_CALL,-217.5,-16.363636363636363,BULL_PUT_BNF_57400_56400_W1000,BULL_PUT,451.5,19.922741503003635
1842,2026-07-01,10,256,0.6171875,BULL_PUT_BNF_57400_57000_W400,secondary,BULL_PUT,542.5079345703125,166.5,BEAR_CALL_BNF_58400_58800_W400,BEAR_CALL,-13.5,50.18181818181818,BULL_PUT_BNF_57400_56400_W1000,BULL_PUT,397.5,19.922741503003635
1843,2026-07-01,10,256,0.6171875,BULL_PUT_BNF_57300_56900_W400,secondary,BULL_PUT,410.95623779296875,54.0,BEAR_CALL_BNF_58300_58900_W600,BEAR_CALL,-280.5,6.545454545454546,BULL_PUT_BNF_57300_56300_W1000,BULL_PUT,393.0,19.922741503003635
1847,2026-07-01,10,256,0.6171875,BULL_PUT_BNF_57300_56500_W800,secondary,BULL_PUT,464.9939880371094,412.5,BEAR_CALL_BNF_58300_58800_W500,BEAR_CALL,-256.5,-21.545454545454547,BULL_PUT_BNF_57300_56300_W1000,BULL_PUT,436.5,19.922741503003635
1848,2026-07-01,10,256,0.6171875,BULL_PUT_BNF_57400_57000_W400,secondary,BULL_PUT,536.022216796875,148.5,BEAR_CALL_BNF_58400_58900_W500,BEAR_CALL,-220.5,9.136363636363637,BULL_PUT_BNF_57400_56400_W1000,BULL_PUT,409.5,19.922741503003635
1849,2026-07-01,10,256,0.6171875,BULL_PUT_BNF_57400_57000_W400,secondary,BULL_PUT,435.7557373046875,120.0,BEAR_CALL_BNF_58400_59000_W600,BEAR_CALL,-72.0,48.68181818181818,BULL_PUT_BNF_57400_56400_W1000,BULL_PUT,303.0,19.922741503003635
1850,2026-07-01,10,256,0.6171875,BULL_PUT_BNF_57400_57000_W400,secondary,BULL_PUT,492.20025634765625,168.0,BEAR_CALL_BNF_58400_59000_W600,BEAR_CALL,-189.0,27.818181818181817,BULL_PUT_BNF_57400_56400_W1000,BULL_PUT,403.5,19.922741503003635
1851,2026-07-01,10,256,0.6171875,BULL_PUT_BNF_57500_57100_W400,secondary,BULL_PUT,451.2880859375,-72.0,BEAR_CALL_BNF_58500_59000_W500,BEAR_CALL,-87.0,-24.0,BEAR_CALL_BNF_58500_59300_W800,BEAR_CALL,195.0,19.922741503003635
1852,2026-07-01,10,256,0.6171875,BULL_PUT_BNF_57500_57100_W400,secondary,BULL_PUT,462.3927001953125,-46.5,BEAR_CALL_BNF_58500_59000_W500,BEAR_CALL,-169.5,-28.363636363636363,BULL_PUT_BNF_57500_56500_W1000,BULL_PUT,178.5,19.922741503003635
1853,2026-07-01,10,256,0.6171875,BULL_PUT_BNF_57500_57100_W400,secondary,BULL_PUT,459.3742980957031,-33.0,BEAR_CALL_BNF_58500_59000_W500,BEAR_CALL,-174.0,-30.681818181818183,BULL_PUT_BNF_57500_56500_W1000,BULL_PUT,160.5,19.922741503003635
1854,2026-07-01,10,256,0.6171875,BULL_PUT_BNF_57500_57100_W400,secondary,BULL_PUT,454.5196533203125,-96.0,BEAR_CALL_BNF_58500_59000_W500,BEAR_CALL,-60.0,-12.954545454545455,BEAR_CALL_BNF_58500_59300_W800,BEAR_CALL,205.5,19.922741503003635
1855,2026-07-01,10,256,0.6171875,BULL_PUT_BNF_57500_57100_W400,secondary,BULL_PUT,438.3092041015625,-88.5,BEAR_CALL_BNF_58500_59000_W500,BEAR_CALL,-75.0,-11.727272727272727,BEAR_CALL_BNF_58500_59300_W800,BEAR_CALL,310.5,19.922741503003635
1856,2026-07-01,10,256,0.6171875,BULL_PUT_BNF_57500_57100_W400,secondary,BULL_PUT,421.259033203125,-121.5,BEAR_CALL_BNF_58500_59000_W500,BEAR_CALL,27.0,20.59090909090909,BEAR_CALL_BNF_58500_59300_W800,BEAR_CALL,360.0,19.922741503003635
1857,2026-07-01,10,256,0.6171875,BULL_PUT_BNF_57500_57100_W400,secondary,BULL_PUT,455.61883544921875,-75.0,BEAR_CALL_BNF_58500_59100_W600,BEAR_CALL,193.5,-26.454545454545453,BEAR_CALL_BNF_58500_59100_W600,BEAR_CALL,193.5,19.922741503003635
1860,2026-07-01,10,256,0.6171875,BULL_PUT_BNF_57500_57100_W400,secondary,BULL_PUT,389.42230224609375,-148.5,BEAR_CALL_BNF_58500_59000_W500,BEAR_CALL,97.5,25.772727272727273,BEAR_CALL_BNF_58500_59300_W800,BEAR_CALL,441.0,19.922741503003635
1861,2026-07-01,10,256,0.6171875,BULL_PUT_BNF_57500_57100_W400,secondary,BULL_PUT,414.8045654296875,-138.0,BEAR_CALL_BNF_58500_59000_W500,BEAR_CALL,63.0,38.86363636363637,BEAR_CALL_BNF_58500_59300_W800,BEAR_CALL,466.5,19.922741503003635
1862,2026-07-01,10,256,0.6171875,BULL_PUT_BNF_57500_57100_W400,secondary,BULL_PUT,454.56341552734375,-45.0,BEAR_CALL_BNF_58500_59000_W500,BEAR_CALL,-58.5,36.40909090909091,BEAR_CALL_BNF_58500_59300_W800,BEAR_CALL,285.0,19.922741503003635
1863,2026-07-01,10,256,0.6171875,BULL_PUT_BNF_57500_57100_W400,secondary,BULL_PUT,458.94390869140625,-51.0,BEAR_CALL_BNF_58500_59000_W500,BEAR_CALL,-85.5,12.0,BEAR_CALL_BNF_58500_59300_W800,BEAR_CALL,262.5,19.922741503003635
1864,2026-07-01,10,256,0.6171875,BULL_PUT_BNF_57500_57100_W400,secondary,BULL_PUT,456.1260681152344,-58.5,BEAR_CALL_BNF_58500_59000_W500,BEAR_CALL,-94.5,2.8636363636363638,BULL_PUT_BNF_57500_56500_W1000,BULL_PUT,180.0,19.922741503003635
1865,2026-07-01,10,256,0.6171875,BULL_PUT_BNF_57500_57100_W400,secondary,BULL_PUT,461.04498291015625,6.0,BEAR_CALL_BNF_58500_59000_W500,BEAR_CALL,-156.0,22.5,BULL_PUT_BNF_57500_56500_W1000,BULL_PUT,324.0,19.922741503003635
1866,2026-07-01,10,256,0.6171875,BULL_PUT_BNF_57500_57100_W400,secondary,BULL_PUT,461.54638671875,27.0,BEAR_CALL_BNF_58500_59000_W500,BEAR_CALL,-184.5,13.909090909090908,BULL_PUT_BNF_57500_56500_W1000,BULL_PUT,309.0,19.922741503003635
1867,2026-07-01,10,256,0.6171875,BULL_PUT_BNF_57400_57000_W400,secondary,BULL_PUT,409.6470947265625,168.0,BEAR_CALL_BNF_58400_59000_W600,BEAR_CALL,-199.5,22.5,BULL_PUT_BNF_57400_56400_W1000,BULL_PUT,355.5,19.922741503003635
1868,2026-07-01,10,256,0.6171875,BULL_PUT_BNF_57500_57100_W400,secondary,BULL_PUT,464.4195556640625,31.5,BEAR_CALL_BNF_58500_59000_W500,BEAR_CALL,-252.0,-17.454545454545453,BULL_PUT_BNF_57500_56500_W1000,BULL_PUT,373.5,19.922741503003635
1869,2026-07-01,10,256,0.6171875,BULL_PUT_BNF_57500_57100_W400,secondary,BULL_PUT,461.57232666015625,18.0,BEAR_CALL_BNF_58500_59100_W600,BEAR_CALL,-12.0,-8.318181818181818,BULL_PUT_BNF_57500_56500_W1000,BULL_PUT,364.5,19.922741503003635
1870,2026-07-01,10,256,0.6171875,BULL_PUT_BNF_57500_57100_W400,secondary,BULL_PUT,430.54058837890625,-48.0,BEAR_CALL_BNF_58500_59000_W500,BEAR_CALL,-76.5,1.0909090909090908,BEAR_CALL_BNF_58500_59300_W800,BEAR_CALL,214.5,19.922741503003635
1871,2026-07-01,10,256,0.6171875,BULL_PUT_BNF_57500_57100_W400,secondary,BULL_PUT,445.34869384765625,-34.5,BEAR_CALL_BNF_58500_59000_W500,BEAR_CALL,-165.0,-14.863636363636363,BULL_PUT_BNF_57500_56500_W1000,BULL_PUT,205.5,19.922741503003635
1872,2026-07-01,10,256,0.6171875,BULL_PUT_BNF_57500_57100_W400,secondary,BULL_PUT,447.4114990234375,0.0,BEAR_CALL_BNF_58500_59000_W500,BEAR_CALL,-190.5,-15.409090909090908,BULL_PUT_BNF_57500_56500_W1000,BULL_PUT,250.5,19.922741503003635
1894,2026-07-01,10,256,0.6171875,BULL_PUT_BNF_57400_57000_W400,secondary,BULL_PUT,462.1115417480469,238.5,BEAR_CALL_BNF_58400_59000_W600,BEAR_CALL,-399.0,-34.22727272727273,BULL_PUT_BNF_57400_56400_W1000,BULL_PUT,499.5,19.922741503003635
1895,2026-07-01,10,256,0.6171875,BULL_PUT_BNF_57500_57100_W400,secondary,BULL_PUT,365.6331787109375,-34.5,BEAR_CALL_BNF_58500_59000_W500,BEAR_CALL,-178.5,-60.95454545454545,BULL_PUT_BNF_57500_56500_W1000,BULL_PUT,100.5,19.922741503003635
1896,2026-07-01,10,256,0.6171875,BULL_PUT_BNF_57600_57200_W400,secondary,BULL_PUT,347.47943115234375,-220.5,BEAR_CALL_BNF_58600_59000_W400,BEAR_CALL,177.0,25.636363636363637,BEAR_CALL_BNF_58600_59400_W800,BEAR_CALL,586.5,19.922741503003635
1897,2026-07-01,10,256,0.6171875,BULL_PUT_BNF_57600_57200_W400,secondary,BULL_PUT,426.17864990234375,-145.5,BEAR_CALL_BNF_58600_59000_W400,BEAR_CALL,36.0,-15.409090909090908,BEAR_CALL_BNF_58600_59400_W800,BEAR_CALL,354.0,19.922741503003635
1898,2026-07-01,10,256,0.6171875,BULL_PUT_BNF_57500_57100_W400,secondary,BULL_PUT,372.1756591796875,-115.5,BEAR_CALL_BNF_58500_59000_W500,BEAR_CALL,-58.5,-64.63636363636364,BEAR_CALL_BNF_58500_59300_W800,BEAR_CALL,159.0,19.922741503003635
1899,2026-07-01,10,256,0.6171875,BULL_PUT_BNF_57500_57100_W400,secondary,BULL_PUT,412.97003173828125,-111.0,BEAR_CALL_BNF_58500_59000_W500,BEAR_CALL,3.0,-48.95454545454545,BEAR_CALL_BNF_58500_59300_W800,BEAR_CALL,226.5,19.922741503003635
1900,2026-07-01,10,256,0.6171875,BULL_PUT_BNF_57500_57100_W400,secondary,BULL_PUT,476.7776184082031,-75.0,BEAR_CALL_BNF_58500_59000_W500,BEAR_CALL,-142.5,-70.5,BULL_PUT_BNF_57500_56500_W1000,BULL_PUT,58.5,19.922741503003635
1907,2026-07-02,10,256,0.61328125,BEAR_CALL_BNF_58700_59200_W500,primary,BEAR_CALL,102.98951721191406,133.5,BEAR_CALL_BNF_58700_59200_W500,BEAR_CALL,133.5,31.363636363636363,BEAR_CALL_BNF_58700_59700_W1000,BEAR_CALL,664.5,28.334682436994626
1908,2026-07-02,10,256,0.61328125,BEAR_CALL_BNF_58600_59200_W600,primary,BEAR_CALL,102.66444396972656,240.0,BEAR_CALL_BNF_58600_59200_W600,BEAR_CALL,240.0,16.09090909090909,BEAR_CALL_BNF_58600_59600_W1000,BEAR_CALL,642.0,28.334682436994626
1909,2026-07-02,10,256,0.61328125,BEAR_CALL_BNF_58700_59200_W500,primary,BEAR_CALL,99.26968383789062,289.5,BEAR_CALL_BNF_58700_59200_W500,BEAR_CALL,289.5,39.95454545454545,BEAR_CALL_BNF_58700_59700_W1000,BEAR_CALL,892.5,28.334682436994626
1910,2026-07-02,10,256,0.61328125,BEAR_PUT_NF_24050_24150_W100,secondary,BEAR_PUT,140.95645141601562,-269.75,BEAR_PUT_NF_24000_24150_W150,BEAR_PUT,-409.5,552.2954545454545,BEAR_CALL_BNF_58800_59800_W1000,BEAR_CALL,1756.5,28.334682436994626
1911,2026-07-02,10,256,0.61328125,BEAR_PUT_NF_24050_24150_W100,secondary,BEAR_PUT,128.50778198242188,-302.25,BEAR_PUT_NF_24000_24150_W150,BEAR_PUT,-464.75,529.3181818181819,BEAR_CALL_BNF_58900_59900_W1000,BEAR_CALL,1431.0,28.334682436994626
1912,2026-07-02,11,256,0.61328125,BEAR_PUT_NF_24050_24150_W100,secondary,BEAR_PUT,129.52462768554688,-364.0,BEAR_PUT_NF_23950_24150_W200,BEAR_PUT,-815.75,316.5416666666667,BEAR_CALL_BNF_58800_59800_W1000,BEAR_CALL,1411.5,28.334682436994626
1913,2026-07-02,15,256,0.61328125,BEAR_CALL_BNF_58700_59200_W500,primary,BEAR_CALL,91.73823547363281,393.0,BEAR_CALL_BNF_58700_59200_W500,BEAR_CALL,393.0,-152.90625,BEAR_CALL_BNF_58700_59700_W1000,BEAR_CALL,1081.5,28.334682436994626
1914,2026-07-02,8,256,0.61328125,__NO_TRADE__,synthetic_no_trade,NO_TRADE,123.11593627929688,0.0,BEAR_PUT_NF_24000_24100_W100,BEAR_PUT,-487.5,361.8333333333333,BEAR_CALL_BNF_58700_59700_W1000,BEAR_CALL,979.5,28.334682436994626
1915,2026-07-02,2,256,0.61328125,BEAR_PUT_NF_24000_24100_W100,secondary,BEAR_PUT,128.37962341308594,-718.25,BEAR_PUT_NF_23950_24100_W150,BEAR_PUT,-1053.0,-590.4166666666666,__NO_TRADE__,NO_TRADE,0.0,28.334682436994626
1916,2026-07-02,6,256,0.61328125,__NO_TRADE__,synthetic_no_trade,NO_TRADE,91.54908752441406,0.0,BEAR_PUT_BNF_57700_58100_W400,BEAR_PUT,49.5,79.92857142857143,BEAR_CALL_BNF_58600_59600_W1000,BEAR_CALL,199.5,28.334682436994626
1917,2026-07-02,8,256,0.61328125,__NO_TRADE__,synthetic_no_trade,NO_TRADE,125.10379028320312,0.0,BEAR_PUT_NF_23900_24100_W200,BEAR_PUT,-1677.0,-214.63888888888889,BEAR_CALL_BNF_58600_59600_W1000,BEAR_CALL,367.5,28.334682436994626
1918,2026-07-02,10,256,0.61328125,__NO_TRADE__,synthetic_no_trade,NO_TRADE,86.83601379394531,0.0,BEAR_CALL_BNF_58600_59000_W400,BEAR_CALL,87.0,-30.818181818181817,BEAR_CALL_BNF_58600_59600_W1000,BEAR_CALL,348.0,28.334682436994626
1919,2026-07-02,10,256,0.61328125,__NO_TRADE__,synthetic_no_trade,NO_TRADE,85.63003540039062,0.0,BEAR_CALL_BNF_58600_59000_W400,BEAR_CALL,151.5,-24.681818181818183,BEAR_CALL_BNF_58600_59600_W1000,BEAR_CALL,490.5,28.334682436994626
1920,2026-07-02,10,256,0.61328125,__NO_TRADE__,synthetic_no_trade,NO_TRADE,85.32311248779297,0.0,BEAR_CALL_BNF_58600_59000_W400,BEAR_CALL,91.5,-14.318181818181818,BEAR_CALL_BNF_58600_59600_W1000,BEAR_CALL,330.0,28.334682436994626
1921,2026-07-02,10,256,0.61328125,BEAR_CALL_BNF_58700_59200_W500,primary,BEAR_CALL,86.53439331054688,136.5,BEAR_CALL_BNF_58700_59200_W500,BEAR_CALL,136.5,-5.7272727272727275,BEAR_CALL_BNF_58700_59700_W1000,BEAR_CALL,615.0,28.334682436994626
1922,2026-07-02,10,256,0.61328125,BEAR_CALL_BNF_58700_59200_W500,primary,BEAR_CALL,87.3245849609375,132.0,BEAR_CALL_BNF_58700_59200_W500,BEAR_CALL,132.0,-17.454545454545453,BEAR_CALL_BNF_58700_59700_W1000,BEAR_CALL,607.5,28.334682436994626
1923,2026-07-02,10,256,0.61328125,BEAR_CALL_BNF_58700_59200_W500,primary,BEAR_CALL,86.07829284667969,72.0,BEAR_CALL_BNF_58700_59200_W500,BEAR_CALL,72.0,-41.04545454545455,BEAR_CALL_BNF_58700_59700_W1000,BEAR_CALL,507.0,28.334682436994626
1924,2026-07-02,5,256,0.61328125,BULL_PUT_BNF_57700_57300_W400,primary,BULL_PUT,87.46357727050781,-169.5,BULL_PUT_BNF_57700_57300_W400,BULL_PUT,-169.5,-196.75,__NO_TRADE__,NO_TRADE,0.0,28.334682436994626
1925,2026-07-02,5,256,0.61328125,__NO_TRADE__,synthetic_no_trade,NO_TRADE,82.89898681640625,0.0,BEAR_CALL_BNF_58600_59000_W400,BEAR_CALL,99.0,142.75,BEAR_CALL_BNF_58600_59600_W1000,BEAR_CALL,333.0,28.334682436994626
1926,2026-07-02,10,256,0.61328125,BEAR_CALL_BNF_58600_59200_W600,primary,BEAR_CALL,86.96244049072266,-16.5,BEAR_CALL_BNF_58600_59200_W600,BEAR_CALL,-16.5,-32.31818181818182,BEAR_CALL_BNF_58600_59600_W1000,BEAR_CALL,234.0,28.334682436994626
1927,2026-07-02,10,256,0.61328125,BEAR_CALL_BNF_58600_59100_W500,primary,BEAR_CALL,85.52840423583984,-24.0,BEAR_CALL_BNF_58600_59100_W500,BEAR_CALL,-24.0,-17.727272727272727,BULL_PUT_BNF_57600_56600_W1000,BULL_PUT,100.5,28.334682436994626
1928,2026-07-02,10,256,0.61328125,__NO_TRADE__,synthetic_no_trade,NO_TRADE,86.06977844238281,0.0,BEAR_CALL_BNF_58600_59000_W400,BEAR_CALL,-72.0,-52.22727272727273,BULL_PUT_BNF_57600_56600_W1000,BULL_PUT,19.5,28.334682436994626
1929,2026-07-02,10,256,0.61328125,__NO_TRADE__,synthetic_no_trade,NO_TRADE,84.53225708007812,0.0,BEAR_CALL_BNF_58500_59100_W600,BEAR_CALL,-12.0,13.772727272727273,BULL_PUT_BNF_57500_56500_W1000,BULL_PUT,123.0,28.334682436994626
1930,2026-07-02,10,256,0.61328125,__NO_TRADE__,synthetic_no_trade,NO_TRADE,86.67416381835938,0.0,BEAR_CALL_BNF_58600_59000_W400,BEAR_CALL,-73.5,-18.40909090909091,BULL_PUT_BNF_57600_56600_W1000,BULL_PUT,120.0,28.334682436994626
1931,2026-07-02,10,256,0.61328125,__NO_TRADE__,synthetic_no_trade,NO_TRADE,91.07498168945312,0.0,BEAR_CALL_BNF_58500_58900_W400,BEAR_CALL,-84.0,-4.909090909090909,BULL_PUT_BNF_57500_56500_W1000,BULL_PUT,268.5,28.334682436994626
1932,2026-07-02,10,256,0.61328125,__NO_TRADE__,synthetic_no_trade,NO_TRADE,92.76748657226562,0.0,BEAR_CALL_BNF_58500_59000_W500,BEAR_CALL,-348.0,11.181818181818182,BULL_PUT_BNF_57500_56500_W1000,BULL_PUT,672.0,28.334682436994626
1933,2026-07-02,10,256,0.61328125,__NO_TRADE__,synthetic_no_trade,NO_TRADE,87.12018585205078,0.0,BEAR_CALL_BNF_58500_59000_W500,BEAR_CALL,-264.0,0.6818181818181818,BULL_PUT_BNF_57500_56500_W1000,BULL_PUT,493.5,28.334682436994626
1934,2026-07-02,5,256,0.61328125,BULL_PUT_BNF_57600_57200_W400,primary,BULL_PUT,93.45413970947266,42.0,BULL_PUT_BNF_57600_57200_W400,BULL_PUT,42.0,119.75,BULL_PUT_BNF_57600_56600_W1000,BULL_PUT,286.5,28.334682436994626
1935,2026-07-02,10,256,0.61328125,__NO_TRADE__,synthetic_no_trade,NO_TRADE,85.38508605957031,0.0,BEAR_CALL_BNF_58500_59000_W500,BEAR_CALL,-169.5,-14.045454545454545,BULL_PUT_BNF_57500_56500_W1000,BULL_PUT,279.0,28.334682436994626
1936,2026-07-02,10,256,0.61328125,__NO_TRADE__,synthetic_no_trade,NO_TRADE,86.92799377441406,0.0,BEAR_CALL_BNF_58500_59000_W500,BEAR_CALL,-171.0,-21.40909090909091,BULL_PUT_BNF_57500_56500_W1000,BULL_PUT,268.5,28.334682436994626
1937,2026-07-02,10,256,0.61328125,__NO_TRADE__,synthetic_no_trade,NO_TRADE,84.9180908203125,0.0,BEAR_CALL_BNF_58500_59000_W500,BEAR_CALL,-165.0,-10.363636363636363,BULL_PUT_BNF_57500_56500_W1000,BULL_PUT,253.5,28.334682436994626
1938,2026-07-02,10,256,0.61328125,__NO_TRADE__,synthetic_no_trade,NO_TRADE,82.10478210449219,0.0,BEAR_CALL_BNF_58500_59000_W500,BEAR_CALL,-124.5,7.363636363636363,BULL_PUT_BNF_57500_56500_W1000,BULL_PUT,223.5,28.334682436994626
1939,2026-07-02,10,256,0.61328125,__NO_TRADE__,synthetic_no_trade,NO_TRADE,80.44279479980469,0.0,BEAR_CALL_BNF_58500_59000_W500,BEAR_CALL,-129.0,-3.6818181818181817,BULL_PUT_BNF_57500_56500_W1000,BULL_PUT,213.0,28.334682436994626
1940,2026-07-02,10,256,0.61328125,__NO_TRADE__,synthetic_no_trade,NO_TRADE,79.09060668945312,0.0,BEAR_CALL_BNF_58500_59000_W500,BEAR_CALL,-75.0,0.9545454545454546,BULL_PUT_BNF_57500_56500_W1000,BULL_PUT,159.0,28.334682436994626
1941,2026-07-02,10,256,0.61328125,BEAR_CALL_BNF_58600_59100_W500,primary,BEAR_CALL,77.00889587402344,-64.5,BEAR_CALL_BNF_58600_59100_W500,BEAR_CALL,-64.5,-63.13636363636363,BULL_PUT_BNF_57600_56600_W1000,BULL_PUT,13.5,28.334682436994626
1942,2026-07-02,10,256,0.61328125,__NO_TRADE__,synthetic_no_trade,NO_TRADE,77.36058807373047,0.0,BEAR_CALL_BNF_58600_59000_W400,BEAR_CALL,-9.0,-50.31818181818182,BEAR_CALL_BNF_58600_59600_W1000,BEAR_CALL,105.0,28.334682436994626
1943,2026-07-02,5,256,0.61328125,BULL_PUT_BNF_57700_57300_W400,primary,BULL_PUT,93.49160766601562,-214.5,BULL_PUT_BNF_57700_57300_W400,BULL_PUT,-214.5,-249.0,__NO_TRADE__,NO_TRADE,0.0,28.334682436994626
1944,2026-07-02,10,256,0.61328125,__NO_TRADE__,synthetic_no_trade,NO_TRADE,77.13737487792969,0.0,BEAR_CALL_BNF_58600_59000_W400,BEAR_CALL,91.5,-49.5,BEAR_CALL_BNF_58600_59600_W1000,BEAR_CALL,252.0,28.334682436994626
1945,2026-07-02,5,256,0.61328125,BULL_PUT_BNF_57700_57300_W400,primary,BULL_PUT,96.39503479003906,-264.0,BULL_PUT_BNF_57700_57300_W400,BULL_PUT,-264.0,-275.25,__NO_TRADE__,NO_TRADE,0.0,28.334682436994626
1946,2026-07-02,10,256,0.61328125,__NO_TRADE__,synthetic_no_trade,NO_TRADE,77.4159164428711,0.0,BEAR_CALL_BNF_58600_59000_W400,BEAR_CALL,-12.0,-57.27272727272727,BEAR_CALL_BNF_58600_59600_W1000,BEAR_CALL,66.0,28.334682436994626
1947,2026-07-02,10,256,0.61328125,BEAR_CALL_BNF_58600_59100_W500,primary,BEAR_CALL,76.58767700195312,-21.0,BEAR_CALL_BNF_58600_59100_W500,BEAR_CALL,-21.0,-74.5909090909091,BEAR_CALL_BNF_58600_59600_W1000,BEAR_CALL,31.5,28.334682436994626
1948,2026-07-02,10,256,0.61328125,__NO_TRADE__,synthetic_no_trade,NO_TRADE,77.779296875,0.0,BEAR_CALL_BNF_58600_59000_W400,BEAR_CALL,-60.0,-68.04545454545455,__NO_TRADE__,NO_TRADE,0.0,28.334682436994626
1949,2026-07-02,5,256,0.61328125,BULL_PUT_BNF_57600_57200_W400,primary,BULL_PUT,101.40480041503906,-73.5,BULL_PUT_BNF_57600_57200_W400,BULL_PUT,-73.5,-25.75,BULL_PUT_BNF_57600_56600_W1000,BULL_PUT,33.0,28.334682436994626
1950,2026-07-02,10,256,0.61328125,BEAR_CALL_BNF_58600_59200_W600,primary,BEAR_CALL,81.07765197753906,-220.5,BEAR_CALL_BNF_58600_59200_W600,BEAR_CALL,-220.5,-84.4090909090909,BULL_PUT_BNF_57600_56600_W1000,BULL_PUT,15.0,28.334682436994626
1951,2026-07-02,10,256,0.61328125,__NO_TRADE__,synthetic_no_trade,NO_TRADE,77.34176635742188,0.0,BEAR_CALL_BNF_58600_59000_W400,BEAR_CALL,-37.5,-84.68181818181819,BEAR_CALL_BNF_58600_59600_W1000,BEAR_CALL,79.5,28.334682436994626
1952,2026-07-02,10,256,0.61328125,__NO_TRADE__,synthetic_no_trade,NO_TRADE,76.98123931884766,0.0,BEAR_CALL_BNF_58600_59000_W400,BEAR_CALL,-33.0,-83.31818181818181,BEAR_CALL_BNF_58600_59600_W1000,BEAR_CALL,46.5,28.334682436994626
1953,2026-07-02,10,256,0.61328125,__NO_TRADE__,synthetic_no_trade,NO_TRADE,76.21250915527344,0.0,BEAR_CALL_BNF_58600_59000_W400,BEAR_CALL,-12.0,-71.72727272727273,BEAR_CALL_BNF_58600_59600_W1000,BEAR_CALL,76.5,28.334682436994626
1954,2026-07-02,10,256,0.61328125,__NO_TRADE__,synthetic_no_trade,NO_TRADE,75.95740509033203,0.0,BEAR_CALL_BNF_58600_59000_W400,BEAR_CALL,12.0,-87.54545454545455,BEAR_CALL_BNF_58600_59600_W1000,BEAR_CALL,67.5,28.334682436994626
1956,2026-07-02,5,256,0.61328125,BULL_PUT_BNF_57600_57200_W400,primary,BULL_PUT,100.68019104003906,-57.0,BULL_PUT_BNF_57600_57200_W400,BULL_PUT,-57.0,-39.0,__NO_TRADE__,NO_TRADE,0.0,28.334682436994626
1957,2026-07-02,10,256,0.61328125,__NO_TRADE__,synthetic_no_trade,NO_TRADE,76.38577270507812,0.0,BEAR_CALL_BNF_58600_59000_W400,BEAR_CALL,-117.0,-98.04545454545455,__NO_TRADE__,NO_TRADE,0.0,28.334682436994626
1958,2026-07-02,5,256,0.61328125,__NO_TRADE__,synthetic_no_trade,NO_TRADE,76.82035827636719,0.0,BEAR_CALL_BNF_58500_59000_W500,BEAR_CALL,-103.5,-114.75,__NO_TRADE__,NO_TRADE,0.0,28.334682436994626
1959,2026-07-02,10,256,0.61328125,__NO_TRADE__,synthetic_no_trade,NO_TRADE,76.27100372314453,0.0,BEAR_CALL_BNF_58500_59000_W500,BEAR_CALL,-150.0,-71.5909090909091,BULL_PUT_BNF_57500_56500_W1000,BULL_PUT,63.0,28.334682436994626
1960,2026-07-02,10,256,0.61328125,__NO_TRADE__,synthetic_no_trade,NO_TRADE,76.37520599365234,0.0,BEAR_CALL_BNF_58500_59000_W500,BEAR_CALL,-157.5,-65.5909090909091,BULL_PUT_BNF_57500_56500_W1000,BULL_PUT,52.5,28.334682436994626
1961,2026-07-02,10,256,0.61328125,__NO_TRADE__,synthetic_no_trade,NO_TRADE,76.4771728515625,0.0,BEAR_CALL_BNF_58500_59000_W500,BEAR_CALL,-210.0,-61.5,BULL_PUT_BNF_57500_56500_W1000,BULL_PUT,166.5,28.334682436994626
1962,2026-07-02,10,256,0.61328125,__NO_TRADE__,synthetic_no_trade,NO_TRADE,75.22126770019531,0.0,BEAR_CALL_BNF_58500_59100_W600,BEAR_CALL,-175.5,-68.04545454545455,BULL_PUT_BNF_57500_56500_W1000,BULL_PUT,138.0,28.334682436994626
1963,2026-07-02,5,256,0.61328125,BULL_PUT_BNF_57600_57200_W400,primary,BULL_PUT,105.48420715332031,-127.5,BULL_PUT_BNF_57600_57200_W400,BULL_PUT,-127.5,-105.25,__NO_TRADE__,NO_TRADE,0.0,28.334682436994626
1964,2026-07-02,10,256,0.61328125,__NO_TRADE__,synthetic_no_trade,NO_TRADE,75.84146881103516,0.0,BEAR_CALL_BNF_58500_59000_W500,BEAR_CALL,-96.0,-63.68181818181818,BULL_PUT_BNF_57500_56900_W600,BULL_PUT,6.0,28.334682436994626
1965,2026-07-02,10,256,0.61328125,__NO_TRADE__,synthetic_no_trade,NO_TRADE,80.17799377441406,0.0,BEAR_CALL_BNF_58400_58800_W400,BEAR_CALL,-463.5,-100.63636363636364,BULL_PUT_BNF_57400_56400_W1000,BULL_PUT,613.5,28.334682436994626
1966,2026-07-02,5,256,0.61328125,__NO_TRADE__,synthetic_no_trade,NO_TRADE,76.41376495361328,0.0,BEAR_CALL_BNF_58400_59000_W600,BEAR_CALL,-349.5,-368.75,__NO_TRADE__,NO_TRADE,0.0,28.334682436994626
1967,2026-07-02,5,256,0.61328125,__NO_TRADE__,synthetic_no_trade,NO_TRADE,76.70144653320312,0.0,BEAR_CALL_BNF_58400_59000_W600,BEAR_CALL,-337.5,-354.0,__NO_TRADE__,NO_TRADE,0.0,28.334682436994626
1968,2026-07-02,10,256,0.61328125,__NO_TRADE__,synthetic_no_trade,NO_TRADE,76.6156997680664,0.0,BEAR_CALL_BNF_58400_59000_W600,BEAR_CALL,-438.0,-118.9090909090909,BULL_PUT_BNF_57400_56400_W1000,BULL_PUT,408.0,28.334682436994626
1969,2026-07-02,10,256,0.61328125,__NO_TRADE__,synthetic_no_trade,NO_TRADE,76.9024658203125,0.0,BEAR_CALL_BNF_58400_59000_W600,BEAR_CALL,-498.0,-141.6818181818182,BULL_PUT_BNF_57400_56600_W800,BULL_PUT,393.0,28.334682436994626
1970,2026-07-02,5,256,0.61328125,__NO_TRADE__,synthetic_no_trade,NO_TRADE,74.78526306152344,0.0,BEAR_CALL_BNF_58500_59000_W500,BEAR_CALL,-91.5,-87.0,__NO_TRADE__,NO_TRADE,0.0,28.334682436994626
1971,2026-07-02,10,256,0.61328125,__NO_TRADE__,synthetic_no_trade,NO_TRADE,75.1600112915039,0.0,BEAR_CALL_BNF_58500_59000_W500,BEAR_CALL,-165.0,-60.81818181818182,BULL_PUT_BNF_57500_56500_W1000,BULL_PUT,123.0,28.334682436994626
1972,2026-07-02,5,256,0.61328125,__NO_TRADE__,synthetic_no_trade,NO_TRADE,74.42887115478516,0.0,BEAR_CALL_BNF_58500_59000_W500,BEAR_CALL,-24.0,-18.0,BEAR_CALL_BNF_58500_58900_W400,BEAR_CALL,22.5,28.334682436994626
1973,2026-07-02,5,256,0.61328125,__NO_TRADE__,synthetic_no_trade,NO_TRADE,73.84461975097656,0.0,BEAR_CALL_BNF_58500_59000_W500,BEAR_CALL,-6.0,6.25,BEAR_CALL_BNF_58500_59500_W1000,BEAR_CALL,30.0,28.334682436994626
1974,2026-07-02,10,256,0.61328125,__NO_TRADE__,synthetic_no_trade,NO_TRADE,73.74373626708984,0.0,BEAR_CALL_BNF_58600_59000_W400,BEAR_CALL,-117.0,-179.04545454545453,__NO_TRADE__,NO_TRADE,0.0,28.334682436994626
1975,2026-07-02,5,256,0.61328125,BULL_PUT_BNF_57600_57200_W400,primary,BULL_PUT,112.435302734375,-169.5,BULL_PUT_BNF_57600_57200_W400,BULL_PUT,-169.5,-147.75,__NO_TRADE__,NO_TRADE,0.0,28.334682436994626
1976,2026-07-02,5,256,0.61328125,BULL_PUT_BNF_57600_57200_W400,primary,BULL_PUT,111.93453979492188,-124.5,BULL_PUT_BNF_57600_57200_W400,BULL_PUT,-124.5,-109.5,__NO_TRADE__,NO_TRADE,0.0,28.334682436994626
1977,2026-07-02,5,256,0.61328125,__NO_TRADE__,synthetic_no_trade,NO_TRADE,72.41658782958984,0.0,BEAR_CALL_BNF_58500_59000_W500,BEAR_CALL,-13.5,-11.0,BEAR_CALL_BNF_58500_58900_W400,BEAR_CALL,31.5,28.334682436994626
1978,2026-07-02,10,256,0.61328125,__NO_TRADE__,synthetic_no_trade,NO_TRADE,72.75794982910156,0.0,BEAR_CALL_BNF_58500_59000_W500,BEAR_CALL,-136.5,-79.9090909090909,BULL_PUT_BNF_57500_56500_W1000,BULL_PUT,78.0,28.334682436994626
1979,2026-07-02,10,256,0.61328125,BULL_PUT_BNF_57500_56500_W1000,secondary,BULL_PUT,72.80282592773438,43.5,BEAR_CALL_BNF_58500_59000_W500,BEAR_CALL,-63.0,-68.45454545454545,BULL_PUT_BNF_57500_56500_W1000,BULL_PUT,43.5,28.334682436994626
1984,2026-07-03,5,256,0.578125,BULL_PUT_BNF_57600_56600_W1000,secondary,BULL_PUT,4.425252914428711,-514.5,BULL_PUT_BNF_57600_57200_W400,BULL_PUT,-253.5,-290.0,__NO_TRADE__,NO_TRADE,0.0,20.6919474919996
1985,2026-07-03,10,256,0.578125,BULL_PUT_BNF_57600_57200_W400,secondary,BULL_PUT,-11.79811954498291,-295.5,BEAR_CALL_BNF_58600_59000_W400,BEAR_CALL,454.5,186.8181818181818,BEAR_CALL_BNF_58600_59600_W1000,BEAR_CALL,1320.0,20.6919474919996
1986,2026-07-03,10,256,0.578125,BULL_PUT_BNF_57600_56600_W1000,secondary,BULL_PUT,0.37165069580078125,-540.0,BEAR_CALL_BNF_58600_59000_W400,BEAR_CALL,477.0,220.22727272727272,BEAR_CALL_BNF_58600_59600_W1000,BEAR_CALL,1333.5,20.6919474919996
1992,2026-07-03,5,256,0.578125,__NO_TRADE__,synthetic_no_trade,NO_TRADE,-35.07699203491211,0.0,BEAR_CALL_BNF_58600_59000_W400,BEAR_CALL,502.5,706.75,BEAR_CALL_BNF_58600_59600_W1000,BEAR_CALL,1287.0,20.6919474919996
1993,2026-07-03,5,256,0.578125,BULL_PUT_BNF_57600_56600_W1000,secondary,BULL_PUT,6.851917266845703,-507.0,BULL_PUT_BNF_57600_57200_W400,BULL_PUT,-234.0,-284.5,__NO_TRADE__,NO_TRADE,0.0,20.6919474919996
1994,2026-07-03,10,256,0.578125,BULL_PUT_BNF_57600_57200_W400,secondary,BULL_PUT,-8.53570556640625,-258.0,BEAR_CALL_BNF_58600_59000_W400,BEAR_CALL,432.0,180.0,BEAR_CALL_BNF_58600_59600_W1000,BEAR_CALL,1210.5,20.6919474919996
1995,2026-07-03,5,256,0.578125,BULL_PUT_BNF_57700_57300_W400,primary,BULL_PUT,0.8351020812988281,-322.5,BULL_PUT_BNF_57700_57300_W400,BULL_PUT,-322.5,-458.75,__NO_TRADE__,NO_TRADE,0.0,20.6919474919996
1996,2026-07-03,5,256,0.578125,__NO_TRADE__,synthetic_no_trade,NO_TRADE,-34.99908447265625,0.0,BEAR_CALL_BNF_58600_59000_W400,BEAR_CALL,510.0,751.5,BEAR_CALL_BNF_58600_59600_W1000,BEAR_CALL,1348.5,20.6919474919996
1997,2026-07-03,10,256,0.578125,BULL_PUT_BNF_57600_56600_W1000,secondary,BULL_PUT,-1.9892826080322266,-597.0,BEAR_CALL_BNF_58600_59000_W400,BEAR_CALL,451.5,162.54545454545453,BEAR_CALL_BNF_58600_59600_W1000,BEAR_CALL,1221.0,20.6919474919996
1998,2026-07-03,5,256,0.578125,__NO_TRADE__,synthetic_no_trade,NO_TRADE,-35.15601348876953,0.0,BEAR_CALL_BNF_58600_59000_W400,BEAR_CALL,438.0,635.25,BEAR_CALL_BNF_58600_59600_W1000,BEAR_CALL,1170.0,20.6919474919996
1999,2026-07-03,5,256,0.578125,BULL_PUT_BNF_57600_57200_W400,primary,BULL_PUT,2.343996047973633,-288.0,BULL_PUT_BNF_57600_57200_W400,BULL_PUT,-288.0,-339.75,__NO_TRADE__,NO_TRADE,0.0,20.6919474919996
2000,2026-07-03,10,256,0.578125,BULL_PUT_BNF_57600_56600_W1000,secondary,BULL_PUT,-5.1079912185668945,-594.0,BEAR_CALL_BNF_58600_59000_W400,BEAR_CALL,451.5,164.45454545454547,BEAR_CALL_BNF_58600_59600_W1000,BEAR_CALL,1147.5,20.6919474919996
2001,2026-07-03,5,256,0.578125,__NO_TRADE__,synthetic_no_trade,NO_TRADE,-35.8760871887207,0.0,BEAR_CALL_BNF_58500_59000_W500,BEAR_CALL,301.5,380.25,BEAR_CALL_BNF_58500_59500_W1000,BEAR_CALL,741.0,20.6919474919996
2002,2026-07-03,5,256,0.578125,__NO_TRADE__,synthetic_no_trade,NO_TRADE,-35.92469787597656,0.0,BEAR_CALL_BNF_58500_59000_W500,BEAR_CALL,370.5,409.0,BEAR_CALL_BNF_58500_59500_W1000,BEAR_CALL,795.0,20.6919474919996
2003,2026-07-03,5,256,0.578125,__NO_TRADE__,synthetic_no_trade,NO_TRADE,-35.889366149902344,0.0,BEAR_CALL_BNF_58500_59000_W500,BEAR_CALL,408.0,447.75,BEAR_CALL_BNF_58500_59500_W1000,BEAR_CALL,855.0,20.6919474919996
2004,2026-07-03,5,256,0.578125,BULL_PUT_BNF_57500_56500_W1000,secondary,BULL_PUT,8.498380661010742,-264.0,BULL_PUT_BNF_57500_57100_W400,BULL_PUT,-174.0,-209.75,__NO_TRADE__,NO_TRADE,0.0,20.6919474919996
2005,2026-07-03,5,256,0.578125,BULL_PUT_BNF_57500_56500_W1000,secondary,BULL_PUT,19.447572708129883,-129.0,BULL_PUT_BNF_57500_57100_W400,BULL_PUT,-61.5,-108.75,__NO_TRADE__,NO_TRADE,0.0,20.6919474919996
2006,2026-07-03,5,256,0.578125,__NO_TRADE__,synthetic_no_trade,NO_TRADE,-36.77827835083008,0.0,BEAR_CALL_BNF_58400_59000_W600,BEAR_CALL,217.5,218.75,BEAR_CALL_BNF_58400_59400_W1000,BEAR_CALL,439.5,20.6919474919996
2007,2026-07-03,5,256,0.578125,__NO_TRADE__,synthetic_no_trade,NO_TRADE,-36.77046585083008,0.0,BEAR_CALL_BNF_58400_59000_W600,BEAR_CALL,222.0,212.25,BEAR_CALL_BNF_58400_59200_W800,BEAR_CALL,400.5,20.6919474919996
2008,2026-07-03,10,256,0.578125,BULL_PUT_BNF_57500_56500_W1000,secondary,BULL_PUT,-0.16017723083496094,-397.5,BEAR_CALL_BNF_58500_59000_W500,BEAR_CALL,249.0,31.636363636363637,BEAR_CALL_BNF_58500_59500_W1000,BEAR_CALL,669.0,20.6919474919996
2009,2026-07-03,10,256,0.578125,BULL_PUT_BNF_57500_56500_W1000,secondary,BULL_PUT,-0.1788654327392578,-342.0,BEAR_CALL_BNF_58500_59000_W500,BEAR_CALL,228.0,29.045454545454547,BEAR_CALL_BNF_58500_59500_W1000,BEAR_CALL,585.0,20.6919474919996
2010,2026-07-03,5,256,0.578125,__NO_TRADE__,synthetic_no_trade,NO_TRADE,-35.93424987792969,0.0,BEAR_CALL_BNF_58500_59000_W500,BEAR_CALL,285.0,363.25,BEAR_CALL_BNF_58500_59500_W1000,BEAR_CALL,736.5,20.6919474919996
2011,2026-07-03,5,256,0.578125,BULL_PUT_BNF_57600_56600_W1000,secondary,BULL_PUT,7.323324203491211,-517.5,BULL_PUT_BNF_57600_57200_W400,BULL_PUT,-237.0,-289.25,__NO_TRADE__,NO_TRADE,0.0,20.6919474919996
2012,2026-07-03,5,256,0.578125,BULL_PUT_BNF_57600_56600_W1000,secondary,BULL_PUT,9.509498596191406,-471.0,BULL_PUT_BNF_57600_57200_W400,BULL_PUT,-210.0,-266.25,__NO_TRADE__,NO_TRADE,0.0,20.6919474919996
2013,2026-07-03,5,256,0.578125,__NO_TRADE__,synthetic_no_trade,NO_TRADE,-35.91769790649414,0.0,BEAR_CALL_BNF_58500_59000_W500,BEAR_CALL,307.5,364.25,BEAR_CALL_BNF_58500_59500_W1000,BEAR_CALL,700.5,20.6919474919996
2014,2026-07-03,5,256,0.578125,__NO_TRADE__,synthetic_no_trade,NO_TRADE,-35.93574523925781,0.0,BEAR_CALL_BNF_58500_59000_W500,BEAR_CALL,247.5,316.0,BEAR_CALL_BNF_58500_59500_W1000,BEAR_CALL,634.5,20.6919474919996
2015,2026-07-03,5,256,0.578125,__NO_TRADE__,synthetic_no_trade,NO_TRADE,-36.002357482910156,0.0,BEAR_CALL_BNF_58500_59000_W500,BEAR_CALL,240.0,312.0,BEAR_CALL_BNF_58500_59500_W1000,BEAR_CALL,619.5,20.6919474919996
2016,2026-07-03,5,256,0.578125,__NO_TRADE__,synthetic_no_trade,NO_TRADE,-35.97652053833008,0.0,BEAR_CALL_BNF_58500_59000_W500,BEAR_CALL,270.0,353.75,BEAR_CALL_BNF_58500_59500_W1000,BEAR_CALL,693.0,20.6919474919996
2017,2026-07-03,5,256,0.578125,__NO_TRADE__,synthetic_no_trade,NO_TRADE,-35.92185974121094,0.0,BEAR_CALL_BNF_58500_59000_W500,BEAR_CALL,309.0,392.75,BEAR_CALL_BNF_58500_59500_W1000,BEAR_CALL,774.0,20.6919474919996
2018,2026-07-03,10,256,0.578125,BULL_PUT_BNF_57500_57100_W400,secondary,BULL_PUT,-5.674350738525391,-223.5,BEAR_CALL_BNF_58500_59000_W500,BEAR_CALL,210.0,14.727272727272727,BEAR_CALL_BNF_58500_59500_W1000,BEAR_CALL,568.5,20.6919474919996
2019,2026-07-03,5,256,0.578125,__NO_TRADE__,synthetic_no_trade,NO_TRADE,-35.96527862548828,0.0,BEAR_CALL_BNF_58500_59000_W500,BEAR_CALL,259.5,336.5,BEAR_CALL_BNF_58500_59500_W1000,BEAR_CALL,667.5,20.6919474919996
2020,2026-07-03,5,256,0.578125,BULL_PUT_BNF_57500_56500_W1000,secondary,BULL_PUT,12.082738876342773,-370.5,BULL_PUT_BNF_57500_57100_W400,BULL_PUT,-193.5,-246.0,__NO_TRADE__,NO_TRADE,0.0,20.6919474919996
2021,2026-07-03,5,256,0.578125,BULL_PUT_BNF_57500_57100_W400,primary,BULL_PUT,5.738922119140625,-220.5,BULL_PUT_BNF_57500_57100_W400,BULL_PUT,-220.5,-272.0,__NO_TRADE__,NO_TRADE,0.0,20.6919474919996
2022,2026-07-03,5,256,0.578125,BULL_PUT_BNF_57500_56500_W1000,secondary,BULL_PUT,17.648509979248047,-322.5,BULL_PUT_BNF_57500_57100_W400,BULL_PUT,-171.0,-223.5,__NO_TRADE__,NO_TRADE,0.0,20.6919474919996
2023,2026-07-03,5,256,0.578125,BULL_PUT_BNF_57500_56500_W1000,secondary,BULL_PUT,18.71146011352539,-285.0,BULL_PUT_BNF_57500_57100_W400,BULL_PUT,-168.0,-192.75,__NO_TRADE__,NO_TRADE,0.0,20.6919474919996
2024,2026-07-03,5,256,0.578125,BULL_PUT_BNF_57500_56500_W1000,secondary,BULL_PUT,21.153562545776367,-229.5,BULL_PUT_BNF_57500_57100_W400,BULL_PUT,-123.0,-165.25,__NO_TRADE__,NO_TRADE,0.0,20.6919474919996
2025,2026-07-03,5,256,0.578125,__NO_TRADE__,synthetic_no_trade,NO_TRADE,-35.89635467529297,0.0,BEAR_CALL_BNF_58400_58900_W500,BEAR_CALL,129.0,191.0,BEAR_CALL_BNF_58400_59200_W800,BEAR_CALL,379.5,20.6919474919996
2026,2026-07-03,5,256,0.578125,BULL_PUT_BNF_57400_56400_W1000,secondary,BULL_PUT,16.577388763427734,135.0,BULL_PUT_BNF_57400_57000_W400,BULL_PUT,73.5,70.0,BULL_PUT_BNF_57400_56400_W1000,BULL_PUT,135.0,20.6919474919996
2027,2026-07-03,5,256,0.578125,BULL_PUT_BNF_57400_56400_W1000,secondary,BULL_PUT,26.130279541015625,288.0,BULL_PUT_BNF_57400_57000_W400,BULL_PUT,156.0,177.0,BULL_PUT_BNF_57400_56400_W1000,BULL_PUT,288.0,20.6919474919996
2028,2026-07-03,5,256,0.578125,BULL_PUT_BNF_57400_56400_W1000,secondary,BULL_PUT,11.842977523803711,280.5,BULL_PUT_BNF_57400_57000_W400,BULL_PUT,141.0,156.25,BULL_PUT_BNF_57400_56400_W1000,BULL_PUT,280.5,20.6919474919996
2029,2026-07-03,5,256,0.578125,BULL_PUT_BNF_57400_56400_W1000,secondary,BULL_PUT,22.78473472595215,190.5,BULL_PUT_BNF_57400_57000_W400,BULL_PUT,102.0,119.25,BULL_PUT_BNF_57400_56400_W1000,BULL_PUT,190.5,20.6919474919996
2030,2026-07-03,5,256,0.578125,BULL_PUT_BNF_57400_56400_W1000,secondary,BULL_PUT,16.558856964111328,171.0,BULL_PUT_BNF_57400_57000_W400,BULL_PUT,79.5,99.25,BULL_PUT_BNF_57400_56400_W1000,BULL_PUT,171.0,20.6919474919996
2031,2026-07-03,5,256,0.578125,BULL_PUT_BNF_57400_56400_W1000,secondary,BULL_PUT,22.971683502197266,178.5,BULL_PUT_BNF_57400_57000_W400,BULL_PUT,84.0,98.0,BULL_PUT_BNF_57400_56600_W800,BULL_PUT,178.5,20.6919474919996
2032,2026-07-03,5,256,0.578125,__NO_TRADE__,synthetic_no_trade,NO_TRADE,-35.32018280029297,0.0,BEAR_CALL_BNF_58300_58700_W400,BEAR_CALL,-195.0,-194.0,__NO_TRADE__,NO_TRADE,0.0,20.6919474919996
2033,2026-07-03,5,256,0.578125,__NO_TRADE__,synthetic_no_trade,NO_TRADE,-35.31746292114258,0.0,BEAR_CALL_BNF_58300_58700_W400,BEAR_CALL,-129.0,-113.0,__NO_TRADE__,NO_TRADE,0.0,20.6919474919996
2034,2026-07-03,5,256,0.578125,BULL_PUT_BNF_57400_56400_W1000,secondary,BULL_PUT,26.090286254882812,186.0,BULL_PUT_BNF_57400_57000_W400,BULL_PUT,73.5,101.0,BULL_PUT_BNF_57400_56400_W1000,BULL_PUT,186.0,20.6919474919996
2035,2026-07-03,5,256,0.578125,BULL_PUT_BNF_57400_56400_W1000,secondary,BULL_PUT,20.032180786132812,144.0,BULL_PUT_BNF_57400_57000_W400,BULL_PUT,60.0,72.0,BULL_PUT_BNF_57400_56400_W1000,BULL_PUT,144.0,20.6919474919996
2036,2026-07-03,5,256,0.578125,BULL_PUT_BNF_57400_56400_W1000,secondary,BULL_PUT,19.919692993164062,192.0,BULL_PUT_BNF_57400_57000_W400,BULL_PUT,81.0,90.0,BULL_PUT_BNF_57400_56400_W1000,BULL_PUT,192.0,20.6919474919996
2037,2026-07-03,5,256,0.578125,BULL_PUT_BNF_57400_56400_W1000,secondary,BULL_PUT,29.64065170288086,271.5,BULL_PUT_BNF_57400_57000_W400,BULL_PUT,121.5,152.25,BULL_PUT_BNF_57400_56400_W1000,BULL_PUT,271.5,20.6919474919996
2038,2026-07-03,5,256,0.578125,__NO_TRADE__,synthetic_no_trade,NO_TRADE,-35.29091262817383,0.0,BEAR_CALL_BNF_58300_58700_W400,BEAR_CALL,-213.0,-228.0,__NO_TRADE__,NO_TRADE,0.0,20.6919474919996
2039,2026-07-03,5,256,0.578125,BULL_PUT_BNF_57400_56400_W1000,secondary,BULL_PUT,28.367843627929688,223.5,BULL_PUT_BNF_57400_57000_W400,BULL_PUT,85.5,109.75,BULL_PUT_BNF_57400_56400_W1000,BULL_PUT,223.5,20.6919474919996
2040,2026-07-03,10,256,0.578125,BULL_PUT_BNF_57400_56400_W1000,secondary,BULL_PUT,7.099987030029297,133.5,BEAR_CALL_BNF_58400_59000_W600,BEAR_CALL,-85.5,10.909090909090908,BULL_PUT_BNF_57400_56400_W1000,BULL_PUT,133.5,20.6919474919996
2041,2026-07-03,5,256,0.578125,BULL_PUT_BNF_57400_56400_W1000,secondary,BULL_PUT,22.25229835510254,337.5,BULL_PUT_BNF_57400_57000_W400,BULL_PUT,135.0,181.25,BULL_PUT_BNF_57400_56400_W1000,BULL_PUT,337.5,20.6919474919996
2042,2026-07-03,5,256,0.578125,BULL_PUT_BNF_57400_56400_W1000,secondary,BULL_PUT,22.43300437927246,258.0,BULL_PUT_BNF_57400_57000_W400,BULL_PUT,70.5,130.25,BULL_PUT_BNF_57400_56400_W1000,BULL_PUT,258.0,20.6919474919996
2043,2026-07-03,5,256,0.578125,__NO_TRADE__,synthetic_no_trade,NO_TRADE,-35.95489501953125,0.0,BEAR_CALL_BNF_58400_58900_W500,BEAR_CALL,-139.5,-98.75,__NO_TRADE__,NO_TRADE,0.0,20.6919474919996
2044,2026-07-03,10,256,0.578125,BULL_PUT_BNF_57400_57000_W400,secondary,BULL_PUT,-2.932462692260742,46.5,BEAR_CALL_BNF_58400_59000_W600,BEAR_CALL,-129.0,6.136363636363637,BULL_PUT_BNF_57400_56600_W800,BULL_PUT,205.5,20.6919474919996
2045,2026-07-03,5,256,0.578125,__NO_TRADE__,synthetic_no_trade,NO_TRADE,-35.982757568359375,0.0,BEAR_CALL_BNF_58400_58900_W500,BEAR_CALL,-43.5,-9.75,BEAR_CALL_BNF_58400_59200_W800,BEAR_CALL,72.0,20.6919474919996
2046,2026-07-03,5,256,0.578125,__NO_TRADE__,synthetic_no_trade,NO_TRADE,-36.86656951904297,0.0,BEAR_CALL_BNF_58400_59000_W600,BEAR_CALL,-97.5,-71.25,__NO_TRADE__,NO_TRADE,0.0,20.6919474919996
2047,2026-07-03,5,256,0.578125,__NO_TRADE__,synthetic_no_trade,NO_TRADE,-36.82596969604492,0.0,BEAR_CALL_BNF_58400_59000_W600,BEAR_CALL,-60.0,-59.0,__NO_TRADE__,NO_TRADE,0.0,20.6919474919996
2048,2026-07-03,5,256,0.578125,__NO_TRADE__,synthetic_no_trade,NO_TRADE,-36.80921936035156,0.0,BEAR_CALL_BNF_58400_59000_W600,BEAR_CALL,-31.5,-41.75,BEAR_CALL_BNF_58400_59200_W800,BEAR_CALL,49.5,20.6919474919996
2049,2026-07-03,5,256,0.578125,BULL_PUT_BNF_57500_56500_W1000,secondary,BULL_PUT,21.43291664123535,-229.5,BULL_PUT_BNF_57500_57100_W400,BULL_PUT,-138.0,-172.5,__NO_TRADE__,NO_TRADE,0.0,20.6919474919996
2136,2026-07-07,5,256,0.59375,BULL_PUT_BNF_58000_57600_W400,primary,BULL_PUT,-181.14932250976562,-519.0,BULL_PUT_BNF_58000_57600_W400,BULL_PUT,-519.0,-620.5,__NO_TRADE__,NO_TRADE,0.0,20.67595910700038
2137,2026-07-07,5,256,0.59375,BULL_PUT_BNF_58000_57600_W400,primary,BULL_PUT,-175.19320678710938,-469.5,BULL_PUT_BNF_58000_57600_W400,BULL_PUT,-469.5,-570.5,__NO_TRADE__,NO_TRADE,0.0,20.67595910700038
2138,2026-07-07,10,256,0.59375,__NO_TRADE__,synthetic_no_trade,NO_TRADE,-174.97186279296875,0.0,BULL_PUT_BNF_57900_57500_W400,BULL_PUT,-309.0,-422.72727272727275,__NO_TRADE__,NO_TRADE,0.0,20.67595910700038
2139,2026-07-07,10,256,0.59375,__NO_TRADE__,synthetic_no_trade,NO_TRADE,-180.40655517578125,0.0,BULL_PUT_BNF_58000_57600_W400,BULL_PUT,-313.5,-443.59090909090907,__NO_TRADE__,NO_TRADE,0.0,20.67595910700038
2140,2026-07-07,10,256,0.59375,BEAR_CALL_BNF_58900_59900_W1000,secondary,BEAR_CALL,157.0369873046875,1444.5,BEAR_CALL_BNF_58900_59300_W400,BEAR_CALL,531.0,191.72727272727272,BEAR_CALL_BNF_58900_59900_W1000,BEAR_CALL,1444.5,20.67595910700038
2141,2026-07-07,10,256,0.59375,BEAR_CALL_BNF_58900_59900_W1000,secondary,BEAR_CALL,146.560302734375,1462.5,BEAR_CALL_BNF_58900_59300_W400,BEAR_CALL,546.0,183.95454545454547,BEAR_CALL_BNF_58900_59900_W1000,BEAR_CALL,1462.5,20.67595910700038
2142,2026-07-07,15,256,0.59375,BEAR_CALL_BNF_58900_59900_W1000,secondary,BEAR_CALL,147.8045654296875,1369.5,BEAR_CALL_BNF_58900_59300_W400,BEAR_CALL,502.5,-58.875,BEAR_CALL_BNF_58900_59900_W1000,BEAR_CALL,1369.5,20.67595910700038
2143,2026-07-07,10,256,0.59375,BEAR_CALL_BNF_58900_59900_W1000,secondary,BEAR_CALL,124.82730102539062,1492.5,BEAR_CALL_BNF_58900_59300_W400,BEAR_CALL,564.0,192.27272727272728,BEAR_CALL_BNF_58900_59900_W1000,BEAR_CALL,1492.5,20.67595910700038
2144,2026-07-07,10,256,0.59375,BEAR_CALL_BNF_58900_59700_W800,secondary,BEAR_CALL,138.68568420410156,1227.0,BEAR_CALL_BNF_58900_59300_W400,BEAR_CALL,595.5,199.0909090909091,BEAR_CALL_BNF_58900_59900_W1000,BEAR_CALL,1531.5,20.67595910700038
2145,2026-07-07,15,256,0.59375,BEAR_CALL_BNF_58900_59900_W1000,secondary,BEAR_CALL,139.44720458984375,1429.5,BEAR_CALL_BNF_58900_59300_W400,BEAR_CALL,522.0,-46.6875,BEAR_CALL_BNF_58900_59900_W1000,BEAR_CALL,1429.5,20.67595910700038
2146,2026-07-07,15,256,0.59375,BEAR_CALL_BNF_58900_59900_W1000,secondary,BEAR_CALL,135.2681884765625,1429.5,BEAR_CALL_BNF_58900_59300_W400,BEAR_CALL,535.5,-45.65625,BEAR_CALL_BNF_58900_59900_W1000,BEAR_CALL,1429.5,20.67595910700038
2147,2026-07-07,5,256,0.59375,BULL_PUT_BNF_58000_57600_W400,primary,BULL_PUT,-174.34353637695312,-438.0,BULL_PUT_BNF_58000_57600_W400,BULL_PUT,-438.0,-556.25,__NO_TRADE__,NO_TRADE,0.0,20.67595910700038
2148,2026-07-07,15,256,0.59375,BEAR_CALL_BNF_58900_59900_W1000,secondary,BEAR_CALL,126.46560668945312,1485.0,BEAR_CALL_BNF_58900_59300_W400,BEAR_CALL,531.0,-66.84375,BEAR_CALL_BNF_58900_59900_W1000,BEAR_CALL,1485.0,20.67595910700038
2149,2026-07-07,15,256,0.59375,BEAR_CALL_BNF_58900_59900_W1000,secondary,BEAR_CALL,135.093994140625,1402.5,BEAR_CALL_BNF_58900_59300_W400,BEAR_CALL,549.0,-51.46875,BEAR_CALL_BNF_58900_59900_W1000,BEAR_CALL,1402.5,20.67595910700038
2150,2026-07-07,15,256,0.59375,BEAR_CALL_BNF_58900_59900_W1000,secondary,BEAR_CALL,128.9493865966797,1419.0,BEAR_CALL_BNF_58900_59300_W400,BEAR_CALL,537.0,-65.625,BEAR_CALL_BNF_58900_59900_W1000,BEAR_CALL,1419.0,20.67595910700038
2151,2026-07-07,10,256,0.59375,BEAR_CALL_BNF_58900_59900_W1000,secondary,BEAR_CALL,101.5904769897461,1498.5,BEAR_CALL_BNF_58900_59300_W400,BEAR_CALL,564.0,170.72727272727272,BEAR_CALL_BNF_58900_59900_W1000,BEAR_CALL,1498.5,20.67595910700038
2152,2026-07-07,10,256,0.59375,BULL_PUT_BNF_58000_57600_W400,primary,BULL_PUT,-166.92300415039062,-358.5,BULL_PUT_BNF_58000_57600_W400,BULL_PUT,-358.5,-510.8181818181818,__NO_TRADE__,NO_TRADE,0.0,20.67595910700038
2153,2026-07-07,10,256,0.59375,BEAR_CALL_BNF_58900_59900_W1000,secondary,BEAR_CALL,117.60403442382812,1521.0,BEAR_CALL_BNF_58900_59300_W400,BEAR_CALL,555.0,150.13636363636363,BEAR_CALL_BNF_58900_59900_W1000,BEAR_CALL,1521.0,20.67595910700038
2154,2026-07-07,10,256,0.59375,BULL_PUT_BNF_58000_57600_W400,primary,BULL_PUT,-165.84225463867188,-346.5,BULL_PUT_BNF_58000_57600_W400,BULL_PUT,-346.5,-505.5,__NO_TRADE__,NO_TRADE,0.0,20.67595910700038
2155,2026-07-07,10,256,0.59375,BULL_PUT_BNF_58000_57600_W400,primary,BULL_PUT,-163.513427734375,-283.5,BULL_PUT_BNF_58000_57600_W400,BULL_PUT,-283.5,-440.45454545454544,__NO_TRADE__,NO_TRADE,0.0,20.67595910700038
2156,2026-07-07,10,256,0.59375,BULL_PUT_BNF_58000_57600_W400,primary,BULL_PUT,-162.92648315429688,-289.5,BULL_PUT_BNF_58000_57600_W400,BULL_PUT,-289.5,-426.1363636363636,__NO_TRADE__,NO_TRADE,0.0,20.67595910700038
2157,2026-07-07,10,256,0.59375,BEAR_CALL_BNF_58900_59900_W1000,secondary,BEAR_CALL,95.64772033691406,1444.5,BEAR_CALL_BNF_58900_59300_W400,BEAR_CALL,555.0,159.54545454545453,BEAR_CALL_BNF_58900_59900_W1000,BEAR_CALL,1444.5,20.67595910700038
2158,2026-07-07,10,256,0.59375,BEAR_CALL_BNF_58900_59900_W1000,secondary,BEAR_CALL,95.31391906738281,1444.5,BEAR_CALL_BNF_58900_59300_W400,BEAR_CALL,546.0,159.6818181818182,BEAR_CALL_BNF_58900_59900_W1000,BEAR_CALL,1444.5,20.67595910700038
2159,2026-07-07,10,256,0.59375,BULL_PUT_BNF_57900_57500_W400,primary,BULL_PUT,-176.68603515625,-313.5,BULL_PUT_BNF_57900_57500_W400,BULL_PUT,-313.5,-458.3181818181818,__NO_TRADE__,NO_TRADE,0.0,20.67595910700038
2160,2026-07-07,10,256,0.59375,BEAR_CALL_BNF_58900_59900_W1000,secondary,BEAR_CALL,111.08686065673828,1299.0,BEAR_CALL_BNF_58900_59300_W400,BEAR_CALL,466.5,146.04545454545453,BEAR_CALL_BNF_58900_59900_W1000,BEAR_CALL,1299.0,20.67595910700038
2161,2026-07-07,10,256,0.59375,BEAR_CALL_BNF_58900_59900_W1000,secondary,BEAR_CALL,112.71891021728516,1341.0,BEAR_CALL_BNF_58900_59300_W400,BEAR_CALL,502.5,128.3181818181818,BEAR_CALL_BNF_58900_59900_W1000,BEAR_CALL,1341.0,20.67595910700038
2162,2026-07-07,10,256,0.59375,BEAR_CALL_BNF_58900_59900_W1000,secondary,BEAR_CALL,121.73202514648438,1353.0,BEAR_CALL_BNF_58900_59300_W400,BEAR_CALL,496.5,138.95454545454547,BEAR_CALL_BNF_58900_59900_W1000,BEAR_CALL,1353.0,20.67595910700038
2163,2026-07-07,10,256,0.59375,BEAR_CALL_BNF_58900_59900_W1000,secondary,BEAR_CALL,121.39378356933594,1449.0,BEAR_CALL_BNF_58900_59300_W400,BEAR_CALL,552.0,134.3181818181818,BEAR_CALL_BNF_58900_59900_W1000,BEAR_CALL,1449.0,20.67595910700038
2164,2026-07-07,10,256,0.59375,BEAR_CALL_BNF_58900_59900_W1000,secondary,BEAR_CALL,99.97203063964844,1543.5,BEAR_CALL_BNF_58900_59300_W400,BEAR_CALL,594.0,157.36363636363637,BEAR_CALL_BNF_58900_59900_W1000,BEAR_CALL,1543.5,20.67595910700038
2165,2026-07-07,10,256,0.59375,BEAR_CALL_BNF_58900_59900_W1000,secondary,BEAR_CALL,107.80335235595703,1464.0,BEAR_CALL_BNF_58900_59300_W400,BEAR_CALL,555.0,145.36363636363637,BEAR_CALL_BNF_58900_59900_W1000,BEAR_CALL,1464.0,20.67595910700038
2166,2026-07-07,5,256,0.59375,BULL_PUT_BNF_58000_57600_W400,primary,BULL_PUT,-171.50929260253906,-511.5,BULL_PUT_BNF_58000_57600_W400,BULL_PUT,-511.5,-657.0,__NO_TRADE__,NO_TRADE,0.0,20.67595910700038
2167,2026-07-07,5,256,0.59375,BULL_PUT_BNF_58000_57600_W400,primary,BULL_PUT,-171.4974365234375,-508.5,BULL_PUT_BNF_58000_57600_W400,BULL_PUT,-508.5,-643.0,__NO_TRADE__,NO_TRADE,0.0,20.67595910700038
2168,2026-07-07,5,256,0.59375,BULL_PUT_BNF_58000_57600_W400,primary,BULL_PUT,-169.53831481933594,-444.0,BULL_PUT_BNF_58000_57600_W400,BULL_PUT,-444.0,-574.25,__NO_TRADE__,NO_TRADE,0.0,20.67595910700038
2169,2026-07-07,5,256,0.59375,BULL_PUT_BNF_58000_57600_W400,primary,BULL_PUT,-169.03579711914062,-478.5,BULL_PUT_BNF_58000_57600_W400,BULL_PUT,-478.5,-614.0,__NO_TRADE__,NO_TRADE,0.0,20.67595910700038
2170,2026-07-07,15,256,0.59375,BEAR_CALL_BNF_58900_59900_W1000,secondary,BEAR_CALL,107.50627136230469,1296.0,BEAR_CALL_BNF_58900_59300_W400,BEAR_CALL,499.5,-120.09375,BEAR_CALL_BNF_58900_59900_W1000,BEAR_CALL,1296.0,20.67595910700038
2171,2026-07-07,10,256,0.59375,BULL_PUT_BNF_57900_57500_W400,primary,BULL_PUT,-177.7146453857422,-340.5,BULL_PUT_BNF_57900_57500_W400,BULL_PUT,-340.5,-467.04545454545456,__NO_TRADE__,NO_TRADE,0.0,20.67595910700038
2172,2026-07-07,10,256,0.59375,BULL_PUT_BNF_58000_57600_W400,primary,BULL_PUT,-168.02813720703125,-367.5,BULL_PUT_BNF_58000_57600_W400,BULL_PUT,-367.5,-510.8181818181818,__NO_TRADE__,NO_TRADE,0.0,20.67595910700038
2173,2026-07-07,15,256,0.59375,BEAR_CALL_BNF_58900_59900_W1000,secondary,BEAR_CALL,111.37320709228516,1126.5,BEAR_CALL_BNF_58900_59300_W400,BEAR_CALL,447.0,-125.15625,BEAR_CALL_BNF_58900_59900_W1000,BEAR_CALL,1126.5,20.67595910700038
2174,2026-07-07,10,256,0.59375,BEAR_CALL_BNF_58800_59800_W1000,secondary,BEAR_CALL,53.44959259033203,730.5,BEAR_CALL_BNF_58800_59200_W400,BEAR_CALL,276.0,74.31818181818181,BEAR_CALL_BNF_58800_59800_W1000,BEAR_CALL,730.5,20.67595910700038
2175,2026-07-07,10,256,0.59375,BEAR_CALL_BNF_58800_59800_W1000,secondary,BEAR_CALL,65.29383087158203,669.0,BEAR_CALL_BNF_58800_59200_W400,BEAR_CALL,249.0,62.59090909090909,BEAR_CALL_BNF_58800_59800_W1000,BEAR_CALL,669.0,20.67595910700038
2176,2026-07-07,10,256,0.59375,BEAR_CALL_BNF_58800_59800_W1000,secondary,BEAR_CALL,45.38822937011719,685.5,BEAR_CALL_BNF_58800_59200_W400,BEAR_CALL,264.0,54.13636363636363,BEAR_CALL_BNF_58800_59800_W1000,BEAR_CALL,685.5,20.67595910700038
2177,2026-07-07,5,256,0.59375,BEAR_CALL_BNF_58800_59800_W1000,secondary,BEAR_CALL,53.18900680541992,723.0,BEAR_CALL_BNF_58800_59200_W400,BEAR_CALL,264.0,403.0,BEAR_CALL_BNF_58800_59800_W1000,BEAR_CALL,723.0,20.67595910700038
2178,2026-07-07,5,256,0.59375,BEAR_CALL_BNF_58800_59800_W1000,secondary,BEAR_CALL,57.27684783935547,630.0,BEAR_CALL_BNF_58800_59200_W400,BEAR_CALL,229.5,354.25,BEAR_CALL_BNF_58800_59800_W1000,BEAR_CALL,630.0,20.67595910700038
2179,2026-07-07,5,256,0.59375,BEAR_CALL_BNF_58800_59800_W1000,secondary,BEAR_CALL,69.427734375,766.5,BEAR_CALL_BNF_58800_59200_W400,BEAR_CALL,306.0,436.25,BEAR_CALL_BNF_58800_59800_W1000,BEAR_CALL,766.5,20.67595910700038
2180,2026-07-07,5,256,0.59375,BULL_PUT_BNF_57800_57400_W400,primary,BULL_PUT,-180.20758056640625,-171.0,BULL_PUT_BNF_57800_57400_W400,BULL_PUT,-171.0,-175.25,__NO_TRADE__,NO_TRADE,0.0,20.67595910700038
2181,2026-07-07,5,256,0.59375,BEAR_CALL_BNF_58700_59700_W1000,secondary,BEAR_CALL,-9.596118927001953,349.5,BEAR_CALL_BNF_58700_59100_W400,BEAR_CALL,91.5,158.5,BEAR_CALL_BNF_58700_59700_W1000,BEAR_CALL,349.5,20.67595910700038
2182,2026-07-07,5,256,0.59375,BEAR_CALL_BNF_58700_59100_W400,primary,BEAR_CALL,-15.503694534301758,21.0,BEAR_CALL_BNF_58700_59100_W400,BEAR_CALL,21.0,53.25,BEAR_CALL_BNF_58700_59700_W1000,BEAR_CALL,114.0,20.67595910700038
2183,2026-07-07,5,256,0.59375,BEAR_CALL_BNF_58700_59700_W1000,secondary,BEAR_CALL,-0.057117462158203125,126.0,BEAR_CALL_BNF_58700_59100_W400,BEAR_CALL,0.0,43.75,BEAR_CALL_BNF_58700_59700_W1000,BEAR_CALL,126.0,20.67595910700038
2184,2026-07-07,5,256,0.59375,__NO_TRADE__,synthetic_no_trade,NO_TRADE,-178.23980712890625,0.0,BULL_PUT_BNF_57800_57400_W400,BULL_PUT,-112.5,-109.75,__NO_TRADE__,NO_TRADE,0.0,20.67595910700038
2185,2026-07-07,5,256,0.59375,__NO_TRADE__,synthetic_no_trade,NO_TRADE,-177.95167541503906,0.0,BULL_PUT_BNF_57800_57400_W400,BULL_PUT,-25.5,-14.5,BULL_PUT_BNF_57800_56800_W1000,BULL_PUT,22.5,20.67595910700038
2186,2026-07-07,5,256,0.59375,__NO_TRADE__,synthetic_no_trade,NO_TRADE,-177.138427734375,0.0,BULL_PUT_BNF_57800_57400_W400,BULL_PUT,-46.5,-45.25,__NO_TRADE__,NO_TRADE,0.0,20.67595910700038
2187,2026-07-07,5,256,0.59375,__NO_TRADE__,synthetic_no_trade,NO_TRADE,-179.47898864746094,0.0,BULL_PUT_BNF_57800_57400_W400,BULL_PUT,-144.0,-162.75,__NO_TRADE__,NO_TRADE,0.0,20.67595910700038
2188,2026-07-07,10,256,0.59375,BULL_PUT_BNF_58000_57600_W400,primary,BULL_PUT,-161.09689331054688,-58.5,BULL_PUT_BNF_58000_57600_W400,BULL_PUT,-58.5,-78.4090909090909,__NO_TRADE__,NO_TRADE,0.0,20.67595910700038
2189,2026-07-07,10,256,0.59375,BEAR_CALL_BNF_58700_59100_W400,primary,BEAR_CALL,-25.31632423400879,27.0,BEAR_CALL_BNF_58700_59100_W400,BEAR_CALL,27.0,22.636363636363637,BEAR_CALL_BNF_58700_59700_W1000,BEAR_CALL,184.5,20.67595910700038
2190,2026-07-07,10,256,0.59375,BULL_PUT_BNF_58000_57600_W400,primary,BULL_PUT,-158.82159423828125,-91.5,BULL_PUT_BNF_58000_57600_W400,BULL_PUT,-91.5,-132.54545454545453,__NO_TRADE__,NO_TRADE,0.0,20.67595910700038
2191,2026-07-07,5,256,0.59375,BULL_PUT_BNF_57800_57400_W400,primary,BULL_PUT,-178.72816467285156,-117.0,BULL_PUT_BNF_57800_57400_W400,BULL_PUT,-117.0,-131.0,__NO_TRADE__,NO_TRADE,0.0,20.67595910700038
2192,2026-07-07,5,256,0.59375,BEAR_CALL_BNF_58800_59800_W1000,secondary,BEAR_CALL,32.84562683105469,432.0,BEAR_CALL_BNF_58800_59200_W400,BEAR_CALL,163.5,253.25,BEAR_CALL_BNF_58800_59800_W1000,BEAR_CALL,432.0,20.67595910700038
2213,2026-07-08,1,256,0.625,BEAR_PUT_BNF_57100_57700_W600,primary,BEAR_PUT,237.95620727539062,2871.0,BEAR_PUT_BNF_57100_57700_W600,BEAR_PUT,2871.0,1435.5,BEAR_PUT_BNF_57100_57700_W600,BEAR_PUT,2871.0,13.172408068006916
2214,2026-07-08,2,256,0.625,BEAR_PUT_BNF_56800_57800_W1000,primary,BEAR_PUT,71.72541809082031,4999.5,BEAR_PUT_BNF_56800_57800_W1000,BEAR_PUT,4999.5,3003.0,BEAR_PUT_BNF_56800_57800_W1000,BEAR_PUT,4999.5,13.172408068006916
2215,2026-07-08,1,256,0.625,BEAR_PUT_BNF_57000_57800_W800,primary,BEAR_PUT,216.75987243652344,4290.0,BEAR_PUT_BNF_57000_57800_W800,BEAR_PUT,4290.0,2145.0,BEAR_PUT_BNF_57000_57800_W800,BEAR_PUT,4290.0,13.172408068006916
2217,2026-07-08,2,256,0.625,BEAR_PUT_BNF_57100_57900_W800,primary,BEAR_PUT,241.39959716796875,4743.0,BEAR_PUT_BNF_57100_57900_W800,BEAR_PUT,4743.0,2785.5,BEAR_PUT_BNF_57100_57900_W800,BEAR_PUT,4743.0,13.172408068006916
2218,2026-07-08,2,256,0.625,BEAR_PUT_BNF_56900_57900_W1000,primary,BEAR_PUT,90.030029296875,5611.5,BEAR_PUT_BNF_56900_57900_W1000,BEAR_PUT,5611.5,3390.5,BEAR_PUT_BNF_56900_57900_W1000,BEAR_PUT,5611.5,13.172408068006916
2219,2026-07-08,1,256,0.625,BEAR_PUT_BNF_57200_57800_W600,primary,BEAR_PUT,284.89654541015625,3400.5,BEAR_PUT_BNF_57200_57800_W600,BEAR_PUT,3400.5,1700.25,BEAR_PUT_BNF_57200_57800_W600,BEAR_PUT,3400.5,13.172408068006916
2226,2026-07-08,4,256,0.625,BEAR_PUT_BNF_57400_58000_W600,primary,BEAR_PUT,314.6480712890625,4119.0,BEAR_PUT_BNF_57400_58000_W600,BEAR_PUT,4119.0,2433.9,BEAR_PUT_BNF_57400_58000_W600,BEAR_PUT,4119.0,13.172408068006916
2227,2026-07-08,3,256,0.625,BEAR_PUT_BNF_57400_58000_W600,primary,BEAR_PUT,310.390869140625,4042.5,BEAR_PUT_BNF_57400_58000_W600,BEAR_PUT,4042.5,2463.0,BEAR_PUT_BNF_57400_58000_W600,BEAR_PUT,4042.5,13.172408068006916
2228,2026-07-08,3,256,0.625,BEAR_PUT_BNF_57400_58000_W600,primary,BEAR_PUT,313.48590087890625,3948.0,BEAR_PUT_BNF_57400_58000_W600,BEAR_PUT,3948.0,2406.75,BEAR_PUT_BNF_57400_58000_W600,BEAR_PUT,3948.0,13.172408068006916
2264,2026-07-08,1,256,0.625,BEAR_PUT_BNF_57000_57600_W600,primary,BEAR_PUT,165.06314086914062,2868.0,BEAR_PUT_BNF_57000_57600_W600,BEAR_PUT,2868.0,1434.0,BEAR_PUT_BNF_57000_57600_W600,BEAR_PUT,2868.0,13.172408068006916
2265,2026-07-08,2,256,0.625,BEAR_PUT_BNF_56600_57400_W800,primary,BEAR_PUT,102.20950317382812,2616.0,BEAR_PUT_BNF_56600_57400_W800,BEAR_PUT,2616.0,1538.0,BEAR_PUT_BNF_56600_57400_W800,BEAR_PUT,2616.0,13.172408068006916
2266,2026-07-08,2,256,0.625,__NO_TRADE__,synthetic_no_trade,NO_TRADE,10.690988540649414,0.0,BEAR_PUT_BNF_56400_57200_W800,BEAR_PUT,1627.5,942.0,BEAR_PUT_BNF_56400_57200_W800,BEAR_PUT,1627.5,13.172408068006916
2267,2026-07-08,3,256,0.625,__NO_TRADE__,synthetic_no_trade,NO_TRADE,49.9033203125,0.0,BEAR_PUT_NF_23700_24000_W300,BEAR_PUT,1218.75,795.5625,BEAR_PUT_NF_23700_24000_W300,BEAR_PUT,1218.75,13.172408068006916
2268,2026-07-08,3,256,0.625,__NO_TRADE__,synthetic_no_trade,NO_TRADE,46.048431396484375,0.0,BEAR_PUT_NF_23750_23850_W100,BEAR_PUT,191.75,209.5625,BEAR_PUT_BNF_56100_56900_W800,BEAR_PUT,454.5,13.172408068006916
2269,2026-07-08,8,256,0.625,__NO_TRADE__,synthetic_no_trade,NO_TRADE,53.17737579345703,0.0,BEAR_PUT_NF_23600_23900_W300,BEAR_PUT,-78.0,138.47222222222223,BEAR_PUT_BNF_55900_56900_W1000,BEAR_PUT,346.5,13.172408068006916
2270,2026-07-08,6,256,0.625,__NO_TRADE__,synthetic_no_trade,NO_TRADE,51.16047668457031,0.0,BEAR_PUT_NF_23650_23900_W250,BEAR_PUT,159.25,143.17857142857142,BEAR_PUT_BNF_56400_56900_W500,BEAR_PUT,267.0,13.172408068006916
2271,2026-07-08,9,256,0.625,__NO_TRADE__,synthetic_no_trade,NO_TRADE,53.70610809326172,0.0,BEAR_PUT_NF_23600_23900_W300,BEAR_PUT,217.75,166.475,BEAR_PUT_BNF_56000_56800_W800,BEAR_PUT,388.5,13.172408068006916
2272,2026-07-08,5,256,0.625,__NO_TRADE__,synthetic_no_trade,NO_TRADE,34.19032287597656,0.0,BEAR_PUT_NF_23600_23850_W250,BEAR_PUT,-321.75,-241.83333333333334,__NO_TRADE__,NO_TRADE,0.0,13.172408068006916
2273,2026-07-08,10,256,0.625,__NO_TRADE__,synthetic_no_trade,NO_TRADE,31.616491317749023,0.0,BEAR_PUT_NF_23600_23900_W300,BEAR_PUT,9.75,-34.02272727272727,BEAR_PUT_BNF_56400_56800_W400,BEAR_PUT,63.0,13.172408068006916
2276,2026-07-08,9,256,0.625,__NO_TRADE__,synthetic_no_trade,NO_TRADE,57.619712829589844,0.0,BEAR_PUT_NF_23550_23850_W300,BEAR_PUT,-572.0,-441.325,__NO_TRADE__,NO_TRADE,0.0,13.172408068006916
2277,2026-07-08,8,256,0.625,__NO_TRADE__,synthetic_no_trade,NO_TRADE,36.83175277709961,0.0,BEAR_PUT_NF_23600_23800_W200,BEAR_PUT,-591.5,-513.3055555555555,__NO_TRADE__,NO_TRADE,0.0,13.172408068006916
2278,2026-07-08,12,256,0.625,__NO_TRADE__,synthetic_no_trade,NO_TRADE,44.108543395996094,0.0,BEAR_PUT_NF_23450_23850_W400,BEAR_PUT,-604.5,-445.7692307692308,__NO_TRADE__,NO_TRADE,0.0,13.172408068006916
2288,2026-07-09,4,256,0.6015625,__NO_TRADE__,synthetic_no_trade,NO_TRADE,-79.65437316894531,0.0,BULL_CALL_NF_24400_24000_W400,BULL_CALL,-2574.0,-1585.35,__NO_TRADE__,NO_TRADE,0.0,10.795359891999396
2498,2026-07-13,2,256,0.58203125,BEAR_CALL_BNF_58500_58900_W400,secondary,BEAR_CALL,527.2644653320312,24.0,BEAR_CALL_BNF_58500_59000_W500,BEAR_CALL,69.0,31.0,BEAR_CALL_BNF_58500_59000_W500,BEAR_CALL,69.0,12.167980881000403
2518,2026-07-14,6,256,0.609375,BEAR_PUT_BNF_56900_57500_W600,secondary,BEAR_PUT,197.69244384765625,-45.0,BEAR_PUT_BNF_56500_57500_W1000,BEAR_PUT,-66.0,-65.57142857142857,__NO_TRADE__,NO_TRADE,0.0,11.84000838099746
2529,2026-07-14,6,256,0.609375,BEAR_PUT_BNF_57000_57600_W600,secondary,BEAR_PUT,282.5616760253906,339.0,BEAR_PUT_BNF_56600_57600_W1000,BEAR_PUT,601.5,293.57142857142856,BEAR_PUT_BNF_56600_57600_W1000,BEAR_PUT,601.5,11.84000838099746
2580,2026-07-14,5,256,0.609375,BEAR_PUT_BNF_56900_57500_W600,secondary,BEAR_PUT,227.50531005859375,204.0,BEAR_PUT_BNF_56700_57500_W800,BEAR_PUT,207.0,97.75,BEAR_PUT_BNF_56700_57500_W800,BEAR_PUT,207.0,11.84000838099746
2581,2026-07-14,7,256,0.609375,BEAR_PUT_BNF_56900_57500_W600,secondary,BEAR_PUT,237.23001098632812,232.5,BEAR_PUT_BNF_56500_57500_W1000,BEAR_PUT,315.0,142.875,BEAR_PUT_BNF_56500_57500_W1000,BEAR_PUT,315.0,11.84000838099746
2582,2026-07-14,5,256,0.609375,BEAR_PUT_BNF_56900_57500_W600,secondary,BEAR_PUT,210.56504821777344,0.0,BEAR_PUT_BNF_56500_57500_W1000,BEAR_PUT,-15.0,-33.0,__NO_TRADE__,NO_TRADE,0.0,11.84000838099746
2659,2026-07-16,9,256,0.59765625,BEAR_PUT_BNF_57300_57700_W400,secondary,BEAR_PUT,49.01347351074219,307.5,BEAR_PUT_NF_23900_24150_W250,BEAR_PUT,1355.25,544.5,BEAR_PUT_NF_23900_24150_W250,BEAR_PUT,1355.25,12.948974787002953
2660,2026-07-16,11,256,0.59765625,BEAR_PUT_BNF_57300_57700_W400,secondary,BEAR_PUT,46.175811767578125,243.0,BEAR_PUT_NF_23850_24150_W300,BEAR_PUT,1368.25,571.3958333333334,BEAR_PUT_NF_23850_24150_W300,BEAR_PUT,1368.25,12.948974787002953
2661,2026-07-16,6,256,0.59765625,BEAR_PUT_BNF_57300_57700_W400,secondary,BEAR_PUT,44.38272476196289,195.0,BEAR_PUT_NF_23950_24100_W150,BEAR_PUT,581.75,280.10714285714283,BEAR_PUT_NF_23950_24100_W150,BEAR_PUT,581.75,12.948974787002953
2662,2026-07-16,8,256,0.59765625,BEAR_PUT_BNF_57300_57700_W400,secondary,BEAR_PUT,44.222938537597656,145.5,BEAR_PUT_NF_23900_24100_W200,BEAR_PUT,523.25,206.63888888888889,BEAR_PUT_NF_23900_24100_W200,BEAR_PUT,523.25,12.948974787002953
2678,2026-07-16,5,256,0.59765625,BEAR_PUT_BNF_57400_57800_W400,secondary,BEAR_PUT,62.399723052978516,658.5,BEAR_PUT_NF_24050_24150_W100,BEAR_PUT,975.0,528.25,BEAR_PUT_NF_24050_24150_W100,BEAR_PUT,975.0,12.948974787002953
2679,2026-07-16,5,256,0.59765625,BEAR_PUT_BNF_57400_57800_W400,secondary,BEAR_PUT,57.75959014892578,525.0,BEAR_PUT_NF_24050_24150_W100,BEAR_PUT,962.0,440.5833333333333,BEAR_PUT_NF_24050_24150_W100,BEAR_PUT,962.0,12.948974787002953
2680,2026-07-16,5,256,0.59765625,BEAR_PUT_BNF_57300_57700_W400,secondary,BEAR_PUT,56.4494743347168,438.0,BEAR_PUT_NF_24000_24150_W150,BEAR_PUT,1365.0,546.5833333333334,BEAR_PUT_NF_24000_24150_W150,BEAR_PUT,1365.0,12.948974787002953
2736,2026-07-17,9,256,0.59765625,BEAR_PUT_NF_24000_24200_W200,primary,BEAR_PUT,1237.5794677734375,-1413.75,BEAR_PUT_NF_24000_24200_W200,BEAR_PUT,-1413.75,-1372.875,__NO_TRADE__,NO_TRADE,0.0,12.576939162005146
2737,2026-07-17,9,256,0.59765625,BEAR_PUT_NF_24000_24200_W200,primary,BEAR_PUT,1248.3756103515625,-1553.5,BEAR_PUT_NF_24000_24200_W200,BEAR_PUT,-1553.5,-1534.15,__NO_TRADE__,NO_TRADE,0.0,12.576939162005146
2738,2026-07-17,9,256,0.59765625,BEAR_PUT_NF_24000_24200_W200,primary,BEAR_PUT,1236.5703125,-1404.0,BEAR_PUT_NF_24000_24200_W200,BEAR_PUT,-1404.0,-1472.275,__NO_TRADE__,NO_TRADE,0.0,12.576939162005146
2739,2026-07-17,11,256,0.59765625,BEAR_PUT_NF_23950_24250_W300,primary,BEAR_PUT,985.020263671875,-1803.75,BEAR_PUT_NF_23950_24250_W300,BEAR_PUT,-1803.75,-1462.0833333333333,__NO_TRADE__,NO_TRADE,0.0,12.576939162005146
2740,2026-07-17,11,256,0.59765625,BEAR_PUT_NF_23950_24250_W300,primary,BEAR_PUT,986.85009765625,-1751.75,BEAR_PUT_NF_23950_24250_W300,BEAR_PUT,-1751.75,-1436.8333333333333,__NO_TRADE__,NO_TRADE,0.0,12.576939162005146
2746,2026-07-17,13,256,0.59765625,BEAR_PUT_NF_24150_24250_W100,secondary,BEAR_PUT,999.4915771484375,-305.5,BEAR_PUT_NF_24000_24300_W300,BEAR_PUT,-981.5,-880.1785714285714,__NO_TRADE__,NO_TRADE,0.0,12.576939162005146
2747,2026-07-17,9,256,0.59765625,BEAR_PUT_NF_24050_24250_W200,primary,BEAR_PUT,1188.8238525390625,-832.0,BEAR_PUT_NF_24050_24250_W200,BEAR_PUT,-832.0,-1117.225,__NO_TRADE__,NO_TRADE,0.0,12.576939162005146
2748,2026-07-17,12,256,0.59765625,BEAR_PUT_NF_24150_24250_W100,secondary,BEAR_PUT,993.0269165039062,-266.5,BEAR_PUT_NF_24000_24300_W300,BEAR_PUT,-893.75,-818.1730769230769,__NO_TRADE__,NO_TRADE,0.0,12.576939162005146
2749,2026-07-17,12,256,0.59765625,BEAR_PUT_NF_24150_24250_W100,secondary,BEAR_PUT,988.1834716796875,-237.25,BEAR_PUT_NF_24000_24300_W300,BEAR_PUT,-851.5,-759.6538461538462,__NO_TRADE__,NO_TRADE,0.0,12.576939162005146
2750,2026-07-17,9,256,0.59765625,BEAR_PUT_NF_24050_24250_W200,primary,BEAR_PUT,1187.8677978515625,-815.75,BEAR_PUT_NF_24050_24250_W200,BEAR_PUT,-815.75,-983.35,__NO_TRADE__,NO_TRADE,0.0,12.576939162005146
2821,2026-07-20,6,256,0.59375,BEAR_PUT_BNF_57500_57800_W300,secondary,BEAR_PUT,139.73716735839844,-862.5,BEAR_PUT_NF_24050_24250_W200,BEAR_PUT,-1381.25,-1226.75,__NO_TRADE__,NO_TRADE,0.0,11.556926974997623
2822,2026-07-20,4,256,0.59375,BEAR_PUT_BNF_57400_57800_W400,secondary,BEAR_PUT,18.885101318359375,-1293.0,BEAR_PUT_BNF_57000_57800_W800,BEAR_PUT,-2377.5,-1399.2,__NO_TRADE__,NO_TRADE,0.0,11.556926974997623
2879,2026-07-21,6,256,0.58984375,BEAR_PUT_BNF_57500_58100_W600,secondary,BEAR_PUT,-162.8536834716797,1239.0,BEAR_PUT_NF_24150_24250_W100,BEAR_PUT,1781.0,864.0714285714286,BEAR_PUT_NF_24150_24250_W100,BEAR_PUT,1781.0,11.715958225002396
2880,2026-07-21,5,256,0.58984375,BEAR_PUT_BNF_57500_58100_W600,primary,BEAR_PUT,-315.39447021484375,1395.0,BEAR_PUT_BNF_57500_58100_W600,BEAR_PUT,1395.0,793.5,BEAR_PUT_BNF_57500_58100_W600,BEAR_PUT,1395.0,11.715958225002396
2881,2026-07-21,5,256,0.58984375,__NO_TRADE__,synthetic_no_trade,NO_TRADE,-328.21514892578125,0.0,BEAR_PUT_NF_24100_24250_W150,BEAR_PUT,1075.75,734.5,BEAR_PUT_NF_24150_24250_W100,BEAR_PUT,1634.75,11.715958225002396
2882,2026-07-21,5,256,0.58984375,__NO_TRADE__,synthetic_no_trade,NO_TRADE,-326.7466125488281,0.0,BEAR_PUT_NF_24100_24250_W150,BEAR_PUT,1017.25,673.25,BEAR_PUT_NF_24150_24250_W100,BEAR_PUT,1576.25,11.715958225002396
2883,2026-07-21,5,256,0.58984375,BEAR_PUT_BNF_57500_58000_W500,secondary,BEAR_PUT,-213.849853515625,846.0,BEAR_PUT_NF_24150_24250_W100,BEAR_PUT,1764.75,697.125,BEAR_PUT_NF_24150_24250_W100,BEAR_PUT,1764.75,11.715958225002396
2954,2026-07-22,4,256,0.5546875,BEAR_PUT_NF_23900_24050_W150,secondary,BEAR_PUT,76.2235107421875,893.75,BEAR_PUT_NF_23800_24100_W300,BEAR_PUT,1540.5,975.0,BEAR_PUT_NF_23800_24100_W300,BEAR_PUT,1540.5,11.090333589003421
2955,2026-07-22,6,256,0.5546875,BEAR_PUT_NF_23950_24050_W100,secondary,BEAR_PUT,191.7706756591797,432.25,BEAR_PUT_NF_23800_24050_W250,BEAR_PUT,780.0,492.64285714285717,BEAR_PUT_NF_23800_24050_W250,BEAR_PUT,780.0,11.090333589003421
2956,2026-07-22,1,256,0.5546875,__NO_TRADE__,synthetic_no_trade,NO_TRADE,-1.3055734634399414,0.0,BEAR_PUT_BNF_56800_57300_W500,BEAR_PUT,670.5,335.25,BEAR_PUT_BNF_56800_57300_W500,BEAR_PUT,670.5,11.090333589003421
3029,2026-07-23,1,256,0.62890625,BEAR_PUT_NF_23750_23950_W200,primary,BEAR_PUT,184.12904357910156,861.25,BEAR_PUT_NF_23750_23950_W200,BEAR_PUT,861.25,430.625,BEAR_PUT_NF_23750_23950_W200,BEAR_PUT,861.25,9.910447130998364
