session_date,snapshot_id,poll_ts_ist,session_window,candidate_id,cohort,index_key,side,strategy_family,premium_edge_bucket,vix_bucket,fii_short_trend,pcr_state,wall_state,signed_disagreement,signed_disagreement_bucket,anchor_type,slippage_basis,friction_total,anchor_net_pnl,anchor_r,outcome_positive,failure_class,teacher_matched,reco_matched,simulated,pricing_failed
2026-07-21,2879,09:25:07,MORNING_LOCK,BEAR_PUT_BNF_57500_58100_W600,A8_SURVIVOR,BNF,DEBIT,BEAR_PUT,EDGE_25_PLUS,VIX_12_14,UNKNOWN,PCR_LT_0_95,WALL_UNKNOWN,,DISAGREE_MISSING,teacher_eval_match,LIVE_BID_ASK,449.48,1239.0,,1,F5_SURVIVOR_VALID,1,0,0,0
2026-07-21,2879,09:25:07,MORNING_LOCK,BEAR_PUT_BNF_57600_58100_W500,A8_SURVIVOR,BNF,DEBIT,BEAR_PUT,EDGE_25_PLUS,VIX_12_14,UNKNOWN,PCR_LT_0_95,WALL_UNKNOWN,,DISAGREE_MISSING,teacher_eval_match,LIVE_BID_ASK,469.58,1060.5,,1,F5_SURVIVOR_VALID,1,0,0,0
2026-07-21,2879,09:25:07,MORNING_LOCK,BEAR_PUT_BNF_57700_58100_W400,A8_SURVIVOR,BNF,DEBIT,BEAR_PUT,EDGE_25_PLUS,VIX_12_14,UNKNOWN,PCR_LT_0_95,WALL_UNKNOWN,,DISAGREE_MISSING,teacher_eval_match,LIVE_BID_ASK,494.45,888.0,,1,F5_SURVIVOR_VALID,1,0,0,0
2026-07-21,2879,09:25:07,MORNING_LOCK,BEAR_PUT_BNF_57800_58100_W300,A8_SURVIVOR,BNF,DEBIT,BEAR_PUT,EDGE_25_PLUS,VIX_12_14,UNKNOWN,PCR_LT_0_95,WALL_UNKNOWN,,DISAGREE_MISSING,teacher_eval_match,LIVE_BID_ASK,523.92,657.0,,1,F5_SURVIVOR_VALID,1,0,0,0
2026-07-21,2879,09:25:07,MORNING_LOCK,BEAR_PUT_NF_24150_24250_W100,A8_SURVIVOR,NF,DEBIT,BEAR_PUT,EDGE_25_PLUS,VIX_12_14,UNKNOWN,PCR_LT_0_95,WALL_UNKNOWN,,DISAGREE_MISSING,teacher_eval_match,LIVE_BID_ASK,121.45,1781.0,,1,F5_SURVIVOR_VALID,1,0,0,0
2026-07-21,2879,09:25:07,MORNING_LOCK,BEAR_PUT_BNF_57900_58100_W200,A8_SURVIVOR,BNF,DEBIT,BEAR_PUT,EDGE_25_PLUS,VIX_12_14,UNKNOWN,PCR_LT_0_95,WALL_UNKNOWN,,DISAGREE_MISSING,teacher_eval_match,LIVE_BID_ASK,504.14,423.0,,1,F5_SURVIVOR_VALID,1,0,0,0
2026-07-21,2879,09:25:07,MORNING_LOCK,rej_f3385736,A8_KILLED,BNF,CREDIT,BEAR_CALL,EDGE_MISSING,VIX_12_14,UNKNOWN,PCR_LT_0_95,WALL_UNKNOWN,,DISAGREE_MISSING,simulated_trace,LIVE_BID_ASK,258.38,512.62,0.0625,1,F2_GATE_FALSE_NEGATIVE,0,0,1,0
2026-07-21,2879,09:25:07,MORNING_LOCK,rej_4fd61b0c,A8_KILLED,BNF,CREDIT,BEAR_CALL,EDGE_MISSING,VIX_12_14,UNKNOWN,PCR_LT_0_95,WALL_UNKNOWN,,DISAGREE_MISSING,simulated_trace,LIVE_BID_ASK,281.17,422.33,0.0537,1,F2_GATE_FALSE_NEGATIVE,0,0,1,0
2026-07-21,2879,09:25:07,MORNING_LOCK,rej_71995b17,A8_KILLED,BNF,CREDIT,BEAR_CALL,EDGE_MISSING,VIX_12_14,UNKNOWN,PCR_LT_0_95,WALL_UNKNOWN,,DISAGREE_MISSING,simulated_trace,LIVE_BID_ASK,245.86,712.64,0.0678,1,F2_GATE_FALSE_NEGATIVE,0,0,1,0
2026-07-21,2879,09:25:07,MORNING_LOCK,rej_2c2c7038,A8_KILLED,BNF,CREDIT,BEAR_CALL,EDGE_MISSING,VIX_12_14,UNKNOWN,PCR_LT_0_95,WALL_UNKNOWN,,DISAGREE_MISSING,simulated_trace,LIVE_BID_ASK,277.55,626.95,0.0624,1,F2_GATE_FALSE_NEGATIVE,0,0,1,0
2026-07-21,2879,09:25:07,MORNING_LOCK,rej_effa5ef8,A8_KILLED,BNF,CREDIT,BEAR_CALL,EDGE_MISSING,VIX_12_14,UNKNOWN,PCR_LT_0_95,WALL_UNKNOWN,,DISAGREE_MISSING,simulated_trace,LIVE_BID_ASK,270.9,857.1,0.0665,1,F2_GATE_FALSE_NEGATIVE,0,0,1,0
2026-07-21,2879,09:25:07,MORNING_LOCK,rej_aa8d7419,A8_KILLED,BNF,CREDIT,BEAR_CALL,EDGE_MISSING,VIX_12_14,UNKNOWN,PCR_LT_0_95,WALL_UNKNOWN,,DISAGREE_MISSING,simulated_trace,LIVE_BID_ASK,265.02,826.98,0.0669,1,F2_GATE_FALSE_NEGATIVE,0,0,1,0
2026-07-21,2879,09:25:07,MORNING_LOCK,rej_ecbc66b8,A8_KILLED,BNF,CREDIT,BEAR_CALL,EDGE_MISSING,VIX_12_14,UNKNOWN,PCR_LT_0_95,WALL_UNKNOWN,,DISAGREE_MISSING,simulated_trace,LIVE_BID_ASK,250.66,1205.84,0.0674,1,F2_GATE_FALSE_NEGATIVE,0,0,1,0
2026-07-21,2879,09:25:07,MORNING_LOCK,rej_a74f7bd9,A8_KILLED,BNF,CREDIT,BEAR_CALL,EDGE_MISSING,VIX_12_14,UNKNOWN,PCR_LT_0_95,WALL_UNKNOWN,,DISAGREE_MISSING,simulated_trace,LIVE_BID_ASK,285.16,1148.84,0.0668,1,F2_GATE_FALSE_NEGATIVE,0,0,1,0
2026-07-21,2879,09:25:07,MORNING_LOCK,rej_e97e6e8d,A8_KILLED,BNF,CREDIT,BEAR_CALL,EDGE_MISSING,VIX_12_14,UNKNOWN,PCR_LT_0_95,WALL_UNKNOWN,,DISAGREE_MISSING,simulated_trace,LIVE_BID_ASK,236.64,1462.86,0.0631,1,F2_GATE_FALSE_NEGATIVE,0,0,1,0
2026-07-21,2879,09:25:07,MORNING_LOCK,rej_a41183ae,A8_KILLED,BNF,CREDIT,BEAR_CALL,EDGE_MISSING,VIX_12_14,UNKNOWN,PCR_LT_0_95,WALL_UNKNOWN,,DISAGREE_MISSING,simulated_trace,LIVE_BID_ASK,280.02,1419.48,0.0635,1,F2_GATE_FALSE_NEGATIVE,0,0,1,0
2026-07-21,2880,09:30:07,MORNING_LOCK,BEAR_PUT_BNF_57500_58100_W600,A8_SURVIVOR,BNF,DEBIT,BEAR_PUT,EDGE_25_PLUS,VIX_12_14,UNKNOWN,PCR_LT_0_95,WALL_UNKNOWN,,DISAGREE_MISSING,teacher_eval_match,LIVE_BID_ASK,448.97,1395.0,,1,F5_SURVIVOR_VALID,1,0,0,0
2026-07-21,2880,09:30:07,MORNING_LOCK,BEAR_PUT_BNF_57600_58100_W500,A8_SURVIVOR,BNF,DEBIT,BEAR_PUT,EDGE_25_PLUS,VIX_12_14,UNKNOWN,PCR_LT_0_95,WALL_UNKNOWN,,DISAGREE_MISSING,teacher_eval_match,LIVE_BID_ASK,469.08,1221.0,,1,F5_SURVIVOR_VALID,1,0,0,0
2026-07-21,2880,09:30:07,MORNING_LOCK,BEAR_PUT_BNF_57700_58100_W400,A8_SURVIVOR,BNF,DEBIT,BEAR_PUT,EDGE_25_PLUS,VIX_12_14,UNKNOWN,PCR_LT_0_95,WALL_UNKNOWN,,DISAGREE_MISSING,teacher_eval_match,LIVE_BID_ASK,493.79,970.5,,1,F5_SURVIVOR_VALID,1,0,0,0
2026-07-21,2880,09:30:07,MORNING_LOCK,BEAR_PUT_BNF_57800_58100_W300,A8_SURVIVOR,BNF,DEBIT,BEAR_PUT,EDGE_25_PLUS,VIX_12_14,UNKNOWN,PCR_LT_0_95,WALL_UNKNOWN,,DISAGREE_MISSING,teacher_eval_match,LIVE_BID_ASK,523.23,720.0,,1,F5_SURVIVOR_VALID,1,0,0,0
2026-07-21,2880,09:30:07,MORNING_LOCK,BEAR_PUT_BNF_57900_58100_W200,A8_SURVIVOR,BNF,DEBIT,BEAR_PUT,EDGE_25_PLUS,VIX_12_14,UNKNOWN,PCR_LT_0_95,WALL_UNKNOWN,,DISAGREE_MISSING,teacher_eval_match,LIVE_BID_ASK,503.39,454.5,,1,F5_SURVIVOR_VALID,1,0,0,0
2026-07-21,2880,09:30:07,MORNING_LOCK,rej_c2713818,A8_KILLED,BNF,CREDIT,BEAR_CALL,EDGE_MISSING,VIX_12_14,UNKNOWN,PCR_LT_0_95,WALL_UNKNOWN,,DISAGREE_MISSING,simulated_trace,LIVE_BID_ASK,258.69,579.81,0.0713,1,F2_GATE_FALSE_NEGATIVE,0,0,1,0
2026-07-21,2880,09:30:07,MORNING_LOCK,rej_1f0efbee,A8_KILLED,BNF,CREDIT,BEAR_CALL,EDGE_MISSING,VIX_12_14,UNKNOWN,PCR_LT_0_95,WALL_UNKNOWN,,DISAGREE_MISSING,simulated_trace,LIVE_BID_ASK,281.6,517.9,0.0667,1,F2_GATE_FALSE_NEGATIVE,0,0,1,0
2026-07-21,2880,09:30:07,MORNING_LOCK,rej_40d23bf9,A8_KILLED,BNF,CREDIT,BEAR_CALL,EDGE_MISSING,VIX_12_14,UNKNOWN,PCR_LT_0_95,WALL_UNKNOWN,,DISAGREE_MISSING,simulated_trace,LIVE_BID_ASK,246.17,778.33,0.0745,1,F2_GATE_FALSE_NEGATIVE,0,0,1,0
2026-07-21,2880,09:30:07,MORNING_LOCK,rej_fb65511a,A8_KILLED,BNF,CREDIT,BEAR_CALL,EDGE_MISSING,VIX_12_14,UNKNOWN,PCR_LT_0_95,WALL_UNKNOWN,,DISAGREE_MISSING,simulated_trace,LIVE_BID_ASK,277.96,749.54,0.0755,1,F2_GATE_FALSE_NEGATIVE,0,0,1,0
2026-07-21,2880,09:30:07,MORNING_LOCK,rej_bf333fda,A8_KILLED,BNF,CREDIT,BEAR_CALL,EDGE_MISSING,VIX_12_14,UNKNOWN,PCR_LT_0_95,WALL_UNKNOWN,,DISAGREE_MISSING,simulated_trace,LIVE_BID_ASK,271.2,936.3,0.0731,1,F2_GATE_FALSE_NEGATIVE,0,0,1,0
2026-07-21,2880,09:30:07,MORNING_LOCK,rej_79c654fb,A8_KILLED,BNF,CREDIT,BEAR_CALL,EDGE_MISSING,VIX_12_14,UNKNOWN,PCR_LT_0_95,WALL_UNKNOWN,,DISAGREE_MISSING,simulated_trace,LIVE_BID_ASK,265.44,948.06,0.0775,1,F2_GATE_FALSE_NEGATIVE,0,0,1,0
2026-07-21,2880,09:30:07,MORNING_LOCK,rej_bbf5479a,A8_KILLED,BNF,CREDIT,BEAR_CALL,EDGE_MISSING,VIX_12_14,UNKNOWN,PCR_LT_0_95,WALL_UNKNOWN,,DISAGREE_MISSING,simulated_trace,LIVE_BID_ASK,250.95,1304.55,0.0733,1,F2_GATE_FALSE_NEGATIVE,0,0,1,0
2026-07-21,2880,09:30:07,MORNING_LOCK,rej_76885cd0,A8_KILLED,BNF,CREDIT,BEAR_CALL,EDGE_MISSING,VIX_12_14,UNKNOWN,PCR_LT_0_95,WALL_UNKNOWN,,DISAGREE_MISSING,simulated_trace,LIVE_BID_ASK,285.56,1286.44,0.0754,1,F2_GATE_FALSE_NEGATIVE,0,0,1,0
2026-07-21,2880,09:30:07,MORNING_LOCK,rej_b8b74f6f,A8_KILLED,BNF,CREDIT,BEAR_CALL,EDGE_MISSING,VIX_12_14,UNKNOWN,PCR_LT_0_95,WALL_UNKNOWN,,DISAGREE_MISSING,simulated_trace,LIVE_BID_ASK,236.91,1585.59,0.0688,1,F2_GATE_FALSE_NEGATIVE,0,0,1,0
2026-07-21,2880,09:30:07,MORNING_LOCK,rej_734a6490,A8_KILLED,BNF,CREDIT,BEAR_CALL,EDGE_MISSING,VIX_12_14,UNKNOWN,PCR_LT_0_95,WALL_UNKNOWN,,DISAGREE_MISSING,simulated_trace,LIVE_BID_ASK,280.41,1591.59,0.0718,1,F2_GATE_FALSE_NEGATIVE,0,0,1,0
2026-07-21,2881,09:35:08,MORNING_LOCK,BEAR_PUT_NF_24100_24250_W150,A8_SURVIVOR,NF,DEBIT,BEAR_PUT,EDGE_25_PLUS,VIX_12_14,UNKNOWN,PCR_LT_0_95,WALL_UNKNOWN,,DISAGREE_MISSING,teacher_eval_match,LIVE_BID_ASK,112.18,1075.75,,1,F5_SURVIVOR_VALID,1,0,0,0
2026-07-21,2881,09:35:08,MORNING_LOCK,BEAR_PUT_BNF_57600_58000_W400,A8_SURVIVOR,BNF,DEBIT,BEAR_PUT,EDGE_25_PLUS,VIX_12_14,UNKNOWN,PCR_LT_0_95,WALL_UNKNOWN,,DISAGREE_MISSING,teacher_eval_match,LIVE_BID_ASK,354.71,757.5,,1,F5_SURVIVOR_VALID,1,0,0,0
2026-07-21,2881,09:35:08,MORNING_LOCK,BEAR_PUT_BNF_57700_58000_W300,A8_SURVIVOR,BNF,DEBIT,BEAR_PUT,EDGE_25_PLUS,VIX_12_14,UNKNOWN,PCR_LT_0_95,WALL_UNKNOWN,,DISAGREE_MISSING,teacher_eval_match,LIVE_BID_ASK,379.55,574.5,,1,F5_SURVIVOR_VALID,1,0,0,0
2026-07-21,2881,09:35:08,MORNING_LOCK,BEAR_PUT_NF_24150_24250_W100,A8_SURVIVOR,NF,DEBIT,BEAR_PUT,EDGE_25_PLUS,VIX_12_14,UNKNOWN,PCR_LT_0_95,WALL_UNKNOWN,,DISAGREE_MISSING,teacher_eval_match,LIVE_BID_ASK,121.72,1634.75,,1,F5_SURVIVOR_VALID,1,0,0,0
2026-07-21,2881,09:35:08,MORNING_LOCK,BEAR_PUT_BNF_57800_58000_W200,A8_SURVIVOR,BNF,DEBIT,BEAR_PUT,EDGE_25_PLUS,VIX_12_14,UNKNOWN,PCR_LT_0_95,WALL_UNKNOWN,,DISAGREE_MISSING,teacher_eval_match,LIVE_BID_ASK,409.07,364.5,,1,F5_SURVIVOR_VALID,1,0,0,0
2026-07-21,2881,09:35:08,MORNING_LOCK,rej_3ab91dab,A8_KILLED,BNF,CREDIT,BEAR_CALL,EDGE_MISSING,VIX_12_14,UNKNOWN,PCR_LT_0_95,WALL_UNKNOWN,,DISAGREE_MISSING,simulated_trace,LIVE_BID_ASK,280.55,364.45,0.046,1,F2_GATE_FALSE_NEGATIVE,0,0,1,0
2026-07-21,2881,09:35:08,MORNING_LOCK,rej_170f72d6,A8_KILLED,BNF,CREDIT,BEAR_CALL,EDGE_MISSING,VIX_12_14,UNKNOWN,PCR_LT_0_95,WALL_UNKNOWN,,DISAGREE_MISSING,simulated_trace,LIVE_BID_ASK,276.92,560.08,0.0554,1,F2_GATE_FALSE_NEGATIVE,0,0,1,0
2026-07-21,2881,09:35:08,MORNING_LOCK,rej_957076b6,A8_KILLED,BNF,CREDIT,BEAR_CALL,EDGE_MISSING,VIX_12_14,UNKNOWN,PCR_LT_0_95,WALL_UNKNOWN,,DISAGREE_MISSING,simulated_trace,LIVE_BID_ASK,264.41,733.09,0.0589,1,F2_GATE_FALSE_NEGATIVE,0,0,1,0
2026-07-21,2881,09:35:08,MORNING_LOCK,rej_92327e75,A8_KILLED,BNF,CREDIT,BEAR_CALL,EDGE_MISSING,VIX_12_14,UNKNOWN,PCR_LT_0_95,WALL_UNKNOWN,,DISAGREE_MISSING,simulated_trace,LIVE_BID_ASK,284.57,999.43,0.0576,1,F2_GATE_FALSE_NEGATIVE,0,0,1,0
2026-07-21,2881,09:35:08,MORNING_LOCK,rej_8ef48634,A8_KILLED,BNF,CREDIT,BEAR_CALL,EDGE_MISSING,VIX_12_14,UNKNOWN,PCR_LT_0_95,WALL_UNKNOWN,,DISAGREE_MISSING,simulated_trace,LIVE_BID_ASK,279.44,1259.56,0.056,1,F2_GATE_FALSE_NEGATIVE,0,0,1,0
2026-07-21,2882,09:40:07,MORNING_LOCK,BEAR_PUT_NF_24100_24250_W150,A8_SURVIVOR,NF,DEBIT,BEAR_PUT,EDGE_25_PLUS,VIX_12_14,UNKNOWN,PCR_LT_0_95,WALL_UNKNOWN,,DISAGREE_MISSING,teacher_eval_match,LIVE_BID_ASK,112.12,1017.25,,1,F5_SURVIVOR_VALID,1,0,0,0
2026-07-21,2882,09:40:07,MORNING_LOCK,BEAR_PUT_BNF_57600_58000_W400,A8_SURVIVOR,BNF,DEBIT,BEAR_PUT,EDGE_25_PLUS,VIX_12_14,UNKNOWN,PCR_LT_0_95,WALL_UNKNOWN,,DISAGREE_MISSING,teacher_eval_match,LIVE_BID_ASK,355.14,651.0,,1,F5_SURVIVOR_VALID,1,0,0,0
2026-07-21,2882,09:40:07,MORNING_LOCK,BEAR_PUT_BNF_57700_58000_W300,A8_SURVIVOR,BNF,DEBIT,BEAR_PUT,EDGE_25_PLUS,VIX_12_14,UNKNOWN,PCR_LT_0_95,WALL_UNKNOWN,,DISAGREE_MISSING,teacher_eval_match,LIVE_BID_ASK,380.02,490.5,,1,F5_SURVIVOR_VALID,1,0,0,0
2026-07-21,2882,09:40:07,MORNING_LOCK,BEAR_PUT_NF_24150_24250_W100,A8_SURVIVOR,NF,DEBIT,BEAR_PUT,EDGE_25_PLUS,VIX_12_14,UNKNOWN,PCR_LT_0_95,WALL_UNKNOWN,,DISAGREE_MISSING,teacher_eval_match,LIVE_BID_ASK,121.66,1576.25,,1,F5_SURVIVOR_VALID,1,0,0,0
2026-07-21,2882,09:40:07,MORNING_LOCK,BEAR_PUT_BNF_57800_58000_W200,A8_SURVIVOR,BNF,DEBIT,BEAR_PUT,EDGE_25_PLUS,VIX_12_14,UNKNOWN,PCR_LT_0_95,WALL_UNKNOWN,,DISAGREE_MISSING,teacher_eval_match,LIVE_BID_ASK,409.59,304.5,,1,F5_SURVIVOR_VALID,1,0,0,0
2026-07-21,2882,09:40:07,MORNING_LOCK,rej_8a001450,A8_KILLED,BNF,CREDIT,BEAR_CALL,EDGE_MISSING,VIX_12_14,UNKNOWN,PCR_LT_0_95,WALL_UNKNOWN,,DISAGREE_MISSING,simulated_trace,LIVE_BID_ASK,279.82,260.18,0.0324,1,F2_GATE_FALSE_NEGATIVE,0,0,1,0
2026-07-21,2882,09:40:07,MORNING_LOCK,rej_6656697b,A8_KILLED,BNF,CREDIT,BEAR_CALL,EDGE_MISSING,VIX_12_14,UNKNOWN,PCR_LT_0_95,WALL_UNKNOWN,,DISAGREE_MISSING,simulated_trace,LIVE_BID_ASK,276.21,424.29,0.0414,1,F2_GATE_FALSE_NEGATIVE,0,0,1,0
2026-07-21,2882,09:40:07,MORNING_LOCK,rej_e4b76d5b,A8_KILLED,BNF,CREDIT,BEAR_CALL,EDGE_MISSING,VIX_12_14,UNKNOWN,PCR_LT_0_95,WALL_UNKNOWN,,DISAGREE_MISSING,simulated_trace,LIVE_BID_ASK,263.71,573.29,0.0454,1,F2_GATE_FALSE_NEGATIVE,0,0,1,0
2026-07-21,2882,09:40:07,MORNING_LOCK,rej_e179751a,A8_KILLED,BNF,CREDIT,BEAR_CALL,EDGE_MISSING,VIX_12_14,UNKNOWN,PCR_LT_0_95,WALL_UNKNOWN,,DISAGREE_MISSING,simulated_trace,LIVE_BID_ASK,283.88,817.12,0.0466,1,F2_GATE_FALSE_NEGATIVE,0,0,1,0
2026-07-21,2882,09:40:07,MORNING_LOCK,rej_de3b7cd9,A8_KILLED,BNF,CREDIT,BEAR_CALL,EDGE_MISSING,VIX_12_14,UNKNOWN,PCR_LT_0_95,WALL_UNKNOWN,,DISAGREE_MISSING,simulated_trace,LIVE_BID_ASK,278.78,1027.72,0.0452,1,F2_GATE_FALSE_NEGATIVE,0,0,1,0
2026-07-21,2883,09:45:07,MORNING_LOCK,BEAR_PUT_BNF_57500_58000_W500,A8_SURVIVOR,BNF,DEBIT,BEAR_PUT,EDGE_25_PLUS,VIX_12_14,UNKNOWN,PCR_LT_0_95,WALL_UNKNOWN,,DISAGREE_MISSING,teacher_eval_match,LIVE_BID_ASK,334.55,846.0,,1,F5_SURVIVOR_VALID,1,0,0,0
2026-07-21,2883,09:45:07,MORNING_LOCK,BEAR_PUT_BNF_57600_58000_W400,A8_SURVIVOR,BNF,DEBIT,BEAR_PUT,EDGE_25_PLUS,VIX_12_14,UNKNOWN,PCR_LT_0_95,WALL_UNKNOWN,,DISAGREE_MISSING,teacher_eval_match,LIVE_BID_ASK,354.72,706.5,,1,F5_SURVIVOR_VALID,1,0,0,0
2026-07-21,2883,09:45:07,MORNING_LOCK,BEAR_PUT_BNF_57700_58000_W300,A8_SURVIVOR,BNF,DEBIT,BEAR_PUT,EDGE_25_PLUS,VIX_12_14,UNKNOWN,PCR_LT_0_95,WALL_UNKNOWN,,DISAGREE_MISSING,teacher_eval_match,LIVE_BID_ASK,379.56,523.5,,1,F5_SURVIVOR_VALID,1,0,0,0
2026-07-21,2883,09:45:07,MORNING_LOCK,BEAR_PUT_NF_24150_24250_W100,A8_SURVIVOR,NF,DEBIT,BEAR_PUT,EDGE_25_PLUS,VIX_12_14,UNKNOWN,PCR_LT_0_95,WALL_UNKNOWN,,DISAGREE_MISSING,teacher_eval_match,LIVE_BID_ASK,121.18,1764.75,,1,F5_SURVIVOR_VALID,1,0,0,0
2026-07-21,2883,09:45:07,MORNING_LOCK,BEAR_PUT_BNF_57800_58000_W200,A8_SURVIVOR,BNF,DEBIT,BEAR_PUT,EDGE_25_PLUS,VIX_12_14,UNKNOWN,PCR_LT_0_95,WALL_UNKNOWN,,DISAGREE_MISSING,teacher_eval_match,LIVE_BID_ASK,409.14,342.0,,1,F5_SURVIVOR_VALID,1,0,0,0
2026-07-21,2883,09:45:07,MORNING_LOCK,rej_171eb52b,A8_KILLED,BNF,CREDIT,BEAR_CALL,EDGE_MISSING,VIX_12_14,UNKNOWN,PCR_LT_0_95,WALL_UNKNOWN,,DISAGREE_MISSING,simulated_trace,LIVE_BID_ASK,280.08,288.42,0.036,1,F2_GATE_FALSE_NEGATIVE,0,0,1,0
2026-07-21,2883,09:45:07,MORNING_LOCK,rej_f3750a56,A8_KILLED,BNF,CREDIT,BEAR_CALL,EDGE_MISSING,VIX_12_14,UNKNOWN,PCR_LT_0_95,WALL_UNKNOWN,,DISAGREE_MISSING,simulated_trace,LIVE_BID_ASK,276.47,463.03,0.0453,1,F2_GATE_FALSE_NEGATIVE,0,0,1,0
2026-07-21,2883,09:45:07,MORNING_LOCK,rej_71d60e36,A8_KILLED,BNF,CREDIT,BEAR_CALL,EDGE_MISSING,VIX_12_14,UNKNOWN,PCR_LT_0_95,WALL_UNKNOWN,,DISAGREE_MISSING,simulated_trace,LIVE_BID_ASK,263.96,634.54,0.0506,1,F2_GATE_FALSE_NEGATIVE,0,0,1,0
2026-07-21,2883,09:45:07,MORNING_LOCK,rej_6e9815f5,A8_KILLED,BNF,CREDIT,BEAR_CALL,EDGE_MISSING,VIX_12_14,UNKNOWN,PCR_LT_0_95,WALL_UNKNOWN,,DISAGREE_MISSING,simulated_trace,LIVE_BID_ASK,284.12,884.38,0.0506,1,F2_GATE_FALSE_NEGATIVE,0,0,1,0
2026-07-21,2883,09:45:07,MORNING_LOCK,rej_6b5a1db4,A8_KILLED,BNF,CREDIT,BEAR_CALL,EDGE_MISSING,VIX_12_14,UNKNOWN,PCR_LT_0_95,WALL_UNKNOWN,,DISAGREE_MISSING,simulated_trace,LIVE_BID_ASK,279.01,1108.49,0.0489,1,F2_GATE_FALSE_NEGATIVE,0,0,1,0
2026-07-21,2884,09:50:07,MORNING_LOCK,rej_f4f12d30,A8_KILLED,BNF,CREDIT,BEAR_CALL,EDGE_MISSING,VIX_12_14,UNKNOWN,PCR_LT_0_95,WALL_UNKNOWN,,DISAGREE_MISSING,simulated_trace,LIVE_BID_ASK,279.53,210.97,0.0261,1,F2_GATE_FALSE_NEGATIVE,0,0,1,0
2026-07-21,2884,09:50:07,MORNING_LOCK,rej_d147825b,A8_KILLED,BNF,CREDIT,BEAR_CALL,EDGE_MISSING,VIX_12_14,UNKNOWN,PCR_LT_0_95,WALL_UNKNOWN,,DISAGREE_MISSING,simulated_trace,LIVE_BID_ASK,275.93,364.57,0.0353,1,F2_GATE_FALSE_NEGATIVE,0,0,1,0
2026-07-21,2884,09:50:07,MORNING_LOCK,rej_4fa8863b,A8_KILLED,BNF,CREDIT,BEAR_CALL,EDGE_MISSING,VIX_12_14,UNKNOWN,PCR_LT_0_95,WALL_UNKNOWN,,DISAGREE_MISSING,simulated_trace,LIVE_BID_ASK,263.43,512.07,0.0404,1,F2_GATE_FALSE_NEGATIVE,0,0,1,0
2026-07-21,2884,09:50:07,MORNING_LOCK,rej_4c6a8dfa,A8_KILLED,BNF,CREDIT,BEAR_CALL,EDGE_MISSING,VIX_12_14,UNKNOWN,PCR_LT_0_95,WALL_UNKNOWN,,DISAGREE_MISSING,simulated_trace,LIVE_BID_ASK,283.61,728.89,0.0414,1,F2_GATE_FALSE_NEGATIVE,0,0,1,0
2026-07-21,2884,09:50:07,MORNING_LOCK,rej_492c9859,A8_KILLED,BNF,CREDIT,BEAR_CALL,EDGE_MISSING,VIX_12_14,UNKNOWN,PCR_LT_0_95,WALL_UNKNOWN,,DISAGREE_MISSING,simulated_trace,LIVE_BID_ASK,278.51,928.99,0.0407,1,F2_GATE_FALSE_NEGATIVE,0,0,1,0
2026-07-21,2884,09:50:07,MORNING_LOCK,rej_8270a1e1,A8_KILLED,BNF,CREDIT,BULL_PUT,EDGE_MISSING,VIX_12_14,UNKNOWN,PCR_LT_0_95,WALL_UNKNOWN,,DISAGREE_MISSING,simulated_trace,LIVE_BID_ASK,303.43,-865.93,-0.0941,0,F3_GATE_CORRECT_REJECTION,0,0,1,0
2026-07-21,2884,09:50:07,MORNING_LOCK,rej_40f9e03,A8_KILLED,BNF,CREDIT,BULL_PUT,EDGE_MISSING,VIX_12_14,UNKNOWN,PCR_LT_0_95,WALL_UNKNOWN,,DISAGREE_MISSING,simulated_trace,LIVE_BID_ASK,245.96,-817.46,-0.0701,0,F3_GATE_CORRECT_REJECTION,0,0,1,0
2026-07-21,2884,09:50:07,MORNING_LOCK,rej_27b948da,A8_KILLED,BNF,CREDIT,BULL_PUT,EDGE_MISSING,VIX_12_14,UNKNOWN,PCR_LT_0_95,WALL_UNKNOWN,,DISAGREE_MISSING,simulated_trace,LIVE_BID_ASK,262.0,-890.5,-0.0629,0,F3_GATE_CORRECT_REJECTION,0,0,1,0
2026-07-21,2884,09:50:07,MORNING_LOCK,rej_2af7411d,A8_KILLED,BNF,CREDIT,BULL_PUT,EDGE_MISSING,VIX_12_14,UNKNOWN,PCR_LT_0_95,WALL_UNKNOWN,,DISAGREE_MISSING,simulated_trace,LIVE_BID_ASK,355.72,-1116.22,-0.0577,0,F3_GATE_CORRECT_REJECTION,0,0,1,0
2026-07-21,2884,09:50:07,MORNING_LOCK,rej_2e353960,A8_KILLED,BNF,CREDIT,BULL_PUT,EDGE_MISSING,VIX_12_14,UNKNOWN,PCR_LT_0_95,WALL_UNKNOWN,,DISAGREE_MISSING,simulated_trace,LIVE_BID_ASK,257.63,-1033.13,-0.0419,0,F3_GATE_CORRECT_REJECTION,0,0,1,0
2026-07-21,2885,09:55:07,MORNING_LOCK,rej_820fce0b,A8_KILLED,BNF,CREDIT,BEAR_CALL,EDGE_MISSING,VIX_12_14,UNKNOWN,PCR_LT_0_95,WALL_UNKNOWN,,DISAGREE_MISSING,simulated_trace,LIVE_BID_ASK,279.38,146.62,0.018,1,F2_GATE_FALSE_NEGATIVE,0,0,1,0
2026-07-21,2885,09:55:07,MORNING_LOCK,rej_5e662336,A8_KILLED,BNF,CREDIT,BEAR_CALL,EDGE_MISSING,VIX_12_14,UNKNOWN,PCR_LT_0_95,WALL_UNKNOWN,,DISAGREE_MISSING,simulated_trace,LIVE_BID_ASK,275.77,307.73,0.0297,1,F2_GATE_FALSE_NEGATIVE,0,0,1,0
2026-07-21,2885,09:55:07,MORNING_LOCK,rej_dcc72716,A8_KILLED,BNF,CREDIT,BEAR_CALL,EDGE_MISSING,VIX_12_14,UNKNOWN,PCR_LT_0_95,WALL_UNKNOWN,,DISAGREE_MISSING,simulated_trace,LIVE_BID_ASK,263.28,438.72,0.0344,1,F2_GATE_FALSE_NEGATIVE,0,0,1,0
2026-07-21,2885,09:55:07,MORNING_LOCK,rej_d9892ed5,A8_KILLED,BNF,CREDIT,BEAR_CALL,EDGE_MISSING,VIX_12_14,UNKNOWN,PCR_LT_0_95,WALL_UNKNOWN,,DISAGREE_MISSING,simulated_trace,LIVE_BID_ASK,283.46,652.54,0.0369,1,F2_GATE_FALSE_NEGATIVE,0,0,1,0
2026-07-21,2885,09:55:07,MORNING_LOCK,rej_d64b3934,A8_KILLED,BNF,CREDIT,BEAR_CALL,EDGE_MISSING,VIX_12_14,UNKNOWN,PCR_LT_0_95,WALL_UNKNOWN,,DISAGREE_MISSING,simulated_trace,LIVE_BID_ASK,278.36,842.14,0.0367,1,F2_GATE_FALSE_NEGATIVE,0,0,1,0
2026-07-21,2885,09:55:07,MORNING_LOCK,rej_2dcf9a6,A8_KILLED,BNF,CREDIT,BULL_PUT,EDGE_MISSING,VIX_12_14,UNKNOWN,PCR_LT_0_95,WALL_UNKNOWN,,DISAGREE_MISSING,simulated_trace,LIVE_BID_ASK,303.69,-806.19,-0.0881,0,F3_GATE_CORRECT_REJECTION,0,0,1,0
2026-07-21,2885,09:55:07,MORNING_LOCK,rej_847bf5c8,A8_KILLED,BNF,CREDIT,BULL_PUT,EDGE_MISSING,VIX_12_14,UNKNOWN,PCR_LT_0_95,WALL_UNKNOWN,,DISAGREE_MISSING,simulated_trace,LIVE_BID_ASK,246.2,-742.7,-0.0641,0,F3_GATE_CORRECT_REJECTION,0,0,1,0
2026-07-21,2885,09:55:07,MORNING_LOCK,rej_a825a09f,A8_KILLED,BNF,CREDIT,BULL_PUT,EDGE_MISSING,VIX_12_14,UNKNOWN,PCR_LT_0_95,WALL_UNKNOWN,,DISAGREE_MISSING,simulated_trace,LIVE_BID_ASK,262.25,-818.75,-0.0581,0,F3_GATE_CORRECT_REJECTION,0,0,1,0
2026-07-21,2885,09:55:07,MORNING_LOCK,rej_ab6398e2,A8_KILLED,BNF,CREDIT,BULL_PUT,EDGE_MISSING,VIX_12_14,UNKNOWN,PCR_LT_0_95,WALL_UNKNOWN,,DISAGREE_MISSING,simulated_trace,LIVE_BID_ASK,355.96,-1030.96,-0.0536,0,F3_GATE_CORRECT_REJECTION,0,0,1,0
2026-07-21,2885,09:55:07,MORNING_LOCK,rej_aea19125,A8_KILLED,BNF,CREDIT,BULL_PUT,EDGE_MISSING,VIX_12_14,UNKNOWN,PCR_LT_0_95,WALL_UNKNOWN,,DISAGREE_MISSING,simulated_trace,LIVE_BID_ASK,257.87,-937.37,-0.0382,0,F3_GATE_CORRECT_REJECTION,0,0,1,0
2026-07-21,2886,10:00:07,MORNING_LOCK,rej_5fe245b1,A8_KILLED,BNF,CREDIT,BEAR_CALL,EDGE_MISSING,VIX_12_14,UNKNOWN,PCR_LT_0_95,WALL_UNKNOWN,,DISAGREE_MISSING,simulated_trace,LIVE_BID_ASK,279.64,225.86,0.028,1,F2_GATE_FALSE_NEGATIVE,0,0,1,0
2026-07-21,2886,10:00:07,MORNING_LOCK,rej_3c389adc,A8_KILLED,BNF,CREDIT,BEAR_CALL,EDGE_MISSING,VIX_12_14,UNKNOWN,PCR_LT_0_95,WALL_UNKNOWN,,DISAGREE_MISSING,simulated_trace,LIVE_BID_ASK,276.03,391.47,0.0381,1,F2_GATE_FALSE_NEGATIVE,0,0,1,0
2026-07-21,2886,10:00:07,MORNING_LOCK,rej_ba999ebc,A8_KILLED,BNF,CREDIT,BEAR_CALL,EDGE_MISSING,VIX_12_14,UNKNOWN,PCR_LT_0_95,WALL_UNKNOWN,,DISAGREE_MISSING,simulated_trace,LIVE_BID_ASK,263.54,531.46,0.042,1,F2_GATE_FALSE_NEGATIVE,0,0,1,0
2026-07-21,2886,10:00:07,MORNING_LOCK,rej_b75ba67b,A8_KILLED,BNF,CREDIT,BEAR_CALL,EDGE_MISSING,VIX_12_14,UNKNOWN,PCR_LT_0_95,WALL_UNKNOWN,,DISAGREE_MISSING,simulated_trace,LIVE_BID_ASK,283.71,761.79,0.0433,1,F2_GATE_FALSE_NEGATIVE,0,0,1,0
2026-07-21,2886,10:00:07,MORNING_LOCK,rej_b41db0da,A8_KILLED,BNF,CREDIT,BEAR_CALL,EDGE_MISSING,VIX_12_14,UNKNOWN,PCR_LT_0_95,WALL_UNKNOWN,,DISAGREE_MISSING,simulated_trace,LIVE_BID_ASK,278.61,952.89,0.0418,1,F2_GATE_FALSE_NEGATIVE,0,0,1,0
2026-07-21,2886,10:00:07,MORNING_LOCK,rej_9ea9f540,A8_KILLED,BNF,CREDIT,BULL_PUT,EDGE_MISSING,VIX_12_14,UNKNOWN,PCR_LT_0_95,WALL_UNKNOWN,,DISAGREE_MISSING,simulated_trace,LIVE_BID_ASK,303.35,-856.85,-0.0932,0,F3_GATE_CORRECT_REJECTION,0,0,1,0
2026-07-21,2886,10:00:07,MORNING_LOCK,rej_2048f162,A8_KILLED,BNF,CREDIT,BULL_PUT,EDGE_MISSING,VIX_12_14,UNKNOWN,PCR_LT_0_95,WALL_UNKNOWN,,DISAGREE_MISSING,simulated_trace,LIVE_BID_ASK,245.88,-809.88,-0.0695,0,F3_GATE_CORRECT_REJECTION,0,0,1,0
2026-07-21,2886,10:00:07,MORNING_LOCK,rej_43f29c39,A8_KILLED,BNF,CREDIT,BULL_PUT,EDGE_MISSING,VIX_12_14,UNKNOWN,PCR_LT_0_95,WALL_UNKNOWN,,DISAGREE_MISSING,simulated_trace,LIVE_BID_ASK,261.92,-890.42,-0.0629,0,F3_GATE_CORRECT_REJECTION,0,0,1,0
2026-07-21,2886,10:00:07,MORNING_LOCK,rej_4730947c,A8_KILLED,BNF,CREDIT,BULL_PUT,EDGE_MISSING,VIX_12_14,UNKNOWN,PCR_LT_0_95,WALL_UNKNOWN,,DISAGREE_MISSING,simulated_trace,LIVE_BID_ASK,355.64,-1110.14,-0.0574,0,F3_GATE_CORRECT_REJECTION,0,0,1,0
2026-07-21,2886,10:00:07,MORNING_LOCK,rej_4a6e8cbf,A8_KILLED,BNF,CREDIT,BULL_PUT,EDGE_MISSING,VIX_12_14,UNKNOWN,PCR_LT_0_95,WALL_UNKNOWN,,DISAGREE_MISSING,simulated_trace,LIVE_BID_ASK,257.55,-1025.55,-0.0416,0,F3_GATE_CORRECT_REJECTION,0,0,1,0
2026-07-21,2887,10:05:07,MORNING_LOCK,rej_a793fe6f,A8_KILLED,BNF,CREDIT,BEAR_CALL,EDGE_MISSING,VIX_12_14,UNKNOWN,PCR_LT_0_95,WALL_UNKNOWN,,DISAGREE_MISSING,simulated_trace,LIVE_BID_ASK,302.77,85.73,0.0109,1,F2_GATE_FALSE_NEGATIVE,0,0,1,0
2026-07-21,2887,10:05:07,MORNING_LOCK,rej_25f5024f,A8_KILLED,BNF,CREDIT,BEAR_CALL,EDGE_MISSING,VIX_12_14,UNKNOWN,PCR_LT_0_95,WALL_UNKNOWN,,DISAGREE_MISSING,simulated_trace,LIVE_BID_ASK,260.12,254.38,0.0252,1,F2_GATE_FALSE_NEGATIVE,0,0,1,0
2026-07-21,2887,10:05:07,MORNING_LOCK,rej_24b577a,A8_KILLED,BNF,CREDIT,BEAR_CALL,EDGE_MISSING,VIX_12_14,UNKNOWN,PCR_LT_0_95,WALL_UNKNOWN,,DISAGREE_MISSING,simulated_trace,LIVE_BID_ASK,256.54,361.46,0.0292,1,F2_GATE_FALSE_NEGATIVE,0,0,1,0
2026-07-21,2887,10:05:07,MORNING_LOCK,rej_ff0d5f39,A8_KILLED,BNF,CREDIT,BEAR_CALL,EDGE_MISSING,VIX_12_14,UNKNOWN,PCR_LT_0_95,WALL_UNKNOWN,,DISAGREE_MISSING,simulated_trace,LIVE_BID_ASK,269.14,530.36,0.0308,1,F2_GATE_FALSE_NEGATIVE,0,0,1,0
2026-07-21,2887,10:05:07,MORNING_LOCK,rej_fbcf66f8,A8_KILLED,BNF,CREDIT,BEAR_CALL,EDGE_MISSING,VIX_12_14,UNKNOWN,PCR_LT_0_95,WALL_UNKNOWN,,DISAGREE_MISSING,simulated_trace,LIVE_BID_ASK,248.97,720.03,0.0322,1,F2_GATE_FALSE_NEGATIVE,0,0,1,0
2026-07-21,2887,10:05:07,MORNING_LOCK,rej_d9a96248,A8_KILLED,BNF,CREDIT,BULL_PUT,EDGE_MISSING,VIX_12_14,UNKNOWN,PCR_LT_0_95,WALL_UNKNOWN,,DISAGREE_MISSING,simulated_trace,LIVE_BID_ASK,186.25,-427.75,-0.0459,0,F3_GATE_CORRECT_REJECTION,0,0,1,0
2026-07-21,2887,10:05:07,MORNING_LOCK,rej_fd530d1f,A8_KILLED,BNF,CREDIT,BULL_PUT,EDGE_MISSING,VIX_12_14,UNKNOWN,PCR_LT_0_95,WALL_UNKNOWN,,DISAGREE_MISSING,simulated_trace,LIVE_BID_ASK,202.28,-488.78,-0.0414,0,F3_GATE_CORRECT_REJECTION,0,0,1,0
2026-07-21,2887,10:05:07,MORNING_LOCK,rej_7ef20941,A8_KILLED,BNF,CREDIT,BULL_PUT,EDGE_MISSING,VIX_12_14,UNKNOWN,PCR_LT_0_95,WALL_UNKNOWN,,DISAGREE_MISSING,simulated_trace,LIVE_BID_ASK,296.35,-632.35,-0.0441,0,F3_GATE_CORRECT_REJECTION,0,0,1,0
2026-07-21,2887,10:05:07,MORNING_LOCK,rej_82300184,A8_KILLED,BNF,CREDIT,BULL_PUT,EDGE_MISSING,VIX_12_14,UNKNOWN,PCR_LT_0_95,WALL_UNKNOWN,,DISAGREE_MISSING,simulated_trace,LIVE_BID_ASK,222.15,-597.15,-0.0306,0,F3_GATE_CORRECT_REJECTION,0,0,1,0
2026-07-21,2887,10:05:07,MORNING_LOCK,rej_856df9c7,A8_KILLED,BNF,CREDIT,BULL_PUT,EDGE_MISSING,VIX_12_14,UNKNOWN,PCR_LT_0_95,WALL_UNKNOWN,,DISAGREE_MISSING,simulated_trace,LIVE_BID_ASK,250.1,-626.6,-0.0252,0,F3_GATE_CORRECT_REJECTION,0,0,1,0
2026-07-21,2888,10:10:07,MORNING_LOCK,rej_cad35e32,A8_KILLED,BNF,CREDIT,BEAR_CALL,EDGE_MISSING,VIX_12_14,UNKNOWN,PCR_LT_0_95,WALL_UNKNOWN,,DISAGREE_MISSING,simulated_trace,LIVE_BID_ASK,279.54,215.46,0.0267,1,F2_GATE_FALSE_NEGATIVE,0,0,1,0
2026-07-21,2888,10:10:07,MORNING_LOCK,rej_a729b35d,A8_KILLED,BNF,CREDIT,BEAR_CALL,EDGE_MISSING,VIX_12_14,UNKNOWN,PCR_LT_0_95,WALL_UNKNOWN,,DISAGREE_MISSING,simulated_trace,LIVE_BID_ASK,275.93,366.07,0.0355,1,F2_GATE_FALSE_NEGATIVE,0,0,1,0
2026-07-21,2888,10:10:07,MORNING_LOCK,rej_258ab73d,A8_KILLED,BNF,CREDIT,BEAR_CALL,EDGE_MISSING,VIX_12_14,UNKNOWN,PCR_LT_0_95,WALL_UNKNOWN,,DISAGREE_MISSING,simulated_trace,LIVE_BID_ASK,263.44,513.56,0.0405,1,F2_GATE_FALSE_NEGATIVE,0,0,1,0
2026-07-21,2888,10:10:07,MORNING_LOCK,rej_224cbefc,A8_KILLED,BNF,CREDIT,BEAR_CALL,EDGE_MISSING,VIX_12_14,UNKNOWN,PCR_LT_0_95,WALL_UNKNOWN,,DISAGREE_MISSING,simulated_trace,LIVE_BID_ASK,283.61,736.39,0.0418,1,F2_GATE_FALSE_NEGATIVE,0,0,1,0
2026-07-21,2888,10:10:07,MORNING_LOCK,rej_1f0ec95b,A8_KILLED,BNF,CREDIT,BEAR_CALL,EDGE_MISSING,VIX_12_14,UNKNOWN,PCR_LT_0_95,WALL_UNKNOWN,,DISAGREE_MISSING,simulated_trace,LIVE_BID_ASK,278.51,937.99,0.0411,1,F2_GATE_FALSE_NEGATIVE,0,0,1,0
2026-07-21,2888,10:10:07,MORNING_LOCK,rej_bae3489f,A8_KILLED,BNF,CREDIT,BULL_PUT,EDGE_MISSING,VIX_12_14,UNKNOWN,PCR_LT_0_95,WALL_UNKNOWN,,DISAGREE_MISSING,simulated_trace,LIVE_BID_ASK,302.83,-904.33,-0.0978,0,F3_GATE_CORRECT_REJECTION,0,0,1,0
2026-07-21,2888,10:10:07,MORNING_LOCK,rej_3c8244c1,A8_KILLED,BNF,CREDIT,BULL_PUT,EDGE_MISSING,VIX_12_14,UNKNOWN,PCR_LT_0_95,WALL_UNKNOWN,,DISAGREE_MISSING,simulated_trace,LIVE_BID_ASK,245.36,-870.86,-0.0743,0,F3_GATE_CORRECT_REJECTION,0,0,1,0
2026-07-21,2888,10:10:07,MORNING_LOCK,rej_602bef98,A8_KILLED,BNF,CREDIT,BULL_PUT,EDGE_MISSING,VIX_12_14,UNKNOWN,PCR_LT_0_95,WALL_UNKNOWN,,DISAGREE_MISSING,simulated_trace,LIVE_BID_ASK,261.41,-964.91,-0.0678,0,F3_GATE_CORRECT_REJECTION,0,0,1,0
2026-07-21,2888,10:10:07,MORNING_LOCK,rej_6369e7db,A8_KILLED,BNF,CREDIT,BULL_PUT,EDGE_MISSING,VIX_12_14,UNKNOWN,PCR_LT_0_95,WALL_UNKNOWN,,DISAGREE_MISSING,simulated_trace,LIVE_BID_ASK,355.13,-1196.63,-0.0616,0,F3_GATE_CORRECT_REJECTION,0,0,1,0
2026-07-21,2888,10:10:07,MORNING_LOCK,rej_66a7e01e,A8_KILLED,BNF,CREDIT,BULL_PUT,EDGE_MISSING,VIX_12_14,UNKNOWN,PCR_LT_0_95,WALL_UNKNOWN,,DISAGREE_MISSING,simulated_trace,LIVE_BID_ASK,257.06,-1146.56,-0.0463,0,F3_GATE_CORRECT_REJECTION,0,0,1,0
2026-07-21,2889,10:15:07,MORNING_LOCK,rej_57f1ff0d,A8_KILLED,BNF,CREDIT,BEAR_CALL,EDGE_MISSING,VIX_12_14,UNKNOWN,PCR_LT_0_95,WALL_UNKNOWN,,DISAGREE_MISSING,simulated_trace,LIVE_BID_ASK,278.76,73.74,0.009,1,F2_GATE_FALSE_NEGATIVE,0,0,1,0
2026-07-21,2889,10:15:07,MORNING_LOCK,rej_34485438,A8_KILLED,BNF,CREDIT,BEAR_CALL,EDGE_MISSING,VIX_12_14,UNKNOWN,PCR_LT_0_95,WALL_UNKNOWN,,DISAGREE_MISSING,simulated_trace,LIVE_BID_ASK,275.17,206.33,0.0197,1,F2_GATE_FALSE_NEGATIVE,0,0,1,0
2026-07-21,2889,10:15:07,MORNING_LOCK,rej_b2a95818,A8_KILLED,BNF,CREDIT,BEAR_CALL,EDGE_MISSING,VIX_12_14,UNKNOWN,PCR_LT_0_95,WALL_UNKNOWN,,DISAGREE_MISSING,simulated_trace,LIVE_BID_ASK,262.68,323.82,0.0252,1,F2_GATE_FALSE_NEGATIVE,0,0,1,0
2026-07-21,2889,10:15:07,MORNING_LOCK,rej_af6b5fd7,A8_KILLED,BNF,CREDIT,BEAR_CALL,EDGE_MISSING,VIX_12_14,UNKNOWN,PCR_LT_0_95,WALL_UNKNOWN,,DISAGREE_MISSING,simulated_trace,LIVE_BID_ASK,282.88,492.62,0.0276,1,F2_GATE_FALSE_NEGATIVE,0,0,1,0
2026-07-21,2889,10:15:07,MORNING_LOCK,rej_ac2d6a36,A8_KILLED,BNF,CREDIT,BEAR_CALL,EDGE_MISSING,VIX_12_14,UNKNOWN,PCR_LT_0_95,WALL_UNKNOWN,,DISAGREE_MISSING,simulated_trace,LIVE_BID_ASK,277.8,650.7,0.0282,1,F2_GATE_FALSE_NEGATIVE,0,0,1,0
2026-07-21,2889,10:15:07,MORNING_LOCK,rej_3b4fa064,A8_KILLED,BNF,CREDIT,BULL_PUT,EDGE_MISSING,VIX_12_14,UNKNOWN,PCR_LT_0_95,WALL_UNKNOWN,,DISAGREE_MISSING,simulated_trace,LIVE_BID_ASK,303.55,-809.05,-0.0884,0,F3_GATE_CORRECT_REJECTION,0,0,1,0
2026-07-21,2889,10:15:07,MORNING_LOCK,rej_bcee9c86,A8_KILLED,BNF,CREDIT,BULL_PUT,EDGE_MISSING,VIX_12_14,UNKNOWN,PCR_LT_0_95,WALL_UNKNOWN,,DISAGREE_MISSING,simulated_trace,LIVE_BID_ASK,246.06,-732.06,-0.0632,0,F3_GATE_CORRECT_REJECTION,0,0,1,0
2026-07-21,2889,10:15:07,MORNING_LOCK,rej_e098475d,A8_KILLED,BNF,CREDIT,BULL_PUT,EDGE_MISSING,VIX_12_14,UNKNOWN,PCR_LT_0_95,WALL_UNKNOWN,,DISAGREE_MISSING,simulated_trace,LIVE_BID_ASK,262.11,-824.61,-0.0585,0,F3_GATE_CORRECT_REJECTION,0,0,1,0
2026-07-21,2889,10:15:07,MORNING_LOCK,rej_e3d63fa0,A8_KILLED,BNF,CREDIT,BULL_PUT,EDGE_MISSING,VIX_12_14,UNKNOWN,PCR_LT_0_95,WALL_UNKNOWN,,DISAGREE_MISSING,simulated_trace,LIVE_BID_ASK,355.82,-1017.32,-0.0529,0,F3_GATE_CORRECT_REJECTION,0,0,1,0
2026-07-21,2889,10:15:07,MORNING_LOCK,rej_e71437e3,A8_KILLED,BNF,CREDIT,BULL_PUT,EDGE_MISSING,VIX_12_14,UNKNOWN,PCR_LT_0_95,WALL_UNKNOWN,,DISAGREE_MISSING,simulated_trace,LIVE_BID_ASK,257.73,-937.23,-0.0382,0,F3_GATE_CORRECT_REJECTION,0,0,1,0
2026-07-21,2890,10:20:07,MORNING_LOCK,rej_35c476b3,A8_KILLED,BNF,CREDIT,BEAR_CALL,EDGE_MISSING,VIX_12_14,UNKNOWN,PCR_LT_0_95,WALL_UNKNOWN,,DISAGREE_MISSING,simulated_trace,LIVE_BID_ASK,278.46,17.04,0.0021,1,F2_GATE_FALSE_NEGATIVE,0,0,1,0
2026-07-21,2890,10:20:07,MORNING_LOCK,rej_121acbde,A8_KILLED,BNF,CREDIT,BEAR_CALL,EDGE_MISSING,VIX_12_14,UNKNOWN,PCR_LT_0_95,WALL_UNKNOWN,,DISAGREE_MISSING,simulated_trace,LIVE_BID_ASK,274.88,133.12,0.0126,1,F2_GATE_FALSE_NEGATIVE,0,0,1,0
2026-07-21,2890,10:20:07,MORNING_LOCK,rej_907bcfbe,A8_KILLED,BNF,CREDIT,BEAR_CALL,EDGE_MISSING,VIX_12_14,UNKNOWN,PCR_LT_0_95,WALL_UNKNOWN,,DISAGREE_MISSING,simulated_trace,LIVE_BID_ASK,262.4,229.6,0.0177,1,F2_GATE_FALSE_NEGATIVE,0,0,1,0
2026-07-21,2890,10:20:07,MORNING_LOCK,rej_8d3dd77d,A8_KILLED,BNF,CREDIT,BEAR_CALL,EDGE_MISSING,VIX_12_14,UNKNOWN,PCR_LT_0_95,WALL_UNKNOWN,,DISAGREE_MISSING,simulated_trace,LIVE_BID_ASK,282.61,384.89,0.0214,1,F2_GATE_FALSE_NEGATIVE,0,0,1,0
2026-07-21,2890,10:20:07,MORNING_LOCK,rej_89ffe1dc,A8_KILLED,BNF,CREDIT,BEAR_CALL,EDGE_MISSING,VIX_12_14,UNKNOWN,PCR_LT_0_95,WALL_UNKNOWN,,DISAGREE_MISSING,simulated_trace,LIVE_BID_ASK,277.52,547.48,0.0236,1,F2_GATE_FALSE_NEGATIVE,0,0,1,0
2026-07-21,2890,10:20:07,MORNING_LOCK,rej_d71c9bfe,A8_KILLED,BNF,CREDIT,BULL_PUT,EDGE_MISSING,VIX_12_14,UNKNOWN,PCR_LT_0_95,WALL_UNKNOWN,,DISAGREE_MISSING,simulated_trace,LIVE_BID_ASK,303.85,-759.85,-0.0835,0,F3_GATE_CORRECT_REJECTION,0,0,1,0
2026-07-21,2890,10:20:07,MORNING_LOCK,rej_58bb9820,A8_KILLED,BNF,CREDIT,BULL_PUT,EDGE_MISSING,VIX_12_14,UNKNOWN,PCR_LT_0_95,WALL_UNKNOWN,,DISAGREE_MISSING,simulated_trace,LIVE_BID_ASK,246.36,-685.86,-0.0595,0,F3_GATE_CORRECT_REJECTION,0,0,1,0
2026-07-21,2890,10:20:07,MORNING_LOCK,rej_7c6542f7,A8_KILLED,BNF,CREDIT,BULL_PUT,EDGE_MISSING,VIX_12_14,UNKNOWN,PCR_LT_0_95,WALL_UNKNOWN,,DISAGREE_MISSING,simulated_trace,LIVE_BID_ASK,262.4,-749.9,-0.0535,0,F3_GATE_CORRECT_REJECTION,0,0,1,0
2026-07-21,2890,10:20:07,MORNING_LOCK,rej_7fa33b3a,A8_KILLED,BNF,CREDIT,BULL_PUT,EDGE_MISSING,VIX_12_14,UNKNOWN,PCR_LT_0_95,WALL_UNKNOWN,,DISAGREE_MISSING,simulated_trace,LIVE_BID_ASK,356.1,-926.1,-0.0484,0,F3_GATE_CORRECT_REJECTION,0,0,1,0
2026-07-21,2890,10:20:07,MORNING_LOCK,rej_82e1337d,A8_KILLED,BNF,CREDIT,BULL_PUT,EDGE_MISSING,VIX_12_14,UNKNOWN,PCR_LT_0_95,WALL_UNKNOWN,,DISAGREE_MISSING,simulated_trace,LIVE_BID_ASK,258.01,-840.01,-0.0343,0,F3_GATE_CORRECT_REJECTION,0,0,1,0
2026-07-21,2891,10:25:07,MORNING_LOCK,rej_7d762f71,A8_KILLED,BNF,CREDIT,BEAR_CALL,EDGE_MISSING,VIX_12_14,UNKNOWN,PCR_LT_0_95,WALL_UNKNOWN,,DISAGREE_MISSING,simulated_trace,LIVE_BID_ASK,302.56,64.94,0.0082,1,F2_GATE_FALSE_NEGATIVE,0,0,1,0
2026-07-21,2891,10:25:07,MORNING_LOCK,rej_fbd73351,A8_KILLED,BNF,CREDIT,BEAR_CALL,EDGE_MISSING,VIX_12_14,UNKNOWN,PCR_LT_0_95,WALL_UNKNOWN,,DISAGREE_MISSING,simulated_trace,LIVE_BID_ASK,259.93,196.07,0.0193,1,F2_GATE_FALSE_NEGATIVE,0,0,1,0
2026-07-21,2891,10:25:07,MORNING_LOCK,rej_d82d887c,A8_KILLED,BNF,CREDIT,BEAR_CALL,EDGE_MISSING,VIX_12_14,UNKNOWN,PCR_LT_0_95,WALL_UNKNOWN,,DISAGREE_MISSING,simulated_trace,LIVE_BID_ASK,256.34,315.16,0.0254,1,F2_GATE_FALSE_NEGATIVE,0,0,1,0
2026-07-21,2891,10:25:07,MORNING_LOCK,rej_d4ef903b,A8_KILLED,BNF,CREDIT,BEAR_CALL,EDGE_MISSING,VIX_12_14,UNKNOWN,PCR_LT_0_95,WALL_UNKNOWN,,DISAGREE_MISSING,simulated_trace,LIVE_BID_ASK,268.93,484.07,0.028,1,F2_GATE_FALSE_NEGATIVE,0,0,1,0
2026-07-21,2891,10:25:07,MORNING_LOCK,rej_d1b197fa,A8_KILLED,BNF,CREDIT,BEAR_CALL,EDGE_MISSING,VIX_12_14,UNKNOWN,PCR_LT_0_95,WALL_UNKNOWN,,DISAGREE_MISSING,simulated_trace,LIVE_BID_ASK,248.78,643.72,0.0287,1,F2_GATE_FALSE_NEGATIVE,0,0,1,0
2026-07-21,2891,10:25:07,MORNING_LOCK,rej_121c0906,A8_KILLED,BNF,CREDIT,BULL_PUT,EDGE_MISSING,VIX_12_14,UNKNOWN,PCR_LT_0_95,WALL_UNKNOWN,,DISAGREE_MISSING,simulated_trace,LIVE_BID_ASK,186.38,-403.88,-0.0435,0,F3_GATE_CORRECT_REJECTION,0,0,1,0
2026-07-21,2891,10:25:07,MORNING_LOCK,rej_35c5b3dd,A8_KILLED,BNF,CREDIT,BULL_PUT,EDGE_MISSING,VIX_12_14,UNKNOWN,PCR_LT_0_95,WALL_UNKNOWN,,DISAGREE_MISSING,simulated_trace,LIVE_BID_ASK,202.4,-439.4,-0.0374,0,F3_GATE_CORRECT_REJECTION,0,0,1,0
2026-07-21,2891,10:25:07,MORNING_LOCK,rej_b764afff,A8_KILLED,BNF,CREDIT,BULL_PUT,EDGE_MISSING,VIX_12_14,UNKNOWN,PCR_LT_0_95,WALL_UNKNOWN,,DISAGREE_MISSING,simulated_trace,LIVE_BID_ASK,296.47,-578.47,-0.0405,0,F3_GATE_CORRECT_REJECTION,0,0,1,0
2026-07-21,2891,10:25:07,MORNING_LOCK,rej_baa2a842,A8_KILLED,BNF,CREDIT,BULL_PUT,EDGE_MISSING,VIX_12_14,UNKNOWN,PCR_LT_0_95,WALL_UNKNOWN,,DISAGREE_MISSING,simulated_trace,LIVE_BID_ASK,222.26,-535.76,-0.0275,0,F3_GATE_CORRECT_REJECTION,0,0,1,0
2026-07-21,2891,10:25:07,MORNING_LOCK,rej_bde0a085,A8_KILLED,BNF,CREDIT,BULL_PUT,EDGE_MISSING,VIX_12_14,UNKNOWN,PCR_LT_0_95,WALL_UNKNOWN,,DISAGREE_MISSING,simulated_trace,LIVE_BID_ASK,250.22,-581.72,-0.0234,0,F3_GATE_CORRECT_REJECTION,0,0,1,0
2026-07-21,2892,10:30:08,MIDDAY,rej_20a77970,A8_KILLED,BNF,CREDIT,BEAR_CALL,EDGE_MISSING,VIX_12_14,UNKNOWN,PCR_LT_0_95,WALL_UNKNOWN,,DISAGREE_MISSING,simulated_trace,LIVE_BID_ASK,278.94,120.06,0.0147,1,F2_GATE_FALSE_NEGATIVE,0,0,1,0
2026-07-21,2892,10:30:08,MIDDAY,rej_fcfdce9b,A8_KILLED,BNF,CREDIT,BEAR_CALL,EDGE_MISSING,VIX_12_14,UNKNOWN,PCR_LT_0_95,WALL_UNKNOWN,,DISAGREE_MISSING,simulated_trace,LIVE_BID_ASK,275.34,275.16,0.0264,1,F2_GATE_FALSE_NEGATIVE,0,0,1,0
2026-07-21,2892,10:30:08,MIDDAY,rej_7b5ed27b,A8_KILLED,BNF,CREDIT,BEAR_CALL,EDGE_MISSING,VIX_12_14,UNKNOWN,PCR_LT_0_95,WALL_UNKNOWN,,DISAGREE_MISSING,simulated_trace,LIVE_BID_ASK,262.86,374.64,0.0292,1,F2_GATE_FALSE_NEGATIVE,0,0,1,0
2026-07-21,2892,10:30:08,MIDDAY,rej_7820da3a,A8_KILLED,BNF,CREDIT,BEAR_CALL,EDGE_MISSING,VIX_12_14,UNKNOWN,PCR_LT_0_95,WALL_UNKNOWN,,DISAGREE_MISSING,simulated_trace,LIVE_BID_ASK,283.04,582.46,0.0328,1,F2_GATE_FALSE_NEGATIVE,0,0,1,0
2026-07-21,2892,10:30:08,MIDDAY,rej_74e2e499,A8_KILLED,BNF,CREDIT,BEAR_CALL,EDGE_MISSING,VIX_12_14,UNKNOWN,PCR_LT_0_95,WALL_UNKNOWN,,DISAGREE_MISSING,simulated_trace,LIVE_BID_ASK,277.96,740.54,0.0322,1,F2_GATE_FALSE_NEGATIVE,0,0,1,0
2026-07-21,2892,10:30:08,MIDDAY,rej_9c9fcda1,A8_KILLED,BNF,CREDIT,BULL_PUT,EDGE_MISSING,VIX_12_14,UNKNOWN,PCR_LT_0_95,WALL_UNKNOWN,,DISAGREE_MISSING,simulated_trace,LIVE_BID_ASK,303.49,-840.49,-0.0915,0,F3_GATE_CORRECT_REJECTION,0,0,1,0
2026-07-21,2892,10:30:08,MIDDAY,rej_1e3ec9c3,A8_KILLED,BNF,CREDIT,BULL_PUT,EDGE_MISSING,VIX_12_14,UNKNOWN,PCR_LT_0_95,WALL_UNKNOWN,,DISAGREE_MISSING,simulated_trace,LIVE_BID_ASK,246.03,-819.03,-0.0702,0,F3_GATE_CORRECT_REJECTION,0,0,1,0
2026-07-21,2892,10:30:08,MIDDAY,rej_41e8749a,A8_KILLED,BNF,CREDIT,BULL_PUT,EDGE_MISSING,VIX_12_14,UNKNOWN,PCR_LT_0_95,WALL_UNKNOWN,,DISAGREE_MISSING,simulated_trace,LIVE_BID_ASK,262.06,-886.06,-0.0626,0,F3_GATE_CORRECT_REJECTION,0,0,1,0
2026-07-21,2892,10:30:08,MIDDAY,rej_45266cdd,A8_KILLED,BNF,CREDIT,BULL_PUT,EDGE_MISSING,VIX_12_14,UNKNOWN,PCR_LT_0_95,WALL_UNKNOWN,,DISAGREE_MISSING,simulated_trace,LIVE_BID_ASK,355.76,-1063.76,-0.0552,0,F3_GATE_CORRECT_REJECTION,0,0,1,0
2026-07-21,2892,10:30:08,MIDDAY,rej_48646520,A8_KILLED,BNF,CREDIT,BULL_PUT,EDGE_MISSING,VIX_12_14,UNKNOWN,PCR_LT_0_95,WALL_UNKNOWN,,DISAGREE_MISSING,simulated_trace,LIVE_BID_ASK,257.68,-985.18,-0.04,0,F3_GATE_CORRECT_REJECTION,0,0,1,0
2026-07-21,2893,10:35:07,MIDDAY,rej_1f3a994a,A8_KILLED,BNF,CREDIT,BEAR_CALL,EDGE_MISSING,VIX_12_14,UNKNOWN,PCR_LT_0_95,WALL_UNKNOWN,,DISAGREE_MISSING,simulated_trace,LIVE_BID_ASK,278.18,-20.18,-0.0024,0,F3_GATE_CORRECT_REJECTION,0,0,1,0
2026-07-21,2893,10:35:07,MIDDAY,rej_fb90ee75,A8_KILLED,BNF,CREDIT,BEAR_CALL,EDGE_MISSING,VIX_12_14,UNKNOWN,PCR_LT_0_95,WALL_UNKNOWN,,DISAGREE_MISSING,simulated_trace,LIVE_BID_ASK,274.6,83.9,0.0079,1,F2_GATE_FALSE_NEGATIVE,0,0,1,0
2026-07-21,2893,10:35:07,MIDDAY,rej_79f1f255,A8_KILLED,BNF,CREDIT,BEAR_CALL,EDGE_MISSING,VIX_12_14,UNKNOWN,PCR_LT_0_95,WALL_UNKNOWN,,DISAGREE_MISSING,simulated_trace,LIVE_BID_ASK,262.12,184.88,0.0142,1,F2_GATE_FALSE_NEGATIVE,0,0,1,0
2026-07-21,2893,10:35:07,MIDDAY,rej_76b3fa14,A8_KILLED,BNF,CREDIT,BEAR_CALL,EDGE_MISSING,VIX_12_14,UNKNOWN,PCR_LT_0_95,WALL_UNKNOWN,,DISAGREE_MISSING,simulated_trace,LIVE_BID_ASK,282.33,335.67,0.0186,1,F2_GATE_FALSE_NEGATIVE,0,0,1,0
2026-07-21,2893,10:35:07,MIDDAY,rej_73760473,A8_KILLED,BNF,CREDIT,BEAR_CALL,EDGE_MISSING,VIX_12_14,UNKNOWN,PCR_LT_0_95,WALL_UNKNOWN,,DISAGREE_MISSING,simulated_trace,LIVE_BID_ASK,277.26,463.74,0.0199,1,F2_GATE_FALSE_NEGATIVE,0,0,1,0
2026-07-21,2893,10:35:07,MIDDAY,rej_bd9c4a87,A8_KILLED,BNF,CREDIT,BULL_PUT,EDGE_MISSING,VIX_12_14,UNKNOWN,PCR_LT_0_95,WALL_UNKNOWN,,DISAGREE_MISSING,simulated_trace,LIVE_BID_ASK,304.51,-706.51,-0.0781,0,F3_GATE_CORRECT_REJECTION,0,0,1,0
2026-07-21,2893,10:35:07,MIDDAY,rej_3f3b46a9,A8_KILLED,BNF,CREDIT,BULL_PUT,EDGE_MISSING,VIX_12_14,UNKNOWN,PCR_LT_0_95,WALL_UNKNOWN,,DISAGREE_MISSING,simulated_trace,LIVE_BID_ASK,247.01,-619.01,-0.054,0,F3_GATE_CORRECT_REJECTION,0,0,1,0
2026-07-21,2893,10:35:07,MIDDAY,rej_62e4f180,A8_KILLED,BNF,CREDIT,BULL_PUT,EDGE_MISSING,VIX_12_14,UNKNOWN,PCR_LT_0_95,WALL_UNKNOWN,,DISAGREE_MISSING,simulated_trace,LIVE_BID_ASK,263.05,-686.05,-0.0492,0,F3_GATE_CORRECT_REJECTION,0,0,1,0
2026-07-21,2893,10:35:07,MIDDAY,rej_6622e9c3,A8_KILLED,BNF,CREDIT,BULL_PUT,EDGE_MISSING,VIX_12_14,UNKNOWN,PCR_LT_0_95,WALL_UNKNOWN,,DISAGREE_MISSING,simulated_trace,LIVE_BID_ASK,356.73,-829.23,-0.0435,0,F3_GATE_CORRECT_REJECTION,0,0,1,0
2026-07-21,2893,10:35:07,MIDDAY,rej_6960e206,A8_KILLED,BNF,CREDIT,BULL_PUT,EDGE_MISSING,VIX_12_14,UNKNOWN,PCR_LT_0_95,WALL_UNKNOWN,,DISAGREE_MISSING,simulated_trace,LIVE_BID_ASK,258.63,-704.13,-0.0289,0,F3_GATE_CORRECT_REJECTION,0,0,1,0
2026-07-21,2894,10:40:07,MIDDAY,rej_b7a028d3,A8_KILLED,BNF,CREDIT,BEAR_CALL,EDGE_MISSING,VIX_12_14,UNKNOWN,PCR_LT_0_95,WALL_UNKNOWN,,DISAGREE_MISSING,simulated_trace,LIVE_BID_ASK,301.53,-142.53,-0.0176,0,F3_GATE_CORRECT_REJECTION,0,0,1,0
2026-07-21,2894,10:40:07,MIDDAY,rej_36012cb3,A8_KILLED,BNF,CREDIT,BEAR_CALL,EDGE_MISSING,VIX_12_14,UNKNOWN,PCR_LT_0_95,WALL_UNKNOWN,,DISAGREE_MISSING,simulated_trace,LIVE_BID_ASK,258.9,-14.4,-0.0014,0,F3_GATE_CORRECT_REJECTION,0,0,1,0
2026-07-21,2894,10:40:07,MIDDAY,rej_125781de,A8_KILLED,BNF,CREDIT,BEAR_CALL,EDGE_MISSING,VIX_12_14,UNKNOWN,PCR_LT_0_95,WALL_UNKNOWN,,DISAGREE_MISSING,simulated_trace,LIVE_BID_ASK,255.34,50.66,0.004,1,F2_GATE_FALSE_NEGATIVE,0,0,1,0
2026-07-21,2894,10:40:07,MIDDAY,rej_f19899d,A8_KILLED,BNF,CREDIT,BEAR_CALL,EDGE_MISSING,VIX_12_14,UNKNOWN,PCR_LT_0_95,WALL_UNKNOWN,,DISAGREE_MISSING,simulated_trace,LIVE_BID_ASK,267.96,156.54,0.0089,1,F2_GATE_FALSE_NEGATIVE,0,0,1,0
2026-07-21,2894,10:40:07,MIDDAY,rej_bdb915c,A8_KILLED,BNF,CREDIT,BEAR_CALL,EDGE_MISSING,VIX_12_14,UNKNOWN,PCR_LT_0_95,WALL_UNKNOWN,,DISAGREE_MISSING,simulated_trace,LIVE_BID_ASK,247.82,290.68,0.0127,1,F2_GATE_FALSE_NEGATIVE,0,0,1,0
2026-07-21,2894,10:40:07,MIDDAY,rej_13fc5b64,A8_KILLED,BNF,CREDIT,BULL_PUT,EDGE_MISSING,VIX_12_14,UNKNOWN,PCR_LT_0_95,WALL_UNKNOWN,,DISAGREE_MISSING,simulated_trace,LIVE_BID_ASK,187.43,-269.93,-0.0295,0,F3_GATE_CORRECT_REJECTION,0,0,1,0
2026-07-21,2894,10:40:07,MIDDAY,rej_37a6063b,A8_KILLED,BNF,CREDIT,BULL_PUT,EDGE_MISSING,VIX_12_14,UNKNOWN,PCR_LT_0_95,WALL_UNKNOWN,,DISAGREE_MISSING,simulated_trace,LIVE_BID_ASK,203.44,-285.94,-0.0246,0,F3_GATE_CORRECT_REJECTION,0,0,1,0
2026-07-21,2894,10:40:07,MIDDAY,rej_b945025d,A8_KILLED,BNF,CREDIT,BULL_PUT,EDGE_MISSING,VIX_12_14,UNKNOWN,PCR_LT_0_95,WALL_UNKNOWN,,DISAGREE_MISSING,simulated_trace,LIVE_BID_ASK,297.49,-388.99,-0.0276,0,F3_GATE_CORRECT_REJECTION,0,0,1,0
2026-07-21,2894,10:40:07,MIDDAY,rej_bc82faa0,A8_KILLED,BNF,CREDIT,BULL_PUT,EDGE_MISSING,VIX_12_14,UNKNOWN,PCR_LT_0_95,WALL_UNKNOWN,,DISAGREE_MISSING,simulated_trace,LIVE_BID_ASK,223.26,-299.76,-0.0156,0,F3_GATE_CORRECT_REJECTION,0,0,1,0
2026-07-21,2894,10:40:07,MIDDAY,rej_bfc0f2e3,A8_KILLED,BNF,CREDIT,BULL_PUT,EDGE_MISSING,VIX_12_14,UNKNOWN,PCR_LT_0_95,WALL_UNKNOWN,,DISAGREE_MISSING,simulated_trace,LIVE_BID_ASK,251.2,-294.7,-0.012,0,F3_GATE_CORRECT_REJECTION,0,0,1,0
2026-07-21,2895,10:45:07,MIDDAY,rej_44bec9ae,A8_KILLED,BNF,CREDIT,BEAR_CALL,EDGE_MISSING,VIX_12_14,UNKNOWN,PCR_LT_0_95,WALL_UNKNOWN,,DISAGREE_MISSING,simulated_trace,LIVE_BID_ASK,302.08,-38.08,-0.0048,0,F3_GATE_CORRECT_REJECTION,0,0,1,0
2026-07-21,2895,10:45:07,MIDDAY,rej_c31fcd8e,A8_KILLED,BNF,CREDIT,BEAR_CALL,EDGE_MISSING,VIX_12_14,UNKNOWN,PCR_LT_0_95,WALL_UNKNOWN,,DISAGREE_MISSING,simulated_trace,LIVE_BID_ASK,259.45,87.05,0.0085,1,F2_GATE_FALSE_NEGATIVE,0,0,1,0
2026-07-21,2895,10:45:07,MIDDAY,rej_9f7622b9,A8_KILLED,BNF,CREDIT,BEAR_CALL,EDGE_MISSING,VIX_12_14,UNKNOWN,PCR_LT_0_95,WALL_UNKNOWN,,DISAGREE_MISSING,simulated_trace,LIVE_BID_ASK,255.89,161.11,0.0128,1,F2_GATE_FALSE_NEGATIVE,0,0,1,0
2026-07-21,2895,10:45:07,MIDDAY,rej_9c382a78,A8_KILLED,BNF,CREDIT,BEAR_CALL,EDGE_MISSING,VIX_12_14,UNKNOWN,PCR_LT_0_95,WALL_UNKNOWN,,DISAGREE_MISSING,simulated_trace,LIVE_BID_ASK,268.49,306.01,0.0175,1,F2_GATE_FALSE_NEGATIVE,0,0,1,0
2026-07-21,2895,10:45:07,MIDDAY,rej_98fa3237,A8_KILLED,BNF,CREDIT,BEAR_CALL,EDGE_MISSING,VIX_12_14,UNKNOWN,PCR_LT_0_95,WALL_UNKNOWN,,DISAGREE_MISSING,simulated_trace,LIVE_BID_ASK,248.34,464.16,0.0205,1,F2_GATE_FALSE_NEGATIVE,0,0,1,0
2026-07-21,2895,10:45:07,MIDDAY,rej_9468b329,A8_KILLED,BNF,CREDIT,BULL_PUT,EDGE_MISSING,VIX_12_14,UNKNOWN,PCR_LT_0_95,WALL_UNKNOWN,,DISAGREE_MISSING,simulated_trace,LIVE_BID_ASK,186.63,-350.13,-0.0379,0,F3_GATE_CORRECT_REJECTION,0,0,1,0
2026-07-21,2895,10:45:07,MIDDAY,rej_b8125e00,A8_KILLED,BNF,CREDIT,BULL_PUT,EDGE_MISSING,VIX_12_14,UNKNOWN,PCR_LT_0_95,WALL_UNKNOWN,,DISAGREE_MISSING,simulated_trace,LIVE_BID_ASK,202.66,-390.16,-0.0333,0,F3_GATE_CORRECT_REJECTION,0,0,1,0
2026-07-21,2895,10:45:07,MIDDAY,rej_39b15a22,A8_KILLED,BNF,CREDIT,BULL_PUT,EDGE_MISSING,VIX_12_14,UNKNOWN,PCR_LT_0_95,WALL_UNKNOWN,,DISAGREE_MISSING,simulated_trace,LIVE_BID_ASK,296.72,-527.72,-0.0371,0,F3_GATE_CORRECT_REJECTION,0,0,1,0
2026-07-21,2895,10:45:07,MIDDAY,rej_3cef5265,A8_KILLED,BNF,CREDIT,BULL_PUT,EDGE_MISSING,VIX_12_14,UNKNOWN,PCR_LT_0_95,WALL_UNKNOWN,,DISAGREE_MISSING,simulated_trace,LIVE_BID_ASK,222.51,-473.01,-0.0244,0,F3_GATE_CORRECT_REJECTION,0,0,1,0
2026-07-21,2895,10:45:07,MIDDAY,rej_402d4aa8,A8_KILLED,BNF,CREDIT,BULL_PUT,EDGE_MISSING,VIX_12_14,UNKNOWN,PCR_LT_0_95,WALL_UNKNOWN,,DISAGREE_MISSING,simulated_trace,LIVE_BID_ASK,250.46,-494.96,-0.02,0,F3_GATE_CORRECT_REJECTION,0,0,1,0
2026-07-21,2896,10:50:07,MIDDAY,rej_22914154,A8_KILLED,BNF,CREDIT,BEAR_CALL,EDGE_MISSING,VIX_12_14,UNKNOWN,PCR_LT_0_95,WALL_UNKNOWN,,DISAGREE_MISSING,simulated_trace,LIVE_BID_ASK,301.5,-123.0,-0.0152,0,F3_GATE_CORRECT_REJECTION,0,0,1,0
2026-07-21,2896,10:50:07,MIDDAY,rej_a0f24534,A8_KILLED,BNF,CREDIT,BEAR_CALL,EDGE_MISSING,VIX_12_14,UNKNOWN,PCR_LT_0_95,WALL_UNKNOWN,,DISAGREE_MISSING,simulated_trace,LIVE_BID_ASK,258.87,-2.37,-0.0002,0,F3_GATE_CORRECT_REJECTION,0,0,1,0
2026-07-21,2896,10:50:07,MIDDAY,rej_7d489a5f,A8_KILLED,BNF,CREDIT,BEAR_CALL,EDGE_MISSING,VIX_12_14,UNKNOWN,PCR_LT_0_95,WALL_UNKNOWN,,DISAGREE_MISSING,simulated_trace,LIVE_BID_ASK,255.31,68.69,0.0054,1,F2_GATE_FALSE_NEGATIVE,0,0,1,0
2026-07-21,2896,10:50:07,MIDDAY,rej_7a0aa21e,A8_KILLED,BNF,CREDIT,BEAR_CALL,EDGE_MISSING,VIX_12_14,UNKNOWN,PCR_LT_0_95,WALL_UNKNOWN,,DISAGREE_MISSING,simulated_trace,LIVE_BID_ASK,267.93,171.57,0.0098,1,F2_GATE_FALSE_NEGATIVE,0,0,1,0
2026-07-21,2896,10:50:07,MIDDAY,rej_76cca9dd,A8_KILLED,BNF,CREDIT,BEAR_CALL,EDGE_MISSING,VIX_12_14,UNKNOWN,PCR_LT_0_95,WALL_UNKNOWN,,DISAGREE_MISSING,simulated_trace,LIVE_BID_ASK,247.8,284.7,0.0125,1,F2_GATE_FALSE_NEGATIVE,0,0,1,0
2026-07-21,2896,10:50:07,MIDDAY,rej_3035aec3,A8_KILLED,BNF,CREDIT,BULL_PUT,EDGE_MISSING,VIX_12_14,UNKNOWN,PCR_LT_0_95,WALL_UNKNOWN,,DISAGREE_MISSING,simulated_trace,LIVE_BID_ASK,186.97,-330.97,-0.0359,0,F3_GATE_CORRECT_REJECTION,0,0,1,0
2026-07-21,2896,10:50:07,MIDDAY,rej_53df599a,A8_KILLED,BNF,CREDIT,BULL_PUT,EDGE_MISSING,VIX_12_14,UNKNOWN,PCR_LT_0_95,WALL_UNKNOWN,,DISAGREE_MISSING,simulated_trace,LIVE_BID_ASK,202.99,-343.99,-0.0295,0,F3_GATE_CORRECT_REJECTION,0,0,1,0
2026-07-21,2896,10:50:07,MIDDAY,rej_d57e55bc,A8_KILLED,BNF,CREDIT,BULL_PUT,EDGE_MISSING,VIX_12_14,UNKNOWN,PCR_LT_0_95,WALL_UNKNOWN,,DISAGREE_MISSING,simulated_trace,LIVE_BID_ASK,297.05,-483.05,-0.0341,0,F3_GATE_CORRECT_REJECTION,0,0,1,0
2026-07-21,2896,10:50:07,MIDDAY,rej_d8bc4dff,A8_KILLED,BNF,CREDIT,BULL_PUT,EDGE_MISSING,VIX_12_14,UNKNOWN,PCR_LT_0_95,WALL_UNKNOWN,,DISAGREE_MISSING,simulated_trace,LIVE_BID_ASK,222.83,-401.33,-0.0207,0,F3_GATE_CORRECT_REJECTION,0,0,1,0
2026-07-21,2896,10:50:07,MIDDAY,rej_dbfa4642,A8_KILLED,BNF,CREDIT,BULL_PUT,EDGE_MISSING,VIX_12_14,UNKNOWN,PCR_LT_0_95,WALL_UNKNOWN,,DISAGREE_MISSING,simulated_trace,LIVE_BID_ASK,250.76,-390.26,-0.0158,0,F3_GATE_CORRECT_REJECTION,0,0,1,0
2026-07-21,2897,10:55:07,MIDDAY,rej_afafe235,A8_KILLED,BNF,CREDIT,BEAR_CALL,EDGE_MISSING,VIX_12_14,UNKNOWN,PCR_LT_0_95,WALL_UNKNOWN,,DISAGREE_MISSING,simulated_trace,LIVE_BID_ASK,300.93,-219.93,-0.0269,0,F3_GATE_CORRECT_REJECTION,0,0,1,0
2026-07-21,2897,10:55:07,MIDDAY,rej_2e10e615,A8_KILLED,BNF,CREDIT,BEAR_CALL,EDGE_MISSING,VIX_12_14,UNKNOWN,PCR_LT_0_95,WALL_UNKNOWN,,DISAGREE_MISSING,simulated_trace,LIVE_BID_ASK,258.31,-132.31,-0.0126,0,F3_GATE_CORRECT_REJECTION,0,0,1,0
2026-07-21,2897,10:55:07,MIDDAY,rej_a673b40,A8_KILLED,BNF,CREDIT,BEAR_CALL,EDGE_MISSING,VIX_12_14,UNKNOWN,PCR_LT_0_95,WALL_UNKNOWN,,DISAGREE_MISSING,simulated_trace,LIVE_BID_ASK,254.76,-82.26,-0.0064,0,F3_GATE_CORRECT_REJECTION,0,0,1,0
2026-07-21,2897,10:55:07,MIDDAY,rej_72942ff,A8_KILLED,BNF,CREDIT,BEAR_CALL,EDGE_MISSING,VIX_12_14,UNKNOWN,PCR_LT_0_95,WALL_UNKNOWN,,DISAGREE_MISSING,simulated_trace,LIVE_BID_ASK,267.4,-13.9,-0.0008,0,F3_GATE_CORRECT_REJECTION,0,0,1,0
2026-07-21,2897,10:55:07,MIDDAY,rej_3eb4ad3,A8_KILLED,BNF,CREDIT,BEAR_CALL,EDGE_MISSING,VIX_12_14,UNKNOWN,PCR_LT_0_95,WALL_UNKNOWN,,DISAGREE_MISSING,simulated_trace,LIVE_BID_ASK,247.27,79.73,0.0035,1,F2_GATE_FALSE_NEGATIVE,0,0,1,0
2026-07-21,2897,10:55:07,MIDDAY,rej_b0a206a3,A8_KILLED,BNF,CREDIT,BULL_PUT,EDGE_MISSING,VIX_12_14,UNKNOWN,PCR_LT_0_95,WALL_UNKNOWN,,DISAGREE_MISSING,simulated_trace,LIVE_BID_ASK,187.7,-228.2,-0.025,0,F3_GATE_CORRECT_REJECTION,0,0,1,0
2026-07-21,2897,10:55:07,MIDDAY,rej_d44bb17a,A8_KILLED,BNF,CREDIT,BULL_PUT,EDGE_MISSING,VIX_12_14,UNKNOWN,PCR_LT_0_95,WALL_UNKNOWN,,DISAGREE_MISSING,simulated_trace,LIVE_BID_ASK,203.72,-254.72,-0.022,0,F3_GATE_CORRECT_REJECTION,0,0,1,0
2026-07-21,2897,10:55:07,MIDDAY,rej_55eaad9c,A8_KILLED,BNF,CREDIT,BULL_PUT,EDGE_MISSING,VIX_12_14,UNKNOWN,PCR_LT_0_95,WALL_UNKNOWN,,DISAGREE_MISSING,simulated_trace,LIVE_BID_ASK,297.77,-347.27,-0.0247,0,F3_GATE_CORRECT_REJECTION,0,0,1,0
2026-07-21,2897,10:55:07,MIDDAY,rej_5928a5df,A8_KILLED,BNF,CREDIT,BULL_PUT,EDGE_MISSING,VIX_12_14,UNKNOWN,PCR_LT_0_95,WALL_UNKNOWN,,DISAGREE_MISSING,simulated_trace,LIVE_BID_ASK,223.52,-214.52,-0.0112,0,F3_GATE_CORRECT_REJECTION,0,0,1,0
2026-07-21,2897,10:55:07,MIDDAY,rej_5c669e22,A8_KILLED,BNF,CREDIT,BULL_PUT,EDGE_MISSING,VIX_12_14,UNKNOWN,PCR_LT_0_95,WALL_UNKNOWN,,DISAGREE_MISSING,simulated_trace,LIVE_BID_ASK,251.45,-195.95,-0.008,0,F3_GATE_CORRECT_REJECTION,0,0,1,0
2026-07-21,2898,11:00:08,MIDDAY,rej_1c0ddadc,A8_KILLED,BNF,CREDIT,BEAR_CALL,EDGE_MISSING,VIX_12_14,UNKNOWN,PCR_LT_0_95,WALL_UNKNOWN,,DISAGREE_MISSING,simulated_trace,LIVE_BID_ASK,300.71,-255.71,-0.0311,0,F3_GATE_CORRECT_REJECTION,0,0,1,0
2026-07-21,2898,11:00:08,MIDDAY,rej_9a6edebc,A8_KILLED,BNF,CREDIT,BEAR_CALL,EDGE_MISSING,VIX_12_14,UNKNOWN,PCR_LT_0_95,WALL_UNKNOWN,,DISAGREE_MISSING,simulated_trace,LIVE_BID_ASK,258.11,-178.61,-0.017,0,F3_GATE_CORRECT_REJECTION,0,0,1,0
2026-07-21,2898,11:00:08,MIDDAY,rej_76c533e7,A8_KILLED,BNF,CREDIT,BEAR_CALL,EDGE_MISSING,VIX_12_14,UNKNOWN,PCR_LT_0_95,WALL_UNKNOWN,,DISAGREE_MISSING,simulated_trace,LIVE_BID_ASK,254.56,-143.56,-0.0112,0,F3_GATE_CORRECT_REJECTION,0,0,1,0
2026-07-21,2898,11:00:08,MIDDAY,rej_73873ba6,A8_KILLED,BNF,CREDIT,BEAR_CALL,EDGE_MISSING,VIX_12_14,UNKNOWN,PCR_LT_0_95,WALL_UNKNOWN,,DISAGREE_MISSING,simulated_trace,LIVE_BID_ASK,267.2,-79.7,-0.0045,0,F3_GATE_CORRECT_REJECTION,0,0,1,0
2026-07-21,2898,11:00:08,MIDDAY,rej_7049437a,A8_KILLED,BNF,CREDIT,BEAR_CALL,EDGE_MISSING,VIX_12_14,UNKNOWN,PCR_LT_0_95,WALL_UNKNOWN,,DISAGREE_MISSING,simulated_trace,LIVE_BID_ASK,247.08,12.42,0.0005,1,F2_GATE_FALSE_NEGATIVE,0,0,1,0
2026-07-21,2898,11:00:08,MIDDAY,rej_abdedd1c,A8_KILLED,BNF,CREDIT,BULL_PUT,EDGE_MISSING,VIX_12_14,UNKNOWN,PCR_LT_0_95,WALL_UNKNOWN,,DISAGREE_MISSING,simulated_trace,LIVE_BID_ASK,187.62,-222.12,-0.0244,0,F3_GATE_CORRECT_REJECTION,0,0,1,0
2026-07-21,2898,11:00:08,MIDDAY,rej_cf8887f3,A8_KILLED,BNF,CREDIT,BULL_PUT,EDGE_MISSING,VIX_12_14,UNKNOWN,PCR_LT_0_95,WALL_UNKNOWN,,DISAGREE_MISSING,simulated_trace,LIVE_BID_ASK,203.63,-214.13,-0.0186,0,F3_GATE_CORRECT_REJECTION,0,0,1,0
2026-07-21,2898,11:00:08,MIDDAY,rej_51278415,A8_KILLED,BNF,CREDIT,BULL_PUT,EDGE_MISSING,VIX_12_14,UNKNOWN,PCR_LT_0_95,WALL_UNKNOWN,,DISAGREE_MISSING,simulated_trace,LIVE_BID_ASK,297.68,-338.18,-0.0241,0,F3_GATE_CORRECT_REJECTION,0,0,1,0
2026-07-21,2898,11:00:08,MIDDAY,rej_54657c58,A8_KILLED,BNF,CREDIT,BULL_PUT,EDGE_MISSING,VIX_12_14,UNKNOWN,PCR_LT_0_95,WALL_UNKNOWN,,DISAGREE_MISSING,simulated_trace,LIVE_BID_ASK,223.44,-209.94,-0.011,0,F3_GATE_CORRECT_REJECTION,0,0,1,0
2026-07-21,2898,11:00:08,MIDDAY,rej_57a3749b,A8_KILLED,BNF,CREDIT,BULL_PUT,EDGE_MISSING,VIX_12_14,UNKNOWN,PCR_LT_0_95,WALL_UNKNOWN,,DISAGREE_MISSING,simulated_trace,LIVE_BID_ASK,251.37,-201.87,-0.0082,0,F3_GATE_CORRECT_REJECTION,0,0,1,0
2026-07-21,2899,11:05:09,MIDDAY,rej_d127fa68,A8_KILLED,BNF,CREDIT,BULL_PUT,EDGE_MISSING,VIX_12_14,UNKNOWN,PCR_LT_0_95,WALL_UNKNOWN,,DISAGREE_MISSING,simulated_trace,LIVE_BID_ASK,304.17,-701.67,-0.0776,0,F3_GATE_CORRECT_REJECTION,0,0,1,0
2026-07-21,2899,11:05:09,MIDDAY,rej_52c6f68a,A8_KILLED,BNF,CREDIT,BULL_PUT,EDGE_MISSING,VIX_12_14,UNKNOWN,PCR_LT_0_95,WALL_UNKNOWN,,DISAGREE_MISSING,simulated_trace,LIVE_BID_ASK,246.67,-612.67,-0.0535,0,F3_GATE_CORRECT_REJECTION,0,0,1,0
2026-07-21,2899,11:05:09,MIDDAY,rej_7670a161,A8_KILLED,BNF,CREDIT,BULL_PUT,EDGE_MISSING,VIX_12_14,UNKNOWN,PCR_LT_0_95,WALL_UNKNOWN,,DISAGREE_MISSING,simulated_trace,LIVE_BID_ASK,262.71,-673.71,-0.0483,0,F3_GATE_CORRECT_REJECTION,0,0,1,0
2026-07-21,2899,11:05:09,MIDDAY,rej_79ae99b9,A8_KILLED,BNF,CREDIT,BULL_PUT,EDGE_MISSING,VIX_12_14,UNKNOWN,PCR_LT_0_95,WALL_UNKNOWN,,DISAGREE_MISSING,simulated_trace,LIVE_BID_ASK,356.4,-842.4,-0.0442,0,F3_GATE_CORRECT_REJECTION,0,0,1,0
2026-07-21,2899,11:05:09,MIDDAY,rej_7cec91fc,A8_KILLED,BNF,CREDIT,BULL_PUT,EDGE_MISSING,VIX_12_14,UNKNOWN,PCR_LT_0_95,WALL_UNKNOWN,,DISAGREE_MISSING,simulated_trace,LIVE_BID_ASK,258.3,-741.3,-0.0304,0,F3_GATE_CORRECT_REJECTION,0,0,1,0
2026-07-21,2900,11:10:08,MIDDAY,rej_86fef35d,A8_KILLED,BNF,CREDIT,BEAR_CALL,EDGE_MISSING,VIX_12_14,UNKNOWN,PCR_LT_0_95,WALL_UNKNOWN,,DISAGREE_MISSING,simulated_trace,LIVE_BID_ASK,301.76,-78.26,-0.0097,0,F3_GATE_CORRECT_REJECTION,0,0,1,0
2026-07-21,2900,11:10:08,MIDDAY,rej_55ff73d,A8_KILLED,BNF,CREDIT,BEAR_CALL,EDGE_MISSING,VIX_12_14,UNKNOWN,PCR_LT_0_95,WALL_UNKNOWN,,DISAGREE_MISSING,simulated_trace,LIVE_BID_ASK,259.14,34.86,0.0034,1,F2_GATE_FALSE_NEGATIVE,0,0,1,0
2026-07-21,2900,11:10:08,MIDDAY,rej_e1b64c68,A8_KILLED,BNF,CREDIT,BEAR_CALL,EDGE_MISSING,VIX_12_14,UNKNOWN,PCR_LT_0_95,WALL_UNKNOWN,,DISAGREE_MISSING,simulated_trace,LIVE_BID_ASK,255.57,113.43,0.009,1,F2_GATE_FALSE_NEGATIVE,0,0,1,0
2026-07-21,2900,11:10:08,MIDDAY,rej_de785427,A8_KILLED,BNF,CREDIT,BEAR_CALL,EDGE_MISSING,VIX_12_14,UNKNOWN,PCR_LT_0_95,WALL_UNKNOWN,,DISAGREE_MISSING,simulated_trace,LIVE_BID_ASK,268.19,226.81,0.0129,1,F2_GATE_FALSE_NEGATIVE,0,0,1,0
2026-07-21,2900,11:10:08,MIDDAY,rej_db3a5bfb,A8_KILLED,BNF,CREDIT,BEAR_CALL,EDGE_MISSING,VIX_12_14,UNKNOWN,PCR_LT_0_95,WALL_UNKNOWN,,DISAGREE_MISSING,simulated_trace,LIVE_BID_ASK,248.04,366.96,0.0161,1,F2_GATE_FALSE_NEGATIVE,0,0,1,0
2026-07-21,2900,11:10:08,MIDDAY,rej_c818307b,A8_KILLED,BNF,CREDIT,BULL_PUT,EDGE_MISSING,VIX_12_14,UNKNOWN,PCR_LT_0_95,WALL_UNKNOWN,,DISAGREE_MISSING,simulated_trace,LIVE_BID_ASK,186.55,-348.55,-0.0377,0,F3_GATE_CORRECT_REJECTION,0,0,1,0
2026-07-21,2900,11:10:08,MIDDAY,rej_ebc1db52,A8_KILLED,BNF,CREDIT,BULL_PUT,EDGE_MISSING,VIX_12_14,UNKNOWN,PCR_LT_0_95,WALL_UNKNOWN,,DISAGREE_MISSING,simulated_trace,LIVE_BID_ASK,202.58,-387.08,-0.0331,0,F3_GATE_CORRECT_REJECTION,0,0,1,0
2026-07-21,2900,11:10:08,MIDDAY,rej_6d60d774,A8_KILLED,BNF,CREDIT,BULL_PUT,EDGE_MISSING,VIX_12_14,UNKNOWN,PCR_LT_0_95,WALL_UNKNOWN,,DISAGREE_MISSING,simulated_trace,LIVE_BID_ASK,296.64,-523.14,-0.0368,0,F3_GATE_CORRECT_REJECTION,0,0,1,0
2026-07-21,2900,11:10:08,MIDDAY,rej_709ecfb7,A8_KILLED,BNF,CREDIT,BULL_PUT,EDGE_MISSING,VIX_12_14,UNKNOWN,PCR_LT_0_95,WALL_UNKNOWN,,DISAGREE_MISSING,simulated_trace,LIVE_BID_ASK,222.43,-477.43,-0.0246,0,F3_GATE_CORRECT_REJECTION,0,0,1,0
2026-07-21,2900,11:10:08,MIDDAY,rej_73dcc7fa,A8_KILLED,BNF,CREDIT,BULL_PUT,EDGE_MISSING,VIX_12_14,UNKNOWN,PCR_LT_0_95,WALL_UNKNOWN,,DISAGREE_MISSING,simulated_trace,LIVE_BID_ASK,250.38,-505.38,-0.0204,0,F3_GATE_CORRECT_REJECTION,0,0,1,0
2026-07-21,2901,11:15:08,MIDDAY,rej_141d9438,A8_KILLED,BNF,CREDIT,BEAR_CALL,EDGE_LT_0,VIX_12_14,UNKNOWN,PCR_LT_0_95,WALL_UNKNOWN,0.0,DISAGREE_ZERO_TO_0_05,simulated_trace,LIVE_BID_ASK,301.47,-110.97,-0.0137,0,F3_GATE_CORRECT_REJECTION,0,0,1,0
2026-07-21,2901,11:15:08,MIDDAY,rej_927e9818,A8_KILLED,BNF,CREDIT,BEAR_CALL,EDGE_LT_0,VIX_12_14,UNKNOWN,PCR_LT_0_95,WALL_UNKNOWN,0.0,DISAGREE_ZERO_TO_0_05,simulated_trace,LIVE_BID_ASK,258.85,-3.85,-0.0004,0,F3_GATE_CORRECT_REJECTION,0,0,1,0
2026-07-21,2901,11:15:08,MIDDAY,rej_6ed4ed43,A8_KILLED,BNF,CREDIT,BEAR_CALL,EDGE_LT_0,VIX_12_14,UNKNOWN,PCR_LT_0_95,WALL_UNKNOWN,0.0,DISAGREE_ZERO_TO_0_05,simulated_trace,LIVE_BID_ASK,255.29,47.71,0.0038,1,F2_GATE_FALSE_NEGATIVE,0,0,1,0
2026-07-21,2901,11:15:08,MIDDAY,rej_6b96f502,A8_KILLED,BNF,CREDIT,BEAR_CALL,EDGE_LT_0,VIX_12_14,UNKNOWN,PCR_LT_0_95,WALL_UNKNOWN,0.0,DISAGREE_ZERO_TO_0_05,simulated_trace,LIVE_BID_ASK,267.91,162.59,0.0092,1,F2_GATE_FALSE_NEGATIVE,0,0,1,0
2026-07-21,2901,11:15:08,MIDDAY,rej_6858fcd6,A8_KILLED,BNF,CREDIT,BEAR_CALL,EDGE_LT_0,VIX_12_14,UNKNOWN,PCR_LT_0_95,WALL_UNKNOWN,0.0,DISAGREE_ZERO_TO_0_05,simulated_trace,LIVE_BID_ASK,247.78,277.22,0.0121,1,F2_GATE_FALSE_NEGATIVE,0,0,1,0
2026-07-21,2901,11:15:08,MIDDAY,rej_48848840,A8_KILLED,BNF,CREDIT,BULL_PUT,EDGE_LT_0,VIX_12_14,UNKNOWN,PCR_LT_0_95,WALL_UNKNOWN,0.0,DISAGREE_ZERO_TO_0_05,simulated_trace,LIVE_BID_ASK,186.73,-321.73,-0.0349,0,F3_GATE_CORRECT_REJECTION,0,0,1,0
2026-07-21,2901,11:15:08,MIDDAY,rej_6c2e3317,A8_KILLED,BNF,CREDIT,BULL_PUT,EDGE_LT_0,VIX_12_14,UNKNOWN,PCR_LT_0_95,WALL_UNKNOWN,0.0,DISAGREE_ZERO_TO_0_05,simulated_trace,LIVE_BID_ASK,202.75,-361.75,-0.031,0,F3_GATE_CORRECT_REJECTION,0,0,1,0
2026-07-21,2901,11:15:08,MIDDAY,rej_edcd2f39,A8_KILLED,BNF,CREDIT,BULL_PUT,EDGE_LT_0,VIX_12_14,UNKNOWN,PCR_LT_0_95,WALL_UNKNOWN,0.0,DISAGREE_ZERO_TO_0_05,simulated_trace,LIVE_BID_ASK,296.81,-488.81,-0.0345,0,F3_GATE_CORRECT_REJECTION,0,0,1,0
2026-07-21,2901,11:15:08,MIDDAY,rej_f10b277c,A8_KILLED,BNF,CREDIT,BULL_PUT,EDGE_LT_0,VIX_12_14,UNKNOWN,PCR_LT_0_95,WALL_UNKNOWN,0.0,DISAGREE_ZERO_TO_0_05,simulated_trace,LIVE_BID_ASK,222.6,-431.1,-0.0222,0,F3_GATE_CORRECT_REJECTION,0,0,1,0
2026-07-21,2901,11:15:08,MIDDAY,rej_f4491fbf,A8_KILLED,BNF,CREDIT,BULL_PUT,EDGE_LT_0,VIX_12_14,UNKNOWN,PCR_LT_0_95,WALL_UNKNOWN,0.0,DISAGREE_ZERO_TO_0_05,simulated_trace,LIVE_BID_ASK,250.54,-451.54,-0.0183,0,F3_GATE_CORRECT_REJECTION,0,0,1,0
2026-07-21,2902,11:20:09,MIDDAY,rej_807b8cd9,A8_KILLED,BNF,CREDIT,BEAR_CALL,EDGE_LT_0,VIX_12_14,UNKNOWN,PCR_LT_0_95,WALL_UNKNOWN,0.0,DISAGREE_ZERO_TO_0_05,simulated_trace,LIVE_BID_ASK,301.54,-81.04,-0.0101,0,F3_GATE_CORRECT_REJECTION,0,0,1,0
2026-07-21,2902,11:20:09,MIDDAY,rej_fedc90b9,A8_KILLED,BNF,CREDIT,BEAR_CALL,EDGE_LT_0,VIX_12_14,UNKNOWN,PCR_LT_0_95,WALL_UNKNOWN,0.0,DISAGREE_ZERO_TO_0_05,simulated_trace,LIVE_BID_ASK,258.92,29.08,0.0028,1,F2_GATE_FALSE_NEGATIVE,0,0,1,0
2026-07-21,2902,11:20:09,MIDDAY,rej_db32e5e4,A8_KILLED,BNF,CREDIT,BEAR_CALL,EDGE_LT_0,VIX_12_14,UNKNOWN,PCR_LT_0_95,WALL_UNKNOWN,0.0,DISAGREE_ZERO_TO_0_05,simulated_trace,LIVE_BID_ASK,255.36,89.64,0.0071,1,F2_GATE_FALSE_NEGATIVE,0,0,1,0
2026-07-21,2902,11:20:09,MIDDAY,rej_d7f4eda3,A8_KILLED,BNF,CREDIT,BEAR_CALL,EDGE_LT_0,VIX_12_14,UNKNOWN,PCR_LT_0_95,WALL_UNKNOWN,0.0,DISAGREE_ZERO_TO_0_05,simulated_trace,LIVE_BID_ASK,267.98,195.52,0.0111,1,F2_GATE_FALSE_NEGATIVE,0,0,1,0
2026-07-21,2902,11:20:09,MIDDAY,rej_d4b6f562,A8_KILLED,BNF,CREDIT,BEAR_CALL,EDGE_LT_0,VIX_12_14,UNKNOWN,PCR_LT_0_95,WALL_UNKNOWN,0.0,DISAGREE_ZERO_TO_0_05,simulated_trace,LIVE_BID_ASK,247.84,326.66,0.0143,1,F2_GATE_FALSE_NEGATIVE,0,0,1,0
2026-07-21,2902,11:20:09,MIDDAY,rej_43c15e9e,A8_KILLED,BNF,CREDIT,BULL_PUT,EDGE_LT_0,VIX_12_14,UNKNOWN,PCR_LT_0_95,WALL_UNKNOWN,0.0,DISAGREE_ZERO_TO_0_05,simulated_trace,LIVE_BID_ASK,186.48,-367.98,-0.0398,0,F3_GATE_CORRECT_REJECTION,0,0,1,0
2026-07-21,2902,11:20:09,MIDDAY,rej_676b0975,A8_KILLED,BNF,CREDIT,BULL_PUT,EDGE_LT_0,VIX_12_14,UNKNOWN,PCR_LT_0_95,WALL_UNKNOWN,0.0,DISAGREE_ZERO_TO_0_05,simulated_trace,LIVE_BID_ASK,202.51,-420.01,-0.0358,0,F3_GATE_CORRECT_REJECTION,0,0,1,0
2026-07-21,2902,11:20:09,MIDDAY,rej_e90a0597,A8_KILLED,BNF,CREDIT,BULL_PUT,EDGE_LT_0,VIX_12_14,UNKNOWN,PCR_LT_0_95,WALL_UNKNOWN,0.0,DISAGREE_ZERO_TO_0_05,simulated_trace,LIVE_BID_ASK,296.57,-551.57,-0.0387,0,F3_GATE_CORRECT_REJECTION,0,0,1,0
2026-07-21,2902,11:20:09,MIDDAY,rej_ec47fdda,A8_KILLED,BNF,CREDIT,BULL_PUT,EDGE_LT_0,VIX_12_14,UNKNOWN,PCR_LT_0_95,WALL_UNKNOWN,0.0,DISAGREE_ZERO_TO_0_05,simulated_trace,LIVE_BID_ASK,222.36,-490.86,-0.0253,0,F3_GATE_CORRECT_REJECTION,0,0,1,0
2026-07-21,2902,11:20:09,MIDDAY,rej_ef85f61d,A8_KILLED,BNF,CREDIT,BULL_PUT,EDGE_LT_0,VIX_12_14,UNKNOWN,PCR_LT_0_95,WALL_UNKNOWN,0.0,DISAGREE_ZERO_TO_0_05,simulated_trace,LIVE_BID_ASK,250.3,-518.8,-0.0209,0,F3_GATE_CORRECT_REJECTION,0,0,1,0
2026-07-21,2903,11:25:08,MIDDAY,rej_7f0eacb9,A8_KILLED,BNF,CREDIT,BEAR_CALL,EDGE_LT_0,VIX_12_14,UNKNOWN,PCR_LT_0_95,WALL_UNKNOWN,0.0,DISAGREE_ZERO_TO_0_05,simulated_trace,LIVE_BID_ASK,301.57,-94.57,-0.0117,0,F3_GATE_CORRECT_REJECTION,0,0,1,0
2026-07-21,2903,11:25:08,MIDDAY,rej_fd6fb099,A8_KILLED,BNF,CREDIT,BEAR_CALL,EDGE_LT_0,VIX_12_14,UNKNOWN,PCR_LT_0_95,WALL_UNKNOWN,0.0,DISAGREE_ZERO_TO_0_05,simulated_trace,LIVE_BID_ASK,258.94,21.56,0.0021,1,F2_GATE_FALSE_NEGATIVE,0,0,1,0
2026-07-21,2903,11:25:08,MIDDAY,rej_d9c605c4,A8_KILLED,BNF,CREDIT,BEAR_CALL,EDGE_LT_0,VIX_12_14,UNKNOWN,PCR_LT_0_95,WALL_UNKNOWN,0.0,DISAGREE_ZERO_TO_0_05,simulated_trace,LIVE_BID_ASK,255.38,88.12,0.007,1,F2_GATE_FALSE_NEGATIVE,0,0,1,0
2026-07-21,2903,11:25:08,MIDDAY,rej_d6880d83,A8_KILLED,BNF,CREDIT,BEAR_CALL,EDGE_LT_0,VIX_12_14,UNKNOWN,PCR_LT_0_95,WALL_UNKNOWN,0.0,DISAGREE_ZERO_TO_0_05,simulated_trace,LIVE_BID_ASK,268.0,201.5,0.0115,1,F2_GATE_FALSE_NEGATIVE,0,0,1,0
2026-07-21,2903,11:25:08,MIDDAY,rej_d34a1557,A8_KILLED,BNF,CREDIT,BEAR_CALL,EDGE_LT_0,VIX_12_14,UNKNOWN,PCR_LT_0_95,WALL_UNKNOWN,0.0,DISAGREE_ZERO_TO_0_05,simulated_trace,LIVE_BID_ASK,247.86,329.64,0.0145,1,F2_GATE_FALSE_NEGATIVE,0,0,1,0
2026-07-21,2903,11:25:08,MIDDAY,rej_64bddb9f,A8_KILLED,BNF,CREDIT,BULL_PUT,EDGE_LT_0,VIX_12_14,UNKNOWN,PCR_LT_0_95,WALL_UNKNOWN,0.0,DISAGREE_ZERO_TO_0_05,simulated_trace,LIVE_BID_ASK,186.53,-341.03,-0.0369,0,F3_GATE_CORRECT_REJECTION,0,0,1,0
2026-07-21,2903,11:25:08,MIDDAY,rej_88678676,A8_KILLED,BNF,CREDIT,BULL_PUT,EDGE_LT_0,VIX_12_14,UNKNOWN,PCR_LT_0_95,WALL_UNKNOWN,0.0,DISAGREE_ZERO_TO_0_05,simulated_trace,LIVE_BID_ASK,202.56,-379.56,-0.0325,0,F3_GATE_CORRECT_REJECTION,0,0,1,0
2026-07-21,2903,11:25:08,MIDDAY,rej_a068298,A8_KILLED,BNF,CREDIT,BULL_PUT,EDGE_LT_0,VIX_12_14,UNKNOWN,PCR_LT_0_95,WALL_UNKNOWN,0.0,DISAGREE_ZERO_TO_0_05,simulated_trace,LIVE_BID_ASK,296.62,-509.62,-0.0359,0,F3_GATE_CORRECT_REJECTION,0,0,1,0
2026-07-21,2903,11:25:08,MIDDAY,rej_d447adb,A8_KILLED,BNF,CREDIT,BULL_PUT,EDGE_LT_0,VIX_12_14,UNKNOWN,PCR_LT_0_95,WALL_UNKNOWN,0.0,DISAGREE_ZERO_TO_0_05,simulated_trace,LIVE_BID_ASK,222.41,-456.41,-0.0235,0,F3_GATE_CORRECT_REJECTION,0,0,1,0
2026-07-21,2903,11:25:08,MIDDAY,rej_1082731e,A8_KILLED,BNF,CREDIT,BULL_PUT,EDGE_LT_0,VIX_12_14,UNKNOWN,PCR_LT_0_95,WALL_UNKNOWN,0.0,DISAGREE_ZERO_TO_0_05,simulated_trace,LIVE_BID_ASK,250.36,-491.86,-0.0199,0,F3_GATE_CORRECT_REJECTION,0,0,1,0
2026-07-21,2904,11:30:08,MIDDAY,rej_4e478d9a,A8_KILLED,BNF,CREDIT,BEAR_CALL,EDGE_LT_0,VIX_12_14,UNKNOWN,PCR_LT_0_95,WALL_UNKNOWN,0.0,DISAGREE_ZERO_TO_0_05,simulated_trace,LIVE_BID_ASK,301.02,-184.02,-0.0226,0,F3_GATE_CORRECT_REJECTION,0,0,1,0
2026-07-21,2904,11:30:08,MIDDAY,rej_cca8917a,A8_KILLED,BNF,CREDIT,BEAR_CALL,EDGE_LT_0,VIX_12_14,UNKNOWN,PCR_LT_0_95,WALL_UNKNOWN,0.0,DISAGREE_ZERO_TO_0_05,simulated_trace,LIVE_BID_ASK,258.41,-90.41,-0.0087,0,F3_GATE_CORRECT_REJECTION,0,0,1,0
2026-07-21,2904,11:30:08,MIDDAY,rej_a8fee6a5,A8_KILLED,BNF,CREDIT,BEAR_CALL,EDGE_LT_0,VIX_12_14,UNKNOWN,PCR_LT_0_95,WALL_UNKNOWN,0.0,DISAGREE_ZERO_TO_0_05,simulated_trace,LIVE_BID_ASK,254.86,-50.86,-0.004,0,F3_GATE_CORRECT_REJECTION,0,0,1,0
2026-07-21,2904,11:30:08,MIDDAY,rej_a5c0ee64,A8_KILLED,BNF,CREDIT,BEAR_CALL,EDGE_LT_0,VIX_12_14,UNKNOWN,PCR_LT_0_95,WALL_UNKNOWN,0.0,DISAGREE_ZERO_TO_0_05,simulated_trace,LIVE_BID_ASK,267.49,32.51,0.0018,1,F2_GATE_FALSE_NEGATIVE,0,0,1,0
2026-07-21,2904,11:30:08,MIDDAY,rej_a282f638,A8_KILLED,BNF,CREDIT,BEAR_CALL,EDGE_LT_0,VIX_12_14,UNKNOWN,PCR_LT_0_95,WALL_UNKNOWN,0.0,DISAGREE_ZERO_TO_0_05,simulated_trace,LIVE_BID_ASK,247.36,139.64,0.0061,1,F2_GATE_FALSE_NEGATIVE,0,0,1,0
2026-07-21,2904,11:30:08,MIDDAY,rej_4a64da9e,A8_KILLED,BNF,CREDIT,BULL_PUT,EDGE_LT_0,VIX_12_14,UNKNOWN,PCR_LT_0_95,WALL_UNKNOWN,0.0,DISAGREE_ZERO_TO_0_05,simulated_trace,LIVE_BID_ASK,186.94,-281.44,-0.0307,0,F3_GATE_CORRECT_REJECTION,0,0,1,0
2026-07-21,2904,11:30:08,MIDDAY,rej_6e0e8575,A8_KILLED,BNF,CREDIT,BULL_PUT,EDGE_LT_0,VIX_12_14,UNKNOWN,PCR_LT_0_95,WALL_UNKNOWN,0.0,DISAGREE_ZERO_TO_0_05,simulated_trace,LIVE_BID_ASK,202.96,-306.46,-0.0264,0,F3_GATE_CORRECT_REJECTION,0,0,1,0
2026-07-21,2904,11:30:08,MIDDAY,rej_efad8197,A8_KILLED,BNF,CREDIT,BULL_PUT,EDGE_LT_0,VIX_12_14,UNKNOWN,PCR_LT_0_95,WALL_UNKNOWN,0.0,DISAGREE_ZERO_TO_0_05,simulated_trace,LIVE_BID_ASK,297.02,-435.02,-0.0308,0,F3_GATE_CORRECT_REJECTION,0,0,1,0
2026-07-21,2904,11:30:08,MIDDAY,rej_f2eb79da,A8_KILLED,BNF,CREDIT,BULL_PUT,EDGE_LT_0,VIX_12_14,UNKNOWN,PCR_LT_0_95,WALL_UNKNOWN,0.0,DISAGREE_ZERO_TO_0_05,simulated_trace,LIVE_BID_ASK,222.79,-354.79,-0.0184,0,F3_GATE_CORRECT_REJECTION,0,0,1,0
2026-07-21,2904,11:30:08,MIDDAY,rej_f629721d,A8_KILLED,BNF,CREDIT,BULL_PUT,EDGE_LT_0,VIX_12_14,UNKNOWN,PCR_LT_0_95,WALL_UNKNOWN,0.0,DISAGREE_ZERO_TO_0_05,simulated_trace,LIVE_BID_ASK,250.73,-361.73,-0.0147,0,F3_GATE_CORRECT_REJECTION,0,0,1,0
2026-07-21,2905,11:35:08,MIDDAY,rej_db662e6f,A8_KILLED,BNF,CREDIT,BEAR_CALL,EDGE_LT_0,VIX_12_14,UNKNOWN,PCR_LT_0_95,WALL_UNKNOWN,0.0,DISAGREE_ZERO_TO_0_05,simulated_trace,LIVE_BID_ASK,301.49,-100.49,-0.0125,0,F3_GATE_CORRECT_REJECTION,0,0,1,0
2026-07-21,2905,11:35:08,MIDDAY,rej_59c7324f,A8_KILLED,BNF,CREDIT,BEAR_CALL,EDGE_LT_0,VIX_12_14,UNKNOWN,PCR_LT_0_95,WALL_UNKNOWN,0.0,DISAGREE_ZERO_TO_0_05,simulated_trace,LIVE_BID_ASK,258.87,11.13,0.0011,1,F2_GATE_FALSE_NEGATIVE,0,0,1,0
2026-07-21,2905,11:35:08,MIDDAY,rej_361d877a,A8_KILLED,BNF,CREDIT,BEAR_CALL,EDGE_LT_0,VIX_12_14,UNKNOWN,PCR_LT_0_95,WALL_UNKNOWN,0.0,DISAGREE_ZERO_TO_0_05,simulated_trace,LIVE_BID_ASK,255.31,64.19,0.0051,1,F2_GATE_FALSE_NEGATIVE,0,0,1,0
2026-07-21,2905,11:35:08,MIDDAY,rej_32df8f39,A8_KILLED,BNF,CREDIT,BEAR_CALL,EDGE_LT_0,VIX_12_14,UNKNOWN,PCR_LT_0_95,WALL_UNKNOWN,0.0,DISAGREE_ZERO_TO_0_05,simulated_trace,LIVE_BID_ASK,267.93,179.07,0.0102,1,F2_GATE_FALSE_NEGATIVE,0,0,1,0
2026-07-21,2905,11:35:08,MIDDAY,rej_2fa196f8,A8_KILLED,BNF,CREDIT,BEAR_CALL,EDGE_LT_0,VIX_12_14,UNKNOWN,PCR_LT_0_95,WALL_UNKNOWN,0.0,DISAGREE_ZERO_TO_0_05,simulated_trace,LIVE_BID_ASK,247.79,307.21,0.0135,1,F2_GATE_FALSE_NEGATIVE,0,0,1,0
2026-07-21,2905,11:35:08,MIDDAY,rej_cad13248,A8_KILLED,BNF,CREDIT,BULL_PUT,EDGE_LT_0,VIX_12_14,UNKNOWN,PCR_LT_0_95,WALL_UNKNOWN,0.0,DISAGREE_ZERO_TO_0_05,simulated_trace,LIVE_BID_ASK,186.31,-366.31,-0.0396,0,F3_GATE_CORRECT_REJECTION,0,0,1,0
2026-07-21,2905,11:35:08,MIDDAY,rej_ee7add1f,A8_KILLED,BNF,CREDIT,BULL_PUT,EDGE_LT_0,VIX_12_14,UNKNOWN,PCR_LT_0_95,WALL_UNKNOWN,0.0,DISAGREE_ZERO_TO_0_05,simulated_trace,LIVE_BID_ASK,202.33,-398.83,-0.034,0,F3_GATE_CORRECT_REJECTION,0,0,1,0
2026-07-21,2905,11:35:08,MIDDAY,rej_7019d941,A8_KILLED,BNF,CREDIT,BULL_PUT,EDGE_LT_0,VIX_12_14,UNKNOWN,PCR_LT_0_95,WALL_UNKNOWN,0.0,DISAGREE_ZERO_TO_0_05,simulated_trace,LIVE_BID_ASK,296.39,-534.89,-0.0376,0,F3_GATE_CORRECT_REJECTION,0,0,1,0
2026-07-21,2905,11:35:08,MIDDAY,rej_7357d184,A8_KILLED,BNF,CREDIT,BULL_PUT,EDGE_LT_0,VIX_12_14,UNKNOWN,PCR_LT_0_95,WALL_UNKNOWN,0.0,DISAGREE_ZERO_TO_0_05,simulated_trace,LIVE_BID_ASK,222.18,-484.68,-0.0249,0,F3_GATE_CORRECT_REJECTION,0,0,1,0
2026-07-21,2905,11:35:08,MIDDAY,rej_7695c9c7,A8_KILLED,BNF,CREDIT,BULL_PUT,EDGE_LT_0,VIX_12_14,UNKNOWN,PCR_LT_0_95,WALL_UNKNOWN,0.0,DISAGREE_ZERO_TO_0_05,simulated_trace,LIVE_BID_ASK,250.13,-517.13,-0.0209,0,F3_GATE_CORRECT_REJECTION,0,0,1,0
2026-07-21,2906,11:40:08,MIDDAY,rej_b938a61b,A8_KILLED,BNF,CREDIT,BEAR_CALL,EDGE_LT_0,VIX_12_14,UNKNOWN,PCR_LT_0_95,WALL_UNKNOWN,0.0,DISAGREE_ZERO_TO_0_05,simulated_trace,LIVE_BID_ASK,300.69,-236.19,-0.0288,0,F3_GATE_CORRECT_REJECTION,0,0,1,0
2026-07-21,2906,11:40:08,MIDDAY,rej_3799a9fb,A8_KILLED,BNF,CREDIT,BEAR_CALL,EDGE_LT_0,VIX_12_14,UNKNOWN,PCR_LT_0_95,WALL_UNKNOWN,0.0,DISAGREE_ZERO_TO_0_05,simulated_trace,LIVE_BID_ASK,258.08,-156.08,-0.0149,0,F3_GATE_CORRECT_REJECTION,0,0,1,0
2026-07-21,2906,11:40:08,MIDDAY,rej_13efff26,A8_KILLED,BNF,CREDIT,BEAR_CALL,EDGE_LT_0,VIX_12_14,UNKNOWN,PCR_LT_0_95,WALL_UNKNOWN,0.0,DISAGREE_ZERO_TO_0_05,simulated_trace,LIVE_BID_ASK,254.54,-131.54,-0.0102,0,F3_GATE_CORRECT_REJECTION,0,0,1,0
2026-07-21,2906,11:40:08,MIDDAY,rej_10b206e5,A8_KILLED,BNF,CREDIT,BEAR_CALL,EDGE_LT_0,VIX_12_14,UNKNOWN,PCR_LT_0_95,WALL_UNKNOWN,0.0,DISAGREE_ZERO_TO_0_05,simulated_trace,LIVE_BID_ASK,267.18,-63.18,-0.0035,0,F3_GATE_CORRECT_REJECTION,0,0,1,0
2026-07-21,2906,11:40:08,MIDDAY,rej_d740eb9,A8_KILLED,BNF,CREDIT,BEAR_CALL,EDGE_LT_0,VIX_12_14,UNKNOWN,PCR_LT_0_95,WALL_UNKNOWN,0.0,DISAGREE_ZERO_TO_0_05,simulated_trace,LIVE_BID_ASK,247.05,31.95,0.0014,1,F2_GATE_FALSE_NEGATIVE,0,0,1,0
2026-07-21,2906,11:40:08,MIDDAY,rej_669e2dfd,A8_KILLED,BNF,CREDIT,BULL_PUT,EDGE_LT_0,VIX_12_14,UNKNOWN,PCR_LT_0_95,WALL_UNKNOWN,0.0,DISAGREE_ZERO_TO_0_05,simulated_trace,LIVE_BID_ASK,187.09,-253.09,-0.0277,0,F3_GATE_CORRECT_REJECTION,0,0,1,0
2026-07-21,2906,11:40:08,MIDDAY,rej_8a47d8d4,A8_KILLED,BNF,CREDIT,BULL_PUT,EDGE_LT_0,VIX_12_14,UNKNOWN,PCR_LT_0_95,WALL_UNKNOWN,0.0,DISAGREE_ZERO_TO_0_05,simulated_trace,LIVE_BID_ASK,203.11,-267.61,-0.0231,0,F3_GATE_CORRECT_REJECTION,0,0,1,0
2026-07-21,2906,11:40:08,MIDDAY,rej_be6d4f6,A8_KILLED,BNF,CREDIT,BULL_PUT,EDGE_LT_0,VIX_12_14,UNKNOWN,PCR_LT_0_95,WALL_UNKNOWN,0.0,DISAGREE_ZERO_TO_0_05,simulated_trace,LIVE_BID_ASK,297.16,-379.66,-0.027,0,F3_GATE_CORRECT_REJECTION,0,0,1,0
2026-07-21,2906,11:40:08,MIDDAY,rej_f24cd39,A8_KILLED,BNF,CREDIT,BULL_PUT,EDGE_LT_0,VIX_12_14,UNKNOWN,PCR_LT_0_95,WALL_UNKNOWN,0.0,DISAGREE_ZERO_TO_0_05,simulated_trace,LIVE_BID_ASK,222.93,-284.43,-0.0148,0,F3_GATE_CORRECT_REJECTION,0,0,1,0
2026-07-21,2906,11:40:08,MIDDAY,rej_1262c57c,A8_KILLED,BNF,CREDIT,BULL_PUT,EDGE_LT_0,VIX_12_14,UNKNOWN,PCR_LT_0_95,WALL_UNKNOWN,0.0,DISAGREE_ZERO_TO_0_05,simulated_trace,LIVE_BID_ASK,250.86,-277.86,-0.0113,0,F3_GATE_CORRECT_REJECTION,0,0,1,0
2026-07-21,2907,11:45:08,MIDDAY,rej_e70a85c2,A8_KILLED,BNF,CREDIT,BULL_PUT,EDGE_LT_0,VIX_12_14,UNKNOWN,PCR_LT_0_95,WALL_UNKNOWN,0.0,DISAGREE_ZERO_TO_0_05,simulated_trace,LIVE_BID_ASK,187.68,-151.68,-0.0168,0,F3_GATE_CORRECT_REJECTION,0,0,1,0
2026-07-21,2907,11:45:08,MIDDAY,rej_ab43099,A8_KILLED,BNF,CREDIT,BULL_PUT,EDGE_LT_0,VIX_12_14,UNKNOWN,PCR_LT_0_95,WALL_UNKNOWN,0.0,DISAGREE_ZERO_TO_0_05,simulated_trace,LIVE_BID_ASK,203.69,-154.19,-0.0134,0,F3_GATE_CORRECT_REJECTION,0,0,1,0
2026-07-21,2907,11:45:08,MIDDAY,rej_8c532cbb,A8_KILLED,BNF,CREDIT,BULL_PUT,EDGE_LT_0,VIX_12_14,UNKNOWN,PCR_LT_0_95,WALL_UNKNOWN,0.0,DISAGREE_ZERO_TO_0_05,simulated_trace,LIVE_BID_ASK,297.74,-242.24,-0.0174,0,F3_GATE_CORRECT_REJECTION,0,0,1,0
2026-07-21,2907,11:45:08,MIDDAY,rej_8f9124fe,A8_KILLED,BNF,CREDIT,BULL_PUT,EDGE_LT_0,VIX_12_14,UNKNOWN,PCR_LT_0_95,WALL_UNKNOWN,0.0,DISAGREE_ZERO_TO_0_05,simulated_trace,LIVE_BID_ASK,223.5,-126.0,-0.0066,0,F3_GATE_CORRECT_REJECTION,0,0,1,0
2026-07-21,2907,11:45:08,MIDDAY,rej_92cf1d41,A8_KILLED,BNF,CREDIT,BULL_PUT,EDGE_LT_0,VIX_12_14,UNKNOWN,PCR_LT_0_95,WALL_UNKNOWN,0.0,DISAGREE_ZERO_TO_0_05,simulated_trace,LIVE_BID_ASK,251.42,-105.92,-0.0043,0,F3_GATE_CORRECT_REJECTION,0,0,1,0
2026-07-21,2908,11:50:08,MIDDAY,rej_2429be9c,A8_KILLED,BNF,CREDIT,BEAR_CALL,EDGE_LT_0,VIX_12_14,UNKNOWN,PCR_LT_0_95,WALL_UNKNOWN,0.0,DISAGREE_ZERO_TO_0_05,simulated_trace,LIVE_BID_ASK,300.25,-319.75,-0.0386,0,F3_GATE_CORRECT_REJECTION,0,0,1,0
2026-07-21,2908,11:50:08,MIDDAY,rej_a28ac27c,A8_KILLED,BNF,CREDIT,BEAR_CALL,EDGE_LT_0,VIX_12_14,UNKNOWN,PCR_LT_0_95,WALL_UNKNOWN,0.0,DISAGREE_ZERO_TO_0_05,simulated_trace,LIVE_BID_ASK,257.66,-268.16,-0.0253,0,F3_GATE_CORRECT_REJECTION,0,0,1,0
2026-07-21,2908,11:50:08,MIDDAY,rej_7ee117a7,A8_KILLED,BNF,CREDIT,BEAR_CALL,EDGE_LT_0,VIX_12_14,UNKNOWN,PCR_LT_0_95,WALL_UNKNOWN,0.0,DISAGREE_ZERO_TO_0_05,simulated_trace,LIVE_BID_ASK,254.11,-239.11,-0.0184,0,F3_GATE_CORRECT_REJECTION,0,0,1,0
2026-07-21,2908,11:50:08,MIDDAY,rej_7ba31f66,A8_KILLED,BNF,CREDIT,BEAR_CALL,EDGE_LT_0,VIX_12_14,UNKNOWN,PCR_LT_0_95,WALL_UNKNOWN,0.0,DISAGREE_ZERO_TO_0_05,simulated_trace,LIVE_BID_ASK,266.77,-203.77,-0.0113,0,F3_GATE_CORRECT_REJECTION,0,0,1,0
2026-07-21,2908,11:50:08,MIDDAY,rej_7865273a,A8_KILLED,BNF,CREDIT,BEAR_CALL,EDGE_LT_0,VIX_12_14,UNKNOWN,PCR_LT_0_95,WALL_UNKNOWN,0.0,DISAGREE_ZERO_TO_0_05,simulated_trace,LIVE_BID_ASK,246.65,-125.15,-0.0054,0,F3_GATE_CORRECT_REJECTION,0,0,1,0
2026-07-21,2908,11:50:08,MIDDAY,rej_82d7815c,A8_KILLED,BNF,CREDIT,BULL_PUT,EDGE_LT_0,VIX_12_14,UNKNOWN,PCR_LT_0_95,WALL_UNKNOWN,0.0,DISAGREE_ZERO_TO_0_05,simulated_trace,LIVE_BID_ASK,187.48,-191.98,-0.0211,0,F3_GATE_CORRECT_REJECTION,0,0,1,0
2026-07-21,2908,11:50:08,MIDDAY,rej_a6812c33,A8_KILLED,BNF,CREDIT,BULL_PUT,EDGE_LT_0,VIX_12_14,UNKNOWN,PCR_LT_0_95,WALL_UNKNOWN,0.0,DISAGREE_ZERO_TO_0_05,simulated_trace,LIVE_BID_ASK,203.49,-191.49,-0.0166,0,F3_GATE_CORRECT_REJECTION,0,0,1,0
2026-07-21,2908,11:50:08,MIDDAY,rej_28202855,A8_KILLED,BNF,CREDIT,BULL_PUT,EDGE_LT_0,VIX_12_14,UNKNOWN,PCR_LT_0_95,WALL_UNKNOWN,0.0,DISAGREE_ZERO_TO_0_05,simulated_trace,LIVE_BID_ASK,297.54,-299.04,-0.0214,0,F3_GATE_CORRECT_REJECTION,0,0,1,0
2026-07-21,2908,11:50:08,MIDDAY,rej_2b5e2098,A8_KILLED,BNF,CREDIT,BULL_PUT,EDGE_LT_0,VIX_12_14,UNKNOWN,PCR_LT_0_95,WALL_UNKNOWN,0.0,DISAGREE_ZERO_TO_0_05,simulated_trace,LIVE_BID_ASK,223.3,-187.3,-0.0098,0,F3_GATE_CORRECT_REJECTION,0,0,1,0
2026-07-21,2908,11:50:08,MIDDAY,rej_2e9c18db,A8_KILLED,BNF,CREDIT,BULL_PUT,EDGE_LT_0,VIX_12_14,UNKNOWN,PCR_LT_0_95,WALL_UNKNOWN,0.0,DISAGREE_ZERO_TO_0_05,simulated_trace,LIVE_BID_ASK,251.23,-162.73,-0.0067,0,F3_GATE_CORRECT_REJECTION,0,0,1,0
2026-07-21,2909,11:55:08,MIDDAY,rej_343d921,A8_KILLED,BNF,CREDIT,BULL_PUT,EDGE_LT_0,VIX_12_14,UNKNOWN,PCR_LT_0_95,WALL_UNKNOWN,0.0,DISAGREE_ZERO_TO_0_05,simulated_trace,LIVE_BID_ASK,187.49,-184.49,-0.0203,0,F3_GATE_CORRECT_REJECTION,0,0,1,0
2026-07-21,2909,11:55:08,MIDDAY,rej_26ed83f8,A8_KILLED,BNF,CREDIT,BULL_PUT,EDGE_LT_0,VIX_12_14,UNKNOWN,PCR_LT_0_95,WALL_UNKNOWN,0.0,DISAGREE_ZERO_TO_0_05,simulated_trace,LIVE_BID_ASK,203.5,-196.0,-0.017,0,F3_GATE_CORRECT_REJECTION,0,0,1,0
2026-07-21,2909,11:55:08,MIDDAY,rej_a88c801a,A8_KILLED,BNF,CREDIT,BULL_PUT,EDGE_LT_0,VIX_12_14,UNKNOWN,PCR_LT_0_95,WALL_UNKNOWN,0.0,DISAGREE_ZERO_TO_0_05,simulated_trace,LIVE_BID_ASK,297.55,-296.05,-0.0212,0,F3_GATE_CORRECT_REJECTION,0,0,1,0
2026-07-21,2909,11:55:08,MIDDAY,rej_abca785d,A8_KILLED,BNF,CREDIT,BULL_PUT,EDGE_LT_0,VIX_12_14,UNKNOWN,PCR_LT_0_95,WALL_UNKNOWN,0.0,DISAGREE_ZERO_TO_0_05,simulated_trace,LIVE_BID_ASK,223.31,-188.81,-0.0099,0,F3_GATE_CORRECT_REJECTION,0,0,1,0
2026-07-21,2909,11:55:08,MIDDAY,rej_af0870a0,A8_KILLED,BNF,CREDIT,BULL_PUT,EDGE_LT_0,VIX_12_14,UNKNOWN,PCR_LT_0_95,WALL_UNKNOWN,0.0,DISAGREE_ZERO_TO_0_05,simulated_trace,LIVE_BID_ASK,251.24,-174.74,-0.0071,0,F3_GATE_CORRECT_REJECTION,0,0,1,0
2026-07-21,2910,12:00:08,MIDDAY,rej_8f1ad71d,A8_KILLED,BNF,CREDIT,BEAR_CALL,EDGE_LT_0,VIX_12_14,UNKNOWN,PCR_LT_0_95,WALL_UNKNOWN,0.0,DISAGREE_ZERO_TO_0_05,simulated_trace,LIVE_BID_ASK,300.66,-233.16,-0.0284,0,F3_GATE_CORRECT_REJECTION,0,0,1,0
2026-07-21,2910,12:00:08,MIDDAY,rej_d7bdafd,A8_KILLED,BNF,CREDIT,BEAR_CALL,EDGE_LT_0,VIX_12_14,UNKNOWN,PCR_LT_0_95,WALL_UNKNOWN,0.0,DISAGREE_ZERO_TO_0_05,simulated_trace,LIVE_BID_ASK,258.05,-147.05,-0.014,0,F3_GATE_CORRECT_REJECTION,0,0,1,0
2026-07-21,2910,12:00:08,MIDDAY,rej_e9d23028,A8_KILLED,BNF,CREDIT,BEAR_CALL,EDGE_LT_0,VIX_12_14,UNKNOWN,PCR_LT_0_95,WALL_UNKNOWN,0.0,DISAGREE_ZERO_TO_0_05,simulated_trace,LIVE_BID_ASK,254.51,-112.01,-0.0087,0,F3_GATE_CORRECT_REJECTION,0,0,1,0
2026-07-21,2910,12:00:08,MIDDAY,rej_e69437e7,A8_KILLED,BNF,CREDIT,BEAR_CALL,EDGE_LT_0,VIX_12_14,UNKNOWN,PCR_LT_0_95,WALL_UNKNOWN,0.0,DISAGREE_ZERO_TO_0_05,simulated_trace,LIVE_BID_ASK,267.14,-34.64,-0.0019,0,F3_GATE_CORRECT_REJECTION,0,0,1,0
2026-07-21,2910,12:00:08,MIDDAY,rej_e3563fbb,A8_KILLED,BNF,CREDIT,BEAR_CALL,EDGE_LT_0,VIX_12_14,UNKNOWN,PCR_LT_0_95,WALL_UNKNOWN,0.0,DISAGREE_ZERO_TO_0_05,simulated_trace,LIVE_BID_ASK,247.01,70.99,0.0031,1,F2_GATE_FALSE_NEGATIVE,0,0,1,0
2026-07-21,2910,12:00:08,MIDDAY,rej_9f10d4bb,A8_KILLED,BNF,CREDIT,BULL_PUT,EDGE_LT_0,VIX_12_14,UNKNOWN,PCR_LT_0_95,WALL_UNKNOWN,0.0,DISAGREE_ZERO_TO_0_05,simulated_trace,LIVE_BID_ASK,186.99,-255.99,-0.028,0,F3_GATE_CORRECT_REJECTION,0,0,1,0
2026-07-21,2910,12:00:08,MIDDAY,rej_c2ba7f92,A8_KILLED,BNF,CREDIT,BULL_PUT,EDGE_LT_0,VIX_12_14,UNKNOWN,PCR_LT_0_95,WALL_UNKNOWN,0.0,DISAGREE_ZERO_TO_0_05,simulated_trace,LIVE_BID_ASK,203.0,-278.0,-0.024,0,F3_GATE_CORRECT_REJECTION,0,0,1,0
2026-07-21,2910,12:00:08,MIDDAY,rej_44597bb4,A8_KILLED,BNF,CREDIT,BULL_PUT,EDGE_LT_0,VIX_12_14,UNKNOWN,PCR_LT_0_95,WALL_UNKNOWN,0.0,DISAGREE_ZERO_TO_0_05,simulated_trace,LIVE_BID_ASK,297.06,-393.06,-0.0279,0,F3_GATE_CORRECT_REJECTION,0,0,1,0
2026-07-21,2910,12:00:08,MIDDAY,rej_479773f7,A8_KILLED,BNF,CREDIT,BULL_PUT,EDGE_LT_0,VIX_12_14,UNKNOWN,PCR_LT_0_95,WALL_UNKNOWN,0.0,DISAGREE_ZERO_TO_0_05,simulated_trace,LIVE_BID_ASK,222.83,-314.33,-0.0163,0,F3_GATE_CORRECT_REJECTION,0,0,1,0
2026-07-21,2910,12:00:08,MIDDAY,rej_4ad56c3a,A8_KILLED,BNF,CREDIT,BULL_PUT,EDGE_LT_0,VIX_12_14,UNKNOWN,PCR_LT_0_95,WALL_UNKNOWN,0.0,DISAGREE_ZERO_TO_0_05,simulated_trace,LIVE_BID_ASK,250.78,-328.78,-0.0134,0,F3_GATE_CORRECT_REJECTION,0,0,1,0
2026-07-21,2911,12:05:08,MIDDAY,rej_1c3977f2,A8_KILLED,BNF,CREDIT,BEAR_CALL,EDGE_LT_0,VIX_12_14,UNKNOWN,PCR_LT_0_95,WALL_UNKNOWN,0.0,DISAGREE_ZERO_TO_0_05,simulated_trace,LIVE_BID_ASK,301.26,-119.76,-0.0148,0,F3_GATE_CORRECT_REJECTION,0,0,1,0
2026-07-21,2911,12:05:08,MIDDAY,rej_9a9a7bd2,A8_KILLED,BNF,CREDIT,BEAR_CALL,EDGE_LT_0,VIX_12_14,UNKNOWN,PCR_LT_0_95,WALL_UNKNOWN,0.0,DISAGREE_ZERO_TO_0_05,simulated_trace,LIVE_BID_ASK,258.64,-18.64,-0.0018,0,F3_GATE_CORRECT_REJECTION,0,0,1,0
2026-07-21,2911,12:05:08,MIDDAY,rej_76f0d0fd,A8_KILLED,BNF,CREDIT,BEAR_CALL,EDGE_LT_0,VIX_12_14,UNKNOWN,PCR_LT_0_95,WALL_UNKNOWN,0.0,DISAGREE_ZERO_TO_0_05,simulated_trace,LIVE_BID_ASK,255.08,40.42,0.0032,1,F2_GATE_FALSE_NEGATIVE,0,0,1,0
2026-07-21,2911,12:05:08,MIDDAY,rej_73b2d8bc,A8_KILLED,BNF,CREDIT,BEAR_CALL,EDGE_LT_0,VIX_12_14,UNKNOWN,PCR_LT_0_95,WALL_UNKNOWN,0.0,DISAGREE_ZERO_TO_0_05,simulated_trace,LIVE_BID_ASK,267.7,150.8,0.0086,1,F2_GATE_FALSE_NEGATIVE,0,0,1,0
2026-07-21,2911,12:05:08,MIDDAY,rej_7074e07b,A8_KILLED,BNF,CREDIT,BEAR_CALL,EDGE_LT_0,VIX_12_14,UNKNOWN,PCR_LT_0_95,WALL_UNKNOWN,0.0,DISAGREE_ZERO_TO_0_05,simulated_trace,LIVE_BID_ASK,247.56,283.44,0.0124,1,F2_GATE_FALSE_NEGATIVE,0,0,1,0
2026-07-21,2911,12:05:08,MIDDAY,rej_1f7d2c65,A8_KILLED,BNF,CREDIT,BULL_PUT,EDGE_LT_0,VIX_12_14,UNKNOWN,PCR_LT_0_95,WALL_UNKNOWN,0.0,DISAGREE_ZERO_TO_0_05,simulated_trace,LIVE_BID_ASK,186.2,-367.7,-0.0397,0,F3_GATE_CORRECT_REJECTION,0,0,1,0
2026-07-21,2911,12:05:08,MIDDAY,rej_4326d73c,A8_KILLED,BNF,CREDIT,BULL_PUT,EDGE_LT_0,VIX_12_14,UNKNOWN,PCR_LT_0_95,WALL_UNKNOWN,0.0,DISAGREE_ZERO_TO_0_05,simulated_trace,LIVE_BID_ASK,202.23,-416.73,-0.0355,0,F3_GATE_CORRECT_REJECTION,0,0,1,0
2026-07-21,2911,12:05:08,MIDDAY,rej_c4c5d35e,A8_KILLED,BNF,CREDIT,BULL_PUT,EDGE_LT_0,VIX_12_14,UNKNOWN,PCR_LT_0_95,WALL_UNKNOWN,0.0,DISAGREE_ZERO_TO_0_05,simulated_trace,LIVE_BID_ASK,296.3,-549.8,-0.0386,0,F3_GATE_CORRECT_REJECTION,0,0,1,0
2026-07-21,2911,12:05:08,MIDDAY,rej_c803cba1,A8_KILLED,BNF,CREDIT,BULL_PUT,EDGE_LT_0,VIX_12_14,UNKNOWN,PCR_LT_0_95,WALL_UNKNOWN,0.0,DISAGREE_ZERO_TO_0_05,simulated_trace,LIVE_BID_ASK,222.09,-507.09,-0.0261,0,F3_GATE_CORRECT_REJECTION,0,0,1,0
2026-07-21,2911,12:05:08,MIDDAY,rej_cb41c3e4,A8_KILLED,BNF,CREDIT,BULL_PUT,EDGE_LT_0,VIX_12_14,UNKNOWN,PCR_LT_0_95,WALL_UNKNOWN,0.0,DISAGREE_ZERO_TO_0_05,simulated_trace,LIVE_BID_ASK,250.05,-557.55,-0.0224,0,F3_GATE_CORRECT_REJECTION,0,0,1,0
2026-07-21,2912,12:10:09,MIDDAY,rej_88977099,A8_KILLED,BNF,CREDIT,BEAR_CALL,EDGE_LT_0,VIX_12_14,UNKNOWN,PCR_LT_0_95,WALL_UNKNOWN,0.0,DISAGREE_ZERO_TO_0_05,simulated_trace,LIVE_BID_ASK,300.82,-197.32,-0.0242,0,F3_GATE_CORRECT_REJECTION,0,0,1,0
2026-07-21,2912,12:10:09,MIDDAY,rej_6f87479,A8_KILLED,BNF,CREDIT,BEAR_CALL,EDGE_LT_0,VIX_12_14,UNKNOWN,PCR_LT_0_95,WALL_UNKNOWN,0.0,DISAGREE_ZERO_TO_0_05,simulated_trace,LIVE_BID_ASK,258.21,-103.71,-0.0099,0,F3_GATE_CORRECT_REJECTION,0,0,1,0
2026-07-21,2912,12:10:09,MIDDAY,rej_e34ec9a4,A8_KILLED,BNF,CREDIT,BEAR_CALL,EDGE_LT_0,VIX_12_14,UNKNOWN,PCR_LT_0_95,WALL_UNKNOWN,0.0,DISAGREE_ZERO_TO_0_05,simulated_trace,LIVE_BID_ASK,254.65,-53.65,-0.0042,0,F3_GATE_CORRECT_REJECTION,0,0,1,0
2026-07-21,2912,12:10:09,MIDDAY,rej_e010d163,A8_KILLED,BNF,CREDIT,BEAR_CALL,EDGE_LT_0,VIX_12_14,UNKNOWN,PCR_LT_0_95,WALL_UNKNOWN,0.0,DISAGREE_ZERO_TO_0_05,simulated_trace,LIVE_BID_ASK,267.29,28.21,0.0016,1,F2_GATE_FALSE_NEGATIVE,0,0,1,0
2026-07-21,2912,12:10:09,MIDDAY,rej_dcd2d922,A8_KILLED,BNF,CREDIT,BEAR_CALL,EDGE_LT_0,VIX_12_14,UNKNOWN,PCR_LT_0_95,WALL_UNKNOWN,0.0,DISAGREE_ZERO_TO_0_05,simulated_trace,LIVE_BID_ASK,247.16,129.34,0.0056,1,F2_GATE_FALSE_NEGATIVE,0,0,1,0
2026-07-21,2912,12:10:09,MIDDAY,rej_1aba02de,A8_KILLED,BNF,CREDIT,BULL_PUT,EDGE_LT_0,VIX_12_14,UNKNOWN,PCR_LT_0_95,WALL_UNKNOWN,0.0,DISAGREE_ZERO_TO_0_05,simulated_trace,LIVE_BID_ASK,186.66,-312.66,-0.034,0,F3_GATE_CORRECT_REJECTION,0,0,1,0
2026-07-21,2912,12:10:09,MIDDAY,rej_3e63adb5,A8_KILLED,BNF,CREDIT,BULL_PUT,EDGE_LT_0,VIX_12_14,UNKNOWN,PCR_LT_0_95,WALL_UNKNOWN,0.0,DISAGREE_ZERO_TO_0_05,simulated_trace,LIVE_BID_ASK,202.67,-337.67,-0.029,0,F3_GATE_CORRECT_REJECTION,0,0,1,0
2026-07-21,2912,12:10:09,MIDDAY,rej_c002a9d7,A8_KILLED,BNF,CREDIT,BULL_PUT,EDGE_LT_0,VIX_12_14,UNKNOWN,PCR_LT_0_95,WALL_UNKNOWN,0.0,DISAGREE_ZERO_TO_0_05,simulated_trace,LIVE_BID_ASK,296.73,-464.73,-0.0328,0,F3_GATE_CORRECT_REJECTION,0,0,1,0
2026-07-21,2912,12:10:09,MIDDAY,rej_c340a21a,A8_KILLED,BNF,CREDIT,BULL_PUT,EDGE_LT_0,VIX_12_14,UNKNOWN,PCR_LT_0_95,WALL_UNKNOWN,0.0,DISAGREE_ZERO_TO_0_05,simulated_trace,LIVE_BID_ASK,222.52,-416.02,-0.0215,0,F3_GATE_CORRECT_REJECTION,0,0,1,0
2026-07-21,2912,12:10:09,MIDDAY,rej_c67e9a5d,A8_KILLED,BNF,CREDIT,BULL_PUT,EDGE_LT_0,VIX_12_14,UNKNOWN,PCR_LT_0_95,WALL_UNKNOWN,0.0,DISAGREE_ZERO_TO_0_05,simulated_trace,LIVE_BID_ASK,250.47,-433.47,-0.0175,0,F3_GATE_CORRECT_REJECTION,0,0,1,0
2026-07-21,2913,12:15:08,MIDDAY,rej_872a9079,A8_KILLED,BNF,CREDIT,BEAR_CALL,EDGE_LT_0,VIX_12_14,UNKNOWN,PCR_LT_0_95,WALL_UNKNOWN,0.0,DISAGREE_ZERO_TO_0_05,simulated_trace,LIVE_BID_ASK,300.68,-209.18,-0.0256,0,F3_GATE_CORRECT_REJECTION,0,0,1,0
2026-07-21,2913,12:15:08,MIDDAY,rej_58b9459,A8_KILLED,BNF,CREDIT,BEAR_CALL,EDGE_LT_0,VIX_12_14,UNKNOWN,PCR_LT_0_95,WALL_UNKNOWN,0.0,DISAGREE_ZERO_TO_0_05,simulated_trace,LIVE_BID_ASK,258.07,-117.07,-0.0112,0,F3_GATE_CORRECT_REJECTION,0,0,1,0
2026-07-21,2913,12:15:08,MIDDAY,rej_e1e1e984,A8_KILLED,BNF,CREDIT,BEAR_CALL,EDGE_LT_0,VIX_12_14,UNKNOWN,PCR_LT_0_95,WALL_UNKNOWN,0.0,DISAGREE_ZERO_TO_0_05,simulated_trace,LIVE_BID_ASK,254.52,-83.52,-0.0065,0,F3_GATE_CORRECT_REJECTION,0,0,1,0
2026-07-21,2913,12:15:08,MIDDAY,rej_dea3f143,A8_KILLED,BNF,CREDIT,BEAR_CALL,EDGE_LT_0,VIX_12_14,UNKNOWN,PCR_LT_0_95,WALL_UNKNOWN,0.0,DISAGREE_ZERO_TO_0_05,simulated_trace,LIVE_BID_ASK,267.16,-15.16,-0.0009,0,F3_GATE_CORRECT_REJECTION,0,0,1,0
2026-07-21,2913,12:15:08,MIDDAY,rej_db65f917,A8_KILLED,BNF,CREDIT,BEAR_CALL,EDGE_LT_0,VIX_12_14,UNKNOWN,PCR_LT_0_95,WALL_UNKNOWN,0.0,DISAGREE_ZERO_TO_0_05,simulated_trace,LIVE_BID_ASK,247.03,85.97,0.0037,1,F2_GATE_FALSE_NEGATIVE,0,0,1,0
2026-07-21,2913,12:15:08,MIDDAY,rej_3bb67fdf,A8_KILLED,BNF,CREDIT,BULL_PUT,EDGE_LT_0,VIX_12_14,UNKNOWN,PCR_LT_0_95,WALL_UNKNOWN,0.0,DISAGREE_ZERO_TO_0_05,simulated_trace,LIVE_BID_ASK,186.86,-293.36,-0.0319,0,F3_GATE_CORRECT_REJECTION,0,0,1,0
2026-07-21,2913,12:15:08,MIDDAY,rej_5f602ab6,A8_KILLED,BNF,CREDIT,BULL_PUT,EDGE_LT_0,VIX_12_14,UNKNOWN,PCR_LT_0_95,WALL_UNKNOWN,0.0,DISAGREE_ZERO_TO_0_05,simulated_trace,LIVE_BID_ASK,202.87,-303.37,-0.0261,0,F3_GATE_CORRECT_REJECTION,0,0,1,0
2026-07-21,2913,12:15:08,MIDDAY,rej_e0ff26d8,A8_KILLED,BNF,CREDIT,BULL_PUT,EDGE_LT_0,VIX_12_14,UNKNOWN,PCR_LT_0_95,WALL_UNKNOWN,0.0,DISAGREE_ZERO_TO_0_05,simulated_trace,LIVE_BID_ASK,296.93,-425.93,-0.0302,0,F3_GATE_CORRECT_REJECTION,0,0,1,0
2026-07-21,2913,12:15:08,MIDDAY,rej_e43d1f1b,A8_KILLED,BNF,CREDIT,BULL_PUT,EDGE_LT_0,VIX_12_14,UNKNOWN,PCR_LT_0_95,WALL_UNKNOWN,0.0,DISAGREE_ZERO_TO_0_05,simulated_trace,LIVE_BID_ASK,222.7,-350.2,-0.0182,0,F3_GATE_CORRECT_REJECTION,0,0,1,0
2026-07-21,2913,12:15:08,MIDDAY,rej_e77b175e,A8_KILLED,BNF,CREDIT,BULL_PUT,EDGE_LT_0,VIX_12_14,UNKNOWN,PCR_LT_0_95,WALL_UNKNOWN,0.0,DISAGREE_ZERO_TO_0_05,simulated_trace,LIVE_BID_ASK,250.65,-366.15,-0.0149,0,F3_GATE_CORRECT_REJECTION,0,0,1,0
2026-07-21,2914,12:20:08,MIDDAY,rej_64fd081f,A8_KILLED,BNF,CREDIT,BEAR_CALL,EDGE_LT_0,VIX_12_14,UNKNOWN,PCR_LT_0_95,WALL_UNKNOWN,0.0,DISAGREE_ZERO_TO_0_05,simulated_trace,LIVE_BID_ASK,300.93,-180.93,-0.0222,0,F3_GATE_CORRECT_REJECTION,0,0,1,0
2026-07-21,2914,12:20:08,MIDDAY,rej_e35e0bff,A8_KILLED,BNF,CREDIT,BEAR_CALL,EDGE_LT_0,VIX_12_14,UNKNOWN,PCR_LT_0_95,WALL_UNKNOWN,0.0,DISAGREE_ZERO_TO_0_05,simulated_trace,LIVE_BID_ASK,258.31,-76.81,-0.0074,0,F3_GATE_CORRECT_REJECTION,0,0,1,0
2026-07-21,2914,12:20:08,MIDDAY,rej_bfb4612a,A8_KILLED,BNF,CREDIT,BEAR_CALL,EDGE_LT_0,VIX_12_14,UNKNOWN,PCR_LT_0_95,WALL_UNKNOWN,0.0,DISAGREE_ZERO_TO_0_05,simulated_trace,LIVE_BID_ASK,254.76,-37.26,-0.0029,0,F3_GATE_CORRECT_REJECTION,0,0,1,0
2026-07-21,2914,12:20:08,MIDDAY,rej_bc7668e9,A8_KILLED,BNF,CREDIT,BEAR_CALL,EDGE_LT_0,VIX_12_14,UNKNOWN,PCR_LT_0_95,WALL_UNKNOWN,0.0,DISAGREE_ZERO_TO_0_05,simulated_trace,LIVE_BID_ASK,267.39,59.61,0.0034,1,F2_GATE_FALSE_NEGATIVE,0,0,1,0
2026-07-21,2914,12:20:08,MIDDAY,rej_b93870bd,A8_KILLED,BNF,CREDIT,BEAR_CALL,EDGE_LT_0,VIX_12_14,UNKNOWN,PCR_LT_0_95,WALL_UNKNOWN,0.0,DISAGREE_ZERO_TO_0_05,simulated_trace,LIVE_BID_ASK,247.26,163.74,0.0071,1,F2_GATE_FALSE_NEGATIVE,0,0,1,0
2026-07-21,2914,12:20:08,MIDDAY,rej_d7837b79,A8_KILLED,BNF,CREDIT,BULL_PUT,EDGE_LT_0,VIX_12_14,UNKNOWN,PCR_LT_0_95,WALL_UNKNOWN,0.0,DISAGREE_ZERO_TO_0_05,simulated_trace,LIVE_BID_ASK,186.58,-332.08,-0.036,0,F3_GATE_CORRECT_REJECTION,0,0,1,0
2026-07-21,2914,12:20:08,MIDDAY,rej_fb2d2650,A8_KILLED,BNF,CREDIT,BULL_PUT,EDGE_LT_0,VIX_12_14,UNKNOWN,PCR_LT_0_95,WALL_UNKNOWN,0.0,DISAGREE_ZERO_TO_0_05,simulated_trace,LIVE_BID_ASK,202.6,-358.6,-0.0307,0,F3_GATE_CORRECT_REJECTION,0,0,1,0
2026-07-21,2914,12:20:08,MIDDAY,rej_7ccc2272,A8_KILLED,BNF,CREDIT,BULL_PUT,EDGE_LT_0,VIX_12_14,UNKNOWN,PCR_LT_0_95,WALL_UNKNOWN,0.0,DISAGREE_ZERO_TO_0_05,simulated_trace,LIVE_BID_ASK,296.66,-487.16,-0.0343,0,F3_GATE_CORRECT_REJECTION,0,0,1,0
2026-07-21,2914,12:20:08,MIDDAY,rej_800a1ab5,A8_KILLED,BNF,CREDIT,BULL_PUT,EDGE_LT_0,VIX_12_14,UNKNOWN,PCR_LT_0_95,WALL_UNKNOWN,0.0,DISAGREE_ZERO_TO_0_05,simulated_trace,LIVE_BID_ASK,222.45,-426.45,-0.022,0,F3_GATE_CORRECT_REJECTION,0,0,1,0
2026-07-21,2914,12:20:08,MIDDAY,rej_834812f8,A8_KILLED,BNF,CREDIT,BULL_PUT,EDGE_LT_0,VIX_12_14,UNKNOWN,PCR_LT_0_95,WALL_UNKNOWN,0.0,DISAGREE_ZERO_TO_0_05,simulated_trace,LIVE_BID_ASK,250.39,-440.89,-0.0178,0,F3_GATE_CORRECT_REJECTION,0,0,1,0
2026-07-21,2915,12:25:08,MIDDAY,rej_f21ba8fa,A8_KILLED,BNF,CREDIT,BEAR_CALL,EDGE_LT_0,VIX_12_14,UNKNOWN,PCR_LT_0_95,WALL_UNKNOWN,0.0,DISAGREE_ZERO_TO_0_05,simulated_trace,LIVE_BID_ASK,301.22,-143.72,-0.0177,0,F3_GATE_CORRECT_REJECTION,0,0,1,0
2026-07-21,2915,12:25:08,MIDDAY,rej_707cacda,A8_KILLED,BNF,CREDIT,BEAR_CALL,EDGE_LT_0,VIX_12_14,UNKNOWN,PCR_LT_0_95,WALL_UNKNOWN,0.0,DISAGREE_ZERO_TO_0_05,simulated_trace,LIVE_BID_ASK,258.6,-32.1,-0.0031,0,F3_GATE_CORRECT_REJECTION,0,0,1,0
2026-07-21,2915,12:25:08,MIDDAY,rej_4cd30205,A8_KILLED,BNF,CREDIT,BEAR_CALL,EDGE_LT_0,VIX_12_14,UNKNOWN,PCR_LT_0_95,WALL_UNKNOWN,0.0,DISAGREE_ZERO_TO_0_05,simulated_trace,LIVE_BID_ASK,255.04,23.96,0.0019,1,F2_GATE_FALSE_NEGATIVE,0,0,1,0
2026-07-21,2915,12:25:08,MIDDAY,rej_499509c4,A8_KILLED,BNF,CREDIT,BEAR_CALL,EDGE_LT_0,VIX_12_14,UNKNOWN,PCR_LT_0_95,WALL_UNKNOWN,0.0,DISAGREE_ZERO_TO_0_05,simulated_trace,LIVE_BID_ASK,267.66,128.34,0.0073,1,F2_GATE_FALSE_NEGATIVE,0,0,1,0
2026-07-21,2915,12:25:08,MIDDAY,rej_46571198,A8_KILLED,BNF,CREDIT,BEAR_CALL,EDGE_LT_0,VIX_12_14,UNKNOWN,PCR_LT_0_95,WALL_UNKNOWN,0.0,DISAGREE_ZERO_TO_0_05,simulated_trace,LIVE_BID_ASK,247.52,262.48,0.0115,1,F2_GATE_FALSE_NEGATIVE,0,0,1,0
2026-07-21,2915,12:25:08,MIDDAY,rej_57efd33e,A8_KILLED,BNF,CREDIT,BULL_PUT,EDGE_LT_0,VIX_12_14,UNKNOWN,PCR_LT_0_95,WALL_UNKNOWN,0.0,DISAGREE_ZERO_TO_0_05,simulated_trace,LIVE_BID_ASK,186.39,-355.89,-0.0385,0,F3_GATE_CORRECT_REJECTION,0,0,1,0
2026-07-21,2915,12:25:08,MIDDAY,rej_7b997e15,A8_KILLED,BNF,CREDIT,BULL_PUT,EDGE_LT_0,VIX_12_14,UNKNOWN,PCR_LT_0_95,WALL_UNKNOWN,0.0,DISAGREE_ZERO_TO_0_05,simulated_trace,LIVE_BID_ASK,202.42,-398.92,-0.0341,0,F3_GATE_CORRECT_REJECTION,0,0,1,0
2026-07-21,2915,12:25:08,MIDDAY,rej_fd387a37,A8_KILLED,BNF,CREDIT,BULL_PUT,EDGE_LT_0,VIX_12_14,UNKNOWN,PCR_LT_0_95,WALL_UNKNOWN,0.0,DISAGREE_ZERO_TO_0_05,simulated_trace,LIVE_BID_ASK,296.48,-534.98,-0.0376,0,F3_GATE_CORRECT_REJECTION,0,0,1,0
2026-07-21,2915,12:25:08,MIDDAY,rej_76727a,A8_KILLED,BNF,CREDIT,BULL_PUT,EDGE_LT_0,VIX_12_14,UNKNOWN,PCR_LT_0_95,WALL_UNKNOWN,0.0,DISAGREE_ZERO_TO_0_05,simulated_trace,LIVE_BID_ASK,222.27,-483.27,-0.0249,0,F3_GATE_CORRECT_REJECTION,0,0,1,0
2026-07-21,2915,12:25:08,MIDDAY,rej_3b46abd,A8_KILLED,BNF,CREDIT,BULL_PUT,EDGE_LT_0,VIX_12_14,UNKNOWN,PCR_LT_0_95,WALL_UNKNOWN,0.0,DISAGREE_ZERO_TO_0_05,simulated_trace,LIVE_BID_ASK,250.22,-512.72,-0.0207,0,F3_GATE_CORRECT_REJECTION,0,0,1,0
2026-07-21,2916,12:30:08,MIDDAY,rej_c15489db,A8_KILLED,BNF,CREDIT,BEAR_CALL,EDGE_LT_0,VIX_12_14,UNKNOWN,PCR_LT_0_95,WALL_UNKNOWN,0.0,DISAGREE_ZERO_TO_0_05,simulated_trace,LIVE_BID_ASK,301.37,-127.37,-0.0157,0,F3_GATE_CORRECT_REJECTION,0,0,1,0
2026-07-21,2916,12:30:08,MIDDAY,rej_3fb58dbb,A8_KILLED,BNF,CREDIT,BEAR_CALL,EDGE_LT_0,VIX_12_14,UNKNOWN,PCR_LT_0_95,WALL_UNKNOWN,0.0,DISAGREE_ZERO_TO_0_05,simulated_trace,LIVE_BID_ASK,258.74,5.26,0.0005,1,F2_GATE_FALSE_NEGATIVE,0,0,1,0
2026-07-21,2916,12:30:08,MIDDAY,rej_1c0be2e6,A8_KILLED,BNF,CREDIT,BEAR_CALL,EDGE_LT_0,VIX_12_14,UNKNOWN,PCR_LT_0_95,WALL_UNKNOWN,0.0,DISAGREE_ZERO_TO_0_05,simulated_trace,LIVE_BID_ASK,255.18,65.82,0.0052,1,F2_GATE_FALSE_NEGATIVE,0,0,1,0
2026-07-21,2916,12:30:08,MIDDAY,rej_18cdeaa5,A8_KILLED,BNF,CREDIT,BEAR_CALL,EDGE_LT_0,VIX_12_14,UNKNOWN,PCR_LT_0_95,WALL_UNKNOWN,0.0,DISAGREE_ZERO_TO_0_05,simulated_trace,LIVE_BID_ASK,267.8,182.2,0.0104,1,F2_GATE_FALSE_NEGATIVE,0,0,1,0
2026-07-21,2916,12:30:08,MIDDAY,rej_158ff279,A8_KILLED,BNF,CREDIT,BEAR_CALL,EDGE_LT_0,VIX_12_14,UNKNOWN,PCR_LT_0_95,WALL_UNKNOWN,0.0,DISAGREE_ZERO_TO_0_05,simulated_trace,LIVE_BID_ASK,247.66,317.84,0.0139,1,F2_GATE_FALSE_NEGATIVE,0,0,1,0
2026-07-21,2916,12:30:08,MIDDAY,rej_3d96d23d,A8_KILLED,BNF,CREDIT,BULL_PUT,EDGE_LT_0,VIX_12_14,UNKNOWN,PCR_LT_0_95,WALL_UNKNOWN,0.0,DISAGREE_ZERO_TO_0_05,simulated_trace,LIVE_BID_ASK,186.11,-417.11,-0.0448,0,F3_GATE_CORRECT_REJECTION,0,0,1,0
2026-07-21,2916,12:30:08,MIDDAY,rej_61407d14,A8_KILLED,BNF,CREDIT,BULL_PUT,EDGE_LT_0,VIX_12_14,UNKNOWN,PCR_LT_0_95,WALL_UNKNOWN,0.0,DISAGREE_ZERO_TO_0_05,simulated_trace,LIVE_BID_ASK,202.13,-457.13,-0.0388,0,F3_GATE_CORRECT_REJECTION,0,0,1,0
2026-07-21,2916,12:30:08,MIDDAY,rej_e2df7936,A8_KILLED,BNF,CREDIT,BULL_PUT,EDGE_LT_0,VIX_12_14,UNKNOWN,PCR_LT_0_95,WALL_UNKNOWN,0.0,DISAGREE_ZERO_TO_0_05,simulated_trace,LIVE_BID_ASK,296.2,-596.2,-0.0417,0,F3_GATE_CORRECT_REJECTION,0,0,1,0
2026-07-21,2916,12:30:08,MIDDAY,rej_e61d7179,A8_KILLED,BNF,CREDIT,BULL_PUT,EDGE_LT_0,VIX_12_14,UNKNOWN,PCR_LT_0_95,WALL_UNKNOWN,0.0,DISAGREE_ZERO_TO_0_05,simulated_trace,LIVE_BID_ASK,222.0,-567.0,-0.0291,0,F3_GATE_CORRECT_REJECTION,0,0,1,0
2026-07-21,2916,12:30:08,MIDDAY,rej_e95b69bc,A8_KILLED,BNF,CREDIT,BULL_PUT,EDGE_LT_0,VIX_12_14,UNKNOWN,PCR_LT_0_95,WALL_UNKNOWN,0.0,DISAGREE_ZERO_TO_0_05,simulated_trace,LIVE_BID_ASK,249.95,-606.95,-0.0244,0,F3_GATE_CORRECT_REJECTION,0,0,1,0
2026-07-21,2917,12:35:09,MIDDAY,rej_62dfef83,A8_KILLED,BNF,CREDIT,BULL_PUT,EDGE_LT_0,VIX_12_14,UNKNOWN,PCR_LT_0_95,WALL_UNKNOWN,0.0,DISAGREE_ZERO_TO_0_05,simulated_trace,LIVE_BID_ASK,303.36,-799.86,-0.0875,0,F3_GATE_CORRECT_REJECTION,0,0,1,0
2026-07-21,2917,12:35:09,MIDDAY,rej_e47eeba5,A8_KILLED,BNF,CREDIT,BULL_PUT,EDGE_LT_0,VIX_12_14,UNKNOWN,PCR_LT_0_95,WALL_UNKNOWN,0.0,DISAGREE_ZERO_TO_0_05,simulated_trace,LIVE_BID_ASK,245.87,-727.37,-0.0629,0,F3_GATE_CORRECT_REJECTION,0,0,1,0
2026-07-21,2917,12:35:09,MIDDAY,rej_828967c,A8_KILLED,BNF,CREDIT,BULL_PUT,EDGE_LT_0,VIX_12_14,UNKNOWN,PCR_LT_0_95,WALL_UNKNOWN,0.0,DISAGREE_ZERO_TO_0_05,simulated_trace,LIVE_BID_ASK,261.91,-801.91,-0.057,0,F3_GATE_CORRECT_REJECTION,0,0,1,0
2026-07-21,2917,12:35:09,MIDDAY,rej_b668ebf,A8_KILLED,BNF,CREDIT,BULL_PUT,EDGE_LT_0,VIX_12_14,UNKNOWN,PCR_LT_0_95,WALL_UNKNOWN,0.0,DISAGREE_ZERO_TO_0_05,simulated_trace,LIVE_BID_ASK,355.62,-1011.12,-0.0526,0,F3_GATE_CORRECT_REJECTION,0,0,1,0
2026-07-21,2917,12:35:09,MIDDAY,rej_ea48702,A8_KILLED,BNF,CREDIT,BULL_PUT,EDGE_LT_0,VIX_12_14,UNKNOWN,PCR_LT_0_95,WALL_UNKNOWN,0.0,DISAGREE_ZERO_TO_0_05,simulated_trace,LIVE_BID_ASK,257.54,-937.04,-0.0381,0,F3_GATE_CORRECT_REJECTION,0,0,1,0
2026-07-21,2918,12:40:08,MIDDAY,rej_2c45a25b,A8_KILLED,BNF,CREDIT,BEAR_CALL,EDGE_LT_0,VIX_12_14,UNKNOWN,PCR_LT_0_95,WALL_UNKNOWN,0.0,DISAGREE_ZERO_TO_0_05,simulated_trace,LIVE_BID_ASK,301.63,-61.63,-0.0077,0,F3_GATE_CORRECT_REJECTION,0,0,1,0
2026-07-21,2918,12:40:08,MIDDAY,rej_aaa6a63b,A8_KILLED,BNF,CREDIT,BEAR_CALL,EDGE_LT_0,VIX_12_14,UNKNOWN,PCR_LT_0_95,WALL_UNKNOWN,0.0,DISAGREE_ZERO_TO_0_05,simulated_trace,LIVE_BID_ASK,259.0,63.5,0.0062,1,F2_GATE_FALSE_NEGATIVE,0,0,1,0
2026-07-21,2918,12:40:08,MIDDAY,rej_86fcfb66,A8_KILLED,BNF,CREDIT,BEAR_CALL,EDGE_LT_0,VIX_12_14,UNKNOWN,PCR_LT_0_95,WALL_UNKNOWN,0.0,DISAGREE_ZERO_TO_0_05,simulated_trace,LIVE_BID_ASK,255.44,134.56,0.0107,1,F2_GATE_FALSE_NEGATIVE,0,0,1,0
2026-07-21,2918,12:40:08,MIDDAY,rej_83bf0325,A8_KILLED,BNF,CREDIT,BEAR_CALL,EDGE_LT_0,VIX_12_14,UNKNOWN,PCR_LT_0_95,WALL_UNKNOWN,0.0,DISAGREE_ZERO_TO_0_05,simulated_trace,LIVE_BID_ASK,268.05,262.95,0.015,1,F2_GATE_FALSE_NEGATIVE,0,0,1,0
2026-07-21,2918,12:40:08,MIDDAY,rej_80810ae4,A8_KILLED,BNF,CREDIT,BEAR_CALL,EDGE_LT_0,VIX_12_14,UNKNOWN,PCR_LT_0_95,WALL_UNKNOWN,0.0,DISAGREE_ZERO_TO_0_05,simulated_trace,LIVE_BID_ASK,247.9,413.6,0.0182,1,F2_GATE_FALSE_NEGATIVE,0,0,1,0
2026-07-21,2919,12:45:08,MIDDAY,rej_b9644337,A8_KILLED,BNF,CREDIT,BEAR_CALL,EDGE_LT_0,VIX_12_14,UNKNOWN,PCR_LT_0_95,WALL_UNKNOWN,0.0,DISAGREE_ZERO_TO_0_05,simulated_trace,LIVE_BID_ASK,301.31,-127.31,-0.0157,0,F3_GATE_CORRECT_REJECTION,0,0,1,0
2026-07-21,2919,12:45:08,MIDDAY,rej_37c54717,A8_KILLED,BNF,CREDIT,BEAR_CALL,EDGE_LT_0,VIX_12_14,UNKNOWN,PCR_LT_0_95,WALL_UNKNOWN,0.0,DISAGREE_ZERO_TO_0_05,simulated_trace,LIVE_BID_ASK,258.7,-24.7,-0.0024,0,F3_GATE_CORRECT_REJECTION,0,0,1,0
2026-07-21,2919,12:45:08,MIDDAY,rej_141b9c42,A8_KILLED,BNF,CREDIT,BEAR_CALL,EDGE_LT_0,VIX_12_14,UNKNOWN,PCR_LT_0_95,WALL_UNKNOWN,0.0,DISAGREE_ZERO_TO_0_05,simulated_trace,LIVE_BID_ASK,255.14,32.86,0.0026,1,F2_GATE_FALSE_NEGATIVE,0,0,1,0
2026-07-21,2919,12:45:08,MIDDAY,rej_10dda401,A8_KILLED,BNF,CREDIT,BEAR_CALL,EDGE_LT_0,VIX_12_14,UNKNOWN,PCR_LT_0_95,WALL_UNKNOWN,0.0,DISAGREE_ZERO_TO_0_05,simulated_trace,LIVE_BID_ASK,267.76,141.74,0.008,1,F2_GATE_FALSE_NEGATIVE,0,0,1,0
2026-07-21,2919,12:45:08,MIDDAY,rej_d9fabd5,A8_KILLED,BNF,CREDIT,BEAR_CALL,EDGE_LT_0,VIX_12_14,UNKNOWN,PCR_LT_0_95,WALL_UNKNOWN,0.0,DISAGREE_ZERO_TO_0_05,simulated_trace,LIVE_BID_ASK,247.61,284.89,0.0125,1,F2_GATE_FALSE_NEGATIVE,0,0,1,0
2026-07-21,2919,12:45:08,MIDDAY,rej_da3c7d61,A8_KILLED,BNF,CREDIT,BULL_PUT,EDGE_LT_0,VIX_12_14,UNKNOWN,PCR_LT_0_95,WALL_UNKNOWN,0.0,DISAGREE_ZERO_TO_0_05,simulated_trace,LIVE_BID_ASK,186.17,-373.67,-0.0403,0,F3_GATE_CORRECT_REJECTION,0,0,1,0
2026-07-21,2919,12:45:08,MIDDAY,rej_fde62838,A8_KILLED,BNF,CREDIT,BULL_PUT,EDGE_LT_0,VIX_12_14,UNKNOWN,PCR_LT_0_95,WALL_UNKNOWN,0.0,DISAGREE_ZERO_TO_0_05,simulated_trace,LIVE_BID_ASK,202.2,-419.7,-0.0358,0,F3_GATE_CORRECT_REJECTION,0,0,1,0
2026-07-21,2919,12:45:08,MIDDAY,rej_7f85245a,A8_KILLED,BNF,CREDIT,BULL_PUT,EDGE_LT_0,VIX_12_14,UNKNOWN,PCR_LT_0_95,WALL_UNKNOWN,0.0,DISAGREE_ZERO_TO_0_05,simulated_trace,LIVE_BID_ASK,296.26,-549.76,-0.0386,0,F3_GATE_CORRECT_REJECTION,0,0,1,0
2026-07-21,2919,12:45:08,MIDDAY,rej_82c31c9d,A8_KILLED,BNF,CREDIT,BULL_PUT,EDGE_LT_0,VIX_12_14,UNKNOWN,PCR_LT_0_95,WALL_UNKNOWN,0.0,DISAGREE_ZERO_TO_0_05,simulated_trace,LIVE_BID_ASK,222.06,-513.06,-0.0264,0,F3_GATE_CORRECT_REJECTION,0,0,1,0
2026-07-21,2919,12:45:08,MIDDAY,rej_860114e0,A8_KILLED,BNF,CREDIT,BULL_PUT,EDGE_LT_0,VIX_12_14,UNKNOWN,PCR_LT_0_95,WALL_UNKNOWN,0.0,DISAGREE_ZERO_TO_0_05,simulated_trace,LIVE_BID_ASK,250.02,-554.52,-0.0223,0,F3_GATE_CORRECT_REJECTION,0,0,1,0
2026-07-21,2920,12:50:09,MIDDAY,rej_25c23bde,A8_KILLED,BNF,CREDIT,BEAR_CALL,EDGE_LT_0,VIX_12_14,UNKNOWN,PCR_LT_0_95,WALL_UNKNOWN,0.0,DISAGREE_ZERO_TO_0_05,simulated_trace,LIVE_BID_ASK,300.82,-212.32,-0.0259,0,F3_GATE_CORRECT_REJECTION,0,0,1,0
2026-07-21,2920,12:50:09,MIDDAY,rej_a4233fbe,A8_KILLED,BNF,CREDIT,BEAR_CALL,EDGE_LT_0,VIX_12_14,UNKNOWN,PCR_LT_0_95,WALL_UNKNOWN,0.0,DISAGREE_ZERO_TO_0_05,simulated_trace,LIVE_BID_ASK,258.2,-114.2,-0.0109,0,F3_GATE_CORRECT_REJECTION,0,0,1,0
2026-07-21,2920,12:50:09,MIDDAY,rej_807994e9,A8_KILLED,BNF,CREDIT,BEAR_CALL,EDGE_LT_0,VIX_12_14,UNKNOWN,PCR_LT_0_95,WALL_UNKNOWN,0.0,DISAGREE_ZERO_TO_0_05,simulated_trace,LIVE_BID_ASK,254.65,-83.65,-0.0065,0,F3_GATE_CORRECT_REJECTION,0,0,1,0
2026-07-21,2920,12:50:09,MIDDAY,rej_7d3b9ca8,A8_KILLED,BNF,CREDIT,BEAR_CALL,EDGE_LT_0,VIX_12_14,UNKNOWN,PCR_LT_0_95,WALL_UNKNOWN,0.0,DISAGREE_ZERO_TO_0_05,simulated_trace,LIVE_BID_ASK,267.28,11.72,0.0007,1,F2_GATE_FALSE_NEGATIVE,0,0,1,0
2026-07-21,2920,12:50:09,MIDDAY,rej_79fda47c,A8_KILLED,BNF,CREDIT,BEAR_CALL,EDGE_LT_0,VIX_12_14,UNKNOWN,PCR_LT_0_95,WALL_UNKNOWN,0.0,DISAGREE_ZERO_TO_0_05,simulated_trace,LIVE_BID_ASK,247.15,121.85,0.0053,1,F2_GATE_FALSE_NEGATIVE,0,0,1,0
2026-07-21,2920,12:50:09,MIDDAY,rej_d57953da,A8_KILLED,BNF,CREDIT,BULL_PUT,EDGE_LT_0,VIX_12_14,UNKNOWN,PCR_LT_0_95,WALL_UNKNOWN,0.0,DISAGREE_ZERO_TO_0_05,simulated_trace,LIVE_BID_ASK,186.56,-323.06,-0.0351,0,F3_GATE_CORRECT_REJECTION,0,0,1,0
2026-07-21,2920,12:50:09,MIDDAY,rej_f922feb1,A8_KILLED,BNF,CREDIT,BULL_PUT,EDGE_LT_0,VIX_12_14,UNKNOWN,PCR_LT_0_95,WALL_UNKNOWN,0.0,DISAGREE_ZERO_TO_0_05,simulated_trace,LIVE_BID_ASK,202.58,-345.08,-0.0296,0,F3_GATE_CORRECT_REJECTION,0,0,1,0
2026-07-21,2920,12:50:09,MIDDAY,rej_7ac1fad3,A8_KILLED,BNF,CREDIT,BULL_PUT,EDGE_LT_0,VIX_12_14,UNKNOWN,PCR_LT_0_95,WALL_UNKNOWN,0.0,DISAGREE_ZERO_TO_0_05,simulated_trace,LIVE_BID_ASK,296.64,-485.64,-0.0342,0,F3_GATE_CORRECT_REJECTION,0,0,1,0
2026-07-21,2920,12:50:09,MIDDAY,rej_7dfff316,A8_KILLED,BNF,CREDIT,BULL_PUT,EDGE_LT_0,VIX_12_14,UNKNOWN,PCR_LT_0_95,WALL_UNKNOWN,0.0,DISAGREE_ZERO_TO_0_05,simulated_trace,LIVE_BID_ASK,222.43,-427.93,-0.0221,0,F3_GATE_CORRECT_REJECTION,0,0,1,0
2026-07-21,2920,12:50:09,MIDDAY,rej_813deb59,A8_KILLED,BNF,CREDIT,BULL_PUT,EDGE_LT_0,VIX_12_14,UNKNOWN,PCR_LT_0_95,WALL_UNKNOWN,0.0,DISAGREE_ZERO_TO_0_05,simulated_trace,LIVE_BID_ASK,250.37,-446.87,-0.0181,0,F3_GATE_CORRECT_REJECTION,0,0,1,0
2026-07-21,2921,12:55:08,MIDDAY,rej_24555bb8,A8_KILLED,BNF,CREDIT,BEAR_CALL,EDGE_LT_0,VIX_12_14,UNKNOWN,PCR_LT_0_95,WALL_UNKNOWN,0.0,DISAGREE_ZERO_TO_0_05,simulated_trace,LIVE_BID_ASK,300.36,-273.36,-0.0332,0,F3_GATE_CORRECT_REJECTION,0,0,1,0
2026-07-21,2921,12:55:08,MIDDAY,rej_a2b65f98,A8_KILLED,BNF,CREDIT,BEAR_CALL,EDGE_LT_0,VIX_12_14,UNKNOWN,PCR_LT_0_95,WALL_UNKNOWN,0.0,DISAGREE_ZERO_TO_0_05,simulated_trace,LIVE_BID_ASK,257.76,-193.26,-0.0184,0,F3_GATE_CORRECT_REJECTION,0,0,1,0
2026-07-21,2921,12:55:08,MIDDAY,rej_7f0cb4c3,A8_KILLED,BNF,CREDIT,BEAR_CALL,EDGE_LT_0,VIX_12_14,UNKNOWN,PCR_LT_0_95,WALL_UNKNOWN,0.0,DISAGREE_ZERO_TO_0_05,simulated_trace,LIVE_BID_ASK,254.21,-171.71,-0.0133,0,F3_GATE_CORRECT_REJECTION,0,0,1,0
2026-07-21,2921,12:55:08,MIDDAY,rej_7bcebc82,A8_KILLED,BNF,CREDIT,BEAR_CALL,EDGE_LT_0,VIX_12_14,UNKNOWN,PCR_LT_0_95,WALL_UNKNOWN,0.0,DISAGREE_ZERO_TO_0_05,simulated_trace,LIVE_BID_ASK,266.86,-113.86,-0.0064,0,F3_GATE_CORRECT_REJECTION,0,0,1,0
2026-07-21,2921,12:55:08,MIDDAY,rej_7890c456,A8_KILLED,BNF,CREDIT,BEAR_CALL,EDGE_LT_0,VIX_12_14,UNKNOWN,PCR_LT_0_95,WALL_UNKNOWN,0.0,DISAGREE_ZERO_TO_0_05,simulated_trace,LIVE_BID_ASK,246.74,-24.74,-0.0011,0,F3_GATE_CORRECT_REJECTION,0,0,1,0
2026-07-21,2921,12:55:08,MIDDAY,rej_f675d0c0,A8_KILLED,BNF,CREDIT,BULL_PUT,EDGE_LT_0,VIX_12_14,UNKNOWN,PCR_LT_0_95,WALL_UNKNOWN,0.0,DISAGREE_ZERO_TO_0_05,simulated_trace,LIVE_BID_ASK,187.02,-247.02,-0.027,0,F3_GATE_CORRECT_REJECTION,0,0,1,0
2026-07-21,2921,12:55:08,MIDDAY,rej_1a1f7b97,A8_KILLED,BNF,CREDIT,BULL_PUT,EDGE_LT_0,VIX_12_14,UNKNOWN,PCR_LT_0_95,WALL_UNKNOWN,0.0,DISAGREE_ZERO_TO_0_05,simulated_trace,LIVE_BID_ASK,203.03,-249.53,-0.0216,0,F3_GATE_CORRECT_REJECTION,0,0,1,0
2026-07-21,2921,12:55:08,MIDDAY,rej_9bbe77b9,A8_KILLED,BNF,CREDIT,BULL_PUT,EDGE_LT_0,VIX_12_14,UNKNOWN,PCR_LT_0_95,WALL_UNKNOWN,0.0,DISAGREE_ZERO_TO_0_05,simulated_trace,LIVE_BID_ASK,297.08,-366.08,-0.026,0,F3_GATE_CORRECT_REJECTION,0,0,1,0
2026-07-21,2921,12:55:08,MIDDAY,rej_9efc6ffc,A8_KILLED,BNF,CREDIT,BULL_PUT,EDGE_LT_0,VIX_12_14,UNKNOWN,PCR_LT_0_95,WALL_UNKNOWN,0.0,DISAGREE_ZERO_TO_0_05,simulated_trace,LIVE_BID_ASK,222.86,-293.36,-0.0152,0,F3_GATE_CORRECT_REJECTION,0,0,1,0
2026-07-21,2921,12:55:08,MIDDAY,rej_a23a683f,A8_KILLED,BNF,CREDIT,BULL_PUT,EDGE_LT_0,VIX_12_14,UNKNOWN,PCR_LT_0_95,WALL_UNKNOWN,0.0,DISAGREE_ZERO_TO_0_05,simulated_trace,LIVE_BID_ASK,250.8,-300.3,-0.0122,0,F3_GATE_CORRECT_REJECTION,0,0,1,0
2026-07-21,2922,13:00:06,LATE,rej_d363169c,A8_KILLED,BNF,CREDIT,BULL_PUT,EDGE_LT_0,VIX_12_14,UNKNOWN,PCR_LT_0_95,WALL_UNKNOWN,0.0,DISAGREE_ZERO_TO_0_05,simulated_trace,LIVE_BID_ASK,188.12,-69.62,-0.0078,0,F3_GATE_CORRECT_REJECTION,0,0,1,0
2026-07-21,2922,13:00:06,LATE,rej_f70cc173,A8_KILLED,BNF,CREDIT,BULL_PUT,EDGE_LT_0,VIX_12_14,UNKNOWN,PCR_LT_0_95,WALL_UNKNOWN,0.0,DISAGREE_ZERO_TO_0_05,simulated_trace,LIVE_BID_ASK,204.11,-45.11,-0.004,0,F3_GATE_CORRECT_REJECTION,0,0,1,0
2026-07-21,2922,13:00:06,LATE,rej_78abbd95,A8_KILLED,BNF,CREDIT,BULL_PUT,EDGE_LT_0,VIX_12_14,UNKNOWN,PCR_LT_0_95,WALL_UNKNOWN,0.0,DISAGREE_ZERO_TO_0_05,simulated_trace,LIVE_BID_ASK,298.16,-140.66,-0.0102,0,F3_GATE_CORRECT_REJECTION,0,0,1,0
2026-07-21,2922,13:00:06,LATE,rej_7be9b5d8,A8_KILLED,BNF,CREDIT,BULL_PUT,EDGE_LT_0,VIX_12_14,UNKNOWN,PCR_LT_0_95,WALL_UNKNOWN,0.0,DISAGREE_ZERO_TO_0_05,simulated_trace,LIVE_BID_ASK,223.91,-0.41,-0.0,0,F3_GATE_CORRECT_REJECTION,0,0,1,0
2026-07-21,2922,13:00:06,LATE,rej_7f27ae1b,A8_KILLED,BNF,CREDIT,BULL_PUT,EDGE_LT_0,VIX_12_14,UNKNOWN,PCR_LT_0_95,WALL_UNKNOWN,0.0,DISAGREE_ZERO_TO_0_05,simulated_trace,LIVE_BID_ASK,251.82,45.18,0.0019,1,F2_GATE_FALSE_NEGATIVE,0,0,1,0
2026-07-21,2923,13:05:08,LATE,rej_49d98973,A8_KILLED,BNF,CREDIT,BEAR_CALL,EDGE_LT_0,VIX_12_14,UNKNOWN,PCR_LT_0_95,WALL_UNKNOWN,0.0,DISAGREE_ZERO_TO_0_05,simulated_trace,LIVE_BID_ASK,277.61,-312.11,-0.0393,0,F3_GATE_CORRECT_REJECTION,0,0,1,0
2026-07-21,2923,13:05:08,LATE,rej_c83a8d53,A8_KILLED,BNF,CREDIT,BEAR_CALL,EDGE_LT_0,VIX_12_14,UNKNOWN,PCR_LT_0_95,WALL_UNKNOWN,0.0,DISAGREE_ZERO_TO_0_05,simulated_trace,LIVE_BID_ASK,285.94,-321.94,-0.0317,0,F3_GATE_CORRECT_REJECTION,0,0,1,0
2026-07-21,2923,13:05:08,LATE,rej_469b9133,A8_KILLED,BNF,CREDIT,BEAR_CALL,EDGE_LT_0,VIX_12_14,UNKNOWN,PCR_LT_0_95,WALL_UNKNOWN,0.0,DISAGREE_ZERO_TO_0_05,simulated_trace,LIVE_BID_ASK,243.34,-267.34,-0.0214,0,F3_GATE_CORRECT_REJECTION,0,0,1,0
2026-07-21,2923,13:05:08,LATE,rej_a152ea3d,A8_KILLED,BNF,CREDIT,BEAR_CALL,EDGE_LT_0,VIX_12_14,UNKNOWN,PCR_LT_0_95,WALL_UNKNOWN,0.0,DISAGREE_ZERO_TO_0_05,simulated_trace,LIVE_BID_ASK,227.36,-234.86,-0.0136,0,F3_GATE_CORRECT_REJECTION,0,0,1,0
2026-07-21,2923,13:05:08,LATE,rej_9e14f1fc,A8_KILLED,BNF,CREDIT,BEAR_CALL,EDGE_LT_0,VIX_12_14,UNKNOWN,PCR_LT_0_95,WALL_UNKNOWN,0.0,DISAGREE_ZERO_TO_0_05,simulated_trace,LIVE_BID_ASK,247.63,-234.13,-0.0104,0,F3_GATE_CORRECT_REJECTION,0,0,1,0
2026-07-21,2924,13:10:09,LATE,rej_fba46ce0,A8_KILLED,BNF,CREDIT,BEAR_CALL,EDGE_LT_0,VIX_12_14,UNKNOWN,PCR_LT_0_95,WALL_UNKNOWN,0.0,DISAGREE_ZERO_TO_0_05,simulated_trace,LIVE_BID_ASK,299.92,-304.42,-0.0368,0,F3_GATE_CORRECT_REJECTION,0,0,1,0
2026-07-21,2924,13:10:09,LATE,rej_7a0570c0,A8_KILLED,BNF,CREDIT,BEAR_CALL,EDGE_LT_0,VIX_12_14,UNKNOWN,PCR_LT_0_95,WALL_UNKNOWN,0.0,DISAGREE_ZERO_TO_0_05,simulated_trace,LIVE_BID_ASK,257.32,-246.82,-0.0233,0,F3_GATE_CORRECT_REJECTION,0,0,1,0
2026-07-21,2924,13:10:09,LATE,rej_565bc5eb,A8_KILLED,BNF,CREDIT,BEAR_CALL,EDGE_LT_0,VIX_12_14,UNKNOWN,PCR_LT_0_95,WALL_UNKNOWN,0.0,DISAGREE_ZERO_TO_0_05,simulated_trace,LIVE_BID_ASK,253.79,-238.79,-0.0184,0,F3_GATE_CORRECT_REJECTION,0,0,1,0
2026-07-21,2924,13:10:09,LATE,rej_531dcdaa,A8_KILLED,BNF,CREDIT,BEAR_CALL,EDGE_LT_0,VIX_12_14,UNKNOWN,PCR_LT_0_95,WALL_UNKNOWN,0.0,DISAGREE_ZERO_TO_0_05,simulated_trace,LIVE_BID_ASK,266.44,-200.44,-0.0112,0,F3_GATE_CORRECT_REJECTION,0,0,1,0
2026-07-21,2924,13:10:09,LATE,rej_4fdfd57e,A8_KILLED,BNF,CREDIT,BEAR_CALL,EDGE_LT_0,VIX_12_14,UNKNOWN,PCR_LT_0_95,WALL_UNKNOWN,0.0,DISAGREE_ZERO_TO_0_05,simulated_trace,LIVE_BID_ASK,246.33,-141.33,-0.0061,0,F3_GATE_CORRECT_REJECTION,0,0,1,0
2026-07-21,2924,13:10:09,LATE,rej_debfa98,A8_KILLED,BNF,CREDIT,BULL_PUT,EDGE_LT_0,VIX_12_14,UNKNOWN,PCR_LT_0_95,WALL_UNKNOWN,0.0,DISAGREE_ZERO_TO_0_05,simulated_trace,LIVE_BID_ASK,187.02,-224.52,-0.0246,0,F3_GATE_CORRECT_REJECTION,0,0,1,0
2026-07-21,2924,13:10:09,LATE,rej_3195a56f,A8_KILLED,BNF,CREDIT,BULL_PUT,EDGE_LT_0,VIX_12_14,UNKNOWN,PCR_LT_0_95,WALL_UNKNOWN,0.0,DISAGREE_ZERO_TO_0_05,simulated_trace,LIVE_BID_ASK,203.03,-233.03,-0.0202,0,F3_GATE_CORRECT_REJECTION,0,0,1,0
2026-07-21,2924,13:10:09,LATE,rej_b334a191,A8_KILLED,BNF,CREDIT,BULL_PUT,EDGE_LT_0,VIX_12_14,UNKNOWN,PCR_LT_0_95,WALL_UNKNOWN,0.0,DISAGREE_ZERO_TO_0_05,simulated_trace,LIVE_BID_ASK,297.09,-352.59,-0.0251,0,F3_GATE_CORRECT_REJECTION,0,0,1,0
2026-07-21,2924,13:10:09,LATE,rej_b67299d4,A8_KILLED,BNF,CREDIT,BULL_PUT,EDGE_LT_0,VIX_12_14,UNKNOWN,PCR_LT_0_95,WALL_UNKNOWN,0.0,DISAGREE_ZERO_TO_0_05,simulated_trace,LIVE_BID_ASK,222.86,-267.86,-0.0139,0,F3_GATE_CORRECT_REJECTION,0,0,1,0
2026-07-21,2924,13:10:09,LATE,rej_b9b09217,A8_KILLED,BNF,CREDIT,BULL_PUT,EDGE_LT_0,VIX_12_14,UNKNOWN,PCR_LT_0_95,WALL_UNKNOWN,0.0,DISAGREE_ZERO_TO_0_05,simulated_trace,LIVE_BID_ASK,250.8,-279.3,-0.0114,0,F3_GATE_CORRECT_REJECTION,0,0,1,0
2026-07-21,2925,13:15:06,LATE,rej_dd208ab8,A8_KILLED,BNF,CREDIT,BEAR_CALL,EDGE_LT_0,VIX_12_14,UNKNOWN,PCR_LT_0_95,WALL_UNKNOWN,0.0,DISAGREE_ZERO_TO_0_05,simulated_trace,LIVE_BID_ASK,300.21,-253.71,-0.0308,0,F3_GATE_CORRECT_REJECTION,0,0,1,0
2026-07-21,2925,13:15:06,LATE,rej_5b818e98,A8_KILLED,BNF,CREDIT,BEAR_CALL,EDGE_LT_0,VIX_12_14,UNKNOWN,PCR_LT_0_95,WALL_UNKNOWN,0.0,DISAGREE_ZERO_TO_0_05,simulated_trace,LIVE_BID_ASK,257.61,-182.61,-0.0174,0,F3_GATE_CORRECT_REJECTION,0,0,1,0
2026-07-21,2925,13:15:06,LATE,rej_37d7e3c3,A8_KILLED,BNF,CREDIT,BEAR_CALL,EDGE_LT_0,VIX_12_14,UNKNOWN,PCR_LT_0_95,WALL_UNKNOWN,0.0,DISAGREE_ZERO_TO_0_05,simulated_trace,LIVE_BID_ASK,254.07,-164.07,-0.0127,0,F3_GATE_CORRECT_REJECTION,0,0,1,0
2026-07-21,2925,13:15:06,LATE,rej_3499eb82,A8_KILLED,BNF,CREDIT,BEAR_CALL,EDGE_LT_0,VIX_12_14,UNKNOWN,PCR_LT_0_95,WALL_UNKNOWN,0.0,DISAGREE_ZERO_TO_0_05,simulated_trace,LIVE_BID_ASK,266.72,-119.72,-0.0067,0,F3_GATE_CORRECT_REJECTION,0,0,1,0
2026-07-21,2925,13:15:06,LATE,rej_315bf356,A8_KILLED,BNF,CREDIT,BEAR_CALL,EDGE_LT_0,VIX_12_14,UNKNOWN,PCR_LT_0_95,WALL_UNKNOWN,0.0,DISAGREE_ZERO_TO_0_05,simulated_trace,LIVE_BID_ASK,246.6,-47.1,-0.002,0,F3_GATE_CORRECT_REJECTION,0,0,1,0
2026-07-21,2925,13:15:06,LATE,rej_7008c1c0,A8_KILLED,BNF,CREDIT,BULL_PUT,EDGE_LT_0,VIX_12_14,UNKNOWN,PCR_LT_0_95,WALL_UNKNOWN,0.0,DISAGREE_ZERO_TO_0_05,simulated_trace,LIVE_BID_ASK,186.72,-264.72,-0.0289,0,F3_GATE_CORRECT_REJECTION,0,0,1,0
2026-07-21,2925,13:15:06,LATE,rej_93b26c97,A8_KILLED,BNF,CREDIT,BULL_PUT,EDGE_LT_0,VIX_12_14,UNKNOWN,PCR_LT_0_95,WALL_UNKNOWN,0.0,DISAGREE_ZERO_TO_0_05,simulated_trace,LIVE_BID_ASK,202.74,-282.24,-0.0243,0,F3_GATE_CORRECT_REJECTION,0,0,1,0
2026-07-21,2925,13:15:06,LATE,rej_155168b9,A8_KILLED,BNF,CREDIT,BULL_PUT,EDGE_LT_0,VIX_12_14,UNKNOWN,PCR_LT_0_95,WALL_UNKNOWN,0.0,DISAGREE_ZERO_TO_0_05,simulated_trace,LIVE_BID_ASK,296.8,-412.3,-0.0292,0,F3_GATE_CORRECT_REJECTION,0,0,1,0
2026-07-21,2925,13:15:06,LATE,rej_188f60fc,A8_KILLED,BNF,CREDIT,BULL_PUT,EDGE_LT_0,VIX_12_14,UNKNOWN,PCR_LT_0_95,WALL_UNKNOWN,0.0,DISAGREE_ZERO_TO_0_05,simulated_trace,LIVE_BID_ASK,222.58,-338.08,-0.0175,0,F3_GATE_CORRECT_REJECTION,0,0,1,0
2026-07-21,2925,13:15:06,LATE,rej_1bcd593f,A8_KILLED,BNF,CREDIT,BULL_PUT,EDGE_LT_0,VIX_12_14,UNKNOWN,PCR_LT_0_95,WALL_UNKNOWN,0.0,DISAGREE_ZERO_TO_0_05,simulated_trace,LIVE_BID_ASK,250.52,-358.52,-0.0145,0,F3_GATE_CORRECT_REJECTION,0,0,1,0
2026-07-21,2926,13:20:09,LATE,rej_66958561,A8_KILLED,BNF,CREDIT,BEAR_CALL,EDGE_LT_0,VIX_12_14,UNKNOWN,PCR_LT_0_95,WALL_UNKNOWN,0.0,DISAGREE_ZERO_TO_0_05,simulated_trace,LIVE_BID_ASK,300.56,-227.06,-0.0277,0,F3_GATE_CORRECT_REJECTION,0,0,1,0
2026-07-21,2926,13:20:09,LATE,rej_e4f68941,A8_KILLED,BNF,CREDIT,BEAR_CALL,EDGE_LT_0,VIX_12_14,UNKNOWN,PCR_LT_0_95,WALL_UNKNOWN,0.0,DISAGREE_ZERO_TO_0_05,simulated_trace,LIVE_BID_ASK,257.95,-139.45,-0.0133,0,F3_GATE_CORRECT_REJECTION,0,0,1,0
2026-07-21,2926,13:20:09,LATE,rej_c14cde6c,A8_KILLED,BNF,CREDIT,BEAR_CALL,EDGE_LT_0,VIX_12_14,UNKNOWN,PCR_LT_0_95,WALL_UNKNOWN,0.0,DISAGREE_ZERO_TO_0_05,simulated_trace,LIVE_BID_ASK,254.41,-117.91,-0.0092,0,F3_GATE_CORRECT_REJECTION,0,0,1,0
2026-07-21,2926,13:20:09,LATE,rej_be0ee62b,A8_KILLED,BNF,CREDIT,BEAR_CALL,EDGE_LT_0,VIX_12_14,UNKNOWN,PCR_LT_0_95,WALL_UNKNOWN,0.0,DISAGREE_ZERO_TO_0_05,simulated_trace,LIVE_BID_ASK,267.04,-31.54,-0.0018,0,F3_GATE_CORRECT_REJECTION,0,0,1,0
2026-07-21,2926,13:20:09,LATE,rej_bad0edff,A8_KILLED,BNF,CREDIT,BEAR_CALL,EDGE_LT_0,VIX_12_14,UNKNOWN,PCR_LT_0_95,WALL_UNKNOWN,0.0,DISAGREE_ZERO_TO_0_05,simulated_trace,LIVE_BID_ASK,246.92,57.58,0.0025,1,F2_GATE_FALSE_NEGATIVE,0,0,1,0
2026-07-21,2926,13:20:09,LATE,rej_2a254df7,A8_KILLED,BNF,CREDIT,BULL_PUT,EDGE_LT_0,VIX_12_14,UNKNOWN,PCR_LT_0_95,WALL_UNKNOWN,0.0,DISAGREE_ZERO_TO_0_05,simulated_trace,LIVE_BID_ASK,186.47,-309.47,-0.0336,0,F3_GATE_CORRECT_REJECTION,0,0,1,0
2026-07-21,2926,13:20:09,LATE,rej_4dcef8ce,A8_KILLED,BNF,CREDIT,BULL_PUT,EDGE_LT_0,VIX_12_14,UNKNOWN,PCR_LT_0_95,WALL_UNKNOWN,0.0,DISAGREE_ZERO_TO_0_05,simulated_trace,LIVE_BID_ASK,202.49,-334.49,-0.0287,0,F3_GATE_CORRECT_REJECTION,0,0,1,0
2026-07-21,2926,13:20:09,LATE,rej_cf6df4f0,A8_KILLED,BNF,CREDIT,BULL_PUT,EDGE_LT_0,VIX_12_14,UNKNOWN,PCR_LT_0_95,WALL_UNKNOWN,0.0,DISAGREE_ZERO_TO_0_05,simulated_trace,LIVE_BID_ASK,296.54,-457.04,-0.0323,0,F3_GATE_CORRECT_REJECTION,0,0,1,0
2026-07-21,2926,13:20:09,LATE,rej_d2abed33,A8_KILLED,BNF,CREDIT,BULL_PUT,EDGE_LT_0,VIX_12_14,UNKNOWN,PCR_LT_0_95,WALL_UNKNOWN,0.0,DISAGREE_ZERO_TO_0_05,simulated_trace,LIVE_BID_ASK,222.33,-397.83,-0.0206,0,F3_GATE_CORRECT_REJECTION,0,0,1,0
2026-07-21,2926,13:20:09,LATE,rej_d5e9e576,A8_KILLED,BNF,CREDIT,BULL_PUT,EDGE_LT_0,VIX_12_14,UNKNOWN,PCR_LT_0_95,WALL_UNKNOWN,0.0,DISAGREE_ZERO_TO_0_05,simulated_trace,LIVE_BID_ASK,250.28,-425.78,-0.0172,0,F3_GATE_CORRECT_REJECTION,0,0,1,0
2026-07-21,2927,13:25:09,LATE,rej_f3b4263c,A8_KILLED,BNF,CREDIT,BEAR_CALL,EDGE_LT_0,VIX_12_14,UNKNOWN,PCR_LT_0_95,WALL_UNKNOWN,0.0,DISAGREE_ZERO_TO_0_05,simulated_trace,LIVE_BID_ASK,301.07,-146.57,-0.0181,0,F3_GATE_CORRECT_REJECTION,0,0,1,0
2026-07-21,2927,13:25:09,LATE,rej_72152a1c,A8_KILLED,BNF,CREDIT,BEAR_CALL,EDGE_LT_0,VIX_12_14,UNKNOWN,PCR_LT_0_95,WALL_UNKNOWN,0.0,DISAGREE_ZERO_TO_0_05,simulated_trace,LIVE_BID_ASK,258.45,-42.45,-0.0041,0,F3_GATE_CORRECT_REJECTION,0,0,1,0
2026-07-21,2927,13:25:09,LATE,rej_4e6b7f47,A8_KILLED,BNF,CREDIT,BEAR_CALL,EDGE_LT_0,VIX_12_14,UNKNOWN,PCR_LT_0_95,WALL_UNKNOWN,0.0,DISAGREE_ZERO_TO_0_05,simulated_trace,LIVE_BID_ASK,254.9,-1.4,-0.0001,0,F3_GATE_CORRECT_REJECTION,0,0,1,0
2026-07-21,2927,13:25:09,LATE,rej_4b2d8706,A8_KILLED,BNF,CREDIT,BEAR_CALL,EDGE_LT_0,VIX_12_14,UNKNOWN,PCR_LT_0_95,WALL_UNKNOWN,0.0,DISAGREE_ZERO_TO_0_05,simulated_trace,LIVE_BID_ASK,267.52,99.98,0.0057,1,F2_GATE_FALSE_NEGATIVE,0,0,1,0
2026-07-21,2927,13:25:09,LATE,rej_47ef8eda,A8_KILLED,BNF,CREDIT,BEAR_CALL,EDGE_LT_0,VIX_12_14,UNKNOWN,PCR_LT_0_95,WALL_UNKNOWN,0.0,DISAGREE_ZERO_TO_0_05,simulated_trace,LIVE_BID_ASK,247.39,217.61,0.0095,1,F2_GATE_FALSE_NEGATIVE,0,0,1,0
2026-07-21,2927,13:25:09,LATE,rej_aa91a5bc,A8_KILLED,BNF,CREDIT,BULL_PUT,EDGE_LT_0,VIX_12_14,UNKNOWN,PCR_LT_0_95,WALL_UNKNOWN,0.0,DISAGREE_ZERO_TO_0_05,simulated_trace,LIVE_BID_ASK,185.84,-374.84,-0.0405,0,F3_GATE_CORRECT_REJECTION,0,0,1,0
2026-07-21,2927,13:25:09,LATE,rej_ce3b5093,A8_KILLED,BNF,CREDIT,BULL_PUT,EDGE_LT_0,VIX_12_14,UNKNOWN,PCR_LT_0_95,WALL_UNKNOWN,0.0,DISAGREE_ZERO_TO_0_05,simulated_trace,LIVE_BID_ASK,201.87,-431.37,-0.0367,0,F3_GATE_CORRECT_REJECTION,0,0,1,0
2026-07-21,2927,13:25:09,LATE,rej_4fda4cb5,A8_KILLED,BNF,CREDIT,BULL_PUT,EDGE_LT_0,VIX_12_14,UNKNOWN,PCR_LT_0_95,WALL_UNKNOWN,0.0,DISAGREE_ZERO_TO_0_05,simulated_trace,LIVE_BID_ASK,295.94,-576.44,-0.0404,0,F3_GATE_CORRECT_REJECTION,0,0,1,0
2026-07-21,2927,13:25:09,LATE,rej_531844f8,A8_KILLED,BNF,CREDIT,BULL_PUT,EDGE_LT_0,VIX_12_14,UNKNOWN,PCR_LT_0_95,WALL_UNKNOWN,0.0,DISAGREE_ZERO_TO_0_05,simulated_trace,LIVE_BID_ASK,221.74,-550.24,-0.0282,0,F3_GATE_CORRECT_REJECTION,0,0,1,0
2026-07-21,2927,13:25:09,LATE,rej_56563d3b,A8_KILLED,BNF,CREDIT,BULL_PUT,EDGE_LT_0,VIX_12_14,UNKNOWN,PCR_LT_0_95,WALL_UNKNOWN,0.0,DISAGREE_ZERO_TO_0_05,simulated_trace,LIVE_BID_ASK,249.71,-612.71,-0.0246,0,F3_GATE_CORRECT_REJECTION,0,0,1,0
2026-07-21,2928,13:30:09,LATE,rej_c2ed0718,A8_KILLED,BNF,CREDIT,BEAR_CALL,EDGE_LT_0,VIX_12_14,UNKNOWN,PCR_LT_0_95,WALL_UNKNOWN,0.0,DISAGREE_ZERO_TO_0_05,simulated_trace,LIVE_BID_ASK,301.36,-106.36,-0.0132,0,F3_GATE_CORRECT_REJECTION,0,0,1,0
2026-07-21,2928,13:30:09,LATE,rej_414e0af8,A8_KILLED,BNF,CREDIT,BEAR_CALL,EDGE_LT_0,VIX_12_14,UNKNOWN,PCR_LT_0_95,WALL_UNKNOWN,0.0,DISAGREE_ZERO_TO_0_05,simulated_trace,LIVE_BID_ASK,258.75,-6.75,-0.0007,0,F3_GATE_CORRECT_REJECTION,0,0,1,0
2026-07-21,2928,13:30:09,LATE,rej_1da46023,A8_KILLED,BNF,CREDIT,BEAR_CALL,EDGE_LT_0,VIX_12_14,UNKNOWN,PCR_LT_0_95,WALL_UNKNOWN,0.0,DISAGREE_ZERO_TO_0_05,simulated_trace,LIVE_BID_ASK,255.19,58.31,0.0046,1,F2_GATE_FALSE_NEGATIVE,0,0,1,0
2026-07-21,2928,13:30:09,LATE,rej_1a6667e2,A8_KILLED,BNF,CREDIT,BEAR_CALL,EDGE_LT_0,VIX_12_14,UNKNOWN,PCR_LT_0_95,WALL_UNKNOWN,0.0,DISAGREE_ZERO_TO_0_05,simulated_trace,LIVE_BID_ASK,267.8,180.7,0.0103,1,F2_GATE_FALSE_NEGATIVE,0,0,1,0
2026-07-21,2928,13:30:09,LATE,rej_17286fa1,A8_KILLED,BNF,CREDIT,BEAR_CALL,EDGE_LT_0,VIX_12_14,UNKNOWN,PCR_LT_0_95,WALL_UNKNOWN,0.0,DISAGREE_ZERO_TO_0_05,simulated_trace,LIVE_BID_ASK,247.66,317.84,0.0139,1,F2_GATE_FALSE_NEGATIVE,0,0,1,0
2026-07-21,2928,13:30:09,LATE,rej_9038a4a1,A8_KILLED,BNF,CREDIT,BULL_PUT,EDGE_LT_0,VIX_12_14,UNKNOWN,PCR_LT_0_95,WALL_UNKNOWN,0.0,DISAGREE_ZERO_TO_0_05,simulated_trace,LIVE_BID_ASK,185.36,-437.36,-0.0469,0,F3_GATE_CORRECT_REJECTION,0,0,1,0
2026-07-21,2928,13:30:09,LATE,rej_b3e24f78,A8_KILLED,BNF,CREDIT,BULL_PUT,EDGE_LT_0,VIX_12_14,UNKNOWN,PCR_LT_0_95,WALL_UNKNOWN,0.0,DISAGREE_ZERO_TO_0_05,simulated_trace,LIVE_BID_ASK,201.39,-493.89,-0.0418,0,F3_GATE_CORRECT_REJECTION,0,0,1,0
2026-07-21,2928,13:30:09,LATE,rej_35814b9a,A8_KILLED,BNF,CREDIT,BULL_PUT,EDGE_LT_0,VIX_12_14,UNKNOWN,PCR_LT_0_95,WALL_UNKNOWN,0.0,DISAGREE_ZERO_TO_0_05,simulated_trace,LIVE_BID_ASK,295.47,-656.97,-0.0458,0,F3_GATE_CORRECT_REJECTION,0,0,1,0
2026-07-21,2928,13:30:09,LATE,rej_38bf43dd,A8_KILLED,BNF,CREDIT,BULL_PUT,EDGE_LT_0,VIX_12_14,UNKNOWN,PCR_LT_0_95,WALL_UNKNOWN,0.0,DISAGREE_ZERO_TO_0_05,simulated_trace,LIVE_BID_ASK,221.28,-654.78,-0.0334,0,F3_GATE_CORRECT_REJECTION,0,0,1,0
2026-07-21,2929,13:35:10,LATE,rej_9008be09,A8_KILLED,BNF,CREDIT,BEAR_CALL,EDGE_LT_0,VIX_12_14,UNKNOWN,PCR_LT_0_95,WALL_UNKNOWN,0.0,DISAGREE_ZERO_TO_0_05,simulated_trace,LIVE_BID_ASK,301.56,-82.56,-0.0103,0,F3_GATE_CORRECT_REJECTION,0,0,1,0
2026-07-21,2929,13:35:10,LATE,rej_e69c1e9,A8_KILLED,BNF,CREDIT,BEAR_CALL,EDGE_LT_0,VIX_12_14,UNKNOWN,PCR_LT_0_95,WALL_UNKNOWN,0.0,DISAGREE_ZERO_TO_0_05,simulated_trace,LIVE_BID_ASK,258.94,38.06,0.0037,1,F2_GATE_FALSE_NEGATIVE,0,0,1,0
2026-07-21,2929,13:35:10,LATE,rej_eac01714,A8_KILLED,BNF,CREDIT,BEAR_CALL,EDGE_LT_0,VIX_12_14,UNKNOWN,PCR_LT_0_95,WALL_UNKNOWN,0.0,DISAGREE_ZERO_TO_0_05,simulated_trace,LIVE_BID_ASK,255.38,101.62,0.0081,1,F2_GATE_FALSE_NEGATIVE,0,0,1,0
2026-07-21,2929,13:35:10,LATE,rej_e7821ed3,A8_KILLED,BNF,CREDIT,BEAR_CALL,EDGE_LT_0,VIX_12_14,UNKNOWN,PCR_LT_0_95,WALL_UNKNOWN,0.0,DISAGREE_ZERO_TO_0_05,simulated_trace,LIVE_BID_ASK,267.99,233.01,0.0133,1,F2_GATE_FALSE_NEGATIVE,0,0,1,0
2026-07-21,2929,13:35:10,LATE,rej_e4442692,A8_KILLED,BNF,CREDIT,BEAR_CALL,EDGE_LT_0,VIX_12_14,UNKNOWN,PCR_LT_0_95,WALL_UNKNOWN,0.0,DISAGREE_ZERO_TO_0_05,simulated_trace,LIVE_BID_ASK,247.84,388.16,0.0171,1,F2_GATE_FALSE_NEGATIVE,0,0,1,0
2026-07-21,2929,13:35:10,LATE,rej_4441cb90,A8_KILLED,BNF,CREDIT,BULL_PUT,EDGE_LT_0,VIX_12_14,UNKNOWN,PCR_LT_0_95,WALL_UNKNOWN,0.0,DISAGREE_ZERO_TO_0_05,simulated_trace,LIVE_BID_ASK,185.05,-480.55,-0.0513,0,F3_GATE_CORRECT_REJECTION,0,0,1,0
2026-07-21,2929,13:35:10,LATE,rej_67eb7667,A8_KILLED,BNF,CREDIT,BULL_PUT,EDGE_LT_0,VIX_12_14,UNKNOWN,PCR_LT_0_95,WALL_UNKNOWN,0.0,DISAGREE_ZERO_TO_0_05,simulated_trace,LIVE_BID_ASK,201.09,-552.09,-0.0465,0,F3_GATE_CORRECT_REJECTION,0,0,1,0
2026-07-21,2929,13:35:10,LATE,rej_e98a7289,A8_KILLED,BNF,CREDIT,BULL_PUT,EDGE_LT_0,VIX_12_14,UNKNOWN,PCR_LT_0_95,WALL_UNKNOWN,0.0,DISAGREE_ZERO_TO_0_05,simulated_trace,LIVE_BID_ASK,295.17,-719.67,-0.0499,0,F3_GATE_CORRECT_REJECTION,0,0,1,0
2026-07-21,2929,13:35:10,LATE,rej_ecc86acc,A8_KILLED,BNF,CREDIT,BULL_PUT,EDGE_LT_0,VIX_12_14,UNKNOWN,PCR_LT_0_95,WALL_UNKNOWN,0.0,DISAGREE_ZERO_TO_0_05,simulated_trace,LIVE_BID_ASK,220.98,-724.98,-0.0369,0,F3_GATE_CORRECT_REJECTION,0,0,1,0
2026-07-21,2930,13:40:09,LATE,rej_2dde1f9d,A8_KILLED,BNF,CREDIT,BEAR_CALL,EDGE_LT_0,VIX_12_14,UNKNOWN,PCR_LT_0_95,WALL_UNKNOWN,0.0,DISAGREE_ZERO_TO_0_05,simulated_trace,LIVE_BID_ASK,301.5,-81.0,-0.0101,0,F3_GATE_CORRECT_REJECTION,0,0,1,0
2026-07-21,2930,13:40:09,LATE,rej_ac3f237d,A8_KILLED,BNF,CREDIT,BEAR_CALL,EDGE_LT_0,VIX_12_14,UNKNOWN,PCR_LT_0_95,WALL_UNKNOWN,0.0,DISAGREE_ZERO_TO_0_05,simulated_trace,LIVE_BID_ASK,258.87,42.63,0.0041,1,F2_GATE_FALSE_NEGATIVE,0,0,1,0
2026-07-21,2930,13:40:09,LATE,rej_889578a8,A8_KILLED,BNF,CREDIT,BEAR_CALL,EDGE_LT_0,VIX_12_14,UNKNOWN,PCR_LT_0_95,WALL_UNKNOWN,0.0,DISAGREE_ZERO_TO_0_05,simulated_trace,LIVE_BID_ASK,255.31,106.19,0.0084,1,F2_GATE_FALSE_NEGATIVE,0,0,1,0
2026-07-21,2930,13:40:09,LATE,rej_85578067,A8_KILLED,BNF,CREDIT,BEAR_CALL,EDGE_LT_0,VIX_12_14,UNKNOWN,PCR_LT_0_95,WALL_UNKNOWN,0.0,DISAGREE_ZERO_TO_0_05,simulated_trace,LIVE_BID_ASK,267.93,216.57,0.0123,1,F2_GATE_FALSE_NEGATIVE,0,0,1,0
2026-07-21,2930,13:40:09,LATE,rej_82198826,A8_KILLED,BNF,CREDIT,BEAR_CALL,EDGE_LT_0,VIX_12_14,UNKNOWN,PCR_LT_0_95,WALL_UNKNOWN,0.0,DISAGREE_ZERO_TO_0_05,simulated_trace,LIVE_BID_ASK,247.78,361.22,0.0159,1,F2_GATE_FALSE_NEGATIVE,0,0,1,0
2026-07-21,2931,13:45:09,LATE,rej_bafcc073,A8_KILLED,BNF,CREDIT,BEAR_CALL,EDGE_LT_0,VIX_12_14,UNKNOWN,PCR_LT_0_95,WALL_UNKNOWN,0.0,DISAGREE_ZERO_TO_0_05,simulated_trace,LIVE_BID_ASK,300.68,-201.68,-0.0247,0,F3_GATE_CORRECT_REJECTION,0,0,1,0
2026-07-21,2931,13:45:09,LATE,rej_395dc453,A8_KILLED,BNF,CREDIT,BEAR_CALL,EDGE_LT_0,VIX_12_14,UNKNOWN,PCR_LT_0_95,WALL_UNKNOWN,0.0,DISAGREE_ZERO_TO_0_05,simulated_trace,LIVE_BID_ASK,258.07,-120.07,-0.0115,0,F3_GATE_CORRECT_REJECTION,0,0,1,0
2026-07-21,2931,13:45:09,LATE,rej_15b4197e,A8_KILLED,BNF,CREDIT,BEAR_CALL,EDGE_LT_0,VIX_12_14,UNKNOWN,PCR_LT_0_95,WALL_UNKNOWN,0.0,DISAGREE_ZERO_TO_0_05,simulated_trace,LIVE_BID_ASK,254.53,-88.03,-0.0069,0,F3_GATE_CORRECT_REJECTION,0,0,1,0
2026-07-21,2931,13:45:09,LATE,rej_1276213d,A8_KILLED,BNF,CREDIT,BEAR_CALL,EDGE_LT_0,VIX_12_14,UNKNOWN,PCR_LT_0_95,WALL_UNKNOWN,0.0,DISAGREE_ZERO_TO_0_05,simulated_trace,LIVE_BID_ASK,267.16,1.34,0.0001,1,F2_GATE_FALSE_NEGATIVE,0,0,1,0
2026-07-21,2931,13:45:09,LATE,rej_f3828fc,A8_KILLED,BNF,CREDIT,BEAR_CALL,EDGE_LT_0,VIX_12_14,UNKNOWN,PCR_LT_0_95,WALL_UNKNOWN,0.0,DISAGREE_ZERO_TO_0_05,simulated_trace,LIVE_BID_ASK,247.03,100.97,0.0044,1,F2_GATE_FALSE_NEGATIVE,0,0,1,0
2026-07-21,2931,13:45:09,LATE,rej_2cde4fc4,A8_KILLED,BNF,CREDIT,BULL_PUT,EDGE_LT_0,VIX_12_14,UNKNOWN,PCR_LT_0_95,WALL_UNKNOWN,0.0,DISAGREE_ZERO_TO_0_05,simulated_trace,LIVE_BID_ASK,185.74,-379.24,-0.0409,0,F3_GATE_CORRECT_REJECTION,0,0,1,0
2026-07-21,2931,13:45:09,LATE,rej_5087fa9b,A8_KILLED,BNF,CREDIT,BULL_PUT,EDGE_LT_0,VIX_12_14,UNKNOWN,PCR_LT_0_95,WALL_UNKNOWN,0.0,DISAGREE_ZERO_TO_0_05,simulated_trace,LIVE_BID_ASK,201.77,-429.77,-0.0366,0,F3_GATE_CORRECT_REJECTION,0,0,1,0
2026-07-21,2931,13:45:09,LATE,rej_d226f6bd,A8_KILLED,BNF,CREDIT,BULL_PUT,EDGE_LT_0,VIX_12_14,UNKNOWN,PCR_LT_0_95,WALL_UNKNOWN,0.0,DISAGREE_ZERO_TO_0_05,simulated_trace,LIVE_BID_ASK,295.84,-565.84,-0.0397,0,F3_GATE_CORRECT_REJECTION,0,0,1,0
2026-07-21,2931,13:45:09,LATE,rej_d564ef00,A8_KILLED,BNF,CREDIT,BULL_PUT,EDGE_LT_0,VIX_12_14,UNKNOWN,PCR_LT_0_95,WALL_UNKNOWN,0.0,DISAGREE_ZERO_TO_0_05,simulated_trace,LIVE_BID_ASK,221.64,-547.14,-0.0281,0,F3_GATE_CORRECT_REJECTION,0,0,1,0
2026-07-21,2931,13:45:09,LATE,rej_d8a2e743,A8_KILLED,BNF,CREDIT,BULL_PUT,EDGE_LT_0,VIX_12_14,UNKNOWN,PCR_LT_0_95,WALL_UNKNOWN,0.0,DISAGREE_ZERO_TO_0_05,simulated_trace,LIVE_BID_ASK,249.61,-609.61,-0.0245,0,F3_GATE_CORRECT_REJECTION,0,0,1,0
2026-07-21,2932,13:50:07,LATE,rej_7bb83617,A8_KILLED,BNF,CREDIT,BEAR_CALL,EDGE_LT_0,VIX_12_14,UNKNOWN,PCR_LT_0_95,WALL_UNKNOWN,0.0,DISAGREE_ZERO_TO_0_05,simulated_trace,LIVE_BID_ASK,300.47,-231.47,-0.0282,0,F3_GATE_CORRECT_REJECTION,0,0,1,0
2026-07-21,2932,13:50:07,LATE,rej_fa1939f7,A8_KILLED,BNF,CREDIT,BEAR_CALL,EDGE_LT_0,VIX_12_14,UNKNOWN,PCR_LT_0_95,WALL_UNKNOWN,0.0,DISAGREE_ZERO_TO_0_05,simulated_trace,LIVE_BID_ASK,257.86,-139.36,-0.0133,0,F3_GATE_CORRECT_REJECTION,0,0,1,0
2026-07-21,2932,13:50:07,LATE,rej_d66f8f22,A8_KILLED,BNF,CREDIT,BEAR_CALL,EDGE_LT_0,VIX_12_14,UNKNOWN,PCR_LT_0_95,WALL_UNKNOWN,0.0,DISAGREE_ZERO_TO_0_05,simulated_trace,LIVE_BID_ASK,254.31,-114.81,-0.0089,0,F3_GATE_CORRECT_REJECTION,0,0,1,0
2026-07-21,2932,13:50:07,LATE,rej_d33196e1,A8_KILLED,BNF,CREDIT,BEAR_CALL,EDGE_LT_0,VIX_12_14,UNKNOWN,PCR_LT_0_95,WALL_UNKNOWN,0.0,DISAGREE_ZERO_TO_0_05,simulated_trace,LIVE_BID_ASK,266.96,-50.96,-0.0029,0,F3_GATE_CORRECT_REJECTION,0,0,1,0
2026-07-21,2932,13:50:07,LATE,rej_cff39ea0,A8_KILLED,BNF,CREDIT,BEAR_CALL,EDGE_LT_0,VIX_12_14,UNKNOWN,PCR_LT_0_95,WALL_UNKNOWN,0.0,DISAGREE_ZERO_TO_0_05,simulated_trace,LIVE_BID_ASK,246.84,32.16,0.0014,1,F2_GATE_FALSE_NEGATIVE,0,0,1,0
2026-07-21,2932,13:50:07,LATE,rej_9cb95a0,A8_KILLED,BNF,CREDIT,BULL_PUT,EDGE_LT_0,VIX_12_14,UNKNOWN,PCR_LT_0_95,WALL_UNKNOWN,0.0,DISAGREE_ZERO_TO_0_05,simulated_trace,LIVE_BID_ASK,185.7,-400.2,-0.0431,0,F3_GATE_CORRECT_REJECTION,0,0,1,0
2026-07-21,2932,13:50:07,LATE,rej_2d754077,A8_KILLED,BNF,CREDIT,BULL_PUT,EDGE_LT_0,VIX_12_14,UNKNOWN,PCR_LT_0_95,WALL_UNKNOWN,0.0,DISAGREE_ZERO_TO_0_05,simulated_trace,LIVE_BID_ASK,201.73,-449.23,-0.0382,0,F3_GATE_CORRECT_REJECTION,0,0,1,0
2026-07-21,2932,13:50:07,LATE,rej_af143c99,A8_KILLED,BNF,CREDIT,BULL_PUT,EDGE_LT_0,VIX_12_14,UNKNOWN,PCR_LT_0_95,WALL_UNKNOWN,0.0,DISAGREE_ZERO_TO_0_05,simulated_trace,LIVE_BID_ASK,295.79,-588.29,-0.0412,0,F3_GATE_CORRECT_REJECTION,0,0,1,0
2026-07-21,2932,13:50:07,LATE,rej_b25234dc,A8_KILLED,BNF,CREDIT,BULL_PUT,EDGE_LT_0,VIX_12_14,UNKNOWN,PCR_LT_0_95,WALL_UNKNOWN,0.0,DISAGREE_ZERO_TO_0_05,simulated_trace,LIVE_BID_ASK,221.59,-557.59,-0.0286,0,F3_GATE_CORRECT_REJECTION,0,0,1,0
2026-07-21,2932,13:50:07,LATE,rej_b5902d1f,A8_KILLED,BNF,CREDIT,BULL_PUT,EDGE_LT_0,VIX_12_14,UNKNOWN,PCR_LT_0_95,WALL_UNKNOWN,0.0,DISAGREE_ZERO_TO_0_05,simulated_trace,LIVE_BID_ASK,249.55,-618.55,-0.0248,0,F3_GATE_CORRECT_REJECTION,0,0,1,0
2026-07-21,2933,13:55:10,LATE,rej_65eaef0a,A8_KILLED,BNF,CREDIT,BEAR_CALL,EDGE_LT_0,VIX_12_14,UNKNOWN,PCR_LT_0_95,WALL_UNKNOWN,0.0,DISAGREE_ZERO_TO_0_05,simulated_trace,LIVE_BID_ASK,300.53,-194.03,-0.0238,0,F3_GATE_CORRECT_REJECTION,0,0,1,0
2026-07-21,2933,13:55:10,LATE,rej_e44bf2ea,A8_KILLED,BNF,CREDIT,BEAR_CALL,EDGE_LT_0,VIX_12_14,UNKNOWN,PCR_LT_0_95,WALL_UNKNOWN,0.0,DISAGREE_ZERO_TO_0_05,simulated_trace,LIVE_BID_ASK,257.92,-113.92,-0.0109,0,F3_GATE_CORRECT_REJECTION,0,0,1,0
2026-07-21,2933,13:55:10,LATE,rej_c0a24815,A8_KILLED,BNF,CREDIT,BEAR_CALL,EDGE_LT_0,VIX_12_14,UNKNOWN,PCR_LT_0_95,WALL_UNKNOWN,0.0,DISAGREE_ZERO_TO_0_05,simulated_trace,LIVE_BID_ASK,254.38,-83.38,-0.0065,0,F3_GATE_CORRECT_REJECTION,0,0,1,0
2026-07-21,2933,13:55:10,LATE,rej_bd644fd4,A8_KILLED,BNF,CREDIT,BEAR_CALL,EDGE_LT_0,VIX_12_14,UNKNOWN,PCR_LT_0_95,WALL_UNKNOWN,0.0,DISAGREE_ZERO_TO_0_05,simulated_trace,LIVE_BID_ASK,267.01,-6.01,-0.0003,0,F3_GATE_CORRECT_REJECTION,0,0,1,0
2026-07-21,2933,13:55:10,LATE,rej_ba265793,A8_KILLED,BNF,CREDIT,BEAR_CALL,EDGE_LT_0,VIX_12_14,UNKNOWN,PCR_LT_0_95,WALL_UNKNOWN,0.0,DISAGREE_ZERO_TO_0_05,simulated_trace,LIVE_BID_ASK,246.89,77.11,0.0033,1,F2_GATE_FALSE_NEGATIVE,0,0,1,0
2026-07-21,2933,13:55:10,LATE,rej_7cb4724d,A8_KILLED,BNF,CREDIT,BULL_PUT,EDGE_LT_0,VIX_12_14,UNKNOWN,PCR_LT_0_95,WALL_UNKNOWN,0.0,DISAGREE_ZERO_TO_0_05,simulated_trace,LIVE_BID_ASK,185.55,-418.05,-0.0449,0,F3_GATE_CORRECT_REJECTION,0,0,1,0
2026-07-21,2933,13:55:10,LATE,rej_a05e1d24,A8_KILLED,BNF,CREDIT,BULL_PUT,EDGE_LT_0,VIX_12_14,UNKNOWN,PCR_LT_0_95,WALL_UNKNOWN,0.0,DISAGREE_ZERO_TO_0_05,simulated_trace,LIVE_BID_ASK,201.58,-476.08,-0.0404,0,F3_GATE_CORRECT_REJECTION,0,0,1,0
2026-07-21,2933,13:55:10,LATE,rej_21fd1946,A8_KILLED,BNF,CREDIT,BULL_PUT,EDGE_LT_0,VIX_12_14,UNKNOWN,PCR_LT_0_95,WALL_UNKNOWN,0.0,DISAGREE_ZERO_TO_0_05,simulated_trace,LIVE_BID_ASK,295.65,-627.15,-0.0438,0,F3_GATE_CORRECT_REJECTION,0,0,1,0
2026-07-21,2933,13:55:10,LATE,rej_253b1189,A8_KILLED,BNF,CREDIT,BULL_PUT,EDGE_LT_0,VIX_12_14,UNKNOWN,PCR_LT_0_95,WALL_UNKNOWN,0.0,DISAGREE_ZERO_TO_0_05,simulated_trace,LIVE_BID_ASK,221.46,-611.46,-0.0313,0,F3_GATE_CORRECT_REJECTION,0,0,1,0
2026-07-21,2933,13:55:10,LATE,rej_287909cc,A8_KILLED,BNF,CREDIT,BULL_PUT,EDGE_LT_0,VIX_12_14,UNKNOWN,PCR_LT_0_95,WALL_UNKNOWN,0.0,DISAGREE_ZERO_TO_0_05,simulated_trace,LIVE_BID_ASK,249.42,-673.92,-0.027,0,F3_GATE_CORRECT_REJECTION,0,0,1,0
2026-07-21,2934,14:05:10,LATE,rej_d0dc078c,A8_KILLED,BNF,CREDIT,BEAR_CALL,EDGE_LT_0,VIX_12_14,UNKNOWN,PCR_LT_0_95,WALL_UNKNOWN,0.0,DISAGREE_ZERO_TO_0_05,simulated_trace,LIVE_BID_ASK,300.87,-143.37,-0.0177,0,F3_GATE_CORRECT_REJECTION,0,0,1,0
2026-07-21,2934,14:05:10,LATE,rej_4f3d0b6c,A8_KILLED,BNF,CREDIT,BEAR_CALL,EDGE_LT_0,VIX_12_14,UNKNOWN,PCR_LT_0_95,WALL_UNKNOWN,0.0,DISAGREE_ZERO_TO_0_05,simulated_trace,LIVE_BID_ASK,258.25,-46.75,-0.0045,0,F3_GATE_CORRECT_REJECTION,0,0,1,0
2026-07-21,2934,14:05:10,LATE,rej_2b936097,A8_KILLED,BNF,CREDIT,BEAR_CALL,EDGE_LT_0,VIX_12_14,UNKNOWN,PCR_LT_0_95,WALL_UNKNOWN,0.0,DISAGREE_ZERO_TO_0_05,simulated_trace,LIVE_BID_ASK,254.7,1.8,0.0001,1,F2_GATE_FALSE_NEGATIVE,0,0,1,0
2026-07-21,2934,14:05:10,LATE,rej_28556856,A8_KILLED,BNF,CREDIT,BEAR_CALL,EDGE_LT_0,VIX_12_14,UNKNOWN,PCR_LT_0_95,WALL_UNKNOWN,0.0,DISAGREE_ZERO_TO_0_05,simulated_trace,LIVE_BID_ASK,267.33,82.17,0.0046,1,F2_GATE_FALSE_NEGATIVE,0,0,1,0
2026-07-21,2934,14:05:10,LATE,rej_25177015,A8_KILLED,BNF,CREDIT,BEAR_CALL,EDGE_LT_0,VIX_12_14,UNKNOWN,PCR_LT_0_95,WALL_UNKNOWN,0.0,DISAGREE_ZERO_TO_0_05,simulated_trace,LIVE_BID_ASK,247.2,199.8,0.0087,1,F2_GATE_FALSE_NEGATIVE,0,0,1,0
2026-07-21,2934,14:05:10,LATE,rej_98edc5ad,A8_KILLED,BNF,CREDIT,BULL_PUT,EDGE_LT_0,VIX_12_14,UNKNOWN,PCR_LT_0_95,WALL_UNKNOWN,0.0,DISAGREE_ZERO_TO_0_05,simulated_trace,LIVE_BID_ASK,185.25,-468.75,-0.0501,0,F3_GATE_CORRECT_REJECTION,0,0,1,0
2026-07-21,2934,14:05:10,LATE,rej_bc977084,A8_KILLED,BNF,CREDIT,BULL_PUT,EDGE_LT_0,VIX_12_14,UNKNOWN,PCR_LT_0_95,WALL_UNKNOWN,0.0,DISAGREE_ZERO_TO_0_05,simulated_trace,LIVE_BID_ASK,201.29,-529.79,-0.0447,0,F3_GATE_CORRECT_REJECTION,0,0,1,0
2026-07-21,2934,14:05:10,LATE,rej_3e366ca6,A8_KILLED,BNF,CREDIT,BULL_PUT,EDGE_LT_0,VIX_12_14,UNKNOWN,PCR_LT_0_95,WALL_UNKNOWN,0.0,DISAGREE_ZERO_TO_0_05,simulated_trace,LIVE_BID_ASK,295.36,-694.36,-0.0482,0,F3_GATE_CORRECT_REJECTION,0,0,1,0
2026-07-21,2934,14:05:10,LATE,rej_417464e9,A8_KILLED,BNF,CREDIT,BULL_PUT,EDGE_LT_0,VIX_12_14,UNKNOWN,PCR_LT_0_95,WALL_UNKNOWN,0.0,DISAGREE_ZERO_TO_0_05,simulated_trace,LIVE_BID_ASK,221.17,-687.67,-0.035,0,F3_GATE_CORRECT_REJECTION,0,0,1,0
2026-07-21,2935,14:10:08,LATE,rej_e025e81a,A8_KILLED,BNF,CREDIT,BEAR_CALL,EDGE_LT_0,VIX_12_14,UNKNOWN,PCR_LT_0_95,WALL_UNKNOWN,0.0,DISAGREE_ZERO_TO_0_05,simulated_trace,LIVE_BID_ASK,300.13,-267.13,-0.0324,0,F3_GATE_CORRECT_REJECTION,0,0,1,0
2026-07-21,2935,14:10:08,LATE,rej_5e86ebfa,A8_KILLED,BNF,CREDIT,BEAR_CALL,EDGE_LT_0,VIX_12_14,UNKNOWN,PCR_LT_0_95,WALL_UNKNOWN,0.0,DISAGREE_ZERO_TO_0_05,simulated_trace,LIVE_BID_ASK,257.53,-199.03,-0.0189,0,F3_GATE_CORRECT_REJECTION,0,0,1,0
2026-07-21,2935,14:10:08,LATE,rej_3add4125,A8_KILLED,BNF,CREDIT,BEAR_CALL,EDGE_LT_0,VIX_12_14,UNKNOWN,PCR_LT_0_95,WALL_UNKNOWN,0.0,DISAGREE_ZERO_TO_0_05,simulated_trace,LIVE_BID_ASK,253.99,-181.99,-0.0141,0,F3_GATE_CORRECT_REJECTION,0,0,1,0
2026-07-21,2935,14:10:08,LATE,rej_379f48e4,A8_KILLED,BNF,CREDIT,BEAR_CALL,EDGE_LT_0,VIX_12_14,UNKNOWN,PCR_LT_0_95,WALL_UNKNOWN,0.0,DISAGREE_ZERO_TO_0_05,simulated_trace,LIVE_BID_ASK,266.64,-142.14,-0.0079,0,F3_GATE_CORRECT_REJECTION,0,0,1,0
2026-07-21,2935,14:10:08,LATE,rej_346150a3,A8_KILLED,BNF,CREDIT,BEAR_CALL,EDGE_LT_0,VIX_12_14,UNKNOWN,PCR_LT_0_95,WALL_UNKNOWN,0.0,DISAGREE_ZERO_TO_0_05,simulated_trace,LIVE_BID_ASK,246.52,-68.02,-0.0029,0,F3_GATE_CORRECT_REJECTION,0,0,1,0
2026-07-21,2935,14:10:08,LATE,rej_a1ae173d,A8_KILLED,BNF,CREDIT,BULL_PUT,EDGE_LT_0,VIX_12_14,UNKNOWN,PCR_LT_0_95,WALL_UNKNOWN,0.0,DISAGREE_ZERO_TO_0_05,simulated_trace,LIVE_BID_ASK,185.89,-359.89,-0.0389,0,F3_GATE_CORRECT_REJECTION,0,0,1,0
2026-07-21,2935,14:10:08,LATE,rej_c557c214,A8_KILLED,BNF,CREDIT,BULL_PUT,EDGE_LT_0,VIX_12_14,UNKNOWN,PCR_LT_0_95,WALL_UNKNOWN,0.0,DISAGREE_ZERO_TO_0_05,simulated_trace,LIVE_BID_ASK,201.92,-407.42,-0.0348,0,F3_GATE_CORRECT_REJECTION,0,0,1,0
2026-07-21,2935,14:10:08,LATE,rej_46f6be36,A8_KILLED,BNF,CREDIT,BULL_PUT,EDGE_LT_0,VIX_12_14,UNKNOWN,PCR_LT_0_95,WALL_UNKNOWN,0.0,DISAGREE_ZERO_TO_0_05,simulated_trace,LIVE_BID_ASK,295.98,-549.48,-0.0386,0,F3_GATE_CORRECT_REJECTION,0,0,1,0
2026-07-21,2935,14:10:08,LATE,rej_4a34b679,A8_KILLED,BNF,CREDIT,BULL_PUT,EDGE_LT_0,VIX_12_14,UNKNOWN,PCR_LT_0_95,WALL_UNKNOWN,0.0,DISAGREE_ZERO_TO_0_05,simulated_trace,LIVE_BID_ASK,221.78,-515.78,-0.0265,0,F3_GATE_CORRECT_REJECTION,0,0,1,0
2026-07-21,2935,14:10:08,LATE,rej_4d72aebc,A8_KILLED,BNF,CREDIT,BULL_PUT,EDGE_LT_0,VIX_12_14,UNKNOWN,PCR_LT_0_95,WALL_UNKNOWN,0.0,DISAGREE_ZERO_TO_0_05,simulated_trace,LIVE_BID_ASK,249.74,-573.74,-0.0231,0,F3_GATE_CORRECT_REJECTION,0,0,1,0
2026-07-21,2936,14:15:09,LATE,rej_fbd0072e,A8_KILLED,BNF,CREDIT,BEAR_CALL,EDGE_LT_0,VIX_12_14,UNKNOWN,PCR_LT_0_95,WALL_UNKNOWN,0.0,DISAGREE_ZERO_TO_0_05,simulated_trace,LIVE_BID_ASK,300.09,-286.59,-0.0347,0,F3_GATE_CORRECT_REJECTION,0,0,1,0
2026-07-21,2936,14:15:09,LATE,rej_7a310b0e,A8_KILLED,BNF,CREDIT,BEAR_CALL,EDGE_LT_0,VIX_12_14,UNKNOWN,PCR_LT_0_95,WALL_UNKNOWN,0.0,DISAGREE_ZERO_TO_0_05,simulated_trace,LIVE_BID_ASK,257.49,-216.99,-0.0206,0,F3_GATE_CORRECT_REJECTION,0,0,1,0
2026-07-21,2936,14:15:09,LATE,rej_56876039,A8_KILLED,BNF,CREDIT,BEAR_CALL,EDGE_LT_0,VIX_12_14,UNKNOWN,PCR_LT_0_95,WALL_UNKNOWN,0.0,DISAGREE_ZERO_TO_0_05,simulated_trace,LIVE_BID_ASK,253.95,-213.45,-0.0165,0,F3_GATE_CORRECT_REJECTION,0,0,1,0
2026-07-21,2936,14:15:09,LATE,rej_534967f8,A8_KILLED,BNF,CREDIT,BEAR_CALL,EDGE_LT_0,VIX_12_14,UNKNOWN,PCR_LT_0_95,WALL_UNKNOWN,0.0,DISAGREE_ZERO_TO_0_05,simulated_trace,LIVE_BID_ASK,266.6,-167.6,-0.0093,0,F3_GATE_CORRECT_REJECTION,0,0,1,0
2026-07-21,2936,14:15:09,LATE,rej_500b6fb7,A8_KILLED,BNF,CREDIT,BEAR_CALL,EDGE_LT_0,VIX_12_14,UNKNOWN,PCR_LT_0_95,WALL_UNKNOWN,0.0,DISAGREE_ZERO_TO_0_05,simulated_trace,LIVE_BID_ASK,246.49,-90.49,-0.0039,0,F3_GATE_CORRECT_REJECTION,0,0,1,0
2026-07-21,2936,14:15:09,LATE,rej_818a4719,A8_KILLED,BNF,CREDIT,BULL_PUT,EDGE_LT_0,VIX_12_14,UNKNOWN,PCR_LT_0_95,WALL_UNKNOWN,0.0,DISAGREE_ZERO_TO_0_05,simulated_trace,LIVE_BID_ASK,185.87,-358.37,-0.0388,0,F3_GATE_CORRECT_REJECTION,0,0,1,0
2026-07-21,2936,14:15:09,LATE,rej_a533f1f0,A8_KILLED,BNF,CREDIT,BULL_PUT,EDGE_LT_0,VIX_12_14,UNKNOWN,PCR_LT_0_95,WALL_UNKNOWN,0.0,DISAGREE_ZERO_TO_0_05,simulated_trace,LIVE_BID_ASK,201.89,-404.39,-0.0345,0,F3_GATE_CORRECT_REJECTION,0,0,1,0
2026-07-21,2936,14:15:09,LATE,rej_26d2ee12,A8_KILLED,BNF,CREDIT,BULL_PUT,EDGE_LT_0,VIX_12_14,UNKNOWN,PCR_LT_0_95,WALL_UNKNOWN,0.0,DISAGREE_ZERO_TO_0_05,simulated_trace,LIVE_BID_ASK,295.97,-559.97,-0.0393,0,F3_GATE_CORRECT_REJECTION,0,0,1,0
2026-07-21,2936,14:15:09,LATE,rej_2a10e655,A8_KILLED,BNF,CREDIT,BULL_PUT,EDGE_LT_0,VIX_12_14,UNKNOWN,PCR_LT_0_95,WALL_UNKNOWN,0.0,DISAGREE_ZERO_TO_0_05,simulated_trace,LIVE_BID_ASK,221.76,-506.76,-0.0261,0,F3_GATE_CORRECT_REJECTION,0,0,1,0
2026-07-21,2936,14:15:09,LATE,rej_2d4ee138,A8_KILLED,BNF,CREDIT,BULL_PUT,EDGE_LT_0,VIX_12_14,UNKNOWN,PCR_LT_0_95,WALL_UNKNOWN,0.0,DISAGREE_ZERO_TO_0_05,simulated_trace,LIVE_BID_ASK,249.72,-569.22,-0.0229,0,F3_GATE_CORRECT_REJECTION,0,0,1,0
2026-07-21,2937,14:20:09,LATE,rej_d9a27ed5,A8_KILLED,BNF,CREDIT,BEAR_CALL,EDGE_LT_0,VIX_12_14,UNKNOWN,PCR_LT_0_95,WALL_UNKNOWN,0.0,DISAGREE_ZERO_TO_0_05,simulated_trace,LIVE_BID_ASK,300.67,-174.67,-0.0214,0,F3_GATE_CORRECT_REJECTION,0,0,1,0
2026-07-21,2937,14:20:09,LATE,rej_580382b5,A8_KILLED,BNF,CREDIT,BEAR_CALL,EDGE_LT_0,VIX_12_14,UNKNOWN,PCR_LT_0_95,WALL_UNKNOWN,0.0,DISAGREE_ZERO_TO_0_05,simulated_trace,LIVE_BID_ASK,258.06,-87.06,-0.0084,0,F3_GATE_CORRECT_REJECTION,0,0,1,0
2026-07-21,2937,14:20:09,LATE,rej_3459d7e0,A8_KILLED,BNF,CREDIT,BEAR_CALL,EDGE_LT_0,VIX_12_14,UNKNOWN,PCR_LT_0_95,WALL_UNKNOWN,0.0,DISAGREE_ZERO_TO_0_05,simulated_trace,LIVE_BID_ASK,254.51,-52.01,-0.0041,0,F3_GATE_CORRECT_REJECTION,0,0,1,0
2026-07-21,2937,14:20:09,LATE,rej_311bdf9f,A8_KILLED,BNF,CREDIT,BEAR_CALL,EDGE_LT_0,VIX_12_14,UNKNOWN,PCR_LT_0_95,WALL_UNKNOWN,0.0,DISAGREE_ZERO_TO_0_05,simulated_trace,LIVE_BID_ASK,267.15,17.85,0.001,1,F2_GATE_FALSE_NEGATIVE,0,0,1,0
2026-07-21,2937,14:20:09,LATE,rej_2ddde75e,A8_KILLED,BNF,CREDIT,BEAR_CALL,EDGE_LT_0,VIX_12_14,UNKNOWN,PCR_LT_0_95,WALL_UNKNOWN,0.0,DISAGREE_ZERO_TO_0_05,simulated_trace,LIVE_BID_ASK,247.02,117.48,0.0051,1,F2_GATE_FALSE_NEGATIVE,0,0,1,0
2026-07-21,2937,14:20:09,LATE,rej_1d5742b4,A8_KILLED,BNF,CREDIT,BULL_PUT,EDGE_LT_0,VIX_12_14,UNKNOWN,PCR_LT_0_95,WALL_UNKNOWN,0.0,DISAGREE_ZERO_TO_0_05,simulated_trace,LIVE_BID_ASK,185.29,-453.79,-0.0486,0,F3_GATE_CORRECT_REJECTION,0,0,1,0
2026-07-21,2937,14:20:09,LATE,rej_4100ed8b,A8_KILLED,BNF,CREDIT,BULL_PUT,EDGE_LT_0,VIX_12_14,UNKNOWN,PCR_LT_0_95,WALL_UNKNOWN,0.0,DISAGREE_ZERO_TO_0_05,simulated_trace,LIVE_BID_ASK,201.33,-511.83,-0.0433,0,F3_GATE_CORRECT_REJECTION,0,0,1,0
2026-07-21,2937,14:20:09,LATE,rej_c29fe9ad,A8_KILLED,BNF,CREDIT,BULL_PUT,EDGE_LT_0,VIX_12_14,UNKNOWN,PCR_LT_0_95,WALL_UNKNOWN,0.0,DISAGREE_ZERO_TO_0_05,simulated_trace,LIVE_BID_ASK,295.4,-670.4,-0.0467,0,F3_GATE_CORRECT_REJECTION,0,0,1,0
2026-07-21,2937,14:20:09,LATE,rej_c5dde490,A8_KILLED,BNF,CREDIT,BULL_PUT,EDGE_LT_0,VIX_12_14,UNKNOWN,PCR_LT_0_95,WALL_UNKNOWN,0.0,DISAGREE_ZERO_TO_0_05,simulated_trace,LIVE_BID_ASK,221.22,-674.22,-0.0344,0,F3_GATE_CORRECT_REJECTION,0,0,1,0
2026-07-21,2938,14:25:10,LATE,rej_a6be35c6,A8_KILLED,BNF,CREDIT,BEAR_CALL,EDGE_LT_0,VIX_12_14,UNKNOWN,PCR_LT_0_95,WALL_UNKNOWN,0.0,DISAGREE_ZERO_TO_0_05,simulated_trace,LIVE_BID_ASK,300.62,-177.62,-0.0218,0,F3_GATE_CORRECT_REJECTION,0,0,1,0
2026-07-21,2938,14:25:10,LATE,rej_251f39a6,A8_KILLED,BNF,CREDIT,BEAR_CALL,EDGE_LT_0,VIX_12_14,UNKNOWN,PCR_LT_0_95,WALL_UNKNOWN,0.0,DISAGREE_ZERO_TO_0_05,simulated_trace,LIVE_BID_ASK,258.01,-96.01,-0.0092,0,F3_GATE_CORRECT_REJECTION,0,0,1,0
2026-07-21,2938,14:25:10,LATE,rej_1758ed1,A8_KILLED,BNF,CREDIT,BEAR_CALL,EDGE_LT_0,VIX_12_14,UNKNOWN,PCR_LT_0_95,WALL_UNKNOWN,0.0,DISAGREE_ZERO_TO_0_05,simulated_trace,LIVE_BID_ASK,254.46,-60.96,-0.0048,0,F3_GATE_CORRECT_REJECTION,0,0,1,0
2026-07-21,2938,14:25:10,LATE,rej_fe379690,A8_KILLED,BNF,CREDIT,BEAR_CALL,EDGE_LT_0,VIX_12_14,UNKNOWN,PCR_LT_0_95,WALL_UNKNOWN,0.0,DISAGREE_ZERO_TO_0_05,simulated_trace,LIVE_BID_ASK,267.1,-1.6,-0.0001,0,F3_GATE_CORRECT_REJECTION,0,0,1,0
2026-07-21,2938,14:25:10,LATE,rej_faf99e4f,A8_KILLED,BNF,CREDIT,BEAR_CALL,EDGE_LT_0,VIX_12_14,UNKNOWN,PCR_LT_0_95,WALL_UNKNOWN,0.0,DISAGREE_ZERO_TO_0_05,simulated_trace,LIVE_BID_ASK,246.98,98.02,0.0043,1,F2_GATE_FALSE_NEGATIVE,0,0,1,0
2026-07-21,2938,14:25:10,LATE,rej_d16069a3,A8_KILLED,BNF,CREDIT,BULL_PUT,EDGE_LT_0,VIX_12_14,UNKNOWN,PCR_LT_0_95,WALL_UNKNOWN,0.0,DISAGREE_ZERO_TO_0_05,simulated_trace,LIVE_BID_ASK,185.32,-438.82,-0.047,0,F3_GATE_CORRECT_REJECTION,0,0,1,0
2026-07-21,2938,14:25:10,LATE,rej_f50a147a,A8_KILLED,BNF,CREDIT,BULL_PUT,EDGE_LT_0,VIX_12_14,UNKNOWN,PCR_LT_0_95,WALL_UNKNOWN,0.0,DISAGREE_ZERO_TO_0_05,simulated_trace,LIVE_BID_ASK,201.35,-498.35,-0.0422,0,F3_GATE_CORRECT_REJECTION,0,0,1,0
2026-07-21,2938,14:25:10,LATE,rej_76a9109c,A8_KILLED,BNF,CREDIT,BULL_PUT,EDGE_LT_0,VIX_12_14,UNKNOWN,PCR_LT_0_95,WALL_UNKNOWN,0.0,DISAGREE_ZERO_TO_0_05,simulated_trace,LIVE_BID_ASK,295.43,-665.93,-0.0464,0,F3_GATE_CORRECT_REJECTION,0,0,1,0
2026-07-21,2938,14:25:10,LATE,rej_79e70b7f,A8_KILLED,BNF,CREDIT,BULL_PUT,EDGE_LT_0,VIX_12_14,UNKNOWN,PCR_LT_0_95,WALL_UNKNOWN,0.0,DISAGREE_ZERO_TO_0_05,simulated_trace,LIVE_BID_ASK,221.24,-662.24,-0.0338,0,F3_GATE_CORRECT_REJECTION,0,0,1,0
2026-07-21,2939,14:30:09,LATE,rej_836a9977,A8_KILLED,BNF,CREDIT,BULL_PUT,EDGE_LT_0,VIX_12_14,UNKNOWN,PCR_LT_0_95,WALL_UNKNOWN,0.0,DISAGREE_ZERO_TO_0_05,simulated_trace,LIVE_BID_ASK,185.91,-313.41,-0.0341,0,F3_GATE_CORRECT_REJECTION,0,0,1,0
2026-07-21,2939,14:30:09,LATE,rej_a714444e,A8_KILLED,BNF,CREDIT,BULL_PUT,EDGE_LT_0,VIX_12_14,UNKNOWN,PCR_LT_0_95,WALL_UNKNOWN,0.0,DISAGREE_ZERO_TO_0_05,simulated_trace,LIVE_BID_ASK,201.95,-374.45,-0.032,0,F3_GATE_CORRECT_REJECTION,0,0,1,0
2026-07-21,2939,14:30:09,LATE,rej_28b34070,A8_KILLED,BNF,CREDIT,BULL_PUT,EDGE_LT_0,VIX_12_14,UNKNOWN,PCR_LT_0_95,WALL_UNKNOWN,0.0,DISAGREE_ZERO_TO_0_05,simulated_trace,LIVE_BID_ASK,296.01,-506.01,-0.0356,0,F3_GATE_CORRECT_REJECTION,0,0,1,0
2026-07-21,2939,14:30:09,LATE,rej_2bf138b3,A8_KILLED,BNF,CREDIT,BULL_PUT,EDGE_LT_0,VIX_12_14,UNKNOWN,PCR_LT_0_95,WALL_UNKNOWN,0.0,DISAGREE_ZERO_TO_0_05,simulated_trace,LIVE_BID_ASK,221.81,-484.31,-0.0249,0,F3_GATE_CORRECT_REJECTION,0,0,1,0
2026-07-21,2939,14:30:09,LATE,rej_2f2f3396,A8_KILLED,BNF,CREDIT,BULL_PUT,EDGE_LT_0,VIX_12_14,UNKNOWN,PCR_LT_0_95,WALL_UNKNOWN,0.0,DISAGREE_ZERO_TO_0_05,simulated_trace,LIVE_BID_ASK,249.77,-531.77,-0.0214,0,F3_GATE_CORRECT_REJECTION,0,0,1,0
2026-07-21,2940,14:35:10,LATE,rej_3773c066,A8_KILLED,BNF,CREDIT,BULL_PUT,EDGE_LT_0,VIX_12_14,UNKNOWN,PCR_LT_0_95,WALL_UNKNOWN,0.0,DISAGREE_ZERO_TO_0_05,simulated_trace,LIVE_BID_ASK,186.09,-330.09,-0.0358,0,F3_GATE_CORRECT_REJECTION,0,0,1,0
2026-07-21,2940,14:35:10,LATE,rej_5b1d6b3d,A8_KILLED,BNF,CREDIT,BULL_PUT,EDGE_LT_0,VIX_12_14,UNKNOWN,PCR_LT_0_95,WALL_UNKNOWN,0.0,DISAGREE_ZERO_TO_0_05,simulated_trace,LIVE_BID_ASK,202.12,-365.62,-0.0313,0,F3_GATE_CORRECT_REJECTION,0,0,1,0
2026-07-21,2940,14:35:10,LATE,rej_dcbc675f,A8_KILLED,BNF,CREDIT,BULL_PUT,EDGE_LT_0,VIX_12_14,UNKNOWN,PCR_LT_0_95,WALL_UNKNOWN,0.0,DISAGREE_ZERO_TO_0_05,simulated_trace,LIVE_BID_ASK,296.18,-494.18,-0.0348,0,F3_GATE_CORRECT_REJECTION,0,0,1,0
2026-07-21,2940,14:35:10,LATE,rej_dffa5fa2,A8_KILLED,BNF,CREDIT,BULL_PUT,EDGE_LT_0,VIX_12_14,UNKNOWN,PCR_LT_0_95,WALL_UNKNOWN,0.0,DISAGREE_ZERO_TO_0_05,simulated_trace,LIVE_BID_ASK,221.97,-452.97,-0.0234,0,F3_GATE_CORRECT_REJECTION,0,0,1,0
2026-07-21,2940,14:35:10,LATE,rej_e3385a85,A8_KILLED,BNF,CREDIT,BULL_PUT,EDGE_LT_0,VIX_12_14,UNKNOWN,PCR_LT_0_95,WALL_UNKNOWN,0.0,DISAGREE_ZERO_TO_0_05,simulated_trace,LIVE_BID_ASK,249.93,-501.93,-0.0203,0,F3_GATE_CORRECT_REJECTION,0,0,1,0
2026-07-21,2941,14:40:10,LATE,rej_9b7b4448,A8_KILLED,BNF,CREDIT,BEAR_CALL,EDGE_LT_0,VIX_12_14,UNKNOWN,PCR_LT_0_95,WALL_UNKNOWN,0.0,DISAGREE_ZERO_TO_0_05,simulated_trace,LIVE_BID_ASK,276.92,-434.42,-0.0539,0,F3_GATE_CORRECT_REJECTION,0,0,1,0
2026-07-21,2941,14:40:10,LATE,rej_19dc4828,A8_KILLED,BNF,CREDIT,BEAR_CALL,EDGE_LT_0,VIX_12_14,UNKNOWN,PCR_LT_0_95,WALL_UNKNOWN,0.0,DISAGREE_ZERO_TO_0_05,simulated_trace,LIVE_BID_ASK,285.25,-457.75,-0.0445,0,F3_GATE_CORRECT_REJECTION,0,0,1,0
2026-07-21,2941,14:40:10,LATE,rej_983d4c08,A8_KILLED,BNF,CREDIT,BEAR_CALL,EDGE_LT_0,VIX_12_14,UNKNOWN,PCR_LT_0_95,WALL_UNKNOWN,0.0,DISAGREE_ZERO_TO_0_05,simulated_trace,LIVE_BID_ASK,242.67,-448.17,-0.0354,0,F3_GATE_CORRECT_REJECTION,0,0,1,0
2026-07-21,2941,14:40:10,LATE,rej_f2f4a512,A8_KILLED,BNF,CREDIT,BEAR_CALL,EDGE_LT_0,VIX_12_14,UNKNOWN,PCR_LT_0_95,WALL_UNKNOWN,0.0,DISAGREE_ZERO_TO_0_05,simulated_trace,LIVE_BID_ASK,226.71,-463.71,-0.0264,0,F3_GATE_CORRECT_REJECTION,0,0,1,0
2026-07-21,2941,14:40:10,LATE,rej_efb6acd1,A8_KILLED,BNF,CREDIT,BEAR_CALL,EDGE_LT_0,VIX_12_14,UNKNOWN,PCR_LT_0_95,WALL_UNKNOWN,0.0,DISAGREE_ZERO_TO_0_05,simulated_trace,LIVE_BID_ASK,247.01,-503.51,-0.0221,0,F3_GATE_CORRECT_REJECTION,0,0,1,0
2026-07-21,2941,14:40:10,LATE,rej_2fde7fd6,A8_KILLED,BNF,CREDIT,BULL_PUT,EDGE_LT_0,VIX_12_14,UNKNOWN,PCR_LT_0_95,WALL_UNKNOWN,0.0,DISAGREE_ZERO_TO_0_05,simulated_trace,LIVE_BID_ASK,288.14,-325.64,-0.0348,0,F3_GATE_CORRECT_REJECTION,0,0,1,0
2026-07-21,2941,14:40:10,LATE,rej_b17d7bf8,A8_KILLED,BNF,CREDIT,BULL_PUT,EDGE_LT_0,VIX_12_14,UNKNOWN,PCR_LT_0_95,WALL_UNKNOWN,0.0,DISAGREE_ZERO_TO_0_05,simulated_trace,LIVE_BID_ASK,382.19,-428.69,-0.0362,0,F3_GATE_CORRECT_REJECTION,0,0,1,0
2026-07-21,2941,14:40:10,LATE,rej_331c781a,A8_KILLED,BNF,CREDIT,BULL_PUT,EDGE_LT_0,VIX_12_14,UNKNOWN,PCR_LT_0_95,WALL_UNKNOWN,0.0,DISAGREE_ZERO_TO_0_05,simulated_trace,LIVE_BID_ASK,381.8,-408.8,-0.0284,0,F3_GATE_CORRECT_REJECTION,0,0,1,0
2026-07-21,2941,14:40:10,LATE,rej_365a72fd,A8_KILLED,BNF,CREDIT,BULL_PUT,EDGE_LT_0,VIX_12_14,UNKNOWN,PCR_LT_0_95,WALL_UNKNOWN,0.0,DISAGREE_ZERO_TO_0_05,simulated_trace,LIVE_BID_ASK,283.68,-258.18,-0.0131,0,F3_GATE_CORRECT_REJECTION,0,0,1,0
2026-07-21,2942,14:45:09,LATE,rej_e89ccf11,A8_KILLED,BNF,CREDIT,BEAR_CALL,EDGE_LT_0,VIX_12_14,UNKNOWN,PCR_LT_0_95,WALL_UNKNOWN,0.0,DISAGREE_ZERO_TO_0_05,simulated_trace,LIVE_BID_ASK,277.27,-394.27,-0.0492,0,F3_GATE_CORRECT_REJECTION,0,0,1,0
2026-07-21,2942,14:45:09,LATE,rej_66fdd2f1,A8_KILLED,BNF,CREDIT,BEAR_CALL,EDGE_LT_0,VIX_12_14,UNKNOWN,PCR_LT_0_95,WALL_UNKNOWN,0.0,DISAGREE_ZERO_TO_0_05,simulated_trace,LIVE_BID_ASK,285.6,-419.1,-0.0409,0,F3_GATE_CORRECT_REJECTION,0,0,1,0
2026-07-21,2942,14:45:09,LATE,rej_e55ed6d1,A8_KILLED,BNF,CREDIT,BEAR_CALL,EDGE_LT_0,VIX_12_14,UNKNOWN,PCR_LT_0_95,WALL_UNKNOWN,0.0,DISAGREE_ZERO_TO_0_05,simulated_trace,LIVE_BID_ASK,243.01,-384.01,-0.0305,0,F3_GATE_CORRECT_REJECTION,0,0,1,0
2026-07-21,2942,14:45:09,LATE,rej_40162fdb,A8_KILLED,BNF,CREDIT,BEAR_CALL,EDGE_LT_0,VIX_12_14,UNKNOWN,PCR_LT_0_95,WALL_UNKNOWN,0.0,DISAGREE_ZERO_TO_0_05,simulated_trace,LIVE_BID_ASK,227.03,-363.53,-0.0208,0,F3_GATE_CORRECT_REJECTION,0,0,1,0
2026-07-21,2942,14:45:09,LATE,rej_3cd83a3a,A8_KILLED,BNF,CREDIT,BEAR_CALL,EDGE_LT_0,VIX_12_14,UNKNOWN,PCR_LT_0_95,WALL_UNKNOWN,0.0,DISAGREE_ZERO_TO_0_05,simulated_trace,LIVE_BID_ASK,247.33,-400.33,-0.0177,0,F3_GATE_CORRECT_REJECTION,0,0,1,0
2026-07-21,2943,14:50:09,LATE,rej_bbdd4035,A8_KILLED,BNF,CREDIT,BULL_PUT,EDGE_LT_0,VIX_12_14,UNKNOWN,PCR_LT_0_95,WALL_UNKNOWN,0.0,DISAGREE_ZERO_TO_0_05,simulated_trace,LIVE_BID_ASK,186.24,-349.74,-0.0379,0,F3_GATE_CORRECT_REJECTION,0,0,1,0
2026-07-21,2943,14:50:09,LATE,rej_df86eb0c,A8_KILLED,BNF,CREDIT,BULL_PUT,EDGE_LT_0,VIX_12_14,UNKNOWN,PCR_LT_0_95,WALL_UNKNOWN,0.0,DISAGREE_ZERO_TO_0_05,simulated_trace,LIVE_BID_ASK,202.26,-376.26,-0.0322,0,F3_GATE_CORRECT_REJECTION,0,0,1,0
2026-07-21,2943,14:50:09,LATE,rej_6125e72e,A8_KILLED,BNF,CREDIT,BULL_PUT,EDGE_LT_0,VIX_12_14,UNKNOWN,PCR_LT_0_95,WALL_UNKNOWN,0.0,DISAGREE_ZERO_TO_0_05,simulated_trace,LIVE_BID_ASK,296.32,-510.82,-0.0359,0,F3_GATE_CORRECT_REJECTION,0,0,1,0
2026-07-21,2943,14:50:09,LATE,rej_6463df71,A8_KILLED,BNF,CREDIT,BULL_PUT,EDGE_LT_0,VIX_12_14,UNKNOWN,PCR_LT_0_95,WALL_UNKNOWN,0.0,DISAGREE_ZERO_TO_0_05,simulated_trace,LIVE_BID_ASK,222.11,-460.61,-0.0237,0,F3_GATE_CORRECT_REJECTION,0,0,1,0
2026-07-21,2943,14:50:09,LATE,rej_67a1da54,A8_KILLED,BNF,CREDIT,BULL_PUT,EDGE_LT_0,VIX_12_14,UNKNOWN,PCR_LT_0_95,WALL_UNKNOWN,0.0,DISAGREE_ZERO_TO_0_05,simulated_trace,LIVE_BID_ASK,250.06,-496.06,-0.02,0,F3_GATE_CORRECT_REJECTION,0,0,1,0
2026-07-21,2944,14:55:09,LATE,rej_538de792,A8_KILLED,BNF,CREDIT,BEAR_CALL,EDGE_LT_0,VIX_12_14,UNKNOWN,PCR_LT_0_95,WALL_UNKNOWN,0.0,DISAGREE_ZERO_TO_0_05,simulated_trace,LIVE_BID_ASK,277.42,-355.42,-0.0446,0,F3_GATE_CORRECT_REJECTION,0,0,1,0
2026-07-21,2944,14:55:09,LATE,rej_d1eeeb72,A8_KILLED,BNF,CREDIT,BEAR_CALL,EDGE_LT_0,VIX_12_14,UNKNOWN,PCR_LT_0_95,WALL_UNKNOWN,0.0,DISAGREE_ZERO_TO_0_05,simulated_trace,LIVE_BID_ASK,285.74,-371.24,-0.0364,0,F3_GATE_CORRECT_REJECTION,0,0,1,0
2026-07-21,2944,14:55:09,LATE,rej_504fef52,A8_KILLED,BNF,CREDIT,BEAR_CALL,EDGE_LT_0,VIX_12_14,UNKNOWN,PCR_LT_0_95,WALL_UNKNOWN,0.0,DISAGREE_ZERO_TO_0_05,simulated_trace,LIVE_BID_ASK,243.15,-334.65,-0.0267,0,F3_GATE_CORRECT_REJECTION,0,0,1,0
2026-07-21,2944,14:55:09,LATE,rej_ab07485c,A8_KILLED,BNF,CREDIT,BEAR_CALL,EDGE_LT_0,VIX_12_14,UNKNOWN,PCR_LT_0_95,WALL_UNKNOWN,0.0,DISAGREE_ZERO_TO_0_05,simulated_trace,LIVE_BID_ASK,227.18,-324.68,-0.0186,0,F3_GATE_CORRECT_REJECTION,0,0,1,0
2026-07-21,2944,14:55:09,LATE,rej_a7c952bb,A8_KILLED,BNF,CREDIT,BEAR_CALL,EDGE_LT_0,VIX_12_14,UNKNOWN,PCR_LT_0_95,WALL_UNKNOWN,0.0,DISAGREE_ZERO_TO_0_05,simulated_trace,LIVE_BID_ASK,247.47,-346.47,-0.0153,0,F3_GATE_CORRECT_REJECTION,0,0,1,0
2026-07-21,2945,15:00:09,LATE,rej_d8169394,A8_KILLED,BNF,CREDIT,BULL_PUT,EDGE_LT_0,VIX_12_14,UNKNOWN,PCR_LT_0_95,WALL_UNKNOWN,0.0,DISAGREE_ZERO_TO_0_05,simulated_trace,LIVE_BID_ASK,186.31,-285.31,-0.0311,0,F3_GATE_CORRECT_REJECTION,0,0,1,0
2026-07-21,2945,15:00:09,LATE,rej_fbc03e6b,A8_KILLED,BNF,CREDIT,BULL_PUT,EDGE_LT_0,VIX_12_14,UNKNOWN,PCR_LT_0_95,WALL_UNKNOWN,0.0,DISAGREE_ZERO_TO_0_05,simulated_trace,LIVE_BID_ASK,202.34,-325.34,-0.0279,0,F3_GATE_CORRECT_REJECTION,0,0,1,0
2026-07-21,2945,15:00:09,LATE,rej_7d5f3a8d,A8_KILLED,BNF,CREDIT,BULL_PUT,EDGE_LT_0,VIX_12_14,UNKNOWN,PCR_LT_0_95,WALL_UNKNOWN,0.0,DISAGREE_ZERO_TO_0_05,simulated_trace,LIVE_BID_ASK,296.39,-446.39,-0.0316,0,F3_GATE_CORRECT_REJECTION,0,0,1,0
2026-07-21,2945,15:00:09,LATE,rej_809d32d0,A8_KILLED,BNF,CREDIT,BULL_PUT,EDGE_LT_0,VIX_12_14,UNKNOWN,PCR_LT_0_95,WALL_UNKNOWN,0.0,DISAGREE_ZERO_TO_0_05,simulated_trace,LIVE_BID_ASK,222.18,-390.18,-0.0202,0,F3_GATE_CORRECT_REJECTION,0,0,1,0
2026-07-21,2945,15:00:09,LATE,rej_83db2db3,A8_KILLED,BNF,CREDIT,BULL_PUT,EDGE_LT_0,VIX_12_14,UNKNOWN,PCR_LT_0_95,WALL_UNKNOWN,0.0,DISAGREE_ZERO_TO_0_05,simulated_trace,LIVE_BID_ASK,250.14,-437.64,-0.0177,0,F3_GATE_CORRECT_REJECTION,0,0,1,0
2026-07-21,2946,15:05:09,LATE,rej_be7f0013,A8_KILLED,BNF,CREDIT,BEAR_CALL,EDGE_LT_0,VIX_12_14,UNKNOWN,PCR_LT_0_95,WALL_UNKNOWN,0.0,DISAGREE_ZERO_TO_0_05,simulated_trace,LIVE_BID_ASK,278.05,-273.55,-0.0347,0,F3_GATE_CORRECT_REJECTION,0,0,1,0
2026-07-21,2946,15:05:09,LATE,rej_3ce003f3,A8_KILLED,BNF,CREDIT,BEAR_CALL,EDGE_LT_0,VIX_12_14,UNKNOWN,PCR_LT_0_95,WALL_UNKNOWN,0.0,DISAGREE_ZERO_TO_0_05,simulated_trace,LIVE_BID_ASK,286.36,-260.86,-0.0258,0,F3_GATE_CORRECT_REJECTION,0,0,1,0
2026-07-21,2946,15:05:09,LATE,rej_bb4107d3,A8_KILLED,BNF,CREDIT,BEAR_CALL,EDGE_LT_0,VIX_12_14,UNKNOWN,PCR_LT_0_95,WALL_UNKNOWN,0.0,DISAGREE_ZERO_TO_0_05,simulated_trace,LIVE_BID_ASK,243.76,-206.26,-0.0166,0,F3_GATE_CORRECT_REJECTION,0,0,1,0
2026-07-21,2946,15:05:09,LATE,rej_15f860dd,A8_KILLED,BNF,CREDIT,BEAR_CALL,EDGE_LT_0,VIX_12_14,UNKNOWN,PCR_LT_0_95,WALL_UNKNOWN,0.0,DISAGREE_ZERO_TO_0_05,simulated_trace,LIVE_BID_ASK,227.77,-149.77,-0.0087,0,F3_GATE_CORRECT_REJECTION,0,0,1,0
2026-07-21,2946,15:05:09,LATE,rej_12ba6b3c,A8_KILLED,BNF,CREDIT,BEAR_CALL,EDGE_LT_0,VIX_12_14,UNKNOWN,PCR_LT_0_95,WALL_UNKNOWN,0.0,DISAGREE_ZERO_TO_0_05,simulated_trace,LIVE_BID_ASK,248.04,-131.04,-0.0059,0,F3_GATE_CORRECT_REJECTION,0,0,1,0
2026-07-21,2947,15:10:09,LATE,rej_9c5177b5,A8_KILLED,BNF,CREDIT,BEAR_CALL,EDGE_LT_0,VIX_12_14,UNKNOWN,PCR_LT_0_95,WALL_UNKNOWN,0.0,DISAGREE_ZERO_TO_0_05,simulated_trace,LIVE_BID_ASK,277.76,-289.76,-0.0366,0,F3_GATE_CORRECT_REJECTION,0,0,1,0
2026-07-21,2947,15:10:09,LATE,rej_1ab27b95,A8_KILLED,BNF,CREDIT,BEAR_CALL,EDGE_LT_0,VIX_12_14,UNKNOWN,PCR_LT_0_95,WALL_UNKNOWN,0.0,DISAGREE_ZERO_TO_0_05,simulated_trace,LIVE_BID_ASK,286.07,-287.57,-0.0284,0,F3_GATE_CORRECT_REJECTION,0,0,1,0
2026-07-21,2947,15:10:09,LATE,rej_99137f75,A8_KILLED,BNF,CREDIT,BEAR_CALL,EDGE_LT_0,VIX_12_14,UNKNOWN,PCR_LT_0_95,WALL_UNKNOWN,0.0,DISAGREE_ZERO_TO_0_05,simulated_trace,LIVE_BID_ASK,243.48,-232.98,-0.0187,0,F3_GATE_CORRECT_REJECTION,0,0,1,0
2026-07-21,2947,15:10:09,LATE,rej_f3cad87f,A8_KILLED,BNF,CREDIT,BEAR_CALL,EDGE_LT_0,VIX_12_14,UNKNOWN,PCR_LT_0_95,WALL_UNKNOWN,0.0,DISAGREE_ZERO_TO_0_05,simulated_trace,LIVE_BID_ASK,227.49,-194.49,-0.0113,0,F3_GATE_CORRECT_REJECTION,0,0,1,0
2026-07-21,2947,15:10:09,LATE,rej_f08ce03e,A8_KILLED,BNF,CREDIT,BEAR_CALL,EDGE_LT_0,VIX_12_14,UNKNOWN,PCR_LT_0_95,WALL_UNKNOWN,0.0,DISAGREE_ZERO_TO_0_05,simulated_trace,LIVE_BID_ASK,247.77,-189.27,-0.0084,0,F3_GATE_CORRECT_REJECTION,0,0,1,0
2026-07-21,2947,15:10:09,LATE,rej_50edaac9,A8_KILLED,BNF,CREDIT,BULL_PUT,EDGE_LT_0,VIX_12_14,UNKNOWN,PCR_LT_0_95,WALL_UNKNOWN,0.0,DISAGREE_ZERO_TO_0_05,simulated_trace,LIVE_BID_ASK,287.49,-401.49,-0.0425,0,F3_GATE_CORRECT_REJECTION,0,0,1,0
2026-07-21,2947,15:10:09,LATE,rej_d28ca6eb,A8_KILLED,BNF,CREDIT,BULL_PUT,EDGE_LT_0,VIX_12_14,UNKNOWN,PCR_LT_0_95,WALL_UNKNOWN,0.0,DISAGREE_ZERO_TO_0_05,simulated_trace,LIVE_BID_ASK,381.55,-527.05,-0.0441,0,F3_GATE_CORRECT_REJECTION,0,0,1,0
2026-07-21,2947,15:10:09,LATE,rej_542ba30d,A8_KILLED,BNF,CREDIT,BULL_PUT,EDGE_LT_0,VIX_12_14,UNKNOWN,PCR_LT_0_95,WALL_UNKNOWN,0.0,DISAGREE_ZERO_TO_0_05,simulated_trace,LIVE_BID_ASK,381.17,-540.17,-0.0372,0,F3_GATE_CORRECT_REJECTION,0,0,1,0
2026-07-21,2947,15:10:09,LATE,rej_57699df0,A8_KILLED,BNF,CREDIT,BULL_PUT,EDGE_LT_0,VIX_12_14,UNKNOWN,PCR_LT_0_95,WALL_UNKNOWN,0.0,DISAGREE_ZERO_TO_0_05,simulated_trace,LIVE_BID_ASK,283.06,-416.56,-0.021,0,F3_GATE_CORRECT_REJECTION,0,0,1,0
2026-07-21,2948,15:15:09,LATE,rej_29701890,A8_KILLED,BNF,CREDIT,BEAR_CALL,EDGE_LT_0,VIX_12_14,UNKNOWN,PCR_LT_0_95,WALL_UNKNOWN,0.0,DISAGREE_ZERO_TO_0_05,simulated_trace,LIVE_BID_ASK,277.39,-367.39,-0.046,0,F3_GATE_CORRECT_REJECTION,0,0,1,0
2026-07-21,2948,15:15:09,LATE,rej_a7d11c70,A8_KILLED,BNF,CREDIT,BEAR_CALL,EDGE_LT_0,VIX_12_14,UNKNOWN,PCR_LT_0_95,WALL_UNKNOWN,0.0,DISAGREE_ZERO_TO_0_05,simulated_trace,LIVE_BID_ASK,285.71,-368.21,-0.0361,0,F3_GATE_CORRECT_REJECTION,0,0,1,0
2026-07-21,2948,15:15:09,LATE,rej_26322050,A8_KILLED,BNF,CREDIT,BEAR_CALL,EDGE_LT_0,VIX_12_14,UNKNOWN,PCR_LT_0_95,WALL_UNKNOWN,0.0,DISAGREE_ZERO_TO_0_05,simulated_trace,LIVE_BID_ASK,243.12,-339.12,-0.0271,0,F3_GATE_CORRECT_REJECTION,0,0,1,0
2026-07-21,2948,15:15:09,LATE,rej_80e9795a,A8_KILLED,BNF,CREDIT,BEAR_CALL,EDGE_LT_0,VIX_12_14,UNKNOWN,PCR_LT_0_95,WALL_UNKNOWN,0.0,DISAGREE_ZERO_TO_0_05,simulated_trace,LIVE_BID_ASK,227.14,-311.14,-0.0179,0,F3_GATE_CORRECT_REJECTION,0,0,1,0
2026-07-21,2948,15:15:09,LATE,rej_7dab8119,A8_KILLED,BNF,CREDIT,BEAR_CALL,EDGE_LT_0,VIX_12_14,UNKNOWN,PCR_LT_0_95,WALL_UNKNOWN,0.0,DISAGREE_ZERO_TO_0_05,simulated_trace,LIVE_BID_ASK,247.42,-317.92,-0.0141,0,F3_GATE_CORRECT_REJECTION,0,0,1,0
2026-07-21,2948,15:15:09,LATE,rej_d15a028e,A8_KILLED,BNF,CREDIT,BULL_PUT,EDGE_LT_0,VIX_12_14,UNKNOWN,PCR_LT_0_95,WALL_UNKNOWN,0.0,DISAGREE_ZERO_TO_0_05,simulated_trace,LIVE_BID_ASK,288.03,-318.03,-0.034,0,F3_GATE_CORRECT_REJECTION,0,0,1,0
2026-07-21,2948,15:15:09,LATE,rej_52f8feb0,A8_KILLED,BNF,CREDIT,BULL_PUT,EDGE_LT_0,VIX_12_14,UNKNOWN,PCR_LT_0_95,WALL_UNKNOWN,0.0,DISAGREE_ZERO_TO_0_05,simulated_trace,LIVE_BID_ASK,382.08,-425.58,-0.0359,0,F3_GATE_CORRECT_REJECTION,0,0,1,0
2026-07-21,2948,15:15:09,LATE,rej_d497fad2,A8_KILLED,BNF,CREDIT,BULL_PUT,EDGE_LT_0,VIX_12_14,UNKNOWN,PCR_LT_0_95,WALL_UNKNOWN,0.0,DISAGREE_ZERO_TO_0_05,simulated_trace,LIVE_BID_ASK,381.69,-411.69,-0.0286,0,F3_GATE_CORRECT_REJECTION,0,0,1,0
2026-07-21,2948,15:15:09,LATE,rej_d7d5f5b5,A8_KILLED,BNF,CREDIT,BULL_PUT,EDGE_LT_0,VIX_12_14,UNKNOWN,PCR_LT_0_95,WALL_UNKNOWN,0.0,DISAGREE_ZERO_TO_0_05,simulated_trace,LIVE_BID_ASK,283.57,-249.07,-0.0127,0,F3_GATE_CORRECT_REJECTION,0,0,1,0
2026-07-21,2949,15:20:09,LATE,rej_7429036,A8_KILLED,BNF,CREDIT,BEAR_CALL,EDGE_LT_0,VIX_12_14,UNKNOWN,PCR_LT_0_95,WALL_UNKNOWN,0.0,DISAGREE_ZERO_TO_0_05,simulated_trace,LIVE_BID_ASK,277.95,-304.95,-0.0385,0,F3_GATE_CORRECT_REJECTION,0,0,1,0
2026-07-21,2949,15:20:09,LATE,rej_85a39416,A8_KILLED,BNF,CREDIT,BEAR_CALL,EDGE_LT_0,VIX_12_14,UNKNOWN,PCR_LT_0_95,WALL_UNKNOWN,0.0,DISAGREE_ZERO_TO_0_05,simulated_trace,LIVE_BID_ASK,286.26,-296.76,-0.0293,0,F3_GATE_CORRECT_REJECTION,0,0,1,0
2026-07-21,2949,15:20:09,LATE,rej_40497f6,A8_KILLED,BNF,CREDIT,BEAR_CALL,EDGE_LT_0,VIX_12_14,UNKNOWN,PCR_LT_0_95,WALL_UNKNOWN,0.0,DISAGREE_ZERO_TO_0_05,simulated_trace,LIVE_BID_ASK,243.67,-242.17,-0.0195,0,F3_GATE_CORRECT_REJECTION,0,0,1,0
2026-07-21,2949,15:20:09,LATE,rej_5ebbf100,A8_KILLED,BNF,CREDIT,BEAR_CALL,EDGE_LT_0,VIX_12_14,UNKNOWN,PCR_LT_0_95,WALL_UNKNOWN,0.0,DISAGREE_ZERO_TO_0_05,simulated_trace,LIVE_BID_ASK,227.68,-191.68,-0.0111,0,F3_GATE_CORRECT_REJECTION,0,0,1,0
2026-07-21,2949,15:20:09,LATE,rej_5b7df8bf,A8_KILLED,BNF,CREDIT,BEAR_CALL,EDGE_LT_0,VIX_12_14,UNKNOWN,PCR_LT_0_95,WALL_UNKNOWN,0.0,DISAGREE_ZERO_TO_0_05,simulated_trace,LIVE_BID_ASK,247.94,-169.94,-0.0076,0,F3_GATE_CORRECT_REJECTION,0,0,1,0
2026-07-21,2949,15:20:09,LATE,rej_6d26fe28,A8_KILLED,BNF,CREDIT,BULL_PUT,EDGE_LT_0,VIX_12_14,UNKNOWN,PCR_LT_0_95,WALL_UNKNOWN,0.0,DISAGREE_ZERO_TO_0_05,simulated_trace,LIVE_BID_ASK,287.8,-346.3,-0.0369,0,F3_GATE_CORRECT_REJECTION,0,0,1,0
2026-07-21,2949,15:20:09,LATE,rej_eec5fa4a,A8_KILLED,BNF,CREDIT,BULL_PUT,EDGE_LT_0,VIX_12_14,UNKNOWN,PCR_LT_0_95,WALL_UNKNOWN,0.0,DISAGREE_ZERO_TO_0_05,simulated_trace,LIVE_BID_ASK,381.86,-473.36,-0.0398,0,F3_GATE_CORRECT_REJECTION,0,0,1,0
2026-07-21,2949,15:20:09,LATE,rej_7064f66c,A8_KILLED,BNF,CREDIT,BULL_PUT,EDGE_LT_0,VIX_12_14,UNKNOWN,PCR_LT_0_95,WALL_UNKNOWN,0.0,DISAGREE_ZERO_TO_0_05,simulated_trace,LIVE_BID_ASK,381.47,-471.47,-0.0326,0,F3_GATE_CORRECT_REJECTION,0,0,1,0
2026-07-21,2949,15:20:09,LATE,rej_73a2f14f,A8_KILLED,BNF,CREDIT,BULL_PUT,EDGE_LT_0,VIX_12_14,UNKNOWN,PCR_LT_0_95,WALL_UNKNOWN,0.0,DISAGREE_ZERO_TO_0_05,simulated_trace,LIVE_BID_ASK,283.36,-335.86,-0.017,0,F3_GATE_CORRECT_REJECTION,0,0,1,0
2026-07-21,2950,15:25:08,LATE,rej_5d5b010,A8_KILLED,BNF,CREDIT,BEAR_CALL,EDGE_LT_0,VIX_12_14,UNKNOWN,PCR_LT_0_95,WALL_UNKNOWN,0.0,DISAGREE_ZERO_TO_0_05,simulated_trace,LIVE_BID_ASK,277.41,-358.41,-0.0449,0,F3_GATE_CORRECT_REJECTION,0,0,1,0
2026-07-21,2950,15:25:08,LATE,rej_8436b3f0,A8_KILLED,BNF,CREDIT,BEAR_CALL,EDGE_LT_0,VIX_12_14,UNKNOWN,PCR_LT_0_95,WALL_UNKNOWN,0.0,DISAGREE_ZERO_TO_0_05,simulated_trace,LIVE_BID_ASK,285.73,-378.73,-0.0371,0,F3_GATE_CORRECT_REJECTION,0,0,1,0
2026-07-21,2950,15:25:08,LATE,rej_297b7d0,A8_KILLED,BNF,CREDIT,BEAR_CALL,EDGE_LT_0,VIX_12_14,UNKNOWN,PCR_LT_0_95,WALL_UNKNOWN,0.0,DISAGREE_ZERO_TO_0_05,simulated_trace,LIVE_BID_ASK,243.14,-334.64,-0.0267,0,F3_GATE_CORRECT_REJECTION,0,0,1,0
2026-07-21,2950,15:25:08,LATE,rej_5d4f10da,A8_KILLED,BNF,CREDIT,BEAR_CALL,EDGE_LT_0,VIX_12_14,UNKNOWN,PCR_LT_0_95,WALL_UNKNOWN,0.0,DISAGREE_ZERO_TO_0_05,simulated_trace,LIVE_BID_ASK,227.16,-309.66,-0.0178,0,F3_GATE_CORRECT_REJECTION,0,0,1,0
2026-07-21,2950,15:25:08,LATE,rej_5a111899,A8_KILLED,BNF,CREDIT,BEAR_CALL,EDGE_LT_0,VIX_12_14,UNKNOWN,PCR_LT_0_95,WALL_UNKNOWN,0.0,DISAGREE_ZERO_TO_0_05,simulated_trace,LIVE_BID_ASK,247.44,-305.94,-0.0136,0,F3_GATE_CORRECT_REJECTION,0,0,1,0
2026-07-21,2950,15:25:08,LATE,rej_8e237b0e,A8_KILLED,BNF,CREDIT,BULL_PUT,EDGE_LT_0,VIX_12_14,UNKNOWN,PCR_LT_0_95,WALL_UNKNOWN,0.0,DISAGREE_ZERO_TO_0_05,simulated_trace,LIVE_BID_ASK,287.78,-359.78,-0.0383,0,F3_GATE_CORRECT_REJECTION,0,0,1,0
2026-07-21,2950,15:25:08,LATE,rej_fc27730,A8_KILLED,BNF,CREDIT,BULL_PUT,EDGE_LT_0,VIX_12_14,UNKNOWN,PCR_LT_0_95,WALL_UNKNOWN,0.0,DISAGREE_ZERO_TO_0_05,simulated_trace,LIVE_BID_ASK,381.84,-477.84,-0.0402,0,F3_GATE_CORRECT_REJECTION,0,0,1,0
2026-07-21,2950,15:25:08,LATE,rej_91617352,A8_KILLED,BNF,CREDIT,BULL_PUT,EDGE_LT_0,VIX_12_14,UNKNOWN,PCR_LT_0_95,WALL_UNKNOWN,0.0,DISAGREE_ZERO_TO_0_05,simulated_trace,LIVE_BID_ASK,381.46,-477.46,-0.033,0,F3_GATE_CORRECT_REJECTION,0,0,1,0
2026-07-21,2950,15:25:08,LATE,rej_949f6e35,A8_KILLED,BNF,CREDIT,BULL_PUT,EDGE_LT_0,VIX_12_14,UNKNOWN,PCR_LT_0_95,WALL_UNKNOWN,0.0,DISAGREE_ZERO_TO_0_05,simulated_trace,LIVE_BID_ASK,283.34,-344.84,-0.0175,0,F3_GATE_CORRECT_REJECTION,0,0,1,0
