strategy,day,query_source_s1_id,query_candidate_id,query_index,query_strategy,context_rows,context_win_rate,primary_rows,secondary_rows,distinct_context_days,top_index_counts,top_strategy_counts,min_distance,median_distance,max_distance,latency_sec
random_256,2026-06-03,2169,BEAR_CALL_NF_23400_23550_W150,NF,BEAR_CALL,256,0.8359375,24,232,1,"[[""NF"", 256]]","[[""BULL_PUT"", 136], [""BEAR_CALL"", 120]]",,,,56.321590551000554
random_256,2026-06-03,2073,BEAR_CALL_NF_23400_23550_W150,NF,BEAR_CALL,256,0.8359375,24,232,1,"[[""NF"", 256]]","[[""BULL_PUT"", 136], [""BEAR_CALL"", 120]]",,,,56.321590551000554
random_256,2026-06-03,1183,BEAR_PUT_NF_23150_23300_W150,NF,BEAR_PUT,256,0.8359375,24,232,1,"[[""NF"", 256]]","[[""BULL_PUT"", 136], [""BEAR_CALL"", 120]]",,,,56.321590551000554
random_256,2026-06-03,964,BEAR_CALL_NF_23550_23700_W150,NF,BEAR_CALL,256,0.8359375,24,232,1,"[[""NF"", 256]]","[[""BULL_PUT"", 136], [""BEAR_CALL"", 120]]",,,,56.321590551000554
random_256,2026-06-03,949,BEAR_CALL_NF_23550_23700_W150,NF,BEAR_CALL,256,0.8359375,24,232,1,"[[""NF"", 256]]","[[""BULL_PUT"", 136], [""BEAR_CALL"", 120]]",,,,56.321590551000554
random_256,2026-06-03,934,BEAR_CALL_NF_23600_23750_W150,NF,BEAR_CALL,256,0.8359375,24,232,1,"[[""NF"", 256]]","[[""BULL_PUT"", 136], [""BEAR_CALL"", 120]]",,,,56.321590551000554
random_256,2026-06-03,919,BEAR_CALL_NF_23550_23700_W150,NF,BEAR_CALL,256,0.8359375,24,232,1,"[[""NF"", 256]]","[[""BULL_PUT"", 136], [""BEAR_CALL"", 120]]",,,,56.321590551000554
random_256,2026-06-03,904,BEAR_CALL_NF_23550_23700_W150,NF,BEAR_CALL,256,0.8359375,24,232,1,"[[""NF"", 256]]","[[""BULL_PUT"", 136], [""BEAR_CALL"", 120]]",,,,56.321590551000554
random_256,2026-06-03,884,BEAR_CALL_NF_23600_23750_W150,NF,BEAR_CALL,256,0.8359375,24,232,1,"[[""NF"", 256]]","[[""BULL_PUT"", 136], [""BEAR_CALL"", 120]]",,,,56.321590551000554
random_256,2026-06-03,869,BEAR_CALL_NF_23600_23750_W150,NF,BEAR_CALL,256,0.8359375,24,232,1,"[[""NF"", 256]]","[[""BULL_PUT"", 136], [""BEAR_CALL"", 120]]",,,,56.321590551000554
random_256,2026-06-03,854,BEAR_CALL_NF_23600_23750_W150,NF,BEAR_CALL,256,0.8359375,24,232,1,"[[""NF"", 256]]","[[""BULL_PUT"", 136], [""BEAR_CALL"", 120]]",,,,56.321590551000554
random_256,2026-06-03,839,BEAR_CALL_NF_23600_23750_W150,NF,BEAR_CALL,256,0.8359375,24,232,1,"[[""NF"", 256]]","[[""BULL_PUT"", 136], [""BEAR_CALL"", 120]]",,,,56.321590551000554
random_256,2026-06-03,824,BEAR_CALL_NF_23550_23700_W150,NF,BEAR_CALL,256,0.8359375,24,232,1,"[[""NF"", 256]]","[[""BULL_PUT"", 136], [""BEAR_CALL"", 120]]",,,,56.321590551000554
random_256,2026-06-03,804,BEAR_CALL_NF_23550_23700_W150,NF,BEAR_CALL,256,0.8359375,24,232,1,"[[""NF"", 256]]","[[""BULL_PUT"", 136], [""BEAR_CALL"", 120]]",,,,56.321590551000554
random_256,2026-06-03,789,BEAR_CALL_NF_23550_23700_W150,NF,BEAR_CALL,256,0.8359375,24,232,1,"[[""NF"", 256]]","[[""BULL_PUT"", 136], [""BEAR_CALL"", 120]]",,,,56.321590551000554
random_256,2026-06-03,779,BEAR_CALL_NF_23550_23700_W150,NF,BEAR_CALL,256,0.8359375,24,232,1,"[[""NF"", 256]]","[[""BULL_PUT"", 136], [""BEAR_CALL"", 120]]",,,,56.321590551000554
random_256,2026-06-03,764,BEAR_CALL_NF_23550_23700_W150,NF,BEAR_CALL,256,0.8359375,24,232,1,"[[""NF"", 256]]","[[""BULL_PUT"", 136], [""BEAR_CALL"", 120]]",,,,56.321590551000554
random_256,2026-06-04,2973,BEAR_PUT_NF_23150_23400_W250,NF,BEAR_PUT,256,0.60546875,5,251,2,"[[""NF"", 249], [""BNF"", 7]]","[[""BEAR_CALL"", 128], [""BULL_PUT"", 127], [""BEAR_PUT"", 1]]",,,,12.989448119998997
random_256,2026-06-04,2962,BEAR_PUT_BNF_53200_54200_W1000,BNF,BEAR_PUT,256,0.60546875,5,251,2,"[[""NF"", 249], [""BNF"", 7]]","[[""BEAR_CALL"", 128], [""BULL_PUT"", 127], [""BEAR_PUT"", 1]]",,,,12.989448119998997
random_256,2026-06-04,2954,BEAR_PUT_NF_23200_23400_W200,NF,BEAR_PUT,256,0.60546875,5,251,2,"[[""NF"", 249], [""BNF"", 7]]","[[""BEAR_CALL"", 128], [""BULL_PUT"", 127], [""BEAR_PUT"", 1]]",,,,12.989448119998997
random_256,2026-06-04,2934,BEAR_PUT_NF_23150_23450_W300,NF,BEAR_PUT,256,0.60546875,5,251,2,"[[""NF"", 249], [""BNF"", 7]]","[[""BEAR_CALL"", 128], [""BULL_PUT"", 127], [""BEAR_PUT"", 1]]",,,,12.989448119998997
random_256,2026-06-04,2925,BEAR_PUT_NF_23150_23450_W300,NF,BEAR_PUT,256,0.60546875,5,251,2,"[[""NF"", 249], [""BNF"", 7]]","[[""BEAR_CALL"", 128], [""BULL_PUT"", 127], [""BEAR_PUT"", 1]]",,,,12.989448119998997
random_256,2026-06-04,2769,BEAR_PUT_NF_23100_23400_W300,NF,BEAR_PUT,256,0.60546875,5,251,2,"[[""NF"", 249], [""BNF"", 7]]","[[""BEAR_CALL"", 128], [""BULL_PUT"", 127], [""BEAR_PUT"", 1]]",,,,12.989448119998997
random_256,2026-06-04,2757,BEAR_PUT_NF_23100_23400_W300,NF,BEAR_PUT,256,0.60546875,5,251,2,"[[""NF"", 249], [""BNF"", 7]]","[[""BEAR_CALL"", 128], [""BULL_PUT"", 127], [""BEAR_PUT"", 1]]",,,,12.989448119998997
random_256,2026-06-04,2743,BEAR_PUT_BNF_53400_54200_W800,BNF,BEAR_PUT,256,0.60546875,5,251,2,"[[""NF"", 249], [""BNF"", 7]]","[[""BEAR_CALL"", 128], [""BULL_PUT"", 127], [""BEAR_PUT"", 1]]",,,,12.989448119998997
random_256,2026-06-04,2733,BEAR_PUT_NF_23150_23450_W300,NF,BEAR_PUT,256,0.60546875,5,251,2,"[[""NF"", 249], [""BNF"", 7]]","[[""BEAR_CALL"", 128], [""BULL_PUT"", 127], [""BEAR_PUT"", 1]]",,,,12.989448119998997
random_256,2026-06-04,2725,BEAR_PUT_NF_23150_23450_W300,NF,BEAR_PUT,256,0.60546875,5,251,2,"[[""NF"", 249], [""BNF"", 7]]","[[""BEAR_CALL"", 128], [""BULL_PUT"", 127], [""BEAR_PUT"", 1]]",,,,12.989448119998997
random_256,2026-06-04,2721,BEAR_PUT_BNF_53400_54400_W1000,BNF,BEAR_PUT,256,0.60546875,5,251,2,"[[""NF"", 249], [""BNF"", 7]]","[[""BEAR_CALL"", 128], [""BULL_PUT"", 127], [""BEAR_PUT"", 1]]",,,,12.989448119998997
random_256,2026-06-04,2712,BEAR_PUT_BNF_53300_54300_W1000,BNF,BEAR_PUT,256,0.60546875,5,251,2,"[[""NF"", 249], [""BNF"", 7]]","[[""BEAR_CALL"", 128], [""BULL_PUT"", 127], [""BEAR_PUT"", 1]]",,,,12.989448119998997
random_256,2026-06-04,2444,BEAR_PUT_BNF_53100_54100_W1000,BNF,BEAR_PUT,256,0.60546875,5,251,2,"[[""NF"", 249], [""BNF"", 7]]","[[""BEAR_CALL"", 128], [""BULL_PUT"", 127], [""BEAR_PUT"", 1]]",,,,12.989448119998997
random_256,2026-06-04,2442,BEAR_PUT_BNF_53100_54100_W1000,BNF,BEAR_PUT,256,0.60546875,5,251,2,"[[""NF"", 249], [""BNF"", 7]]","[[""BEAR_CALL"", 128], [""BULL_PUT"", 127], [""BEAR_PUT"", 1]]",,,,12.989448119998997
random_256,2026-06-04,2441,BEAR_PUT_NF_23150_23350_W200,NF,BEAR_PUT,256,0.60546875,5,251,2,"[[""NF"", 249], [""BNF"", 7]]","[[""BEAR_CALL"", 128], [""BULL_PUT"", 127], [""BEAR_PUT"", 1]]",,,,12.989448119998997
random_256,2026-06-04,2439,BEAR_PUT_BNF_53100_54100_W1000,BNF,BEAR_PUT,256,0.60546875,5,251,2,"[[""NF"", 249], [""BNF"", 7]]","[[""BEAR_CALL"", 128], [""BULL_PUT"", 127], [""BEAR_PUT"", 1]]",,,,12.989448119998997
random_256,2026-06-04,2387,BULL_PUT_BNF_54000_53600_W400,BNF,BULL_PUT,256,0.60546875,5,251,2,"[[""NF"", 249], [""BNF"", 7]]","[[""BEAR_CALL"", 128], [""BULL_PUT"", 127], [""BEAR_PUT"", 1]]",,,,12.989448119998997
random_256,2026-06-04,2382,BULL_PUT_BNF_54000_53600_W400,BNF,BULL_PUT,256,0.60546875,5,251,2,"[[""NF"", 249], [""BNF"", 7]]","[[""BEAR_CALL"", 128], [""BULL_PUT"", 127], [""BEAR_PUT"", 1]]",,,,12.989448119998997
random_256,2026-06-04,2377,BULL_PUT_BNF_54000_53600_W400,BNF,BULL_PUT,256,0.60546875,5,251,2,"[[""NF"", 249], [""BNF"", 7]]","[[""BEAR_CALL"", 128], [""BULL_PUT"", 127], [""BEAR_PUT"", 1]]",,,,12.989448119998997
random_256,2026-06-04,2372,BULL_PUT_BNF_54000_53600_W400,BNF,BULL_PUT,256,0.60546875,5,251,2,"[[""NF"", 249], [""BNF"", 7]]","[[""BEAR_CALL"", 128], [""BULL_PUT"", 127], [""BEAR_PUT"", 1]]",,,,12.989448119998997
random_256,2026-06-04,2367,BULL_PUT_BNF_54000_53600_W400,BNF,BULL_PUT,256,0.60546875,5,251,2,"[[""NF"", 249], [""BNF"", 7]]","[[""BEAR_CALL"", 128], [""BULL_PUT"", 127], [""BEAR_PUT"", 1]]",,,,12.989448119998997
random_256,2026-06-04,2362,BULL_PUT_BNF_54000_53600_W400,BNF,BULL_PUT,256,0.60546875,5,251,2,"[[""NF"", 249], [""BNF"", 7]]","[[""BEAR_CALL"", 128], [""BULL_PUT"", 127], [""BEAR_PUT"", 1]]",,,,12.989448119998997
random_256,2026-06-04,2357,BULL_PUT_BNF_54000_53600_W400,BNF,BULL_PUT,256,0.60546875,5,251,2,"[[""NF"", 249], [""BNF"", 7]]","[[""BEAR_CALL"", 128], [""BULL_PUT"", 127], [""BEAR_PUT"", 1]]",,,,12.989448119998997
random_256,2026-06-04,2352,BULL_PUT_BNF_54000_53600_W400,BNF,BULL_PUT,256,0.60546875,5,251,2,"[[""NF"", 249], [""BNF"", 7]]","[[""BEAR_CALL"", 128], [""BULL_PUT"", 127], [""BEAR_PUT"", 1]]",,,,12.989448119998997
random_256,2026-06-04,2347,BULL_PUT_BNF_54000_53600_W400,BNF,BULL_PUT,256,0.60546875,5,251,2,"[[""NF"", 249], [""BNF"", 7]]","[[""BEAR_CALL"", 128], [""BULL_PUT"", 127], [""BEAR_PUT"", 1]]",,,,12.989448119998997
random_256,2026-06-05,3428,BEAR_PUT_BNF_53900_54700_W800,BNF,BEAR_PUT,256,0.578125,8,248,3,"[[""NF"", 234], [""BNF"", 22]]","[[""BULL_PUT"", 130], [""BEAR_CALL"", 113], [""BEAR_PUT"", 13]]",,,,11.561928225000884
random_256,2026-06-05,3422,BEAR_PUT_BNF_53800_54600_W800,BNF,BEAR_PUT,256,0.578125,8,248,3,"[[""NF"", 234], [""BNF"", 22]]","[[""BULL_PUT"", 130], [""BEAR_CALL"", 113], [""BEAR_PUT"", 13]]",,,,11.561928225000884
random_256,2026-06-05,3416,BEAR_PUT_NF_23200_23450_W250,NF,BEAR_PUT,256,0.578125,8,248,3,"[[""NF"", 234], [""BNF"", 22]]","[[""BULL_PUT"", 130], [""BEAR_CALL"", 113], [""BEAR_PUT"", 13]]",,,,11.561928225000884
random_256,2026-06-05,3414,BEAR_PUT_NF_23200_23350_W150,NF,BEAR_PUT,256,0.578125,8,248,3,"[[""NF"", 234], [""BNF"", 22]]","[[""BULL_PUT"", 130], [""BEAR_CALL"", 113], [""BEAR_PUT"", 13]]",,,,11.561928225000884
random_256,2026-06-05,3413,BEAR_PUT_BNF_53300_54300_W1000,BNF,BEAR_PUT,256,0.578125,8,248,3,"[[""NF"", 234], [""BNF"", 22]]","[[""BULL_PUT"", 130], [""BEAR_CALL"", 113], [""BEAR_PUT"", 13]]",,,,11.561928225000884
random_256,2026-06-05,3410,BEAR_PUT_BNF_53600_54400_W800,BNF,BEAR_PUT,256,0.578125,8,248,3,"[[""NF"", 234], [""BNF"", 22]]","[[""BULL_PUT"", 130], [""BEAR_CALL"", 113], [""BEAR_PUT"", 13]]",,,,11.561928225000884
random_256,2026-06-05,3406,BEAR_PUT_NF_23150_23400_W250,NF,BEAR_PUT,256,0.578125,8,248,3,"[[""NF"", 234], [""BNF"", 22]]","[[""BULL_PUT"", 130], [""BEAR_CALL"", 113], [""BEAR_PUT"", 13]]",,,,11.561928225000884
random_256,2026-06-05,3404,BEAR_PUT_BNF_53700_54500_W800,BNF,BEAR_PUT,256,0.578125,8,248,3,"[[""NF"", 234], [""BNF"", 22]]","[[""BULL_PUT"", 130], [""BEAR_CALL"", 113], [""BEAR_PUT"", 13]]",,,,11.561928225000884
random_256,2026-06-05,3397,BEAR_PUT_NF_23250_23500_W250,NF,BEAR_PUT,256,0.578125,8,248,3,"[[""NF"", 234], [""BNF"", 22]]","[[""BULL_PUT"", 130], [""BEAR_CALL"", 113], [""BEAR_PUT"", 13]]",,,,11.561928225000884
random_256,2026-06-05,3391,BEAR_PUT_BNF_54000_54800_W800,BNF,BEAR_PUT,256,0.578125,8,248,3,"[[""NF"", 234], [""BNF"", 22]]","[[""BULL_PUT"", 130], [""BEAR_CALL"", 113], [""BEAR_PUT"", 13]]",,,,11.561928225000884
random_256,2026-06-05,3385,BEAR_PUT_NF_23250_23450_W200,NF,BEAR_PUT,256,0.578125,8,248,3,"[[""NF"", 234], [""BNF"", 22]]","[[""BULL_PUT"", 130], [""BEAR_CALL"", 113], [""BEAR_PUT"", 13]]",,,,11.561928225000884
random_256,2026-06-05,3381,BEAR_PUT_BNF_53800_54600_W800,BNF,BEAR_PUT,256,0.578125,8,248,3,"[[""NF"", 234], [""BNF"", 22]]","[[""BULL_PUT"", 130], [""BEAR_CALL"", 113], [""BEAR_PUT"", 13]]",,,,11.561928225000884
random_256,2026-06-05,3373,BEAR_PUT_NF_23200_23450_W250,NF,BEAR_PUT,256,0.578125,8,248,3,"[[""NF"", 234], [""BNF"", 22]]","[[""BULL_PUT"", 130], [""BEAR_CALL"", 113], [""BEAR_PUT"", 13]]",,,,11.561928225000884
random_256,2026-06-05,3368,BEAR_PUT_BNF_53800_54600_W800,BNF,BEAR_PUT,256,0.578125,8,248,3,"[[""NF"", 234], [""BNF"", 22]]","[[""BULL_PUT"", 130], [""BEAR_CALL"", 113], [""BEAR_PUT"", 13]]",,,,11.561928225000884
random_256,2026-06-05,3366,BEAR_PUT_NF_23250_23400_W150,NF,BEAR_PUT,256,0.578125,8,248,3,"[[""NF"", 234], [""BNF"", 22]]","[[""BULL_PUT"", 130], [""BEAR_CALL"", 113], [""BEAR_PUT"", 13]]",,,,11.561928225000884
random_256,2026-06-05,3362,BEAR_PUT_BNF_53800_54600_W800,BNF,BEAR_PUT,256,0.578125,8,248,3,"[[""NF"", 234], [""BNF"", 22]]","[[""BULL_PUT"", 130], [""BEAR_CALL"", 113], [""BEAR_PUT"", 13]]",,,,11.561928225000884
random_256,2026-06-05,3279,BEAR_PUT_BNF_53500_54500_W1000,BNF,BEAR_PUT,256,0.578125,8,248,3,"[[""NF"", 234], [""BNF"", 22]]","[[""BULL_PUT"", 130], [""BEAR_CALL"", 113], [""BEAR_PUT"", 13]]",,,,11.561928225000884
random_256,2026-06-05,3180,BEAR_PUT_BNF_53200_54200_W1000,BNF,BEAR_PUT,256,0.578125,8,248,3,"[[""NF"", 234], [""BNF"", 22]]","[[""BULL_PUT"", 130], [""BEAR_CALL"", 113], [""BEAR_PUT"", 13]]",,,,11.561928225000884
random_256,2026-06-05,3179,BEAR_PUT_NF_23100_23300_W200,NF,BEAR_PUT,256,0.578125,8,248,3,"[[""NF"", 234], [""BNF"", 22]]","[[""BULL_PUT"", 130], [""BEAR_CALL"", 113], [""BEAR_PUT"", 13]]",,,,11.561928225000884
random_256,2026-06-05,3130,BULL_PUT_BNF_54000_53600_W400,BNF,BULL_PUT,256,0.578125,8,248,3,"[[""NF"", 234], [""BNF"", 22]]","[[""BULL_PUT"", 130], [""BEAR_CALL"", 113], [""BEAR_PUT"", 13]]",,,,11.561928225000884
random_256,2026-06-05,3126,BEAR_PUT_BNF_53400_54400_W1000,BNF,BEAR_PUT,256,0.578125,8,248,3,"[[""NF"", 234], [""BNF"", 22]]","[[""BULL_PUT"", 130], [""BEAR_CALL"", 113], [""BEAR_PUT"", 13]]",,,,11.561928225000884
random_256,2026-06-05,3122,BEAR_PUT_BNF_53500_54300_W800,BNF,BEAR_PUT,256,0.578125,8,248,3,"[[""NF"", 234], [""BNF"", 22]]","[[""BULL_PUT"", 130], [""BEAR_CALL"", 113], [""BEAR_PUT"", 13]]",,,,11.561928225000884
random_256,2026-06-05,3120,BEAR_PUT_NF_23150_23350_W200,NF,BEAR_PUT,256,0.578125,8,248,3,"[[""NF"", 234], [""BNF"", 22]]","[[""BULL_PUT"", 130], [""BEAR_CALL"", 113], [""BEAR_PUT"", 13]]",,,,11.561928225000884
random_256,2026-06-05,3118,BEAR_PUT_BNF_53900_54500_W600,BNF,BEAR_PUT,256,0.578125,8,248,3,"[[""NF"", 234], [""BNF"", 22]]","[[""BULL_PUT"", 130], [""BEAR_CALL"", 113], [""BEAR_PUT"", 13]]",,,,11.561928225000884
random_256,2026-06-05,3112,BEAR_PUT_NF_23150_23400_W250,NF,BEAR_PUT,256,0.578125,8,248,3,"[[""NF"", 234], [""BNF"", 22]]","[[""BULL_PUT"", 130], [""BEAR_CALL"", 113], [""BEAR_PUT"", 13]]",,,,11.561928225000884
random_256,2026-06-05,3111,BEAR_PUT_BNF_53700_54500_W800,BNF,BEAR_PUT,256,0.578125,8,248,3,"[[""NF"", 234], [""BNF"", 22]]","[[""BULL_PUT"", 130], [""BEAR_CALL"", 113], [""BEAR_PUT"", 13]]",,,,11.561928225000884
random_256,2026-06-05,3108,BEAR_PUT_NF_23150_23350_W200,NF,BEAR_PUT,256,0.578125,8,248,3,"[[""NF"", 234], [""BNF"", 22]]","[[""BULL_PUT"", 130], [""BEAR_CALL"", 113], [""BEAR_PUT"", 13]]",,,,11.561928225000884
random_256,2026-06-05,3106,BEAR_PUT_BNF_53700_54500_W800,BNF,BEAR_PUT,256,0.578125,8,248,3,"[[""NF"", 234], [""BNF"", 22]]","[[""BULL_PUT"", 130], [""BEAR_CALL"", 113], [""BEAR_PUT"", 13]]",,,,11.561928225000884
random_256,2026-06-05,3104,BEAR_PUT_BNF_53700_54500_W800,BNF,BEAR_PUT,256,0.578125,8,248,3,"[[""NF"", 234], [""BNF"", 22]]","[[""BULL_PUT"", 130], [""BEAR_CALL"", 113], [""BEAR_PUT"", 13]]",,,,11.561928225000884
random_256,2026-06-05,3100,BEAR_PUT_BNF_53700_54500_W800,BNF,BEAR_PUT,256,0.578125,8,248,3,"[[""NF"", 234], [""BNF"", 22]]","[[""BULL_PUT"", 130], [""BEAR_CALL"", 113], [""BEAR_PUT"", 13]]",,,,11.561928225000884
random_256,2026-06-08,4855,BEAR_PUT_NF_22950_23200_W250,NF,BEAR_PUT,256,0.53125,14,242,4,"[[""NF"", 226], [""BNF"", 30]]","[[""BEAR_CALL"", 121], [""BULL_PUT"", 116], [""BEAR_PUT"", 19]]",,,,9.626597132002644
random_256,2026-06-08,3854,BEAR_CALL_NF_23300_23450_W150,NF,BEAR_CALL,256,0.53125,14,242,4,"[[""NF"", 226], [""BNF"", 30]]","[[""BEAR_CALL"", 121], [""BULL_PUT"", 116], [""BEAR_PUT"", 19]]",,,,9.626597132002644
random_256,2026-06-08,3836,BEAR_CALL_NF_23300_23450_W150,NF,BEAR_CALL,256,0.53125,14,242,4,"[[""NF"", 226], [""BNF"", 30]]","[[""BEAR_CALL"", 121], [""BULL_PUT"", 116], [""BEAR_PUT"", 19]]",,,,9.626597132002644
random_256,2026-06-08,3819,BEAR_CALL_NF_23300_23450_W150,NF,BEAR_CALL,256,0.53125,14,242,4,"[[""NF"", 226], [""BNF"", 30]]","[[""BEAR_CALL"", 121], [""BULL_PUT"", 116], [""BEAR_PUT"", 19]]",,,,9.626597132002644
random_256,2026-06-08,3803,BEAR_CALL_NF_23300_23450_W150,NF,BEAR_CALL,256,0.53125,14,242,4,"[[""NF"", 226], [""BNF"", 30]]","[[""BEAR_CALL"", 121], [""BULL_PUT"", 116], [""BEAR_PUT"", 19]]",,,,9.626597132002644
random_256,2026-06-08,3785,BEAR_CALL_NF_23350_23500_W150,NF,BEAR_CALL,256,0.53125,14,242,4,"[[""NF"", 226], [""BNF"", 30]]","[[""BEAR_CALL"", 121], [""BULL_PUT"", 116], [""BEAR_PUT"", 19]]",,,,9.626597132002644
random_256,2026-06-08,3772,BEAR_CALL_NF_23300_23450_W150,NF,BEAR_CALL,256,0.53125,14,242,4,"[[""NF"", 226], [""BNF"", 30]]","[[""BEAR_CALL"", 121], [""BULL_PUT"", 116], [""BEAR_PUT"", 19]]",,,,9.626597132002644
random_256,2026-06-08,3760,BEAR_CALL_NF_23350_23500_W150,NF,BEAR_CALL,256,0.53125,14,242,4,"[[""NF"", 226], [""BNF"", 30]]","[[""BEAR_CALL"", 121], [""BULL_PUT"", 116], [""BEAR_PUT"", 19]]",,,,9.626597132002644
random_256,2026-06-08,3742,BEAR_CALL_NF_23350_23500_W150,NF,BEAR_CALL,256,0.53125,14,242,4,"[[""NF"", 226], [""BNF"", 30]]","[[""BEAR_CALL"", 121], [""BULL_PUT"", 116], [""BEAR_PUT"", 19]]",,,,9.626597132002644
random_256,2026-06-08,3729,BULL_PUT_NF_23000_22850_W150,NF,BULL_PUT,256,0.53125,14,242,4,"[[""NF"", 226], [""BNF"", 30]]","[[""BEAR_CALL"", 121], [""BULL_PUT"", 116], [""BEAR_PUT"", 19]]",,,,9.626597132002644
random_256,2026-06-08,3716,BEAR_CALL_NF_23300_23450_W150,NF,BEAR_CALL,256,0.53125,14,242,4,"[[""NF"", 226], [""BNF"", 30]]","[[""BEAR_CALL"", 121], [""BULL_PUT"", 116], [""BEAR_PUT"", 19]]",,,,9.626597132002644
random_256,2026-06-08,3700,BEAR_CALL_NF_23250_23400_W150,NF,BEAR_CALL,256,0.53125,14,242,4,"[[""NF"", 226], [""BNF"", 30]]","[[""BEAR_CALL"", 121], [""BULL_PUT"", 116], [""BEAR_PUT"", 19]]",,,,9.626597132002644
random_256,2026-06-08,3689,BEAR_CALL_NF_23300_23450_W150,NF,BEAR_CALL,256,0.53125,14,242,4,"[[""NF"", 226], [""BNF"", 30]]","[[""BEAR_CALL"", 121], [""BULL_PUT"", 116], [""BEAR_PUT"", 19]]",,,,9.626597132002644
random_256,2026-06-08,3677,BEAR_CALL_NF_23300_23450_W150,NF,BEAR_CALL,256,0.53125,14,242,4,"[[""NF"", 226], [""BNF"", 30]]","[[""BEAR_CALL"", 121], [""BULL_PUT"", 116], [""BEAR_PUT"", 19]]",,,,9.626597132002644
random_256,2026-06-08,3661,BEAR_CALL_NF_23250_23400_W150,NF,BEAR_CALL,256,0.53125,14,242,4,"[[""NF"", 226], [""BNF"", 30]]","[[""BEAR_CALL"", 121], [""BULL_PUT"", 116], [""BEAR_PUT"", 19]]",,,,9.626597132002644
random_256,2026-06-08,3651,BEAR_PUT_NF_22950_23100_W150,NF,BEAR_PUT,256,0.53125,14,242,4,"[[""NF"", 226], [""BNF"", 30]]","[[""BEAR_CALL"", 121], [""BULL_PUT"", 116], [""BEAR_PUT"", 19]]",,,,9.626597132002644
random_256,2026-06-09,5511,BEAR_PUT_BNF_53500_54500_W1000,BNF,BEAR_PUT,256,0.6171875,14,242,5,"[[""NF"", 221], [""BNF"", 35]]","[[""BULL_PUT"", 127], [""BEAR_CALL"", 118], [""BEAR_PUT"", 11]]",,,,9.969355307999649
random_256,2026-06-09,5509,BEAR_PUT_BNF_53600_54600_W1000,BNF,BEAR_PUT,256,0.6171875,14,242,5,"[[""NF"", 221], [""BNF"", 35]]","[[""BULL_PUT"", 127], [""BEAR_CALL"", 118], [""BEAR_PUT"", 11]]",,,,9.969355307999649
random_256,2026-06-09,5507,BEAR_PUT_BNF_53600_54600_W1000,BNF,BEAR_PUT,256,0.6171875,14,242,5,"[[""NF"", 221], [""BNF"", 35]]","[[""BULL_PUT"", 127], [""BEAR_CALL"", 118], [""BEAR_PUT"", 11]]",,,,9.969355307999649
random_256,2026-06-09,5502,BEAR_PUT_NF_23000_23200_W200,NF,BEAR_PUT,256,0.6171875,14,242,5,"[[""NF"", 221], [""BNF"", 35]]","[[""BULL_PUT"", 127], [""BEAR_CALL"", 118], [""BEAR_PUT"", 11]]",,,,9.969355307999649
random_256,2026-06-09,5498,BEAR_PUT_NF_23050_23200_W150,NF,BEAR_PUT,256,0.6171875,14,242,5,"[[""NF"", 221], [""BNF"", 35]]","[[""BULL_PUT"", 127], [""BEAR_CALL"", 118], [""BEAR_PUT"", 11]]",,,,9.969355307999649
random_256,2026-06-09,5493,BULL_PUT_BNF_54500_54100_W400,BNF,BULL_PUT,256,0.6171875,14,242,5,"[[""NF"", 221], [""BNF"", 35]]","[[""BULL_PUT"", 127], [""BEAR_CALL"", 118], [""BEAR_PUT"", 11]]",,,,9.969355307999649
random_256,2026-06-09,5489,BEAR_PUT_NF_23100_23200_W100,NF,BEAR_PUT,256,0.6171875,14,242,5,"[[""NF"", 221], [""BNF"", 35]]","[[""BULL_PUT"", 127], [""BEAR_CALL"", 118], [""BEAR_PUT"", 11]]",,,,9.969355307999649
random_256,2026-06-09,5485,BEAR_PUT_NF_23050_23200_W150,NF,BEAR_PUT,256,0.6171875,14,242,5,"[[""NF"", 221], [""BNF"", 35]]","[[""BULL_PUT"", 127], [""BEAR_CALL"", 118], [""BEAR_PUT"", 11]]",,,,9.969355307999649
random_256,2026-06-09,5475,BEAR_CALL_BNF_55300_55800_W500,BNF,BEAR_CALL,256,0.6171875,14,242,5,"[[""NF"", 221], [""BNF"", 35]]","[[""BULL_PUT"", 127], [""BEAR_CALL"", 118], [""BEAR_PUT"", 11]]",,,,9.969355307999649
random_256,2026-06-09,5470,BULL_PUT_BNF_54500_54100_W400,BNF,BULL_PUT,256,0.6171875,14,242,5,"[[""NF"", 221], [""BNF"", 35]]","[[""BULL_PUT"", 127], [""BEAR_CALL"", 118], [""BEAR_PUT"", 11]]",,,,9.969355307999649
random_256,2026-06-09,5465,BULL_PUT_BNF_54500_54100_W400,BNF,BULL_PUT,256,0.6171875,14,242,5,"[[""NF"", 221], [""BNF"", 35]]","[[""BULL_PUT"", 127], [""BEAR_CALL"", 118], [""BEAR_PUT"", 11]]",,,,9.969355307999649
random_256,2026-06-09,5460,BULL_PUT_BNF_54500_54100_W400,BNF,BULL_PUT,256,0.6171875,14,242,5,"[[""NF"", 221], [""BNF"", 35]]","[[""BULL_PUT"", 127], [""BEAR_CALL"", 118], [""BEAR_PUT"", 11]]",,,,9.969355307999649
random_256,2026-06-09,5454,BEAR_PUT_BNF_54000_55000_W1000,BNF,BEAR_PUT,256,0.6171875,14,242,5,"[[""NF"", 221], [""BNF"", 35]]","[[""BULL_PUT"", 127], [""BEAR_CALL"", 118], [""BEAR_PUT"", 11]]",,,,9.969355307999649
random_256,2026-06-09,5449,BULL_PUT_BNF_54500_54100_W400,BNF,BULL_PUT,256,0.6171875,14,242,5,"[[""NF"", 221], [""BNF"", 35]]","[[""BULL_PUT"", 127], [""BEAR_CALL"", 118], [""BEAR_PUT"", 11]]",,,,9.969355307999649
random_256,2026-06-09,5444,BULL_PUT_BNF_54500_54100_W400,BNF,BULL_PUT,256,0.6171875,14,242,5,"[[""NF"", 221], [""BNF"", 35]]","[[""BULL_PUT"", 127], [""BEAR_CALL"", 118], [""BEAR_PUT"", 11]]",,,,9.969355307999649
random_256,2026-06-09,5439,BULL_PUT_BNF_54600_54200_W400,BNF,BULL_PUT,256,0.6171875,14,242,5,"[[""NF"", 221], [""BNF"", 35]]","[[""BULL_PUT"", 127], [""BEAR_CALL"", 118], [""BEAR_PUT"", 11]]",,,,9.969355307999649
random_256,2026-06-12,5524,BEAR_PUT_NF_23150_23350_W200,NF,BEAR_PUT,256,0.6328125,11,245,6,"[[""NF"", 216], [""BNF"", 40]]","[[""BEAR_CALL"", 123], [""BULL_PUT"", 111], [""BEAR_PUT"", 22]]",,,,8.537842497000383
random_256,2026-06-12,5518,BEAR_PUT_NF_23150_23350_W200,NF,BEAR_PUT,256,0.6328125,11,245,6,"[[""NF"", 216], [""BNF"", 40]]","[[""BEAR_CALL"", 123], [""BULL_PUT"", 111], [""BEAR_PUT"", 22]]",,,,8.537842497000383
random_256,2026-06-12,5513,BULL_PUT_NF_23450_23300_W150,NF,BULL_PUT,256,0.6328125,11,245,6,"[[""NF"", 216], [""BNF"", 40]]","[[""BEAR_CALL"", 123], [""BULL_PUT"", 111], [""BEAR_PUT"", 22]]",,,,8.537842497000383
random_256,2026-06-15,5607,BEAR_CALL_NF_24000_24150_W150,NF,BEAR_CALL,256,0.60546875,8,248,7,"[[""NF"", 226], [""BNF"", 30]]","[[""BEAR_CALL"", 129], [""BULL_PUT"", 108], [""BEAR_PUT"", 19]]",,,,9.524527287998353
random_256,2026-06-15,5602,BEAR_CALL_NF_24050_24200_W150,NF,BEAR_CALL,256,0.60546875,8,248,7,"[[""NF"", 226], [""BNF"", 30]]","[[""BEAR_CALL"", 129], [""BULL_PUT"", 108], [""BEAR_PUT"", 19]]",,,,9.524527287998353
random_256,2026-06-15,5597,BEAR_CALL_NF_24050_24200_W150,NF,BEAR_CALL,256,0.60546875,8,248,7,"[[""NF"", 226], [""BNF"", 30]]","[[""BEAR_CALL"", 129], [""BULL_PUT"", 108], [""BEAR_PUT"", 19]]",,,,9.524527287998353
random_256,2026-06-15,5592,BEAR_CALL_NF_24050_24200_W150,NF,BEAR_CALL,256,0.60546875,8,248,7,"[[""NF"", 226], [""BNF"", 30]]","[[""BEAR_CALL"", 129], [""BULL_PUT"", 108], [""BEAR_PUT"", 19]]",,,,9.524527287998353
random_256,2026-06-15,5587,BEAR_CALL_NF_24050_24200_W150,NF,BEAR_CALL,256,0.60546875,8,248,7,"[[""NF"", 226], [""BNF"", 30]]","[[""BEAR_CALL"", 129], [""BULL_PUT"", 108], [""BEAR_PUT"", 19]]",,,,9.524527287998353
random_256,2026-06-15,5582,BEAR_CALL_NF_24050_24200_W150,NF,BEAR_CALL,256,0.60546875,8,248,7,"[[""NF"", 226], [""BNF"", 30]]","[[""BEAR_CALL"", 129], [""BULL_PUT"", 108], [""BEAR_PUT"", 19]]",,,,9.524527287998353
random_256,2026-06-15,5577,BULL_PUT_NF_23800_23650_W150,NF,BULL_PUT,256,0.60546875,8,248,7,"[[""NF"", 226], [""BNF"", 30]]","[[""BEAR_CALL"", 129], [""BULL_PUT"", 108], [""BEAR_PUT"", 19]]",,,,9.524527287998353
random_256,2026-06-15,5572,BULL_PUT_NF_23750_23600_W150,NF,BULL_PUT,256,0.60546875,8,248,7,"[[""NF"", 226], [""BNF"", 30]]","[[""BEAR_CALL"", 129], [""BULL_PUT"", 108], [""BEAR_PUT"", 19]]",,,,9.524527287998353
random_256,2026-06-15,5567,BULL_PUT_NF_23750_23600_W150,NF,BULL_PUT,256,0.60546875,8,248,7,"[[""NF"", 226], [""BNF"", 30]]","[[""BEAR_CALL"", 129], [""BULL_PUT"", 108], [""BEAR_PUT"", 19]]",,,,9.524527287998353
random_256,2026-06-15,5562,BULL_PUT_NF_23750_23600_W150,NF,BULL_PUT,256,0.60546875,8,248,7,"[[""NF"", 226], [""BNF"", 30]]","[[""BEAR_CALL"", 129], [""BULL_PUT"", 108], [""BEAR_PUT"", 19]]",,,,9.524527287998353
random_256,2026-06-15,5557,BULL_PUT_NF_23750_23600_W150,NF,BULL_PUT,256,0.60546875,8,248,7,"[[""NF"", 226], [""BNF"", 30]]","[[""BEAR_CALL"", 129], [""BULL_PUT"", 108], [""BEAR_PUT"", 19]]",,,,9.524527287998353
random_256,2026-06-15,5552,BEAR_CALL_NF_24000_24150_W150,NF,BEAR_CALL,256,0.60546875,8,248,7,"[[""NF"", 226], [""BNF"", 30]]","[[""BEAR_CALL"", 129], [""BULL_PUT"", 108], [""BEAR_PUT"", 19]]",,,,9.524527287998353
random_256,2026-06-15,5547,BEAR_CALL_NF_24000_24150_W150,NF,BEAR_CALL,256,0.60546875,8,248,7,"[[""NF"", 226], [""BNF"", 30]]","[[""BEAR_CALL"", 129], [""BULL_PUT"", 108], [""BEAR_PUT"", 19]]",,,,9.524527287998353
random_256,2026-06-15,5542,BEAR_CALL_NF_24000_24150_W150,NF,BEAR_CALL,256,0.60546875,8,248,7,"[[""NF"", 226], [""BNF"", 30]]","[[""BEAR_CALL"", 129], [""BULL_PUT"", 108], [""BEAR_PUT"", 19]]",,,,9.524527287998353
random_256,2026-06-15,5537,BEAR_CALL_NF_24000_24150_W150,NF,BEAR_CALL,256,0.60546875,8,248,7,"[[""NF"", 226], [""BNF"", 30]]","[[""BEAR_CALL"", 129], [""BULL_PUT"", 108], [""BEAR_PUT"", 19]]",,,,9.524527287998353
random_256,2026-06-15,5533,BEAR_CALL_NF_24000_24150_W150,NF,BEAR_CALL,256,0.60546875,8,248,7,"[[""NF"", 226], [""BNF"", 30]]","[[""BEAR_CALL"", 129], [""BULL_PUT"", 108], [""BEAR_PUT"", 19]]",,,,9.524527287998353
random_256,2026-06-15,5924,BEAR_CALL_NF_24100_24250_W150,NF,BEAR_CALL,256,0.60546875,8,248,7,"[[""NF"", 226], [""BNF"", 30]]","[[""BEAR_CALL"", 129], [""BULL_PUT"", 108], [""BEAR_PUT"", 19]]",,,,9.524527287998353
random_256,2026-06-15,5918,BEAR_CALL_NF_24100_24250_W150,NF,BEAR_CALL,256,0.60546875,8,248,7,"[[""NF"", 226], [""BNF"", 30]]","[[""BEAR_CALL"", 129], [""BULL_PUT"", 108], [""BEAR_PUT"", 19]]",,,,9.524527287998353
random_256,2026-06-15,5912,BEAR_CALL_NF_24100_24250_W150,NF,BEAR_CALL,256,0.60546875,8,248,7,"[[""NF"", 226], [""BNF"", 30]]","[[""BEAR_CALL"", 129], [""BULL_PUT"", 108], [""BEAR_PUT"", 19]]",,,,9.524527287998353
random_256,2026-06-15,5906,BEAR_CALL_NF_24100_24250_W150,NF,BEAR_CALL,256,0.60546875,8,248,7,"[[""NF"", 226], [""BNF"", 30]]","[[""BEAR_CALL"", 129], [""BULL_PUT"", 108], [""BEAR_PUT"", 19]]",,,,9.524527287998353
random_256,2026-06-15,5899,BEAR_PUT_NF_23750_23950_W200,NF,BEAR_PUT,256,0.60546875,8,248,7,"[[""NF"", 226], [""BNF"", 30]]","[[""BEAR_CALL"", 129], [""BULL_PUT"", 108], [""BEAR_PUT"", 19]]",,,,9.524527287998353
random_256,2026-06-15,5892,BEAR_CALL_NF_24100_24250_W150,NF,BEAR_CALL,256,0.60546875,8,248,7,"[[""NF"", 226], [""BNF"", 30]]","[[""BEAR_CALL"", 129], [""BULL_PUT"", 108], [""BEAR_PUT"", 19]]",,,,9.524527287998353
random_256,2026-06-17,6044,BEAR_PUT_BNF_56500_57500_W1000,BNF,BEAR_PUT,256,0.625,17,239,8,"[[""NF"", 217], [""BNF"", 39]]","[[""BULL_PUT"", 118], [""BEAR_CALL"", 116], [""BEAR_PUT"", 22]]",,,,9.310672132000036
random_256,2026-06-17,6034,BEAR_PUT_NF_23800_24100_W300,NF,BEAR_PUT,256,0.625,17,239,8,"[[""NF"", 217], [""BNF"", 39]]","[[""BULL_PUT"", 118], [""BEAR_CALL"", 116], [""BEAR_PUT"", 22]]",,,,9.310672132000036
random_256,2026-06-17,6030,BEAR_PUT_BNF_56500_57500_W1000,BNF,BEAR_PUT,256,0.625,17,239,8,"[[""NF"", 217], [""BNF"", 39]]","[[""BULL_PUT"", 118], [""BEAR_CALL"", 116], [""BEAR_PUT"", 22]]",,,,9.310672132000036
random_256,2026-06-17,6026,BEAR_PUT_NF_23800_24100_W300,NF,BEAR_PUT,256,0.625,17,239,8,"[[""NF"", 217], [""BNF"", 39]]","[[""BULL_PUT"", 118], [""BEAR_CALL"", 116], [""BEAR_PUT"", 22]]",,,,9.310672132000036
random_256,2026-06-17,6022,BEAR_PUT_NF_23800_24100_W300,NF,BEAR_PUT,256,0.625,17,239,8,"[[""NF"", 217], [""BNF"", 39]]","[[""BULL_PUT"", 118], [""BEAR_CALL"", 116], [""BEAR_PUT"", 22]]",,,,9.310672132000036
random_256,2026-06-22,6888,BEAR_CALL_NF_24250_24400_W150,NF,BEAR_CALL,256,0.6796875,8,248,9,"[[""NF"", 226], [""BNF"", 30]]","[[""BEAR_CALL"", 119], [""BULL_PUT"", 117], [""BEAR_PUT"", 20]]",,,,9.140119215000595
random_256,2026-06-22,6877,BULL_PUT_NF_24000_23850_W150,NF,BULL_PUT,256,0.6796875,8,248,9,"[[""NF"", 226], [""BNF"", 30]]","[[""BEAR_CALL"", 119], [""BULL_PUT"", 117], [""BEAR_PUT"", 20]]",,,,9.140119215000595
random_256,2026-06-22,6865,BULL_PUT_NF_24000_23850_W150,NF,BULL_PUT,256,0.6796875,8,248,9,"[[""NF"", 226], [""BNF"", 30]]","[[""BEAR_CALL"", 119], [""BULL_PUT"", 117], [""BEAR_PUT"", 20]]",,,,9.140119215000595
random_256,2026-06-22,6854,BEAR_CALL_NF_24250_24400_W150,NF,BEAR_CALL,256,0.6796875,8,248,9,"[[""NF"", 226], [""BNF"", 30]]","[[""BEAR_CALL"", 119], [""BULL_PUT"", 117], [""BEAR_PUT"", 20]]",,,,9.140119215000595
random_256,2026-06-22,6842,BEAR_CALL_NF_24250_24400_W150,NF,BEAR_CALL,256,0.6796875,8,248,9,"[[""NF"", 226], [""BNF"", 30]]","[[""BEAR_CALL"", 119], [""BULL_PUT"", 117], [""BEAR_PUT"", 20]]",,,,9.140119215000595
random_256,2026-06-22,6830,BULL_PUT_NF_24000_23850_W150,NF,BULL_PUT,256,0.6796875,8,248,9,"[[""NF"", 226], [""BNF"", 30]]","[[""BEAR_CALL"", 119], [""BULL_PUT"", 117], [""BEAR_PUT"", 20]]",,,,9.140119215000595
random_256,2026-06-22,6819,BEAR_CALL_NF_24250_24400_W150,NF,BEAR_CALL,256,0.6796875,8,248,9,"[[""NF"", 226], [""BNF"", 30]]","[[""BEAR_CALL"", 119], [""BULL_PUT"", 117], [""BEAR_PUT"", 20]]",,,,9.140119215000595
random_256,2026-06-22,6817,BEAR_CALL_NF_24250_24400_W150,NF,BEAR_CALL,256,0.6796875,8,248,9,"[[""NF"", 226], [""BNF"", 30]]","[[""BEAR_CALL"", 119], [""BULL_PUT"", 117], [""BEAR_PUT"", 20]]",,,,9.140119215000595
random_256,2026-06-22,6815,BEAR_CALL_NF_24250_24400_W150,NF,BEAR_CALL,256,0.6796875,8,248,9,"[[""NF"", 226], [""BNF"", 30]]","[[""BEAR_CALL"", 119], [""BULL_PUT"", 117], [""BEAR_PUT"", 20]]",,,,9.140119215000595
random_256,2026-06-22,6813,BEAR_CALL_NF_24250_24400_W150,NF,BEAR_CALL,256,0.6796875,8,248,9,"[[""NF"", 226], [""BNF"", 30]]","[[""BEAR_CALL"", 119], [""BULL_PUT"", 117], [""BEAR_PUT"", 20]]",,,,9.140119215000595
random_256,2026-06-22,6811,BEAR_CALL_NF_24250_24400_W150,NF,BEAR_CALL,256,0.6796875,8,248,9,"[[""NF"", 226], [""BNF"", 30]]","[[""BEAR_CALL"", 119], [""BULL_PUT"", 117], [""BEAR_PUT"", 20]]",,,,9.140119215000595
random_256,2026-06-22,6809,BULL_PUT_NF_24000_23850_W150,NF,BULL_PUT,256,0.6796875,8,248,9,"[[""NF"", 226], [""BNF"", 30]]","[[""BEAR_CALL"", 119], [""BULL_PUT"", 117], [""BEAR_PUT"", 20]]",,,,9.140119215000595
random_256,2026-06-22,6808,BULL_PUT_NF_24000_23850_W150,NF,BULL_PUT,256,0.6796875,8,248,9,"[[""NF"", 226], [""BNF"", 30]]","[[""BEAR_CALL"", 119], [""BULL_PUT"", 117], [""BEAR_PUT"", 20]]",,,,9.140119215000595
random_256,2026-06-22,6805,BEAR_CALL_NF_24200_24350_W150,NF,BEAR_CALL,256,0.6796875,8,248,9,"[[""NF"", 226], [""BNF"", 30]]","[[""BEAR_CALL"", 119], [""BULL_PUT"", 117], [""BEAR_PUT"", 20]]",,,,9.140119215000595
random_256,2026-06-23,8657,BEAR_CALL_BNF_58400_58800_W400,BNF,BEAR_CALL,256,0.6640625,9,247,9,"[[""NF"", 185], [""BNF"", 71]]","[[""BEAR_CALL"", 128], [""BULL_PUT"", 115], [""BEAR_PUT"", 13]]",,,,8.970670205002534
random_256,2026-06-23,8653,BEAR_PUT_NF_23900_24100_W200,NF,BEAR_PUT,256,0.6640625,9,247,9,"[[""NF"", 185], [""BNF"", 71]]","[[""BEAR_CALL"", 128], [""BULL_PUT"", 115], [""BEAR_PUT"", 13]]",,,,8.970670205002534
random_256,2026-06-23,8650,BEAR_PUT_BNF_57200_57600_W400,BNF,BEAR_PUT,256,0.6640625,9,247,9,"[[""NF"", 185], [""BNF"", 71]]","[[""BEAR_CALL"", 128], [""BULL_PUT"", 115], [""BEAR_PUT"", 13]]",,,,8.970670205002534
random_256,2026-06-23,8648,BEAR_PUT_BNF_57300_57600_W300,BNF,BEAR_PUT,256,0.6640625,9,247,9,"[[""NF"", 185], [""BNF"", 71]]","[[""BEAR_CALL"", 128], [""BULL_PUT"", 115], [""BEAR_PUT"", 13]]",,,,8.970670205002534
random_256,2026-06-23,8642,BEAR_PUT_NF_23900_24000_W100,NF,BEAR_PUT,256,0.6640625,9,247,9,"[[""NF"", 185], [""BNF"", 71]]","[[""BEAR_CALL"", 128], [""BULL_PUT"", 115], [""BEAR_PUT"", 13]]",,,,8.970670205002534
random_256,2026-06-23,8636,BEAR_PUT_BNF_57100_57500_W400,BNF,BEAR_PUT,256,0.6640625,9,247,9,"[[""NF"", 185], [""BNF"", 71]]","[[""BEAR_CALL"", 128], [""BULL_PUT"", 115], [""BEAR_PUT"", 13]]",,,,8.970670205002534
random_256,2026-06-23,8629,BEAR_PUT_BNF_57100_57500_W400,BNF,BEAR_PUT,256,0.6640625,9,247,9,"[[""NF"", 185], [""BNF"", 71]]","[[""BEAR_CALL"", 128], [""BULL_PUT"", 115], [""BEAR_PUT"", 13]]",,,,8.970670205002534
random_256,2026-06-23,8623,BEAR_PUT_BNF_57100_57500_W400,BNF,BEAR_PUT,256,0.6640625,9,247,9,"[[""NF"", 185], [""BNF"", 71]]","[[""BEAR_CALL"", 128], [""BULL_PUT"", 115], [""BEAR_PUT"", 13]]",,,,8.970670205002534
random_256,2026-06-23,8618,BEAR_CALL_BNF_58000_58400_W400,BNF,BEAR_CALL,256,0.6640625,9,247,9,"[[""NF"", 185], [""BNF"", 71]]","[[""BEAR_CALL"", 128], [""BULL_PUT"", 115], [""BEAR_PUT"", 13]]",,,,8.970670205002534
random_256,2026-06-23,8609,BEAR_CALL_BNF_57900_58300_W400,BNF,BEAR_CALL,256,0.6640625,9,247,9,"[[""NF"", 185], [""BNF"", 71]]","[[""BEAR_CALL"", 128], [""BULL_PUT"", 115], [""BEAR_PUT"", 13]]",,,,8.970670205002534
random_256,2026-06-23,8595,BEAR_CALL_BNF_57900_58300_W400,BNF,BEAR_CALL,256,0.6640625,9,247,9,"[[""NF"", 185], [""BNF"", 71]]","[[""BEAR_CALL"", 128], [""BULL_PUT"", 115], [""BEAR_PUT"", 13]]",,,,8.970670205002534
random_256,2026-06-23,8581,BEAR_CALL_BNF_57900_58300_W400,BNF,BEAR_CALL,256,0.6640625,9,247,9,"[[""NF"", 185], [""BNF"", 71]]","[[""BEAR_CALL"", 128], [""BULL_PUT"", 115], [""BEAR_PUT"", 13]]",,,,8.970670205002534
random_256,2026-06-23,8567,BEAR_CALL_BNF_57900_58300_W400,BNF,BEAR_CALL,256,0.6640625,9,247,9,"[[""NF"", 185], [""BNF"", 71]]","[[""BEAR_CALL"", 128], [""BULL_PUT"", 115], [""BEAR_PUT"", 13]]",,,,8.970670205002534
random_256,2026-06-23,8553,BEAR_CALL_BNF_57900_58300_W400,BNF,BEAR_CALL,256,0.6640625,9,247,9,"[[""NF"", 185], [""BNF"", 71]]","[[""BEAR_CALL"", 128], [""BULL_PUT"", 115], [""BEAR_PUT"", 13]]",,,,8.970670205002534
random_256,2026-06-23,8544,BEAR_CALL_BNF_58000_58400_W400,BNF,BEAR_CALL,256,0.6640625,9,247,9,"[[""NF"", 185], [""BNF"", 71]]","[[""BEAR_CALL"", 128], [""BULL_PUT"", 115], [""BEAR_PUT"", 13]]",,,,8.970670205002534
random_256,2026-06-23,8535,BEAR_CALL_BNF_58000_58400_W400,BNF,BEAR_CALL,256,0.6640625,9,247,9,"[[""NF"", 185], [""BNF"", 71]]","[[""BEAR_CALL"", 128], [""BULL_PUT"", 115], [""BEAR_PUT"", 13]]",,,,8.970670205002534
random_256,2026-06-23,8526,BEAR_CALL_BNF_57900_58300_W400,BNF,BEAR_CALL,256,0.6640625,9,247,9,"[[""NF"", 185], [""BNF"", 71]]","[[""BEAR_CALL"", 128], [""BULL_PUT"", 115], [""BEAR_PUT"", 13]]",,,,8.970670205002534
random_256,2026-06-23,8517,BEAR_CALL_BNF_57900_58300_W400,BNF,BEAR_CALL,256,0.6640625,9,247,9,"[[""NF"", 185], [""BNF"", 71]]","[[""BEAR_CALL"", 128], [""BULL_PUT"", 115], [""BEAR_PUT"", 13]]",,,,8.970670205002534
random_256,2026-06-23,8508,BEAR_CALL_BNF_57900_58300_W400,BNF,BEAR_CALL,256,0.6640625,9,247,9,"[[""NF"", 185], [""BNF"", 71]]","[[""BEAR_CALL"", 128], [""BULL_PUT"", 115], [""BEAR_PUT"", 13]]",,,,8.970670205002534
random_256,2026-06-23,8499,BEAR_CALL_BNF_57900_58300_W400,BNF,BEAR_CALL,256,0.6640625,9,247,9,"[[""NF"", 185], [""BNF"", 71]]","[[""BEAR_CALL"", 128], [""BULL_PUT"", 115], [""BEAR_PUT"", 13]]",,,,8.970670205002534
random_256,2026-06-23,8490,BEAR_CALL_BNF_58000_58400_W400,BNF,BEAR_CALL,256,0.6640625,9,247,9,"[[""NF"", 185], [""BNF"", 71]]","[[""BEAR_CALL"", 128], [""BULL_PUT"", 115], [""BEAR_PUT"", 13]]",,,,8.970670205002534
random_256,2026-06-23,8476,BEAR_CALL_BNF_57900_58300_W400,BNF,BEAR_CALL,256,0.6640625,9,247,9,"[[""NF"", 185], [""BNF"", 71]]","[[""BEAR_CALL"", 128], [""BULL_PUT"", 115], [""BEAR_PUT"", 13]]",,,,8.970670205002534
random_256,2026-06-23,8462,BEAR_CALL_BNF_57900_58300_W400,BNF,BEAR_CALL,256,0.6640625,9,247,9,"[[""NF"", 185], [""BNF"", 71]]","[[""BEAR_CALL"", 128], [""BULL_PUT"", 115], [""BEAR_PUT"", 13]]",,,,8.970670205002534
random_256,2026-06-23,8453,BEAR_CALL_BNF_58000_58400_W400,BNF,BEAR_CALL,256,0.6640625,9,247,9,"[[""NF"", 185], [""BNF"", 71]]","[[""BEAR_CALL"", 128], [""BULL_PUT"", 115], [""BEAR_PUT"", 13]]",,,,8.970670205002534
random_256,2026-06-23,8439,BEAR_CALL_BNF_57900_58300_W400,BNF,BEAR_CALL,256,0.6640625,9,247,9,"[[""NF"", 185], [""BNF"", 71]]","[[""BEAR_CALL"", 128], [""BULL_PUT"", 115], [""BEAR_PUT"", 13]]",,,,8.970670205002534
random_256,2026-06-23,8425,BEAR_CALL_BNF_57900_58300_W400,BNF,BEAR_CALL,256,0.6640625,9,247,9,"[[""NF"", 185], [""BNF"", 71]]","[[""BEAR_CALL"", 128], [""BULL_PUT"", 115], [""BEAR_PUT"", 13]]",,,,8.970670205002534
random_256,2026-06-23,8411,BEAR_CALL_BNF_57900_58300_W400,BNF,BEAR_CALL,256,0.6640625,9,247,9,"[[""NF"", 185], [""BNF"", 71]]","[[""BEAR_CALL"", 128], [""BULL_PUT"", 115], [""BEAR_PUT"", 13]]",,,,8.970670205002534
random_256,2026-06-23,8402,BEAR_CALL_BNF_57900_58300_W400,BNF,BEAR_CALL,256,0.6640625,9,247,9,"[[""NF"", 185], [""BNF"", 71]]","[[""BEAR_CALL"", 128], [""BULL_PUT"", 115], [""BEAR_PUT"", 13]]",,,,8.970670205002534
random_256,2026-06-23,8393,BEAR_CALL_BNF_57800_58200_W400,BNF,BEAR_CALL,256,0.6640625,9,247,9,"[[""NF"", 185], [""BNF"", 71]]","[[""BEAR_CALL"", 128], [""BULL_PUT"", 115], [""BEAR_PUT"", 13]]",,,,8.970670205002534
random_256,2026-06-23,8384,BEAR_CALL_BNF_57800_58200_W400,BNF,BEAR_CALL,256,0.6640625,9,247,9,"[[""NF"", 185], [""BNF"", 71]]","[[""BEAR_CALL"", 128], [""BULL_PUT"", 115], [""BEAR_PUT"", 13]]",,,,8.970670205002534
random_256,2026-06-23,8374,BEAR_CALL_BNF_57800_58200_W400,BNF,BEAR_CALL,256,0.6640625,9,247,9,"[[""NF"", 185], [""BNF"", 71]]","[[""BEAR_CALL"", 128], [""BULL_PUT"", 115], [""BEAR_PUT"", 13]]",,,,8.970670205002534
random_256,2026-06-23,8364,BEAR_CALL_BNF_57800_58200_W400,BNF,BEAR_CALL,256,0.6640625,9,247,9,"[[""NF"", 185], [""BNF"", 71]]","[[""BEAR_CALL"", 128], [""BULL_PUT"", 115], [""BEAR_PUT"", 13]]",,,,8.970670205002534
random_256,2026-06-23,8355,BEAR_CALL_BNF_57800_58200_W400,BNF,BEAR_CALL,256,0.6640625,9,247,9,"[[""NF"", 185], [""BNF"", 71]]","[[""BEAR_CALL"", 128], [""BULL_PUT"", 115], [""BEAR_PUT"", 13]]",,,,8.970670205002534
random_256,2026-06-23,8346,BEAR_CALL_BNF_57800_58200_W400,BNF,BEAR_CALL,256,0.6640625,9,247,9,"[[""NF"", 185], [""BNF"", 71]]","[[""BEAR_CALL"", 128], [""BULL_PUT"", 115], [""BEAR_PUT"", 13]]",,,,8.970670205002534
random_256,2026-06-23,8337,BEAR_CALL_BNF_57800_58200_W400,BNF,BEAR_CALL,256,0.6640625,9,247,9,"[[""NF"", 185], [""BNF"", 71]]","[[""BEAR_CALL"", 128], [""BULL_PUT"", 115], [""BEAR_PUT"", 13]]",,,,8.970670205002534
random_256,2026-06-23,8327,BEAR_CALL_BNF_57800_58200_W400,BNF,BEAR_CALL,256,0.6640625,9,247,9,"[[""NF"", 185], [""BNF"", 71]]","[[""BEAR_CALL"", 128], [""BULL_PUT"", 115], [""BEAR_PUT"", 13]]",,,,8.970670205002534
random_256,2026-06-23,8318,BEAR_CALL_BNF_57800_58200_W400,BNF,BEAR_CALL,256,0.6640625,9,247,9,"[[""NF"", 185], [""BNF"", 71]]","[[""BEAR_CALL"", 128], [""BULL_PUT"", 115], [""BEAR_PUT"", 13]]",,,,8.970670205002534
random_256,2026-06-23,8309,BEAR_CALL_BNF_57800_58200_W400,BNF,BEAR_CALL,256,0.6640625,9,247,9,"[[""NF"", 185], [""BNF"", 71]]","[[""BEAR_CALL"", 128], [""BULL_PUT"", 115], [""BEAR_PUT"", 13]]",,,,8.970670205002534
random_256,2026-06-23,8300,BEAR_CALL_BNF_57900_58300_W400,BNF,BEAR_CALL,256,0.6640625,9,247,9,"[[""NF"", 185], [""BNF"", 71]]","[[""BEAR_CALL"", 128], [""BULL_PUT"", 115], [""BEAR_PUT"", 13]]",,,,8.970670205002534
random_256,2026-06-23,8291,BEAR_CALL_BNF_57800_58200_W400,BNF,BEAR_CALL,256,0.6640625,9,247,9,"[[""NF"", 185], [""BNF"", 71]]","[[""BEAR_CALL"", 128], [""BULL_PUT"", 115], [""BEAR_PUT"", 13]]",,,,8.970670205002534
random_256,2026-06-23,8282,BEAR_CALL_BNF_57900_58300_W400,BNF,BEAR_CALL,256,0.6640625,9,247,9,"[[""NF"", 185], [""BNF"", 71]]","[[""BEAR_CALL"", 128], [""BULL_PUT"", 115], [""BEAR_PUT"", 13]]",,,,8.970670205002534
random_256,2026-06-23,8273,BEAR_CALL_BNF_57800_58200_W400,BNF,BEAR_CALL,256,0.6640625,9,247,9,"[[""NF"", 185], [""BNF"", 71]]","[[""BEAR_CALL"", 128], [""BULL_PUT"", 115], [""BEAR_PUT"", 13]]",,,,8.970670205002534
random_256,2026-06-23,8264,BEAR_CALL_BNF_57800_58200_W400,BNF,BEAR_CALL,256,0.6640625,9,247,9,"[[""NF"", 185], [""BNF"", 71]]","[[""BEAR_CALL"", 128], [""BULL_PUT"", 115], [""BEAR_PUT"", 13]]",,,,8.970670205002534
random_256,2026-06-23,8255,BEAR_CALL_BNF_57900_58300_W400,BNF,BEAR_CALL,256,0.6640625,9,247,9,"[[""NF"", 185], [""BNF"", 71]]","[[""BEAR_CALL"", 128], [""BULL_PUT"", 115], [""BEAR_PUT"", 13]]",,,,8.970670205002534
random_256,2026-06-23,8246,BEAR_CALL_BNF_57900_58300_W400,BNF,BEAR_CALL,256,0.6640625,9,247,9,"[[""NF"", 185], [""BNF"", 71]]","[[""BEAR_CALL"", 128], [""BULL_PUT"", 115], [""BEAR_PUT"", 13]]",,,,8.970670205002534
random_256,2026-06-23,8237,BEAR_CALL_BNF_57900_58300_W400,BNF,BEAR_CALL,256,0.6640625,9,247,9,"[[""NF"", 185], [""BNF"", 71]]","[[""BEAR_CALL"", 128], [""BULL_PUT"", 115], [""BEAR_PUT"", 13]]",,,,8.970670205002534
random_256,2026-06-23,8228,BEAR_CALL_BNF_57900_58300_W400,BNF,BEAR_CALL,256,0.6640625,9,247,9,"[[""NF"", 185], [""BNF"", 71]]","[[""BEAR_CALL"", 128], [""BULL_PUT"", 115], [""BEAR_PUT"", 13]]",,,,8.970670205002534
random_256,2026-06-23,8212,BEAR_PUT_NF_23650_23850_W200,NF,BEAR_PUT,256,0.6640625,9,247,9,"[[""NF"", 185], [""BNF"", 71]]","[[""BEAR_CALL"", 128], [""BULL_PUT"", 115], [""BEAR_PUT"", 13]]",,,,8.970670205002534
random_256,2026-06-23,8198,BEAR_PUT_NF_23650_23850_W200,NF,BEAR_PUT,256,0.6640625,9,247,9,"[[""NF"", 185], [""BNF"", 71]]","[[""BEAR_CALL"", 128], [""BULL_PUT"", 115], [""BEAR_PUT"", 13]]",,,,8.970670205002534
random_256,2026-06-23,8181,BEAR_PUT_NF_23600_23850_W250,NF,BEAR_PUT,256,0.6640625,9,247,9,"[[""NF"", 185], [""BNF"", 71]]","[[""BEAR_CALL"", 128], [""BULL_PUT"", 115], [""BEAR_PUT"", 13]]",,,,8.970670205002534
random_256,2026-06-23,8167,BEAR_CALL_BNF_57500_57900_W400,BNF,BEAR_CALL,256,0.6640625,9,247,9,"[[""NF"", 185], [""BNF"", 71]]","[[""BEAR_CALL"", 128], [""BULL_PUT"", 115], [""BEAR_PUT"", 13]]",,,,8.970670205002534
random_256,2026-06-23,8153,BEAR_CALL_BNF_57500_57900_W400,BNF,BEAR_CALL,256,0.6640625,9,247,9,"[[""NF"", 185], [""BNF"", 71]]","[[""BEAR_CALL"", 128], [""BULL_PUT"", 115], [""BEAR_PUT"", 13]]",,,,8.970670205002534
random_256,2026-06-24,9066,BEAR_PUT_NF_23700_23850_W150,NF,BEAR_PUT,256,0.62890625,11,245,10,"[[""NF"", 189], [""BNF"", 67]]","[[""BEAR_CALL"", 134], [""BULL_PUT"", 106], [""BEAR_PUT"", 16]]",,,,8.066256818998227
random_256,2026-06-24,9055,BEAR_PUT_NF_23700_23850_W150,NF,BEAR_PUT,256,0.62890625,11,245,10,"[[""NF"", 189], [""BNF"", 67]]","[[""BEAR_CALL"", 134], [""BULL_PUT"", 106], [""BEAR_PUT"", 16]]",,,,8.066256818998227
random_256,2026-06-24,9044,BEAR_PUT_NF_23650_23900_W250,NF,BEAR_PUT,256,0.62890625,11,245,10,"[[""NF"", 189], [""BNF"", 67]]","[[""BEAR_CALL"", 134], [""BULL_PUT"", 106], [""BEAR_PUT"", 16]]",,,,8.066256818998227
random_256,2026-06-24,9034,BEAR_PUT_NF_23700_23850_W150,NF,BEAR_PUT,256,0.62890625,11,245,10,"[[""NF"", 189], [""BNF"", 67]]","[[""BEAR_CALL"", 134], [""BULL_PUT"", 106], [""BEAR_PUT"", 16]]",,,,8.066256818998227
random_256,2026-06-24,9022,BEAR_PUT_NF_23600_23900_W300,NF,BEAR_PUT,256,0.62890625,11,245,10,"[[""NF"", 189], [""BNF"", 67]]","[[""BEAR_CALL"", 134], [""BULL_PUT"", 106], [""BEAR_PUT"", 16]]",,,,8.066256818998227
random_256,2026-06-24,9013,BEAR_CALL_BNF_58000_58400_W400,BNF,BEAR_CALL,256,0.62890625,11,245,10,"[[""NF"", 189], [""BNF"", 67]]","[[""BEAR_CALL"", 134], [""BULL_PUT"", 106], [""BEAR_PUT"", 16]]",,,,8.066256818998227
random_256,2026-06-24,9006,BEAR_PUT_BNF_56800_57400_W600,BNF,BEAR_PUT,256,0.62890625,11,245,10,"[[""NF"", 189], [""BNF"", 67]]","[[""BEAR_CALL"", 134], [""BULL_PUT"", 106], [""BEAR_PUT"", 16]]",,,,8.066256818998227
random_256,2026-06-24,8993,BEAR_PUT_NF_23550_23850_W300,NF,BEAR_PUT,256,0.62890625,11,245,10,"[[""NF"", 189], [""BNF"", 67]]","[[""BEAR_CALL"", 134], [""BULL_PUT"", 106], [""BEAR_PUT"", 16]]",,,,8.066256818998227
random_256,2026-06-24,8983,BEAR_PUT_NF_23600_23850_W250,NF,BEAR_PUT,256,0.62890625,11,245,10,"[[""NF"", 189], [""BNF"", 67]]","[[""BEAR_CALL"", 134], [""BULL_PUT"", 106], [""BEAR_PUT"", 16]]",,,,8.066256818998227
random_256,2026-06-24,8973,BEAR_PUT_NF_23650_23900_W250,NF,BEAR_PUT,256,0.62890625,11,245,10,"[[""NF"", 189], [""BNF"", 67]]","[[""BEAR_CALL"", 134], [""BULL_PUT"", 106], [""BEAR_PUT"", 16]]",,,,8.066256818998227
random_256,2026-06-24,8965,BEAR_PUT_NF_23700_23900_W200,NF,BEAR_PUT,256,0.62890625,11,245,10,"[[""NF"", 189], [""BNF"", 67]]","[[""BEAR_CALL"", 134], [""BULL_PUT"", 106], [""BEAR_PUT"", 16]]",,,,8.066256818998227
random_256,2026-06-24,8953,BEAR_PUT_NF_23700_23900_W200,NF,BEAR_PUT,256,0.62890625,11,245,10,"[[""NF"", 189], [""BNF"", 67]]","[[""BEAR_CALL"", 134], [""BULL_PUT"", 106], [""BEAR_PUT"", 16]]",,,,8.066256818998227
random_256,2026-06-24,8944,BEAR_PUT_NF_23700_23900_W200,NF,BEAR_PUT,256,0.62890625,11,245,10,"[[""NF"", 189], [""BNF"", 67]]","[[""BEAR_CALL"", 134], [""BULL_PUT"", 106], [""BEAR_PUT"", 16]]",,,,8.066256818998227
random_256,2026-06-24,8936,BEAR_PUT_NF_23750_23950_W200,NF,BEAR_PUT,256,0.62890625,11,245,10,"[[""NF"", 189], [""BNF"", 67]]","[[""BEAR_CALL"", 134], [""BULL_PUT"", 106], [""BEAR_PUT"", 16]]",,,,8.066256818998227
random_256,2026-06-24,8927,BEAR_CALL_BNF_58200_58600_W400,BNF,BEAR_CALL,256,0.62890625,11,245,10,"[[""NF"", 189], [""BNF"", 67]]","[[""BEAR_CALL"", 134], [""BULL_PUT"", 106], [""BEAR_PUT"", 16]]",,,,8.066256818998227
random_256,2026-06-24,8918,BEAR_CALL_BNF_58200_58600_W400,BNF,BEAR_CALL,256,0.62890625,11,245,10,"[[""NF"", 189], [""BNF"", 67]]","[[""BEAR_CALL"", 134], [""BULL_PUT"", 106], [""BEAR_PUT"", 16]]",,,,8.066256818998227
random_256,2026-06-24,8909,BEAR_CALL_BNF_58200_58600_W400,BNF,BEAR_CALL,256,0.62890625,11,245,10,"[[""NF"", 189], [""BNF"", 67]]","[[""BEAR_CALL"", 134], [""BULL_PUT"", 106], [""BEAR_PUT"", 16]]",,,,8.066256818998227
random_256,2026-06-24,8900,BEAR_CALL_BNF_58200_58600_W400,BNF,BEAR_CALL,256,0.62890625,11,245,10,"[[""NF"", 189], [""BNF"", 67]]","[[""BEAR_CALL"", 134], [""BULL_PUT"", 106], [""BEAR_PUT"", 16]]",,,,8.066256818998227
random_256,2026-06-24,8891,BEAR_CALL_BNF_58200_58600_W400,BNF,BEAR_CALL,256,0.62890625,11,245,10,"[[""NF"", 189], [""BNF"", 67]]","[[""BEAR_CALL"", 134], [""BULL_PUT"", 106], [""BEAR_PUT"", 16]]",,,,8.066256818998227
random_256,2026-06-24,8882,BEAR_CALL_BNF_58200_58600_W400,BNF,BEAR_CALL,256,0.62890625,11,245,10,"[[""NF"", 189], [""BNF"", 67]]","[[""BEAR_CALL"", 134], [""BULL_PUT"", 106], [""BEAR_PUT"", 16]]",,,,8.066256818998227
random_256,2026-06-24,8873,BEAR_CALL_BNF_58200_58600_W400,BNF,BEAR_CALL,256,0.62890625,11,245,10,"[[""NF"", 189], [""BNF"", 67]]","[[""BEAR_CALL"", 134], [""BULL_PUT"", 106], [""BEAR_PUT"", 16]]",,,,8.066256818998227
random_256,2026-06-24,8865,BEAR_CALL_BNF_58300_58700_W400,BNF,BEAR_CALL,256,0.62890625,11,245,10,"[[""NF"", 189], [""BNF"", 67]]","[[""BEAR_CALL"", 134], [""BULL_PUT"", 106], [""BEAR_PUT"", 16]]",,,,8.066256818998227
random_256,2026-06-24,8853,BEAR_PUT_NF_23750_24000_W250,NF,BEAR_PUT,256,0.62890625,11,245,10,"[[""NF"", 189], [""BNF"", 67]]","[[""BEAR_CALL"", 134], [""BULL_PUT"", 106], [""BEAR_PUT"", 16]]",,,,8.066256818998227
random_256,2026-06-24,8843,BEAR_PUT_NF_23750_24000_W250,NF,BEAR_PUT,256,0.62890625,11,245,10,"[[""NF"", 189], [""BNF"", 67]]","[[""BEAR_CALL"", 134], [""BULL_PUT"", 106], [""BEAR_PUT"", 16]]",,,,8.066256818998227
random_256,2026-06-24,8833,BEAR_PUT_NF_23800_23950_W150,NF,BEAR_PUT,256,0.62890625,11,245,10,"[[""NF"", 189], [""BNF"", 67]]","[[""BEAR_CALL"", 134], [""BULL_PUT"", 106], [""BEAR_PUT"", 16]]",,,,8.066256818998227
random_256,2026-06-24,8820,BEAR_PUT_NF_23700_24000_W300,NF,BEAR_PUT,256,0.62890625,11,245,10,"[[""NF"", 189], [""BNF"", 67]]","[[""BEAR_CALL"", 134], [""BULL_PUT"", 106], [""BEAR_PUT"", 16]]",,,,8.066256818998227
random_256,2026-06-24,8811,BEAR_CALL_BNF_58400_58800_W400,BNF,BEAR_CALL,256,0.62890625,11,245,10,"[[""NF"", 189], [""BNF"", 67]]","[[""BEAR_CALL"", 134], [""BULL_PUT"", 106], [""BEAR_PUT"", 16]]",,,,8.066256818998227
random_256,2026-06-24,8802,BEAR_CALL_BNF_58400_58800_W400,BNF,BEAR_CALL,256,0.62890625,11,245,10,"[[""NF"", 189], [""BNF"", 67]]","[[""BEAR_CALL"", 134], [""BULL_PUT"", 106], [""BEAR_PUT"", 16]]",,,,8.066256818998227
random_256,2026-06-24,8794,BEAR_CALL_BNF_58500_58900_W400,BNF,BEAR_CALL,256,0.62890625,11,245,10,"[[""NF"", 189], [""BNF"", 67]]","[[""BEAR_CALL"", 134], [""BULL_PUT"", 106], [""BEAR_PUT"", 16]]",,,,8.066256818998227
random_256,2026-06-24,8785,BEAR_CALL_BNF_58500_58900_W400,BNF,BEAR_CALL,256,0.62890625,11,245,10,"[[""NF"", 189], [""BNF"", 67]]","[[""BEAR_CALL"", 134], [""BULL_PUT"", 106], [""BEAR_PUT"", 16]]",,,,8.066256818998227
random_256,2026-06-24,8777,BEAR_CALL_BNF_58600_59000_W400,BNF,BEAR_CALL,256,0.62890625,11,245,10,"[[""NF"", 189], [""BNF"", 67]]","[[""BEAR_CALL"", 134], [""BULL_PUT"", 106], [""BEAR_PUT"", 16]]",,,,8.066256818998227
random_256,2026-06-24,8769,BEAR_CALL_BNF_58600_59000_W400,BNF,BEAR_CALL,256,0.62890625,11,245,10,"[[""NF"", 189], [""BNF"", 67]]","[[""BEAR_CALL"", 134], [""BULL_PUT"", 106], [""BEAR_PUT"", 16]]",,,,8.066256818998227
random_256,2026-06-24,8761,BEAR_CALL_BNF_58600_59000_W400,BNF,BEAR_CALL,256,0.62890625,11,245,10,"[[""NF"", 189], [""BNF"", 67]]","[[""BEAR_CALL"", 134], [""BULL_PUT"", 106], [""BEAR_PUT"", 16]]",,,,8.066256818998227
random_256,2026-06-24,8753,BEAR_CALL_BNF_58600_59000_W400,BNF,BEAR_CALL,256,0.62890625,11,245,10,"[[""NF"", 189], [""BNF"", 67]]","[[""BEAR_CALL"", 134], [""BULL_PUT"", 106], [""BEAR_PUT"", 16]]",,,,8.066256818998227
random_256,2026-06-24,8744,BEAR_CALL_BNF_58600_59000_W400,BNF,BEAR_CALL,256,0.62890625,11,245,10,"[[""NF"", 189], [""BNF"", 67]]","[[""BEAR_CALL"", 134], [""BULL_PUT"", 106], [""BEAR_PUT"", 16]]",,,,8.066256818998227
random_256,2026-06-24,8735,BEAR_CALL_BNF_58500_58900_W400,BNF,BEAR_CALL,256,0.62890625,11,245,10,"[[""NF"", 189], [""BNF"", 67]]","[[""BEAR_CALL"", 134], [""BULL_PUT"", 106], [""BEAR_PUT"", 16]]",,,,8.066256818998227
random_256,2026-06-24,8727,BEAR_CALL_BNF_58600_59000_W400,BNF,BEAR_CALL,256,0.62890625,11,245,10,"[[""NF"", 189], [""BNF"", 67]]","[[""BEAR_CALL"", 134], [""BULL_PUT"", 106], [""BEAR_PUT"", 16]]",,,,8.066256818998227
random_256,2026-06-24,8718,BEAR_CALL_BNF_58600_59000_W400,BNF,BEAR_CALL,256,0.62890625,11,245,10,"[[""NF"", 189], [""BNF"", 67]]","[[""BEAR_CALL"", 134], [""BULL_PUT"", 106], [""BEAR_PUT"", 16]]",,,,8.066256818998227
random_256,2026-06-24,8710,BEAR_CALL_BNF_58600_59000_W400,BNF,BEAR_CALL,256,0.62890625,11,245,10,"[[""NF"", 189], [""BNF"", 67]]","[[""BEAR_CALL"", 134], [""BULL_PUT"", 106], [""BEAR_PUT"", 16]]",,,,8.066256818998227
random_256,2026-06-24,8701,BEAR_CALL_BNF_58500_58900_W400,BNF,BEAR_CALL,256,0.62890625,11,245,10,"[[""NF"", 189], [""BNF"", 67]]","[[""BEAR_CALL"", 134], [""BULL_PUT"", 106], [""BEAR_PUT"", 16]]",,,,8.066256818998227
random_256,2026-06-24,8692,BEAR_CALL_BNF_58500_58900_W400,BNF,BEAR_CALL,256,0.62890625,11,245,10,"[[""NF"", 189], [""BNF"", 67]]","[[""BEAR_CALL"", 134], [""BULL_PUT"", 106], [""BEAR_PUT"", 16]]",,,,8.066256818998227
random_256,2026-06-24,8683,BEAR_CALL_BNF_58500_58900_W400,BNF,BEAR_CALL,256,0.62890625,11,245,10,"[[""NF"", 189], [""BNF"", 67]]","[[""BEAR_CALL"", 134], [""BULL_PUT"", 106], [""BEAR_PUT"", 16]]",,,,8.066256818998227
random_256,2026-06-24,8674,BEAR_CALL_BNF_58500_58900_W400,BNF,BEAR_CALL,256,0.62890625,11,245,10,"[[""NF"", 189], [""BNF"", 67]]","[[""BEAR_CALL"", 134], [""BULL_PUT"", 106], [""BEAR_PUT"", 16]]",,,,8.066256818998227
random_256,2026-06-24,8666,BEAR_CALL_BNF_58700_59100_W400,BNF,BEAR_CALL,256,0.62890625,11,245,10,"[[""NF"", 189], [""BNF"", 67]]","[[""BEAR_CALL"", 134], [""BULL_PUT"", 106], [""BEAR_PUT"", 16]]",,,,8.066256818998227
random_256,2026-06-29,9689,BULL_PUT_NF_24000_23850_W150,NF,BULL_PUT,256,0.6015625,22,234,12,"[[""NF"", 174], [""BNF"", 82]]","[[""BEAR_CALL"", 125], [""BULL_PUT"", 112], [""BEAR_PUT"", 19]]",,,,2.512022863000311
random_256,2026-06-29,9674,BULL_PUT_NF_24000_23850_W150,NF,BULL_PUT,256,0.6015625,22,234,12,"[[""NF"", 174], [""BNF"", 82]]","[[""BEAR_CALL"", 125], [""BULL_PUT"", 112], [""BEAR_PUT"", 19]]",,,,2.512022863000311
random_256,2026-06-29,9649,BULL_PUT_NF_24000_23850_W150,NF,BULL_PUT,256,0.6015625,22,234,12,"[[""NF"", 174], [""BNF"", 82]]","[[""BEAR_CALL"", 125], [""BULL_PUT"", 112], [""BEAR_PUT"", 19]]",,,,2.512022863000311
random_256,2026-06-29,9433,BEAR_CALL_NF_24100_24250_W150,NF,BEAR_CALL,256,0.6015625,22,234,12,"[[""NF"", 174], [""BNF"", 82]]","[[""BEAR_CALL"", 125], [""BULL_PUT"", 112], [""BEAR_PUT"", 19]]",,,,2.512022863000311
random_256,2026-06-29,9419,BEAR_CALL_NF_24100_24250_W150,NF,BEAR_CALL,256,0.6015625,22,234,12,"[[""NF"", 174], [""BNF"", 82]]","[[""BEAR_CALL"", 125], [""BULL_PUT"", 112], [""BEAR_PUT"", 19]]",,,,2.512022863000311
random_256,2026-06-29,9405,BEAR_CALL_NF_24100_24250_W150,NF,BEAR_CALL,256,0.6015625,22,234,12,"[[""NF"", 174], [""BNF"", 82]]","[[""BEAR_CALL"", 125], [""BULL_PUT"", 112], [""BEAR_PUT"", 19]]",,,,2.512022863000311
random_256,2026-06-29,9391,BEAR_CALL_NF_24100_24250_W150,NF,BEAR_CALL,256,0.6015625,22,234,12,"[[""NF"", 174], [""BNF"", 82]]","[[""BEAR_CALL"", 125], [""BULL_PUT"", 112], [""BEAR_PUT"", 19]]",,,,2.512022863000311
random_256,2026-06-29,9376,BEAR_CALL_NF_24100_24250_W150,NF,BEAR_CALL,256,0.6015625,22,234,12,"[[""NF"", 174], [""BNF"", 82]]","[[""BEAR_CALL"", 125], [""BULL_PUT"", 112], [""BEAR_PUT"", 19]]",,,,2.512022863000311
random_256,2026-06-29,9363,BEAR_CALL_NF_24100_24250_W150,NF,BEAR_CALL,256,0.6015625,22,234,12,"[[""NF"", 174], [""BNF"", 82]]","[[""BEAR_CALL"", 125], [""BULL_PUT"", 112], [""BEAR_PUT"", 19]]",,,,2.512022863000311
random_256,2026-06-29,9344,BEAR_CALL_NF_24100_24250_W150,NF,BEAR_CALL,256,0.6015625,22,234,12,"[[""NF"", 174], [""BNF"", 82]]","[[""BEAR_CALL"", 125], [""BULL_PUT"", 112], [""BEAR_PUT"", 19]]",,,,2.512022863000311
random_256,2026-06-29,9325,BEAR_CALL_NF_24100_24250_W150,NF,BEAR_CALL,256,0.6015625,22,234,12,"[[""NF"", 174], [""BNF"", 82]]","[[""BEAR_CALL"", 125], [""BULL_PUT"", 112], [""BEAR_PUT"", 19]]",,,,2.512022863000311
random_256,2026-06-29,9144,BULL_PUT_BNF_57400_57000_W400,BNF,BULL_PUT,256,0.6015625,22,234,12,"[[""NF"", 174], [""BNF"", 82]]","[[""BEAR_CALL"", 125], [""BULL_PUT"", 112], [""BEAR_PUT"", 19]]",,,,2.512022863000311
random_256,2026-06-29,9139,BULL_PUT_BNF_57400_57000_W400,BNF,BULL_PUT,256,0.6015625,22,234,12,"[[""NF"", 174], [""BNF"", 82]]","[[""BEAR_CALL"", 125], [""BULL_PUT"", 112], [""BEAR_PUT"", 19]]",,,,2.512022863000311
random_256,2026-06-29,9134,BULL_PUT_BNF_57400_57000_W400,BNF,BULL_PUT,256,0.6015625,22,234,12,"[[""NF"", 174], [""BNF"", 82]]","[[""BEAR_CALL"", 125], [""BULL_PUT"", 112], [""BEAR_PUT"", 19]]",,,,2.512022863000311
random_256,2026-06-29,9129,BEAR_CALL_BNF_58400_58800_W400,BNF,BEAR_CALL,256,0.6015625,22,234,12,"[[""NF"", 174], [""BNF"", 82]]","[[""BEAR_CALL"", 125], [""BULL_PUT"", 112], [""BEAR_PUT"", 19]]",,,,2.512022863000311
random_256,2026-06-29,9124,BULL_PUT_BNF_57400_57000_W400,BNF,BULL_PUT,256,0.6015625,22,234,12,"[[""NF"", 174], [""BNF"", 82]]","[[""BEAR_CALL"", 125], [""BULL_PUT"", 112], [""BEAR_PUT"", 19]]",,,,2.512022863000311
random_256,2026-06-29,9120,BULL_PUT_BNF_57400_57000_W400,BNF,BULL_PUT,256,0.6015625,22,234,12,"[[""NF"", 174], [""BNF"", 82]]","[[""BEAR_CALL"", 125], [""BULL_PUT"", 112], [""BEAR_PUT"", 19]]",,,,2.512022863000311
random_256,2026-06-29,9116,BULL_PUT_BNF_57400_57000_W400,BNF,BULL_PUT,256,0.6015625,22,234,12,"[[""NF"", 174], [""BNF"", 82]]","[[""BEAR_CALL"", 125], [""BULL_PUT"", 112], [""BEAR_PUT"", 19]]",,,,2.512022863000311
random_256,2026-06-29,9112,BEAR_CALL_BNF_58400_58800_W400,BNF,BEAR_CALL,256,0.6015625,22,234,12,"[[""NF"", 174], [""BNF"", 82]]","[[""BEAR_CALL"", 125], [""BULL_PUT"", 112], [""BEAR_PUT"", 19]]",,,,2.512022863000311
random_256,2026-06-29,9108,BULL_PUT_BNF_57400_57000_W400,BNF,BULL_PUT,256,0.6015625,22,234,12,"[[""NF"", 174], [""BNF"", 82]]","[[""BEAR_CALL"", 125], [""BULL_PUT"", 112], [""BEAR_PUT"", 19]]",,,,2.512022863000311
random_256,2026-06-29,9103,BULL_PUT_BNF_57400_57000_W400,BNF,BULL_PUT,256,0.6015625,22,234,12,"[[""NF"", 174], [""BNF"", 82]]","[[""BEAR_CALL"", 125], [""BULL_PUT"", 112], [""BEAR_PUT"", 19]]",,,,2.512022863000311
random_256,2026-06-29,9097,BEAR_CALL_BNF_58300_58700_W400,BNF,BEAR_CALL,256,0.6015625,22,234,12,"[[""NF"", 174], [""BNF"", 82]]","[[""BEAR_CALL"", 125], [""BULL_PUT"", 112], [""BEAR_PUT"", 19]]",,,,2.512022863000311
random_256,2026-06-29,9092,BULL_PUT_BNF_57300_56900_W400,BNF,BULL_PUT,256,0.6015625,22,234,12,"[[""NF"", 174], [""BNF"", 82]]","[[""BEAR_CALL"", 125], [""BULL_PUT"", 112], [""BEAR_PUT"", 19]]",,,,2.512022863000311
random_256,2026-06-29,9084,BULL_PUT_BNF_57200_56800_W400,BNF,BULL_PUT,256,0.6015625,22,234,12,"[[""NF"", 174], [""BNF"", 82]]","[[""BEAR_CALL"", 125], [""BULL_PUT"", 112], [""BEAR_PUT"", 19]]",,,,2.512022863000311
random_256,2026-06-29,9077,BEAR_CALL_BNF_58200_58600_W400,BNF,BEAR_CALL,256,0.6015625,22,234,12,"[[""NF"", 174], [""BNF"", 82]]","[[""BEAR_CALL"", 125], [""BULL_PUT"", 112], [""BEAR_PUT"", 19]]",,,,2.512022863000311
random_256,2026-07-01,10430,BEAR_CALL_BNF_58100_58500_W400,BNF,BEAR_CALL,256,0.57421875,17,239,13,"[[""NF"", 161], [""BNF"", 95]]","[[""BEAR_CALL"", 138], [""BULL_PUT"", 97], [""BEAR_PUT"", 21]]",,,,2.521962081998936
random_256,2026-07-01,10420,BEAR_CALL_BNF_58000_58600_W600,BNF,BEAR_CALL,256,0.57421875,17,239,13,"[[""NF"", 161], [""BNF"", 95]]","[[""BEAR_CALL"", 138], [""BULL_PUT"", 97], [""BEAR_PUT"", 21]]",,,,2.521962081998936
random_256,2026-07-01,10410,BEAR_CALL_BNF_58000_58500_W500,BNF,BEAR_CALL,256,0.57421875,17,239,13,"[[""NF"", 161], [""BNF"", 95]]","[[""BEAR_CALL"", 138], [""BULL_PUT"", 97], [""BEAR_PUT"", 21]]",,,,2.521962081998936
random_256,2026-07-01,10400,BEAR_CALL_BNF_58100_58500_W400,BNF,BEAR_CALL,256,0.57421875,17,239,13,"[[""NF"", 161], [""BNF"", 95]]","[[""BEAR_CALL"", 138], [""BULL_PUT"", 97], [""BEAR_PUT"", 21]]",,,,2.521962081998936
random_256,2026-07-01,10390,BEAR_CALL_BNF_58200_58700_W500,BNF,BEAR_CALL,256,0.57421875,17,239,13,"[[""NF"", 161], [""BNF"", 95]]","[[""BEAR_CALL"", 138], [""BULL_PUT"", 97], [""BEAR_PUT"", 21]]",,,,2.521962081998936
random_256,2026-07-01,10380,BEAR_CALL_BNF_58200_58600_W400,BNF,BEAR_CALL,256,0.57421875,17,239,13,"[[""NF"", 161], [""BNF"", 95]]","[[""BEAR_CALL"", 138], [""BULL_PUT"", 97], [""BEAR_PUT"", 21]]",,,,2.521962081998936
random_256,2026-07-01,10370,BEAR_CALL_BNF_58100_58600_W500,BNF,BEAR_CALL,256,0.57421875,17,239,13,"[[""NF"", 161], [""BNF"", 95]]","[[""BEAR_CALL"", 138], [""BULL_PUT"", 97], [""BEAR_PUT"", 21]]",,,,2.521962081998936
random_256,2026-07-01,10360,BEAR_CALL_BNF_58200_58600_W400,BNF,BEAR_CALL,256,0.57421875,17,239,13,"[[""NF"", 161], [""BNF"", 95]]","[[""BEAR_CALL"", 138], [""BULL_PUT"", 97], [""BEAR_PUT"", 21]]",,,,2.521962081998936
random_256,2026-07-01,10350,BEAR_CALL_BNF_58100_58500_W400,BNF,BEAR_CALL,256,0.57421875,17,239,13,"[[""NF"", 161], [""BNF"", 95]]","[[""BEAR_CALL"", 138], [""BULL_PUT"", 97], [""BEAR_PUT"", 21]]",,,,2.521962081998936
random_256,2026-07-01,10340,BEAR_CALL_BNF_58200_58700_W500,BNF,BEAR_CALL,256,0.57421875,17,239,13,"[[""NF"", 161], [""BNF"", 95]]","[[""BEAR_CALL"", 138], [""BULL_PUT"", 97], [""BEAR_PUT"", 21]]",,,,2.521962081998936
random_256,2026-07-01,10330,BEAR_CALL_BNF_58200_58800_W600,BNF,BEAR_CALL,256,0.57421875,17,239,13,"[[""NF"", 161], [""BNF"", 95]]","[[""BEAR_CALL"", 138], [""BULL_PUT"", 97], [""BEAR_PUT"", 21]]",,,,2.521962081998936
random_256,2026-07-01,10320,BEAR_CALL_BNF_58300_58900_W600,BNF,BEAR_CALL,256,0.57421875,17,239,13,"[[""NF"", 161], [""BNF"", 95]]","[[""BEAR_CALL"", 138], [""BULL_PUT"", 97], [""BEAR_PUT"", 21]]",,,,2.521962081998936
random_256,2026-07-01,10310,BEAR_CALL_BNF_58300_58900_W600,BNF,BEAR_CALL,256,0.57421875,17,239,13,"[[""NF"", 161], [""BNF"", 95]]","[[""BEAR_CALL"", 138], [""BULL_PUT"", 97], [""BEAR_PUT"", 21]]",,,,2.521962081998936
random_256,2026-07-01,10300,BEAR_CALL_BNF_58300_58900_W600,BNF,BEAR_CALL,256,0.57421875,17,239,13,"[[""NF"", 161], [""BNF"", 95]]","[[""BEAR_CALL"", 138], [""BULL_PUT"", 97], [""BEAR_PUT"", 21]]",,,,2.521962081998936
random_256,2026-07-01,10290,BEAR_CALL_BNF_58300_58900_W600,BNF,BEAR_CALL,256,0.57421875,17,239,13,"[[""NF"", 161], [""BNF"", 95]]","[[""BEAR_CALL"", 138], [""BULL_PUT"", 97], [""BEAR_PUT"", 21]]",,,,2.521962081998936
random_256,2026-07-01,10280,BEAR_CALL_BNF_58200_58600_W400,BNF,BEAR_CALL,256,0.57421875,17,239,13,"[[""NF"", 161], [""BNF"", 95]]","[[""BEAR_CALL"", 138], [""BULL_PUT"", 97], [""BEAR_PUT"", 21]]",,,,2.521962081998936
random_256,2026-07-01,10270,BEAR_CALL_BNF_58200_58600_W400,BNF,BEAR_CALL,256,0.57421875,17,239,13,"[[""NF"", 161], [""BNF"", 95]]","[[""BEAR_CALL"", 138], [""BULL_PUT"", 97], [""BEAR_PUT"", 21]]",,,,2.521962081998936
random_256,2026-07-01,10260,BEAR_CALL_BNF_58200_58600_W400,BNF,BEAR_CALL,256,0.57421875,17,239,13,"[[""NF"", 161], [""BNF"", 95]]","[[""BEAR_CALL"", 138], [""BULL_PUT"", 97], [""BEAR_PUT"", 21]]",,,,2.521962081998936
random_256,2026-07-01,10250,BEAR_CALL_BNF_58200_58600_W400,BNF,BEAR_CALL,256,0.57421875,17,239,13,"[[""NF"", 161], [""BNF"", 95]]","[[""BEAR_CALL"", 138], [""BULL_PUT"", 97], [""BEAR_PUT"", 21]]",,,,2.521962081998936
random_256,2026-07-01,10240,BEAR_CALL_BNF_58200_58800_W600,BNF,BEAR_CALL,256,0.57421875,17,239,13,"[[""NF"", 161], [""BNF"", 95]]","[[""BEAR_CALL"", 138], [""BULL_PUT"", 97], [""BEAR_PUT"", 21]]",,,,2.521962081998936
random_256,2026-07-01,10230,BEAR_CALL_BNF_58300_58900_W600,BNF,BEAR_CALL,256,0.57421875,17,239,13,"[[""NF"", 161], [""BNF"", 95]]","[[""BEAR_CALL"", 138], [""BULL_PUT"", 97], [""BEAR_PUT"", 21]]",,,,2.521962081998936
random_256,2026-07-01,10220,BEAR_CALL_BNF_58300_58900_W600,BNF,BEAR_CALL,256,0.57421875,17,239,13,"[[""NF"", 161], [""BNF"", 95]]","[[""BEAR_CALL"", 138], [""BULL_PUT"", 97], [""BEAR_PUT"", 21]]",,,,2.521962081998936
random_256,2026-07-01,10210,BEAR_CALL_BNF_58400_59000_W600,BNF,BEAR_CALL,256,0.57421875,17,239,13,"[[""NF"", 161], [""BNF"", 95]]","[[""BEAR_CALL"", 138], [""BULL_PUT"", 97], [""BEAR_PUT"", 21]]",,,,2.521962081998936
random_256,2026-07-01,10200,BEAR_CALL_BNF_58400_59000_W600,BNF,BEAR_CALL,256,0.57421875,17,239,13,"[[""NF"", 161], [""BNF"", 95]]","[[""BEAR_CALL"", 138], [""BULL_PUT"", 97], [""BEAR_PUT"", 21]]",,,,2.521962081998936
random_256,2026-07-01,10190,BEAR_CALL_BNF_58400_58800_W400,BNF,BEAR_CALL,256,0.57421875,17,239,13,"[[""NF"", 161], [""BNF"", 95]]","[[""BEAR_CALL"", 138], [""BULL_PUT"", 97], [""BEAR_PUT"", 21]]",,,,2.521962081998936
random_256,2026-07-01,10180,BEAR_CALL_BNF_58400_58800_W400,BNF,BEAR_CALL,256,0.57421875,17,239,13,"[[""NF"", 161], [""BNF"", 95]]","[[""BEAR_CALL"", 138], [""BULL_PUT"", 97], [""BEAR_PUT"", 21]]",,,,2.521962081998936
random_256,2026-07-01,10170,BEAR_CALL_BNF_58300_58900_W600,BNF,BEAR_CALL,256,0.57421875,17,239,13,"[[""NF"", 161], [""BNF"", 95]]","[[""BEAR_CALL"", 138], [""BULL_PUT"", 97], [""BEAR_PUT"", 21]]",,,,2.521962081998936
random_256,2026-07-01,10160,BEAR_CALL_BNF_58300_58800_W500,BNF,BEAR_CALL,256,0.57421875,17,239,13,"[[""NF"", 161], [""BNF"", 95]]","[[""BEAR_CALL"", 138], [""BULL_PUT"", 97], [""BEAR_PUT"", 21]]",,,,2.521962081998936
random_256,2026-07-01,10150,BEAR_CALL_BNF_58400_58900_W500,BNF,BEAR_CALL,256,0.57421875,17,239,13,"[[""NF"", 161], [""BNF"", 95]]","[[""BEAR_CALL"", 138], [""BULL_PUT"", 97], [""BEAR_PUT"", 21]]",,,,2.521962081998936
random_256,2026-07-01,10140,BEAR_CALL_BNF_58400_59000_W600,BNF,BEAR_CALL,256,0.57421875,17,239,13,"[[""NF"", 161], [""BNF"", 95]]","[[""BEAR_CALL"", 138], [""BULL_PUT"", 97], [""BEAR_PUT"", 21]]",,,,2.521962081998936
random_256,2026-07-01,10130,BEAR_CALL_BNF_58400_59000_W600,BNF,BEAR_CALL,256,0.57421875,17,239,13,"[[""NF"", 161], [""BNF"", 95]]","[[""BEAR_CALL"", 138], [""BULL_PUT"", 97], [""BEAR_PUT"", 21]]",,,,2.521962081998936
random_256,2026-07-01,10120,BEAR_CALL_BNF_58500_59000_W500,BNF,BEAR_CALL,256,0.57421875,17,239,13,"[[""NF"", 161], [""BNF"", 95]]","[[""BEAR_CALL"", 138], [""BULL_PUT"", 97], [""BEAR_PUT"", 21]]",,,,2.521962081998936
random_256,2026-07-01,10110,BEAR_CALL_BNF_58500_59000_W500,BNF,BEAR_CALL,256,0.57421875,17,239,13,"[[""NF"", 161], [""BNF"", 95]]","[[""BEAR_CALL"", 138], [""BULL_PUT"", 97], [""BEAR_PUT"", 21]]",,,,2.521962081998936
random_256,2026-07-01,10100,BEAR_CALL_BNF_58500_59000_W500,BNF,BEAR_CALL,256,0.57421875,17,239,13,"[[""NF"", 161], [""BNF"", 95]]","[[""BEAR_CALL"", 138], [""BULL_PUT"", 97], [""BEAR_PUT"", 21]]",,,,2.521962081998936
random_256,2026-07-01,10090,BEAR_CALL_BNF_58500_59000_W500,BNF,BEAR_CALL,256,0.57421875,17,239,13,"[[""NF"", 161], [""BNF"", 95]]","[[""BEAR_CALL"", 138], [""BULL_PUT"", 97], [""BEAR_PUT"", 21]]",,,,2.521962081998936
random_256,2026-07-01,10080,BEAR_CALL_BNF_58500_59000_W500,BNF,BEAR_CALL,256,0.57421875,17,239,13,"[[""NF"", 161], [""BNF"", 95]]","[[""BEAR_CALL"", 138], [""BULL_PUT"", 97], [""BEAR_PUT"", 21]]",,,,2.521962081998936
random_256,2026-07-01,10070,BEAR_CALL_BNF_58500_59000_W500,BNF,BEAR_CALL,256,0.57421875,17,239,13,"[[""NF"", 161], [""BNF"", 95]]","[[""BEAR_CALL"", 138], [""BULL_PUT"", 97], [""BEAR_PUT"", 21]]",,,,2.521962081998936
random_256,2026-07-01,10060,BEAR_CALL_BNF_58500_59100_W600,BNF,BEAR_CALL,256,0.57421875,17,239,13,"[[""NF"", 161], [""BNF"", 95]]","[[""BEAR_CALL"", 138], [""BULL_PUT"", 97], [""BEAR_PUT"", 21]]",,,,2.521962081998936
random_256,2026-07-01,10050,BEAR_CALL_BNF_58500_59000_W500,BNF,BEAR_CALL,256,0.57421875,17,239,13,"[[""NF"", 161], [""BNF"", 95]]","[[""BEAR_CALL"", 138], [""BULL_PUT"", 97], [""BEAR_PUT"", 21]]",,,,2.521962081998936
random_256,2026-07-01,10040,BEAR_CALL_BNF_58500_59000_W500,BNF,BEAR_CALL,256,0.57421875,17,239,13,"[[""NF"", 161], [""BNF"", 95]]","[[""BEAR_CALL"", 138], [""BULL_PUT"", 97], [""BEAR_PUT"", 21]]",,,,2.521962081998936
random_256,2026-07-01,10030,BEAR_CALL_BNF_58500_59000_W500,BNF,BEAR_CALL,256,0.57421875,17,239,13,"[[""NF"", 161], [""BNF"", 95]]","[[""BEAR_CALL"", 138], [""BULL_PUT"", 97], [""BEAR_PUT"", 21]]",,,,2.521962081998936
random_256,2026-07-01,10020,BEAR_CALL_BNF_58500_59000_W500,BNF,BEAR_CALL,256,0.57421875,17,239,13,"[[""NF"", 161], [""BNF"", 95]]","[[""BEAR_CALL"", 138], [""BULL_PUT"", 97], [""BEAR_PUT"", 21]]",,,,2.521962081998936
random_256,2026-07-01,10010,BEAR_CALL_BNF_58500_59000_W500,BNF,BEAR_CALL,256,0.57421875,17,239,13,"[[""NF"", 161], [""BNF"", 95]]","[[""BEAR_CALL"", 138], [""BULL_PUT"", 97], [""BEAR_PUT"", 21]]",,,,2.521962081998936
random_256,2026-07-01,10000,BEAR_CALL_BNF_58500_59000_W500,BNF,BEAR_CALL,256,0.57421875,17,239,13,"[[""NF"", 161], [""BNF"", 95]]","[[""BEAR_CALL"", 138], [""BULL_PUT"", 97], [""BEAR_PUT"", 21]]",,,,2.521962081998936
random_256,2026-07-01,9990,BEAR_CALL_BNF_58500_59000_W500,BNF,BEAR_CALL,256,0.57421875,17,239,13,"[[""NF"", 161], [""BNF"", 95]]","[[""BEAR_CALL"", 138], [""BULL_PUT"", 97], [""BEAR_PUT"", 21]]",,,,2.521962081998936
random_256,2026-07-01,9980,BEAR_CALL_BNF_58400_59000_W600,BNF,BEAR_CALL,256,0.57421875,17,239,13,"[[""NF"", 161], [""BNF"", 95]]","[[""BEAR_CALL"", 138], [""BULL_PUT"", 97], [""BEAR_PUT"", 21]]",,,,2.521962081998936
random_256,2026-07-01,9970,BEAR_CALL_BNF_58500_59000_W500,BNF,BEAR_CALL,256,0.57421875,17,239,13,"[[""NF"", 161], [""BNF"", 95]]","[[""BEAR_CALL"", 138], [""BULL_PUT"", 97], [""BEAR_PUT"", 21]]",,,,2.521962081998936
random_256,2026-07-01,9960,BEAR_CALL_BNF_58500_59100_W600,BNF,BEAR_CALL,256,0.57421875,17,239,13,"[[""NF"", 161], [""BNF"", 95]]","[[""BEAR_CALL"", 138], [""BULL_PUT"", 97], [""BEAR_PUT"", 21]]",,,,2.521962081998936
random_256,2026-07-01,9950,BEAR_CALL_BNF_58500_59000_W500,BNF,BEAR_CALL,256,0.57421875,17,239,13,"[[""NF"", 161], [""BNF"", 95]]","[[""BEAR_CALL"", 138], [""BULL_PUT"", 97], [""BEAR_PUT"", 21]]",,,,2.521962081998936
random_256,2026-07-01,9940,BEAR_CALL_BNF_58500_59000_W500,BNF,BEAR_CALL,256,0.57421875,17,239,13,"[[""NF"", 161], [""BNF"", 95]]","[[""BEAR_CALL"", 138], [""BULL_PUT"", 97], [""BEAR_PUT"", 21]]",,,,2.521962081998936
random_256,2026-07-01,9930,BEAR_CALL_BNF_58500_59000_W500,BNF,BEAR_CALL,256,0.57421875,17,239,13,"[[""NF"", 161], [""BNF"", 95]]","[[""BEAR_CALL"", 138], [""BULL_PUT"", 97], [""BEAR_PUT"", 21]]",,,,2.521962081998936
random_256,2026-07-01,9920,BEAR_CALL_BNF_58400_59000_W600,BNF,BEAR_CALL,256,0.57421875,17,239,13,"[[""NF"", 161], [""BNF"", 95]]","[[""BEAR_CALL"", 138], [""BULL_PUT"", 97], [""BEAR_PUT"", 21]]",,,,2.521962081998936
random_256,2026-07-01,9910,BEAR_CALL_BNF_58500_59000_W500,BNF,BEAR_CALL,256,0.57421875,17,239,13,"[[""NF"", 161], [""BNF"", 95]]","[[""BEAR_CALL"", 138], [""BULL_PUT"", 97], [""BEAR_PUT"", 21]]",,,,2.521962081998936
random_256,2026-07-01,9900,BEAR_CALL_BNF_58600_59000_W400,BNF,BEAR_CALL,256,0.57421875,17,239,13,"[[""NF"", 161], [""BNF"", 95]]","[[""BEAR_CALL"", 138], [""BULL_PUT"", 97], [""BEAR_PUT"", 21]]",,,,2.521962081998936
random_256,2026-07-01,9890,BEAR_CALL_BNF_58600_59000_W400,BNF,BEAR_CALL,256,0.57421875,17,239,13,"[[""NF"", 161], [""BNF"", 95]]","[[""BEAR_CALL"", 138], [""BULL_PUT"", 97], [""BEAR_PUT"", 21]]",,,,2.521962081998936
random_256,2026-07-01,9880,BEAR_CALL_BNF_58500_59000_W500,BNF,BEAR_CALL,256,0.57421875,17,239,13,"[[""NF"", 161], [""BNF"", 95]]","[[""BEAR_CALL"", 138], [""BULL_PUT"", 97], [""BEAR_PUT"", 21]]",,,,2.521962081998936
random_256,2026-07-01,9870,BEAR_CALL_BNF_58500_59000_W500,BNF,BEAR_CALL,256,0.57421875,17,239,13,"[[""NF"", 161], [""BNF"", 95]]","[[""BEAR_CALL"", 138], [""BULL_PUT"", 97], [""BEAR_PUT"", 21]]",,,,2.521962081998936
random_256,2026-07-01,9860,BEAR_CALL_BNF_58500_59000_W500,BNF,BEAR_CALL,256,0.57421875,17,239,13,"[[""NF"", 161], [""BNF"", 95]]","[[""BEAR_CALL"", 138], [""BULL_PUT"", 97], [""BEAR_PUT"", 21]]",,,,2.521962081998936
random_256,2026-07-02,11055,BEAR_CALL_BNF_58700_59200_W500,BNF,BEAR_CALL,256,0.63671875,14,242,12,"[[""NF"", 139], [""BNF"", 117]]","[[""BULL_PUT"", 121], [""BEAR_CALL"", 119], [""BEAR_PUT"", 16]]",,,,2.5682320820014866
random_256,2026-07-02,11045,BEAR_CALL_BNF_58600_59200_W600,BNF,BEAR_CALL,256,0.63671875,14,242,12,"[[""NF"", 139], [""BNF"", 117]]","[[""BULL_PUT"", 121], [""BEAR_CALL"", 119], [""BEAR_PUT"", 16]]",,,,2.5682320820014866
random_256,2026-07-02,11035,BEAR_CALL_BNF_58700_59200_W500,BNF,BEAR_CALL,256,0.63671875,14,242,12,"[[""NF"", 139], [""BNF"", 117]]","[[""BULL_PUT"", 121], [""BEAR_CALL"", 119], [""BEAR_PUT"", 16]]",,,,2.5682320820014866
random_256,2026-07-02,11025,BEAR_PUT_NF_24000_24150_W150,NF,BEAR_PUT,256,0.63671875,14,242,12,"[[""NF"", 139], [""BNF"", 117]]","[[""BULL_PUT"", 121], [""BEAR_CALL"", 119], [""BEAR_PUT"", 16]]",,,,2.5682320820014866
random_256,2026-07-02,11015,BEAR_PUT_NF_24000_24150_W150,NF,BEAR_PUT,256,0.63671875,14,242,12,"[[""NF"", 139], [""BNF"", 117]]","[[""BULL_PUT"", 121], [""BEAR_CALL"", 119], [""BEAR_PUT"", 16]]",,,,2.5682320820014866
random_256,2026-07-02,11004,BEAR_PUT_NF_23950_24150_W200,NF,BEAR_PUT,256,0.63671875,14,242,12,"[[""NF"", 139], [""BNF"", 117]]","[[""BULL_PUT"", 121], [""BEAR_CALL"", 119], [""BEAR_PUT"", 16]]",,,,2.5682320820014866
random_256,2026-07-02,10989,BEAR_CALL_BNF_58700_59200_W500,BNF,BEAR_CALL,256,0.63671875,14,242,12,"[[""NF"", 139], [""BNF"", 117]]","[[""BULL_PUT"", 121], [""BEAR_CALL"", 119], [""BEAR_PUT"", 16]]",,,,2.5682320820014866
random_256,2026-07-02,10981,BEAR_PUT_NF_24000_24100_W100,NF,BEAR_PUT,256,0.63671875,14,242,12,"[[""NF"", 139], [""BNF"", 117]]","[[""BULL_PUT"", 121], [""BEAR_CALL"", 119], [""BEAR_PUT"", 16]]",,,,2.5682320820014866
random_256,2026-07-02,10979,BEAR_PUT_NF_23950_24100_W150,NF,BEAR_PUT,256,0.63671875,14,242,12,"[[""NF"", 139], [""BNF"", 117]]","[[""BULL_PUT"", 121], [""BEAR_CALL"", 119], [""BEAR_PUT"", 16]]",,,,2.5682320820014866
random_256,2026-07-02,10973,BEAR_PUT_BNF_57700_58100_W400,BNF,BEAR_PUT,256,0.63671875,14,242,12,"[[""NF"", 139], [""BNF"", 117]]","[[""BULL_PUT"", 121], [""BEAR_CALL"", 119], [""BEAR_PUT"", 16]]",,,,2.5682320820014866
random_256,2026-07-02,10965,BEAR_PUT_NF_23900_24100_W200,NF,BEAR_PUT,256,0.63671875,14,242,12,"[[""NF"", 139], [""BNF"", 117]]","[[""BULL_PUT"", 121], [""BEAR_CALL"", 119], [""BEAR_PUT"", 16]]",,,,2.5682320820014866
random_256,2026-07-02,10955,BEAR_CALL_BNF_58600_59000_W400,BNF,BEAR_CALL,256,0.63671875,14,242,12,"[[""NF"", 139], [""BNF"", 117]]","[[""BULL_PUT"", 121], [""BEAR_CALL"", 119], [""BEAR_PUT"", 16]]",,,,2.5682320820014866
random_256,2026-07-02,10945,BEAR_CALL_BNF_58600_59000_W400,BNF,BEAR_CALL,256,0.63671875,14,242,12,"[[""NF"", 139], [""BNF"", 117]]","[[""BULL_PUT"", 121], [""BEAR_CALL"", 119], [""BEAR_PUT"", 16]]",,,,2.5682320820014866
random_256,2026-07-02,10935,BEAR_CALL_BNF_58600_59000_W400,BNF,BEAR_CALL,256,0.63671875,14,242,12,"[[""NF"", 139], [""BNF"", 117]]","[[""BULL_PUT"", 121], [""BEAR_CALL"", 119], [""BEAR_PUT"", 16]]",,,,2.5682320820014866
random_256,2026-07-02,10925,BEAR_CALL_BNF_58700_59200_W500,BNF,BEAR_CALL,256,0.63671875,14,242,12,"[[""NF"", 139], [""BNF"", 117]]","[[""BULL_PUT"", 121], [""BEAR_CALL"", 119], [""BEAR_PUT"", 16]]",,,,2.5682320820014866
random_256,2026-07-02,10915,BEAR_CALL_BNF_58700_59200_W500,BNF,BEAR_CALL,256,0.63671875,14,242,12,"[[""NF"", 139], [""BNF"", 117]]","[[""BULL_PUT"", 121], [""BEAR_CALL"", 119], [""BEAR_PUT"", 16]]",,,,2.5682320820014866
random_256,2026-07-02,10905,BEAR_CALL_BNF_58700_59200_W500,BNF,BEAR_CALL,256,0.63671875,14,242,12,"[[""NF"", 139], [""BNF"", 117]]","[[""BULL_PUT"", 121], [""BEAR_CALL"", 119], [""BEAR_PUT"", 16]]",,,,2.5682320820014866
random_256,2026-07-02,10900,BULL_PUT_BNF_57700_57300_W400,BNF,BULL_PUT,256,0.63671875,14,242,12,"[[""NF"", 139], [""BNF"", 117]]","[[""BULL_PUT"", 121], [""BEAR_CALL"", 119], [""BEAR_PUT"", 16]]",,,,2.5682320820014866
random_256,2026-07-02,10895,BEAR_CALL_BNF_58600_59000_W400,BNF,BEAR_CALL,256,0.63671875,14,242,12,"[[""NF"", 139], [""BNF"", 117]]","[[""BULL_PUT"", 121], [""BEAR_CALL"", 119], [""BEAR_PUT"", 16]]",,,,2.5682320820014866
random_256,2026-07-02,10885,BEAR_CALL_BNF_58600_59200_W600,BNF,BEAR_CALL,256,0.63671875,14,242,12,"[[""NF"", 139], [""BNF"", 117]]","[[""BULL_PUT"", 121], [""BEAR_CALL"", 119], [""BEAR_PUT"", 16]]",,,,2.5682320820014866
random_256,2026-07-02,10875,BEAR_CALL_BNF_58600_59100_W500,BNF,BEAR_CALL,256,0.63671875,14,242,12,"[[""NF"", 139], [""BNF"", 117]]","[[""BULL_PUT"", 121], [""BEAR_CALL"", 119], [""BEAR_PUT"", 16]]",,,,2.5682320820014866
random_256,2026-07-02,10865,BEAR_CALL_BNF_58600_59000_W400,BNF,BEAR_CALL,256,0.63671875,14,242,12,"[[""NF"", 139], [""BNF"", 117]]","[[""BULL_PUT"", 121], [""BEAR_CALL"", 119], [""BEAR_PUT"", 16]]",,,,2.5682320820014866
random_256,2026-07-02,10855,BEAR_CALL_BNF_58500_59100_W600,BNF,BEAR_CALL,256,0.63671875,14,242,12,"[[""NF"", 139], [""BNF"", 117]]","[[""BULL_PUT"", 121], [""BEAR_CALL"", 119], [""BEAR_PUT"", 16]]",,,,2.5682320820014866
random_256,2026-07-02,10845,BEAR_CALL_BNF_58600_59000_W400,BNF,BEAR_CALL,256,0.63671875,14,242,12,"[[""NF"", 139], [""BNF"", 117]]","[[""BULL_PUT"", 121], [""BEAR_CALL"", 119], [""BEAR_PUT"", 16]]",,,,2.5682320820014866
random_256,2026-07-02,10835,BEAR_CALL_BNF_58500_58900_W400,BNF,BEAR_CALL,256,0.63671875,14,242,12,"[[""NF"", 139], [""BNF"", 117]]","[[""BULL_PUT"", 121], [""BEAR_CALL"", 119], [""BEAR_PUT"", 16]]",,,,2.5682320820014866
random_256,2026-07-02,10825,BEAR_CALL_BNF_58500_59000_W500,BNF,BEAR_CALL,256,0.63671875,14,242,12,"[[""NF"", 139], [""BNF"", 117]]","[[""BULL_PUT"", 121], [""BEAR_CALL"", 119], [""BEAR_PUT"", 16]]",,,,2.5682320820014866
random_256,2026-07-02,10815,BEAR_CALL_BNF_58500_59000_W500,BNF,BEAR_CALL,256,0.63671875,14,242,12,"[[""NF"", 139], [""BNF"", 117]]","[[""BULL_PUT"", 121], [""BEAR_CALL"", 119], [""BEAR_PUT"", 16]]",,,,2.5682320820014866
random_256,2026-07-02,10810,BULL_PUT_BNF_57600_57200_W400,BNF,BULL_PUT,256,0.63671875,14,242,12,"[[""NF"", 139], [""BNF"", 117]]","[[""BULL_PUT"", 121], [""BEAR_CALL"", 119], [""BEAR_PUT"", 16]]",,,,2.5682320820014866
random_256,2026-07-02,10800,BEAR_CALL_BNF_58500_59000_W500,BNF,BEAR_CALL,256,0.63671875,14,242,12,"[[""NF"", 139], [""BNF"", 117]]","[[""BULL_PUT"", 121], [""BEAR_CALL"", 119], [""BEAR_PUT"", 16]]",,,,2.5682320820014866
random_256,2026-07-02,10790,BEAR_CALL_BNF_58500_59000_W500,BNF,BEAR_CALL,256,0.63671875,14,242,12,"[[""NF"", 139], [""BNF"", 117]]","[[""BULL_PUT"", 121], [""BEAR_CALL"", 119], [""BEAR_PUT"", 16]]",,,,2.5682320820014866
random_256,2026-07-02,10780,BEAR_CALL_BNF_58500_59000_W500,BNF,BEAR_CALL,256,0.63671875,14,242,12,"[[""NF"", 139], [""BNF"", 117]]","[[""BULL_PUT"", 121], [""BEAR_CALL"", 119], [""BEAR_PUT"", 16]]",,,,2.5682320820014866
random_256,2026-07-02,10770,BEAR_CALL_BNF_58500_59000_W500,BNF,BEAR_CALL,256,0.63671875,14,242,12,"[[""NF"", 139], [""BNF"", 117]]","[[""BULL_PUT"", 121], [""BEAR_CALL"", 119], [""BEAR_PUT"", 16]]",,,,2.5682320820014866
random_256,2026-07-02,10760,BEAR_CALL_BNF_58500_59000_W500,BNF,BEAR_CALL,256,0.63671875,14,242,12,"[[""NF"", 139], [""BNF"", 117]]","[[""BULL_PUT"", 121], [""BEAR_CALL"", 119], [""BEAR_PUT"", 16]]",,,,2.5682320820014866
random_256,2026-07-02,10750,BEAR_CALL_BNF_58500_59000_W500,BNF,BEAR_CALL,256,0.63671875,14,242,12,"[[""NF"", 139], [""BNF"", 117]]","[[""BULL_PUT"", 121], [""BEAR_CALL"", 119], [""BEAR_PUT"", 16]]",,,,2.5682320820014866
random_256,2026-07-02,10740,BEAR_CALL_BNF_58600_59100_W500,BNF,BEAR_CALL,256,0.63671875,14,242,12,"[[""NF"", 139], [""BNF"", 117]]","[[""BULL_PUT"", 121], [""BEAR_CALL"", 119], [""BEAR_PUT"", 16]]",,,,2.5682320820014866
random_256,2026-07-02,10730,BEAR_CALL_BNF_58600_59000_W400,BNF,BEAR_CALL,256,0.63671875,14,242,12,"[[""NF"", 139], [""BNF"", 117]]","[[""BULL_PUT"", 121], [""BEAR_CALL"", 119], [""BEAR_PUT"", 16]]",,,,2.5682320820014866
random_256,2026-07-02,10725,BULL_PUT_BNF_57700_57300_W400,BNF,BULL_PUT,256,0.63671875,14,242,12,"[[""NF"", 139], [""BNF"", 117]]","[[""BULL_PUT"", 121], [""BEAR_CALL"", 119], [""BEAR_PUT"", 16]]",,,,2.5682320820014866
random_256,2026-07-02,10715,BEAR_CALL_BNF_58600_59000_W400,BNF,BEAR_CALL,256,0.63671875,14,242,12,"[[""NF"", 139], [""BNF"", 117]]","[[""BULL_PUT"", 121], [""BEAR_CALL"", 119], [""BEAR_PUT"", 16]]",,,,2.5682320820014866
random_256,2026-07-02,10710,BULL_PUT_BNF_57700_57300_W400,BNF,BULL_PUT,256,0.63671875,14,242,12,"[[""NF"", 139], [""BNF"", 117]]","[[""BULL_PUT"", 121], [""BEAR_CALL"", 119], [""BEAR_PUT"", 16]]",,,,2.5682320820014866
random_256,2026-07-02,10700,BEAR_CALL_BNF_58600_59000_W400,BNF,BEAR_CALL,256,0.63671875,14,242,12,"[[""NF"", 139], [""BNF"", 117]]","[[""BULL_PUT"", 121], [""BEAR_CALL"", 119], [""BEAR_PUT"", 16]]",,,,2.5682320820014866
random_256,2026-07-02,10690,BEAR_CALL_BNF_58600_59100_W500,BNF,BEAR_CALL,256,0.63671875,14,242,12,"[[""NF"", 139], [""BNF"", 117]]","[[""BULL_PUT"", 121], [""BEAR_CALL"", 119], [""BEAR_PUT"", 16]]",,,,2.5682320820014866
random_256,2026-07-02,10680,BEAR_CALL_BNF_58600_59000_W400,BNF,BEAR_CALL,256,0.63671875,14,242,12,"[[""NF"", 139], [""BNF"", 117]]","[[""BULL_PUT"", 121], [""BEAR_CALL"", 119], [""BEAR_PUT"", 16]]",,,,2.5682320820014866
random_256,2026-07-02,10675,BULL_PUT_BNF_57600_57200_W400,BNF,BULL_PUT,256,0.63671875,14,242,12,"[[""NF"", 139], [""BNF"", 117]]","[[""BULL_PUT"", 121], [""BEAR_CALL"", 119], [""BEAR_PUT"", 16]]",,,,2.5682320820014866
random_256,2026-07-02,10665,BEAR_CALL_BNF_58600_59200_W600,BNF,BEAR_CALL,256,0.63671875,14,242,12,"[[""NF"", 139], [""BNF"", 117]]","[[""BULL_PUT"", 121], [""BEAR_CALL"", 119], [""BEAR_PUT"", 16]]",,,,2.5682320820014866
random_256,2026-07-02,10655,BEAR_CALL_BNF_58600_59000_W400,BNF,BEAR_CALL,256,0.63671875,14,242,12,"[[""NF"", 139], [""BNF"", 117]]","[[""BULL_PUT"", 121], [""BEAR_CALL"", 119], [""BEAR_PUT"", 16]]",,,,2.5682320820014866
random_256,2026-07-02,10645,BEAR_CALL_BNF_58600_59000_W400,BNF,BEAR_CALL,256,0.63671875,14,242,12,"[[""NF"", 139], [""BNF"", 117]]","[[""BULL_PUT"", 121], [""BEAR_CALL"", 119], [""BEAR_PUT"", 16]]",,,,2.5682320820014866
random_256,2026-07-02,10635,BEAR_CALL_BNF_58600_59000_W400,BNF,BEAR_CALL,256,0.63671875,14,242,12,"[[""NF"", 139], [""BNF"", 117]]","[[""BULL_PUT"", 121], [""BEAR_CALL"", 119], [""BEAR_PUT"", 16]]",,,,2.5682320820014866
random_256,2026-07-02,10625,BEAR_CALL_BNF_58600_59000_W400,BNF,BEAR_CALL,256,0.63671875,14,242,12,"[[""NF"", 139], [""BNF"", 117]]","[[""BULL_PUT"", 121], [""BEAR_CALL"", 119], [""BEAR_PUT"", 16]]",,,,2.5682320820014866
random_256,2026-07-02,10620,BULL_PUT_BNF_57600_57200_W400,BNF,BULL_PUT,256,0.63671875,14,242,12,"[[""NF"", 139], [""BNF"", 117]]","[[""BULL_PUT"", 121], [""BEAR_CALL"", 119], [""BEAR_PUT"", 16]]",,,,2.5682320820014866
random_256,2026-07-02,10610,BEAR_CALL_BNF_58600_59000_W400,BNF,BEAR_CALL,256,0.63671875,14,242,12,"[[""NF"", 139], [""BNF"", 117]]","[[""BULL_PUT"", 121], [""BEAR_CALL"", 119], [""BEAR_PUT"", 16]]",,,,2.5682320820014866
random_256,2026-07-02,10605,BEAR_CALL_BNF_58500_59000_W500,BNF,BEAR_CALL,256,0.63671875,14,242,12,"[[""NF"", 139], [""BNF"", 117]]","[[""BULL_PUT"", 121], [""BEAR_CALL"", 119], [""BEAR_PUT"", 16]]",,,,2.5682320820014866
random_256,2026-07-02,10595,BEAR_CALL_BNF_58500_59000_W500,BNF,BEAR_CALL,256,0.63671875,14,242,12,"[[""NF"", 139], [""BNF"", 117]]","[[""BULL_PUT"", 121], [""BEAR_CALL"", 119], [""BEAR_PUT"", 16]]",,,,2.5682320820014866
random_256,2026-07-02,10585,BEAR_CALL_BNF_58500_59000_W500,BNF,BEAR_CALL,256,0.63671875,14,242,12,"[[""NF"", 139], [""BNF"", 117]]","[[""BULL_PUT"", 121], [""BEAR_CALL"", 119], [""BEAR_PUT"", 16]]",,,,2.5682320820014866
random_256,2026-07-02,10575,BEAR_CALL_BNF_58500_59000_W500,BNF,BEAR_CALL,256,0.63671875,14,242,12,"[[""NF"", 139], [""BNF"", 117]]","[[""BULL_PUT"", 121], [""BEAR_CALL"", 119], [""BEAR_PUT"", 16]]",,,,2.5682320820014866
random_256,2026-07-02,10565,BEAR_CALL_BNF_58500_59100_W600,BNF,BEAR_CALL,256,0.63671875,14,242,12,"[[""NF"", 139], [""BNF"", 117]]","[[""BULL_PUT"", 121], [""BEAR_CALL"", 119], [""BEAR_PUT"", 16]]",,,,2.5682320820014866
random_256,2026-07-02,10560,BULL_PUT_BNF_57600_57200_W400,BNF,BULL_PUT,256,0.63671875,14,242,12,"[[""NF"", 139], [""BNF"", 117]]","[[""BULL_PUT"", 121], [""BEAR_CALL"", 119], [""BEAR_PUT"", 16]]",,,,2.5682320820014866
random_256,2026-07-02,10550,BEAR_CALL_BNF_58500_59000_W500,BNF,BEAR_CALL,256,0.63671875,14,242,12,"[[""NF"", 139], [""BNF"", 117]]","[[""BULL_PUT"", 121], [""BEAR_CALL"", 119], [""BEAR_PUT"", 16]]",,,,2.5682320820014866
random_256,2026-07-02,10540,BEAR_CALL_BNF_58400_58800_W400,BNF,BEAR_CALL,256,0.63671875,14,242,12,"[[""NF"", 139], [""BNF"", 117]]","[[""BULL_PUT"", 121], [""BEAR_CALL"", 119], [""BEAR_PUT"", 16]]",,,,2.5682320820014866
random_256,2026-07-02,10535,BEAR_CALL_BNF_58400_59000_W600,BNF,BEAR_CALL,256,0.63671875,14,242,12,"[[""NF"", 139], [""BNF"", 117]]","[[""BULL_PUT"", 121], [""BEAR_CALL"", 119], [""BEAR_PUT"", 16]]",,,,2.5682320820014866
random_256,2026-07-02,10530,BEAR_CALL_BNF_58400_59000_W600,BNF,BEAR_CALL,256,0.63671875,14,242,12,"[[""NF"", 139], [""BNF"", 117]]","[[""BULL_PUT"", 121], [""BEAR_CALL"", 119], [""BEAR_PUT"", 16]]",,,,2.5682320820014866
random_256,2026-07-02,10520,BEAR_CALL_BNF_58400_59000_W600,BNF,BEAR_CALL,256,0.63671875,14,242,12,"[[""NF"", 139], [""BNF"", 117]]","[[""BULL_PUT"", 121], [""BEAR_CALL"", 119], [""BEAR_PUT"", 16]]",,,,2.5682320820014866
random_256,2026-07-02,10510,BEAR_CALL_BNF_58400_59000_W600,BNF,BEAR_CALL,256,0.63671875,14,242,12,"[[""NF"", 139], [""BNF"", 117]]","[[""BULL_PUT"", 121], [""BEAR_CALL"", 119], [""BEAR_PUT"", 16]]",,,,2.5682320820014866
random_256,2026-07-02,10505,BEAR_CALL_BNF_58500_59000_W500,BNF,BEAR_CALL,256,0.63671875,14,242,12,"[[""NF"", 139], [""BNF"", 117]]","[[""BULL_PUT"", 121], [""BEAR_CALL"", 119], [""BEAR_PUT"", 16]]",,,,2.5682320820014866
random_256,2026-07-02,10495,BEAR_CALL_BNF_58500_59000_W500,BNF,BEAR_CALL,256,0.63671875,14,242,12,"[[""NF"", 139], [""BNF"", 117]]","[[""BULL_PUT"", 121], [""BEAR_CALL"", 119], [""BEAR_PUT"", 16]]",,,,2.5682320820014866
random_256,2026-07-02,10490,BEAR_CALL_BNF_58500_59000_W500,BNF,BEAR_CALL,256,0.63671875,14,242,12,"[[""NF"", 139], [""BNF"", 117]]","[[""BULL_PUT"", 121], [""BEAR_CALL"", 119], [""BEAR_PUT"", 16]]",,,,2.5682320820014866
random_256,2026-07-02,10485,BEAR_CALL_BNF_58500_59000_W500,BNF,BEAR_CALL,256,0.63671875,14,242,12,"[[""NF"", 139], [""BNF"", 117]]","[[""BULL_PUT"", 121], [""BEAR_CALL"", 119], [""BEAR_PUT"", 16]]",,,,2.5682320820014866
random_256,2026-07-02,10475,BEAR_CALL_BNF_58600_59000_W400,BNF,BEAR_CALL,256,0.63671875,14,242,12,"[[""NF"", 139], [""BNF"", 117]]","[[""BULL_PUT"", 121], [""BEAR_CALL"", 119], [""BEAR_PUT"", 16]]",,,,2.5682320820014866
random_256,2026-07-02,10470,BULL_PUT_BNF_57600_57200_W400,BNF,BULL_PUT,256,0.63671875,14,242,12,"[[""NF"", 139], [""BNF"", 117]]","[[""BULL_PUT"", 121], [""BEAR_CALL"", 119], [""BEAR_PUT"", 16]]",,,,2.5682320820014866
random_256,2026-07-02,10465,BULL_PUT_BNF_57600_57200_W400,BNF,BULL_PUT,256,0.63671875,14,242,12,"[[""NF"", 139], [""BNF"", 117]]","[[""BULL_PUT"", 121], [""BEAR_CALL"", 119], [""BEAR_PUT"", 16]]",,,,2.5682320820014866
random_256,2026-07-02,10460,BEAR_CALL_BNF_58500_59000_W500,BNF,BEAR_CALL,256,0.63671875,14,242,12,"[[""NF"", 139], [""BNF"", 117]]","[[""BULL_PUT"", 121], [""BEAR_CALL"", 119], [""BEAR_PUT"", 16]]",,,,2.5682320820014866
random_256,2026-07-02,10450,BEAR_CALL_BNF_58500_59000_W500,BNF,BEAR_CALL,256,0.63671875,14,242,12,"[[""NF"", 139], [""BNF"", 117]]","[[""BULL_PUT"", 121], [""BEAR_CALL"", 119], [""BEAR_PUT"", 16]]",,,,2.5682320820014866
random_256,2026-07-02,10440,BEAR_CALL_BNF_58500_59000_W500,BNF,BEAR_CALL,256,0.63671875,14,242,12,"[[""NF"", 139], [""BNF"", 117]]","[[""BULL_PUT"", 121], [""BEAR_CALL"", 119], [""BEAR_PUT"", 16]]",,,,2.5682320820014866
random_256,2026-07-03,11415,BULL_PUT_BNF_57600_57200_W400,BNF,BULL_PUT,256,0.61328125,11,245,14,"[[""NF"", 145], [""BNF"", 111]]","[[""BEAR_CALL"", 133], [""BULL_PUT"", 108], [""BEAR_PUT"", 15]]",,,,2.489572082999075
random_256,2026-07-03,11405,BEAR_CALL_BNF_58600_59000_W400,BNF,BEAR_CALL,256,0.61328125,11,245,14,"[[""NF"", 145], [""BNF"", 111]]","[[""BEAR_CALL"", 133], [""BULL_PUT"", 108], [""BEAR_PUT"", 15]]",,,,2.489572082999075
random_256,2026-07-03,11395,BEAR_CALL_BNF_58600_59000_W400,BNF,BEAR_CALL,256,0.61328125,11,245,14,"[[""NF"", 145], [""BNF"", 111]]","[[""BEAR_CALL"", 133], [""BULL_PUT"", 108], [""BEAR_PUT"", 15]]",,,,2.489572082999075
random_256,2026-07-03,11390,BEAR_CALL_BNF_58600_59000_W400,BNF,BEAR_CALL,256,0.61328125,11,245,14,"[[""NF"", 145], [""BNF"", 111]]","[[""BEAR_CALL"", 133], [""BULL_PUT"", 108], [""BEAR_PUT"", 15]]",,,,2.489572082999075
random_256,2026-07-03,11385,BULL_PUT_BNF_57600_57200_W400,BNF,BULL_PUT,256,0.61328125,11,245,14,"[[""NF"", 145], [""BNF"", 111]]","[[""BEAR_CALL"", 133], [""BULL_PUT"", 108], [""BEAR_PUT"", 15]]",,,,2.489572082999075
random_256,2026-07-03,11375,BEAR_CALL_BNF_58600_59000_W400,BNF,BEAR_CALL,256,0.61328125,11,245,14,"[[""NF"", 145], [""BNF"", 111]]","[[""BEAR_CALL"", 133], [""BULL_PUT"", 108], [""BEAR_PUT"", 15]]",,,,2.489572082999075
random_256,2026-07-03,11370,BULL_PUT_BNF_57700_57300_W400,BNF,BULL_PUT,256,0.61328125,11,245,14,"[[""NF"", 145], [""BNF"", 111]]","[[""BEAR_CALL"", 133], [""BULL_PUT"", 108], [""BEAR_PUT"", 15]]",,,,2.489572082999075
random_256,2026-07-03,11365,BEAR_CALL_BNF_58600_59000_W400,BNF,BEAR_CALL,256,0.61328125,11,245,14,"[[""NF"", 145], [""BNF"", 111]]","[[""BEAR_CALL"", 133], [""BULL_PUT"", 108], [""BEAR_PUT"", 15]]",,,,2.489572082999075
random_256,2026-07-03,11355,BEAR_CALL_BNF_58600_59000_W400,BNF,BEAR_CALL,256,0.61328125,11,245,14,"[[""NF"", 145], [""BNF"", 111]]","[[""BEAR_CALL"", 133], [""BULL_PUT"", 108], [""BEAR_PUT"", 15]]",,,,2.489572082999075
random_256,2026-07-03,11350,BEAR_CALL_BNF_58600_59000_W400,BNF,BEAR_CALL,256,0.61328125,11,245,14,"[[""NF"", 145], [""BNF"", 111]]","[[""BEAR_CALL"", 133], [""BULL_PUT"", 108], [""BEAR_PUT"", 15]]",,,,2.489572082999075
random_256,2026-07-03,11345,BULL_PUT_BNF_57600_57200_W400,BNF,BULL_PUT,256,0.61328125,11,245,14,"[[""NF"", 145], [""BNF"", 111]]","[[""BEAR_CALL"", 133], [""BULL_PUT"", 108], [""BEAR_PUT"", 15]]",,,,2.489572082999075
random_256,2026-07-03,11335,BEAR_CALL_BNF_58600_59000_W400,BNF,BEAR_CALL,256,0.61328125,11,245,14,"[[""NF"", 145], [""BNF"", 111]]","[[""BEAR_CALL"", 133], [""BULL_PUT"", 108], [""BEAR_PUT"", 15]]",,,,2.489572082999075
random_256,2026-07-03,11330,BEAR_CALL_BNF_58500_59000_W500,BNF,BEAR_CALL,256,0.61328125,11,245,14,"[[""NF"", 145], [""BNF"", 111]]","[[""BEAR_CALL"", 133], [""BULL_PUT"", 108], [""BEAR_PUT"", 15]]",,,,2.489572082999075
random_256,2026-07-03,11325,BEAR_CALL_BNF_58500_59000_W500,BNF,BEAR_CALL,256,0.61328125,11,245,14,"[[""NF"", 145], [""BNF"", 111]]","[[""BEAR_CALL"", 133], [""BULL_PUT"", 108], [""BEAR_PUT"", 15]]",,,,2.489572082999075
random_256,2026-07-03,11320,BEAR_CALL_BNF_58500_59000_W500,BNF,BEAR_CALL,256,0.61328125,11,245,14,"[[""NF"", 145], [""BNF"", 111]]","[[""BEAR_CALL"", 133], [""BULL_PUT"", 108], [""BEAR_PUT"", 15]]",,,,2.489572082999075
random_256,2026-07-03,11315,BULL_PUT_BNF_57500_57100_W400,BNF,BULL_PUT,256,0.61328125,11,245,14,"[[""NF"", 145], [""BNF"", 111]]","[[""BEAR_CALL"", 133], [""BULL_PUT"", 108], [""BEAR_PUT"", 15]]",,,,2.489572082999075
random_256,2026-07-03,11310,BULL_PUT_BNF_57500_57100_W400,BNF,BULL_PUT,256,0.61328125,11,245,14,"[[""NF"", 145], [""BNF"", 111]]","[[""BEAR_CALL"", 133], [""BULL_PUT"", 108], [""BEAR_PUT"", 15]]",,,,2.489572082999075
random_256,2026-07-03,11305,BEAR_CALL_BNF_58400_59000_W600,BNF,BEAR_CALL,256,0.61328125,11,245,14,"[[""NF"", 145], [""BNF"", 111]]","[[""BEAR_CALL"", 133], [""BULL_PUT"", 108], [""BEAR_PUT"", 15]]",,,,2.489572082999075
random_256,2026-07-03,11300,BEAR_CALL_BNF_58400_59000_W600,BNF,BEAR_CALL,256,0.61328125,11,245,14,"[[""NF"", 145], [""BNF"", 111]]","[[""BEAR_CALL"", 133], [""BULL_PUT"", 108], [""BEAR_PUT"", 15]]",,,,2.489572082999075
random_256,2026-07-03,11290,BEAR_CALL_BNF_58500_59000_W500,BNF,BEAR_CALL,256,0.61328125,11,245,14,"[[""NF"", 145], [""BNF"", 111]]","[[""BEAR_CALL"", 133], [""BULL_PUT"", 108], [""BEAR_PUT"", 15]]",,,,2.489572082999075
random_256,2026-07-03,11280,BEAR_CALL_BNF_58500_59000_W500,BNF,BEAR_CALL,256,0.61328125,11,245,14,"[[""NF"", 145], [""BNF"", 111]]","[[""BEAR_CALL"", 133], [""BULL_PUT"", 108], [""BEAR_PUT"", 15]]",,,,2.489572082999075
random_256,2026-07-03,11275,BEAR_CALL_BNF_58500_59000_W500,BNF,BEAR_CALL,256,0.61328125,11,245,14,"[[""NF"", 145], [""BNF"", 111]]","[[""BEAR_CALL"", 133], [""BULL_PUT"", 108], [""BEAR_PUT"", 15]]",,,,2.489572082999075
random_256,2026-07-03,11270,BULL_PUT_BNF_57600_57200_W400,BNF,BULL_PUT,256,0.61328125,11,245,14,"[[""NF"", 145], [""BNF"", 111]]","[[""BEAR_CALL"", 133], [""BULL_PUT"", 108], [""BEAR_PUT"", 15]]",,,,2.489572082999075
random_256,2026-07-03,11265,BULL_PUT_BNF_57600_57200_W400,BNF,BULL_PUT,256,0.61328125,11,245,14,"[[""NF"", 145], [""BNF"", 111]]","[[""BEAR_CALL"", 133], [""BULL_PUT"", 108], [""BEAR_PUT"", 15]]",,,,2.489572082999075
random_256,2026-07-03,11260,BEAR_CALL_BNF_58500_59000_W500,BNF,BEAR_CALL,256,0.61328125,11,245,14,"[[""NF"", 145], [""BNF"", 111]]","[[""BEAR_CALL"", 133], [""BULL_PUT"", 108], [""BEAR_PUT"", 15]]",,,,2.489572082999075
random_256,2026-07-03,11255,BEAR_CALL_BNF_58500_59000_W500,BNF,BEAR_CALL,256,0.61328125,11,245,14,"[[""NF"", 145], [""BNF"", 111]]","[[""BEAR_CALL"", 133], [""BULL_PUT"", 108], [""BEAR_PUT"", 15]]",,,,2.489572082999075
random_256,2026-07-03,11250,BEAR_CALL_BNF_58500_59000_W500,BNF,BEAR_CALL,256,0.61328125,11,245,14,"[[""NF"", 145], [""BNF"", 111]]","[[""BEAR_CALL"", 133], [""BULL_PUT"", 108], [""BEAR_PUT"", 15]]",,,,2.489572082999075
random_256,2026-07-03,11245,BEAR_CALL_BNF_58500_59000_W500,BNF,BEAR_CALL,256,0.61328125,11,245,14,"[[""NF"", 145], [""BNF"", 111]]","[[""BEAR_CALL"", 133], [""BULL_PUT"", 108], [""BEAR_PUT"", 15]]",,,,2.489572082999075
random_256,2026-07-03,11240,BEAR_CALL_BNF_58500_59000_W500,BNF,BEAR_CALL,256,0.61328125,11,245,14,"[[""NF"", 145], [""BNF"", 111]]","[[""BEAR_CALL"", 133], [""BULL_PUT"", 108], [""BEAR_PUT"", 15]]",,,,2.489572082999075
random_256,2026-07-03,11230,BEAR_CALL_BNF_58500_59000_W500,BNF,BEAR_CALL,256,0.61328125,11,245,14,"[[""NF"", 145], [""BNF"", 111]]","[[""BEAR_CALL"", 133], [""BULL_PUT"", 108], [""BEAR_PUT"", 15]]",,,,2.489572082999075
random_256,2026-07-03,11225,BEAR_CALL_BNF_58500_59000_W500,BNF,BEAR_CALL,256,0.61328125,11,245,14,"[[""NF"", 145], [""BNF"", 111]]","[[""BEAR_CALL"", 133], [""BULL_PUT"", 108], [""BEAR_PUT"", 15]]",,,,2.489572082999075
random_256,2026-07-03,11220,BULL_PUT_BNF_57500_57100_W400,BNF,BULL_PUT,256,0.61328125,11,245,14,"[[""NF"", 145], [""BNF"", 111]]","[[""BEAR_CALL"", 133], [""BULL_PUT"", 108], [""BEAR_PUT"", 15]]",,,,2.489572082999075
random_256,2026-07-03,11215,BULL_PUT_BNF_57500_57100_W400,BNF,BULL_PUT,256,0.61328125,11,245,14,"[[""NF"", 145], [""BNF"", 111]]","[[""BEAR_CALL"", 133], [""BULL_PUT"", 108], [""BEAR_PUT"", 15]]",,,,2.489572082999075
random_256,2026-07-03,11210,BULL_PUT_BNF_57500_57100_W400,BNF,BULL_PUT,256,0.61328125,11,245,14,"[[""NF"", 145], [""BNF"", 111]]","[[""BEAR_CALL"", 133], [""BULL_PUT"", 108], [""BEAR_PUT"", 15]]",,,,2.489572082999075
random_256,2026-07-03,11205,BULL_PUT_BNF_57500_57100_W400,BNF,BULL_PUT,256,0.61328125,11,245,14,"[[""NF"", 145], [""BNF"", 111]]","[[""BEAR_CALL"", 133], [""BULL_PUT"", 108], [""BEAR_PUT"", 15]]",,,,2.489572082999075
random_256,2026-07-03,11200,BULL_PUT_BNF_57500_57100_W400,BNF,BULL_PUT,256,0.61328125,11,245,14,"[[""NF"", 145], [""BNF"", 111]]","[[""BEAR_CALL"", 133], [""BULL_PUT"", 108], [""BEAR_PUT"", 15]]",,,,2.489572082999075
random_256,2026-07-03,11195,BEAR_CALL_BNF_58400_58900_W500,BNF,BEAR_CALL,256,0.61328125,11,245,14,"[[""NF"", 145], [""BNF"", 111]]","[[""BEAR_CALL"", 133], [""BULL_PUT"", 108], [""BEAR_PUT"", 15]]",,,,2.489572082999075
random_256,2026-07-03,11190,BULL_PUT_BNF_57400_57000_W400,BNF,BULL_PUT,256,0.61328125,11,245,14,"[[""NF"", 145], [""BNF"", 111]]","[[""BEAR_CALL"", 133], [""BULL_PUT"", 108], [""BEAR_PUT"", 15]]",,,,2.489572082999075
random_256,2026-07-03,11185,BULL_PUT_BNF_57400_57000_W400,BNF,BULL_PUT,256,0.61328125,11,245,14,"[[""NF"", 145], [""BNF"", 111]]","[[""BEAR_CALL"", 133], [""BULL_PUT"", 108], [""BEAR_PUT"", 15]]",,,,2.489572082999075
random_256,2026-07-03,11180,BULL_PUT_BNF_57400_57000_W400,BNF,BULL_PUT,256,0.61328125,11,245,14,"[[""NF"", 145], [""BNF"", 111]]","[[""BEAR_CALL"", 133], [""BULL_PUT"", 108], [""BEAR_PUT"", 15]]",,,,2.489572082999075
random_256,2026-07-03,11175,BULL_PUT_BNF_57400_57000_W400,BNF,BULL_PUT,256,0.61328125,11,245,14,"[[""NF"", 145], [""BNF"", 111]]","[[""BEAR_CALL"", 133], [""BULL_PUT"", 108], [""BEAR_PUT"", 15]]",,,,2.489572082999075
random_256,2026-07-03,11170,BULL_PUT_BNF_57400_57000_W400,BNF,BULL_PUT,256,0.61328125,11,245,14,"[[""NF"", 145], [""BNF"", 111]]","[[""BEAR_CALL"", 133], [""BULL_PUT"", 108], [""BEAR_PUT"", 15]]",,,,2.489572082999075
random_256,2026-07-03,11165,BULL_PUT_BNF_57400_57000_W400,BNF,BULL_PUT,256,0.61328125,11,245,14,"[[""NF"", 145], [""BNF"", 111]]","[[""BEAR_CALL"", 133], [""BULL_PUT"", 108], [""BEAR_PUT"", 15]]",,,,2.489572082999075
random_256,2026-07-03,11160,BEAR_CALL_BNF_58300_58700_W400,BNF,BEAR_CALL,256,0.61328125,11,245,14,"[[""NF"", 145], [""BNF"", 111]]","[[""BEAR_CALL"", 133], [""BULL_PUT"", 108], [""BEAR_PUT"", 15]]",,,,2.489572082999075
random_256,2026-07-03,11155,BEAR_CALL_BNF_58300_58700_W400,BNF,BEAR_CALL,256,0.61328125,11,245,14,"[[""NF"", 145], [""BNF"", 111]]","[[""BEAR_CALL"", 133], [""BULL_PUT"", 108], [""BEAR_PUT"", 15]]",,,,2.489572082999075
random_256,2026-07-03,11150,BULL_PUT_BNF_57400_57000_W400,BNF,BULL_PUT,256,0.61328125,11,245,14,"[[""NF"", 145], [""BNF"", 111]]","[[""BEAR_CALL"", 133], [""BULL_PUT"", 108], [""BEAR_PUT"", 15]]",,,,2.489572082999075
random_256,2026-07-03,11145,BULL_PUT_BNF_57400_57000_W400,BNF,BULL_PUT,256,0.61328125,11,245,14,"[[""NF"", 145], [""BNF"", 111]]","[[""BEAR_CALL"", 133], [""BULL_PUT"", 108], [""BEAR_PUT"", 15]]",,,,2.489572082999075
random_256,2026-07-03,11140,BULL_PUT_BNF_57400_57000_W400,BNF,BULL_PUT,256,0.61328125,11,245,14,"[[""NF"", 145], [""BNF"", 111]]","[[""BEAR_CALL"", 133], [""BULL_PUT"", 108], [""BEAR_PUT"", 15]]",,,,2.489572082999075
random_256,2026-07-03,11135,BULL_PUT_BNF_57400_57000_W400,BNF,BULL_PUT,256,0.61328125,11,245,14,"[[""NF"", 145], [""BNF"", 111]]","[[""BEAR_CALL"", 133], [""BULL_PUT"", 108], [""BEAR_PUT"", 15]]",,,,2.489572082999075
random_256,2026-07-03,11130,BEAR_CALL_BNF_58300_58700_W400,BNF,BEAR_CALL,256,0.61328125,11,245,14,"[[""NF"", 145], [""BNF"", 111]]","[[""BEAR_CALL"", 133], [""BULL_PUT"", 108], [""BEAR_PUT"", 15]]",,,,2.489572082999075
random_256,2026-07-03,11125,BULL_PUT_BNF_57400_57000_W400,BNF,BULL_PUT,256,0.61328125,11,245,14,"[[""NF"", 145], [""BNF"", 111]]","[[""BEAR_CALL"", 133], [""BULL_PUT"", 108], [""BEAR_PUT"", 15]]",,,,2.489572082999075
random_256,2026-07-03,11115,BEAR_CALL_BNF_58400_59000_W600,BNF,BEAR_CALL,256,0.61328125,11,245,14,"[[""NF"", 145], [""BNF"", 111]]","[[""BEAR_CALL"", 133], [""BULL_PUT"", 108], [""BEAR_PUT"", 15]]",,,,2.489572082999075
random_256,2026-07-03,11110,BULL_PUT_BNF_57400_57000_W400,BNF,BULL_PUT,256,0.61328125,11,245,14,"[[""NF"", 145], [""BNF"", 111]]","[[""BEAR_CALL"", 133], [""BULL_PUT"", 108], [""BEAR_PUT"", 15]]",,,,2.489572082999075
random_256,2026-07-03,11105,BULL_PUT_BNF_57400_57000_W400,BNF,BULL_PUT,256,0.61328125,11,245,14,"[[""NF"", 145], [""BNF"", 111]]","[[""BEAR_CALL"", 133], [""BULL_PUT"", 108], [""BEAR_PUT"", 15]]",,,,2.489572082999075
random_256,2026-07-03,11100,BEAR_CALL_BNF_58400_58900_W500,BNF,BEAR_CALL,256,0.61328125,11,245,14,"[[""NF"", 145], [""BNF"", 111]]","[[""BEAR_CALL"", 133], [""BULL_PUT"", 108], [""BEAR_PUT"", 15]]",,,,2.489572082999075
random_256,2026-07-03,11090,BEAR_CALL_BNF_58400_59000_W600,BNF,BEAR_CALL,256,0.61328125,11,245,14,"[[""NF"", 145], [""BNF"", 111]]","[[""BEAR_CALL"", 133], [""BULL_PUT"", 108], [""BEAR_PUT"", 15]]",,,,2.489572082999075
random_256,2026-07-03,11085,BEAR_CALL_BNF_58400_58900_W500,BNF,BEAR_CALL,256,0.61328125,11,245,14,"[[""NF"", 145], [""BNF"", 111]]","[[""BEAR_CALL"", 133], [""BULL_PUT"", 108], [""BEAR_PUT"", 15]]",,,,2.489572082999075
random_256,2026-07-03,11080,BEAR_CALL_BNF_58400_59000_W600,BNF,BEAR_CALL,256,0.61328125,11,245,14,"[[""NF"", 145], [""BNF"", 111]]","[[""BEAR_CALL"", 133], [""BULL_PUT"", 108], [""BEAR_PUT"", 15]]",,,,2.489572082999075
random_256,2026-07-03,11075,BEAR_CALL_BNF_58400_59000_W600,BNF,BEAR_CALL,256,0.61328125,11,245,14,"[[""NF"", 145], [""BNF"", 111]]","[[""BEAR_CALL"", 133], [""BULL_PUT"", 108], [""BEAR_PUT"", 15]]",,,,2.489572082999075
random_256,2026-07-03,11070,BEAR_CALL_BNF_58400_59000_W600,BNF,BEAR_CALL,256,0.61328125,11,245,14,"[[""NF"", 145], [""BNF"", 111]]","[[""BEAR_CALL"", 133], [""BULL_PUT"", 108], [""BEAR_PUT"", 15]]",,,,2.489572082999075
random_256,2026-07-03,11065,BULL_PUT_BNF_57500_57100_W400,BNF,BULL_PUT,256,0.61328125,11,245,14,"[[""NF"", 145], [""BNF"", 111]]","[[""BEAR_CALL"", 133], [""BULL_PUT"", 108], [""BEAR_PUT"", 15]]",,,,2.489572082999075
random_256,2026-07-07,11925,BULL_PUT_BNF_58000_57600_W400,BNF,BULL_PUT,256,0.56640625,16,240,16,"[[""BNF"", 130], [""NF"", 126]]","[[""BEAR_CALL"", 136], [""BULL_PUT"", 108], [""BEAR_PUT"", 12]]",,,,2.416825781001535
random_256,2026-07-07,11920,BULL_PUT_BNF_58000_57600_W400,BNF,BULL_PUT,256,0.56640625,16,240,16,"[[""BNF"", 130], [""NF"", 126]]","[[""BEAR_CALL"", 136], [""BULL_PUT"", 108], [""BEAR_PUT"", 12]]",,,,2.416825781001535
random_256,2026-07-07,11910,BULL_PUT_BNF_57900_57500_W400,BNF,BULL_PUT,256,0.56640625,16,240,16,"[[""BNF"", 130], [""NF"", 126]]","[[""BEAR_CALL"", 136], [""BULL_PUT"", 108], [""BEAR_PUT"", 12]]",,,,2.416825781001535
random_256,2026-07-07,11900,BULL_PUT_BNF_58000_57600_W400,BNF,BULL_PUT,256,0.56640625,16,240,16,"[[""BNF"", 130], [""NF"", 126]]","[[""BEAR_CALL"", 136], [""BULL_PUT"", 108], [""BEAR_PUT"", 12]]",,,,2.416825781001535
random_256,2026-07-07,11890,BEAR_CALL_BNF_58900_59300_W400,BNF,BEAR_CALL,256,0.56640625,16,240,16,"[[""BNF"", 130], [""NF"", 126]]","[[""BEAR_CALL"", 136], [""BULL_PUT"", 108], [""BEAR_PUT"", 12]]",,,,2.416825781001535
random_256,2026-07-07,11880,BEAR_CALL_BNF_58900_59300_W400,BNF,BEAR_CALL,256,0.56640625,16,240,16,"[[""BNF"", 130], [""NF"", 126]]","[[""BEAR_CALL"", 136], [""BULL_PUT"", 108], [""BEAR_PUT"", 12]]",,,,2.416825781001535
random_256,2026-07-07,11865,BEAR_CALL_BNF_58900_59300_W400,BNF,BEAR_CALL,256,0.56640625,16,240,16,"[[""BNF"", 130], [""NF"", 126]]","[[""BEAR_CALL"", 136], [""BULL_PUT"", 108], [""BEAR_PUT"", 12]]",,,,2.416825781001535
random_256,2026-07-07,11855,BEAR_CALL_BNF_58900_59300_W400,BNF,BEAR_CALL,256,0.56640625,16,240,16,"[[""BNF"", 130], [""NF"", 126]]","[[""BEAR_CALL"", 136], [""BULL_PUT"", 108], [""BEAR_PUT"", 12]]",,,,2.416825781001535
random_256,2026-07-07,11845,BEAR_CALL_BNF_58900_59300_W400,BNF,BEAR_CALL,256,0.56640625,16,240,16,"[[""BNF"", 130], [""NF"", 126]]","[[""BEAR_CALL"", 136], [""BULL_PUT"", 108], [""BEAR_PUT"", 12]]",,,,2.416825781001535
random_256,2026-07-07,11830,BEAR_CALL_BNF_58900_59300_W400,BNF,BEAR_CALL,256,0.56640625,16,240,16,"[[""BNF"", 130], [""NF"", 126]]","[[""BEAR_CALL"", 136], [""BULL_PUT"", 108], [""BEAR_PUT"", 12]]",,,,2.416825781001535
random_256,2026-07-07,11815,BEAR_CALL_BNF_58900_59300_W400,BNF,BEAR_CALL,256,0.56640625,16,240,16,"[[""BNF"", 130], [""NF"", 126]]","[[""BEAR_CALL"", 136], [""BULL_PUT"", 108], [""BEAR_PUT"", 12]]",,,,2.416825781001535
random_256,2026-07-07,11810,BULL_PUT_BNF_58000_57600_W400,BNF,BULL_PUT,256,0.56640625,16,240,16,"[[""BNF"", 130], [""NF"", 126]]","[[""BEAR_CALL"", 136], [""BULL_PUT"", 108], [""BEAR_PUT"", 12]]",,,,2.416825781001535
random_256,2026-07-07,11795,BEAR_CALL_BNF_58900_59300_W400,BNF,BEAR_CALL,256,0.56640625,16,240,16,"[[""BNF"", 130], [""NF"", 126]]","[[""BEAR_CALL"", 136], [""BULL_PUT"", 108], [""BEAR_PUT"", 12]]",,,,2.416825781001535
random_256,2026-07-07,11780,BEAR_CALL_BNF_58900_59300_W400,BNF,BEAR_CALL,256,0.56640625,16,240,16,"[[""BNF"", 130], [""NF"", 126]]","[[""BEAR_CALL"", 136], [""BULL_PUT"", 108], [""BEAR_PUT"", 12]]",,,,2.416825781001535
random_256,2026-07-07,11765,BEAR_CALL_BNF_58900_59300_W400,BNF,BEAR_CALL,256,0.56640625,16,240,16,"[[""BNF"", 130], [""NF"", 126]]","[[""BEAR_CALL"", 136], [""BULL_PUT"", 108], [""BEAR_PUT"", 12]]",,,,2.416825781001535
random_256,2026-07-07,11755,BEAR_CALL_BNF_58900_59300_W400,BNF,BEAR_CALL,256,0.56640625,16,240,16,"[[""BNF"", 130], [""NF"", 126]]","[[""BEAR_CALL"", 136], [""BULL_PUT"", 108], [""BEAR_PUT"", 12]]",,,,2.416825781001535
random_256,2026-07-07,11745,BULL_PUT_BNF_58000_57600_W400,BNF,BULL_PUT,256,0.56640625,16,240,16,"[[""BNF"", 130], [""NF"", 126]]","[[""BEAR_CALL"", 136], [""BULL_PUT"", 108], [""BEAR_PUT"", 12]]",,,,2.416825781001535
random_256,2026-07-07,11735,BEAR_CALL_BNF_58900_59300_W400,BNF,BEAR_CALL,256,0.56640625,16,240,16,"[[""BNF"", 130], [""NF"", 126]]","[[""BEAR_CALL"", 136], [""BULL_PUT"", 108], [""BEAR_PUT"", 12]]",,,,2.416825781001535
random_256,2026-07-07,11725,BULL_PUT_BNF_58000_57600_W400,BNF,BULL_PUT,256,0.56640625,16,240,16,"[[""BNF"", 130], [""NF"", 126]]","[[""BEAR_CALL"", 136], [""BULL_PUT"", 108], [""BEAR_PUT"", 12]]",,,,2.416825781001535
random_256,2026-07-07,11715,BULL_PUT_BNF_58000_57600_W400,BNF,BULL_PUT,256,0.56640625,16,240,16,"[[""BNF"", 130], [""NF"", 126]]","[[""BEAR_CALL"", 136], [""BULL_PUT"", 108], [""BEAR_PUT"", 12]]",,,,2.416825781001535
random_256,2026-07-07,11705,BULL_PUT_BNF_58000_57600_W400,BNF,BULL_PUT,256,0.56640625,16,240,16,"[[""BNF"", 130], [""NF"", 126]]","[[""BEAR_CALL"", 136], [""BULL_PUT"", 108], [""BEAR_PUT"", 12]]",,,,2.416825781001535
random_256,2026-07-07,11695,BEAR_CALL_BNF_58900_59300_W400,BNF,BEAR_CALL,256,0.56640625,16,240,16,"[[""BNF"", 130], [""NF"", 126]]","[[""BEAR_CALL"", 136], [""BULL_PUT"", 108], [""BEAR_PUT"", 12]]",,,,2.416825781001535
random_256,2026-07-07,11685,BEAR_CALL_BNF_58900_59300_W400,BNF,BEAR_CALL,256,0.56640625,16,240,16,"[[""BNF"", 130], [""NF"", 126]]","[[""BEAR_CALL"", 136], [""BULL_PUT"", 108], [""BEAR_PUT"", 12]]",,,,2.416825781001535
random_256,2026-07-07,11675,BULL_PUT_BNF_57900_57500_W400,BNF,BULL_PUT,256,0.56640625,16,240,16,"[[""BNF"", 130], [""NF"", 126]]","[[""BEAR_CALL"", 136], [""BULL_PUT"", 108], [""BEAR_PUT"", 12]]",,,,2.416825781001535
random_256,2026-07-07,11665,BEAR_CALL_BNF_58900_59300_W400,BNF,BEAR_CALL,256,0.56640625,16,240,16,"[[""BNF"", 130], [""NF"", 126]]","[[""BEAR_CALL"", 136], [""BULL_PUT"", 108], [""BEAR_PUT"", 12]]",,,,2.416825781001535
random_256,2026-07-07,11655,BEAR_CALL_BNF_58900_59300_W400,BNF,BEAR_CALL,256,0.56640625,16,240,16,"[[""BNF"", 130], [""NF"", 126]]","[[""BEAR_CALL"", 136], [""BULL_PUT"", 108], [""BEAR_PUT"", 12]]",,,,2.416825781001535
random_256,2026-07-07,11645,BEAR_CALL_BNF_58900_59300_W400,BNF,BEAR_CALL,256,0.56640625,16,240,16,"[[""BNF"", 130], [""NF"", 126]]","[[""BEAR_CALL"", 136], [""BULL_PUT"", 108], [""BEAR_PUT"", 12]]",,,,2.416825781001535
random_256,2026-07-07,11635,BEAR_CALL_BNF_58900_59300_W400,BNF,BEAR_CALL,256,0.56640625,16,240,16,"[[""BNF"", 130], [""NF"", 126]]","[[""BEAR_CALL"", 136], [""BULL_PUT"", 108], [""BEAR_PUT"", 12]]",,,,2.416825781001535
random_256,2026-07-07,11625,BEAR_CALL_BNF_58900_59300_W400,BNF,BEAR_CALL,256,0.56640625,16,240,16,"[[""BNF"", 130], [""NF"", 126]]","[[""BEAR_CALL"", 136], [""BULL_PUT"", 108], [""BEAR_PUT"", 12]]",,,,2.416825781001535
random_256,2026-07-07,11615,BEAR_CALL_BNF_58900_59300_W400,BNF,BEAR_CALL,256,0.56640625,16,240,16,"[[""BNF"", 130], [""NF"", 126]]","[[""BEAR_CALL"", 136], [""BULL_PUT"", 108], [""BEAR_PUT"", 12]]",,,,2.416825781001535
random_256,2026-07-07,11610,BULL_PUT_BNF_58000_57600_W400,BNF,BULL_PUT,256,0.56640625,16,240,16,"[[""BNF"", 130], [""NF"", 126]]","[[""BEAR_CALL"", 136], [""BULL_PUT"", 108], [""BEAR_PUT"", 12]]",,,,2.416825781001535
random_256,2026-07-07,11605,BULL_PUT_BNF_58000_57600_W400,BNF,BULL_PUT,256,0.56640625,16,240,16,"[[""BNF"", 130], [""NF"", 126]]","[[""BEAR_CALL"", 136], [""BULL_PUT"", 108], [""BEAR_PUT"", 12]]",,,,2.416825781001535
random_256,2026-07-07,11600,BULL_PUT_BNF_58000_57600_W400,BNF,BULL_PUT,256,0.56640625,16,240,16,"[[""BNF"", 130], [""NF"", 126]]","[[""BEAR_CALL"", 136], [""BULL_PUT"", 108], [""BEAR_PUT"", 12]]",,,,2.416825781001535
random_256,2026-07-07,11595,BULL_PUT_BNF_58000_57600_W400,BNF,BULL_PUT,256,0.56640625,16,240,16,"[[""BNF"", 130], [""NF"", 126]]","[[""BEAR_CALL"", 136], [""BULL_PUT"", 108], [""BEAR_PUT"", 12]]",,,,2.416825781001535
random_256,2026-07-07,11580,BEAR_CALL_BNF_58900_59300_W400,BNF,BEAR_CALL,256,0.56640625,16,240,16,"[[""BNF"", 130], [""NF"", 126]]","[[""BEAR_CALL"", 136], [""BULL_PUT"", 108], [""BEAR_PUT"", 12]]",,,,2.416825781001535
random_256,2026-07-07,11570,BULL_PUT_BNF_57900_57500_W400,BNF,BULL_PUT,256,0.56640625,16,240,16,"[[""BNF"", 130], [""NF"", 126]]","[[""BEAR_CALL"", 136], [""BULL_PUT"", 108], [""BEAR_PUT"", 12]]",,,,2.416825781001535
random_256,2026-07-07,11560,BULL_PUT_BNF_58000_57600_W400,BNF,BULL_PUT,256,0.56640625,16,240,16,"[[""BNF"", 130], [""NF"", 126]]","[[""BEAR_CALL"", 136], [""BULL_PUT"", 108], [""BEAR_PUT"", 12]]",,,,2.416825781001535
random_256,2026-07-07,11545,BEAR_CALL_BNF_58900_59300_W400,BNF,BEAR_CALL,256,0.56640625,16,240,16,"[[""BNF"", 130], [""NF"", 126]]","[[""BEAR_CALL"", 136], [""BULL_PUT"", 108], [""BEAR_PUT"", 12]]",,,,2.416825781001535
random_256,2026-07-07,11535,BEAR_CALL_BNF_58800_59200_W400,BNF,BEAR_CALL,256,0.56640625,16,240,16,"[[""BNF"", 130], [""NF"", 126]]","[[""BEAR_CALL"", 136], [""BULL_PUT"", 108], [""BEAR_PUT"", 12]]",,,,2.416825781001535
random_256,2026-07-07,11525,BEAR_CALL_BNF_58800_59200_W400,BNF,BEAR_CALL,256,0.56640625,16,240,16,"[[""BNF"", 130], [""NF"", 126]]","[[""BEAR_CALL"", 136], [""BULL_PUT"", 108], [""BEAR_PUT"", 12]]",,,,2.416825781001535
random_256,2026-07-07,11515,BEAR_CALL_BNF_58800_59200_W400,BNF,BEAR_CALL,256,0.56640625,16,240,16,"[[""BNF"", 130], [""NF"", 126]]","[[""BEAR_CALL"", 136], [""BULL_PUT"", 108], [""BEAR_PUT"", 12]]",,,,2.416825781001535
random_256,2026-07-07,11510,BEAR_CALL_BNF_58800_59200_W400,BNF,BEAR_CALL,256,0.56640625,16,240,16,"[[""BNF"", 130], [""NF"", 126]]","[[""BEAR_CALL"", 136], [""BULL_PUT"", 108], [""BEAR_PUT"", 12]]",,,,2.416825781001535
random_256,2026-07-07,11505,BEAR_CALL_BNF_58800_59200_W400,BNF,BEAR_CALL,256,0.56640625,16,240,16,"[[""BNF"", 130], [""NF"", 126]]","[[""BEAR_CALL"", 136], [""BULL_PUT"", 108], [""BEAR_PUT"", 12]]",,,,2.416825781001535
random_256,2026-07-07,11500,BEAR_CALL_BNF_58800_59200_W400,BNF,BEAR_CALL,256,0.56640625,16,240,16,"[[""BNF"", 130], [""NF"", 126]]","[[""BEAR_CALL"", 136], [""BULL_PUT"", 108], [""BEAR_PUT"", 12]]",,,,2.416825781001535
random_256,2026-07-07,11495,BULL_PUT_BNF_57800_57400_W400,BNF,BULL_PUT,256,0.56640625,16,240,16,"[[""BNF"", 130], [""NF"", 126]]","[[""BEAR_CALL"", 136], [""BULL_PUT"", 108], [""BEAR_PUT"", 12]]",,,,2.416825781001535
random_256,2026-07-07,11490,BEAR_CALL_BNF_58700_59100_W400,BNF,BEAR_CALL,256,0.56640625,16,240,16,"[[""BNF"", 130], [""NF"", 126]]","[[""BEAR_CALL"", 136], [""BULL_PUT"", 108], [""BEAR_PUT"", 12]]",,,,2.416825781001535
random_256,2026-07-07,11485,BEAR_CALL_BNF_58700_59100_W400,BNF,BEAR_CALL,256,0.56640625,16,240,16,"[[""BNF"", 130], [""NF"", 126]]","[[""BEAR_CALL"", 136], [""BULL_PUT"", 108], [""BEAR_PUT"", 12]]",,,,2.416825781001535
random_256,2026-07-07,11480,BEAR_CALL_BNF_58700_59100_W400,BNF,BEAR_CALL,256,0.56640625,16,240,16,"[[""BNF"", 130], [""NF"", 126]]","[[""BEAR_CALL"", 136], [""BULL_PUT"", 108], [""BEAR_PUT"", 12]]",,,,2.416825781001535
random_256,2026-07-07,11475,BULL_PUT_BNF_57800_57400_W400,BNF,BULL_PUT,256,0.56640625,16,240,16,"[[""BNF"", 130], [""NF"", 126]]","[[""BEAR_CALL"", 136], [""BULL_PUT"", 108], [""BEAR_PUT"", 12]]",,,,2.416825781001535
random_256,2026-07-07,11470,BULL_PUT_BNF_57800_57400_W400,BNF,BULL_PUT,256,0.56640625,16,240,16,"[[""BNF"", 130], [""NF"", 126]]","[[""BEAR_CALL"", 136], [""BULL_PUT"", 108], [""BEAR_PUT"", 12]]",,,,2.416825781001535
random_256,2026-07-07,11465,BULL_PUT_BNF_57800_57400_W400,BNF,BULL_PUT,256,0.56640625,16,240,16,"[[""BNF"", 130], [""NF"", 126]]","[[""BEAR_CALL"", 136], [""BULL_PUT"", 108], [""BEAR_PUT"", 12]]",,,,2.416825781001535
random_256,2026-07-07,11460,BULL_PUT_BNF_57800_57400_W400,BNF,BULL_PUT,256,0.56640625,16,240,16,"[[""BNF"", 130], [""NF"", 126]]","[[""BEAR_CALL"", 136], [""BULL_PUT"", 108], [""BEAR_PUT"", 12]]",,,,2.416825781001535
random_256,2026-07-07,11450,BULL_PUT_BNF_58000_57600_W400,BNF,BULL_PUT,256,0.56640625,16,240,16,"[[""BNF"", 130], [""NF"", 126]]","[[""BEAR_CALL"", 136], [""BULL_PUT"", 108], [""BEAR_PUT"", 12]]",,,,2.416825781001535
random_256,2026-07-07,11440,BEAR_CALL_BNF_58700_59100_W400,BNF,BEAR_CALL,256,0.56640625,16,240,16,"[[""BNF"", 130], [""NF"", 126]]","[[""BEAR_CALL"", 136], [""BULL_PUT"", 108], [""BEAR_PUT"", 12]]",,,,2.416825781001535
random_256,2026-07-07,11430,BULL_PUT_BNF_58000_57600_W400,BNF,BULL_PUT,256,0.56640625,16,240,16,"[[""BNF"", 130], [""NF"", 126]]","[[""BEAR_CALL"", 136], [""BULL_PUT"", 108], [""BEAR_PUT"", 12]]",,,,2.416825781001535
random_256,2026-07-07,11425,BULL_PUT_BNF_57800_57400_W400,BNF,BULL_PUT,256,0.56640625,16,240,16,"[[""BNF"", 130], [""NF"", 126]]","[[""BEAR_CALL"", 136], [""BULL_PUT"", 108], [""BEAR_PUT"", 12]]",,,,2.416825781001535
random_256,2026-07-07,11420,BEAR_CALL_BNF_58800_59200_W400,BNF,BEAR_CALL,256,0.56640625,16,240,16,"[[""BNF"", 130], [""NF"", 126]]","[[""BEAR_CALL"", 136], [""BULL_PUT"", 108], [""BEAR_PUT"", 12]]",,,,2.416825781001535
random_256,2026-07-08,12026,BEAR_PUT_BNF_57100_57700_W600,BNF,BEAR_PUT,256,0.6015625,17,239,15,"[[""BNF"", 149], [""NF"", 107]]","[[""BEAR_CALL"", 136], [""BULL_PUT"", 108], [""BEAR_PUT"", 12]]",,,,2.1653874990006443
random_256,2026-07-08,12024,BEAR_PUT_BNF_56800_57800_W1000,BNF,BEAR_PUT,256,0.6015625,17,239,15,"[[""BNF"", 149], [""NF"", 107]]","[[""BEAR_CALL"", 136], [""BULL_PUT"", 108], [""BEAR_PUT"", 12]]",,,,2.1653874990006443
random_256,2026-07-08,12023,BEAR_PUT_BNF_57000_57800_W800,BNF,BEAR_PUT,256,0.6015625,17,239,15,"[[""BNF"", 149], [""NF"", 107]]","[[""BEAR_CALL"", 136], [""BULL_PUT"", 108], [""BEAR_PUT"", 12]]",,,,2.1653874990006443
random_256,2026-07-08,12021,BEAR_PUT_BNF_57100_57900_W800,BNF,BEAR_PUT,256,0.6015625,17,239,15,"[[""BNF"", 149], [""NF"", 107]]","[[""BEAR_CALL"", 136], [""BULL_PUT"", 108], [""BEAR_PUT"", 12]]",,,,2.1653874990006443
random_256,2026-07-08,12019,BEAR_PUT_BNF_56900_57900_W1000,BNF,BEAR_PUT,256,0.6015625,17,239,15,"[[""BNF"", 149], [""NF"", 107]]","[[""BEAR_CALL"", 136], [""BULL_PUT"", 108], [""BEAR_PUT"", 12]]",,,,2.1653874990006443
random_256,2026-07-08,12018,BEAR_PUT_BNF_57200_57800_W600,BNF,BEAR_PUT,256,0.6015625,17,239,15,"[[""BNF"", 149], [""NF"", 107]]","[[""BEAR_CALL"", 136], [""BULL_PUT"", 108], [""BEAR_PUT"", 12]]",,,,2.1653874990006443
random_256,2026-07-08,12014,BEAR_PUT_BNF_57400_58000_W600,BNF,BEAR_PUT,256,0.6015625,17,239,15,"[[""BNF"", 149], [""NF"", 107]]","[[""BEAR_CALL"", 136], [""BULL_PUT"", 108], [""BEAR_PUT"", 12]]",,,,2.1653874990006443
random_256,2026-07-08,12011,BEAR_PUT_BNF_57400_58000_W600,BNF,BEAR_PUT,256,0.6015625,17,239,15,"[[""BNF"", 149], [""NF"", 107]]","[[""BEAR_CALL"", 136], [""BULL_PUT"", 108], [""BEAR_PUT"", 12]]",,,,2.1653874990006443
random_256,2026-07-08,12008,BEAR_PUT_BNF_57400_58000_W600,BNF,BEAR_PUT,256,0.6015625,17,239,15,"[[""BNF"", 149], [""NF"", 107]]","[[""BEAR_CALL"", 136], [""BULL_PUT"", 108], [""BEAR_PUT"", 12]]",,,,2.1653874990006443
random_256,2026-07-08,12007,BEAR_PUT_BNF_57000_57600_W600,BNF,BEAR_PUT,256,0.6015625,17,239,15,"[[""BNF"", 149], [""NF"", 107]]","[[""BEAR_CALL"", 136], [""BULL_PUT"", 108], [""BEAR_PUT"", 12]]",,,,2.1653874990006443
random_256,2026-07-08,12005,BEAR_PUT_BNF_56600_57400_W800,BNF,BEAR_PUT,256,0.6015625,17,239,15,"[[""BNF"", 149], [""NF"", 107]]","[[""BEAR_CALL"", 136], [""BULL_PUT"", 108], [""BEAR_PUT"", 12]]",,,,2.1653874990006443
random_256,2026-07-08,12003,BEAR_PUT_BNF_56400_57200_W800,BNF,BEAR_PUT,256,0.6015625,17,239,15,"[[""BNF"", 149], [""NF"", 107]]","[[""BEAR_CALL"", 136], [""BULL_PUT"", 108], [""BEAR_PUT"", 12]]",,,,2.1653874990006443
random_256,2026-07-08,12000,BEAR_PUT_NF_23700_24000_W300,NF,BEAR_PUT,256,0.6015625,17,239,15,"[[""BNF"", 149], [""NF"", 107]]","[[""BEAR_CALL"", 136], [""BULL_PUT"", 108], [""BEAR_PUT"", 12]]",,,,2.1653874990006443
random_256,2026-07-08,11997,BEAR_PUT_NF_23750_23850_W100,NF,BEAR_PUT,256,0.6015625,17,239,15,"[[""BNF"", 149], [""NF"", 107]]","[[""BEAR_CALL"", 136], [""BULL_PUT"", 108], [""BEAR_PUT"", 12]]",,,,2.1653874990006443
random_256,2026-07-08,11989,BEAR_PUT_NF_23600_23900_W300,NF,BEAR_PUT,256,0.6015625,17,239,15,"[[""BNF"", 149], [""NF"", 107]]","[[""BEAR_CALL"", 136], [""BULL_PUT"", 108], [""BEAR_PUT"", 12]]",,,,2.1653874990006443
random_256,2026-07-08,11983,BEAR_PUT_NF_23650_23900_W250,NF,BEAR_PUT,256,0.6015625,17,239,15,"[[""BNF"", 149], [""NF"", 107]]","[[""BEAR_CALL"", 136], [""BULL_PUT"", 108], [""BEAR_PUT"", 12]]",,,,2.1653874990006443
random_256,2026-07-08,11974,BEAR_PUT_NF_23600_23900_W300,NF,BEAR_PUT,256,0.6015625,17,239,15,"[[""BNF"", 149], [""NF"", 107]]","[[""BEAR_CALL"", 136], [""BULL_PUT"", 108], [""BEAR_PUT"", 12]]",,,,2.1653874990006443
random_256,2026-07-08,11969,BEAR_PUT_NF_23600_23850_W250,NF,BEAR_PUT,256,0.6015625,17,239,15,"[[""BNF"", 149], [""NF"", 107]]","[[""BEAR_CALL"", 136], [""BULL_PUT"", 108], [""BEAR_PUT"", 12]]",,,,2.1653874990006443
random_256,2026-07-08,11959,BEAR_PUT_NF_23600_23900_W300,NF,BEAR_PUT,256,0.6015625,17,239,15,"[[""BNF"", 149], [""NF"", 107]]","[[""BEAR_CALL"", 136], [""BULL_PUT"", 108], [""BEAR_PUT"", 12]]",,,,2.1653874990006443
random_256,2026-07-08,11950,BEAR_PUT_NF_23550_23850_W300,NF,BEAR_PUT,256,0.6015625,17,239,15,"[[""BNF"", 149], [""NF"", 107]]","[[""BEAR_CALL"", 136], [""BULL_PUT"", 108], [""BEAR_PUT"", 12]]",,,,2.1653874990006443
random_256,2026-07-08,11942,BEAR_PUT_NF_23600_23800_W200,NF,BEAR_PUT,256,0.6015625,17,239,15,"[[""BNF"", 149], [""NF"", 107]]","[[""BEAR_CALL"", 136], [""BULL_PUT"", 108], [""BEAR_PUT"", 12]]",,,,2.1653874990006443
random_256,2026-07-08,11930,BEAR_PUT_NF_23450_23850_W400,NF,BEAR_PUT,256,0.6015625,17,239,15,"[[""BNF"", 149], [""NF"", 107]]","[[""BEAR_CALL"", 136], [""BULL_PUT"", 108], [""BEAR_PUT"", 12]]",,,,2.1653874990006443
random_256,2026-07-09,12027,BULL_CALL_NF_24400_24000_W400,NF,BULL_CALL,256,0.5,14,242,17,"[[""BNF"", 147], [""NF"", 109]]","[[""BULL_PUT"", 134], [""BEAR_CALL"", 106], [""BEAR_PUT"", 16]]",,,,2.0473159889988892
random_256,2026-07-13,12031,BEAR_CALL_BNF_58500_59000_W500,BNF,BEAR_CALL,256,0.63671875,18,238,17,"[[""BNF"", 137], [""NF"", 119]]","[[""BEAR_CALL"", 129], [""BULL_PUT"", 111], [""BEAR_PUT"", 16]]",,,,2.04820302099688
random_256,2026-07-14,12056,BEAR_PUT_BNF_56500_57500_W1000,BNF,BEAR_PUT,256,0.62890625,19,237,17,"[[""BNF"", 141], [""NF"", 115]]","[[""BEAR_CALL"", 122], [""BULL_PUT"", 120], [""BEAR_PUT"", 14]]",,,,2.2907108330000483
random_256,2026-07-14,12050,BEAR_PUT_BNF_56600_57600_W1000,BNF,BEAR_PUT,256,0.62890625,19,237,17,"[[""BNF"", 141], [""NF"", 115]]","[[""BEAR_CALL"", 122], [""BULL_PUT"", 120], [""BEAR_PUT"", 14]]",,,,2.2907108330000483
random_256,2026-07-14,12045,BEAR_PUT_BNF_56700_57500_W800,BNF,BEAR_PUT,256,0.62890625,19,237,17,"[[""BNF"", 141], [""NF"", 115]]","[[""BEAR_CALL"", 122], [""BULL_PUT"", 120], [""BEAR_PUT"", 14]]",,,,2.2907108330000483
random_256,2026-07-14,12038,BEAR_PUT_BNF_56500_57500_W1000,BNF,BEAR_PUT,256,0.62890625,19,237,17,"[[""BNF"", 141], [""NF"", 115]]","[[""BEAR_CALL"", 122], [""BULL_PUT"", 120], [""BEAR_PUT"", 14]]",,,,2.2907108330000483
random_256,2026-07-14,12033,BEAR_PUT_BNF_56500_57500_W1000,BNF,BEAR_PUT,256,0.62890625,19,237,17,"[[""BNF"", 141], [""NF"", 115]]","[[""BEAR_CALL"", 122], [""BULL_PUT"", 120], [""BEAR_PUT"", 14]]",,,,2.2907108330000483
random_256,2026-07-16,12103,BEAR_PUT_NF_23900_24150_W250,NF,BEAR_PUT,256,0.59375,20,236,18,"[[""BNF"", 146], [""NF"", 110]]","[[""BEAR_CALL"", 119], [""BULL_PUT"", 117], [""BEAR_PUT"", 20]]",,,,2.2863669780017517
random_256,2026-07-16,12092,BEAR_PUT_NF_23850_24150_W300,NF,BEAR_PUT,256,0.59375,20,236,18,"[[""BNF"", 146], [""NF"", 110]]","[[""BEAR_CALL"", 119], [""BULL_PUT"", 117], [""BEAR_PUT"", 20]]",,,,2.2863669780017517
random_256,2026-07-16,12086,BEAR_PUT_NF_23950_24100_W150,NF,BEAR_PUT,256,0.59375,20,236,18,"[[""BNF"", 146], [""NF"", 110]]","[[""BEAR_CALL"", 119], [""BULL_PUT"", 117], [""BEAR_PUT"", 20]]",,,,2.2863669780017517
random_256,2026-07-16,12078,BEAR_PUT_NF_23900_24100_W200,NF,BEAR_PUT,256,0.59375,20,236,18,"[[""BNF"", 146], [""NF"", 110]]","[[""BEAR_CALL"", 119], [""BULL_PUT"", 117], [""BEAR_PUT"", 20]]",,,,2.2863669780017517
random_256,2026-07-16,12073,BEAR_PUT_NF_24050_24150_W100,NF,BEAR_PUT,256,0.59375,20,236,18,"[[""BNF"", 146], [""NF"", 110]]","[[""BEAR_CALL"", 119], [""BULL_PUT"", 117], [""BEAR_PUT"", 20]]",,,,2.2863669780017517
random_256,2026-07-16,12068,BEAR_PUT_NF_24050_24150_W100,NF,BEAR_PUT,256,0.59375,20,236,18,"[[""BNF"", 146], [""NF"", 110]]","[[""BEAR_CALL"", 119], [""BULL_PUT"", 117], [""BEAR_PUT"", 20]]",,,,2.2863669780017517
random_256,2026-07-16,12063,BEAR_PUT_NF_24000_24150_W150,NF,BEAR_PUT,256,0.59375,20,236,18,"[[""BNF"", 146], [""NF"", 110]]","[[""BEAR_CALL"", 119], [""BULL_PUT"", 117], [""BEAR_PUT"", 20]]",,,,2.2863669780017517
random_256,2026-07-17,12207,BEAR_PUT_NF_24000_24200_W200,NF,BEAR_PUT,256,0.578125,22,234,20,"[[""BNF"", 148], [""NF"", 108]]","[[""BEAR_CALL"", 122], [""BULL_PUT"", 114], [""BEAR_PUT"", 20]]",,,,2.312335520000488
random_256,2026-07-17,12198,BEAR_PUT_NF_24000_24200_W200,NF,BEAR_PUT,256,0.578125,22,234,20,"[[""BNF"", 148], [""NF"", 108]]","[[""BEAR_CALL"", 122], [""BULL_PUT"", 114], [""BEAR_PUT"", 20]]",,,,2.312335520000488
random_256,2026-07-17,12189,BEAR_PUT_NF_24000_24200_W200,NF,BEAR_PUT,256,0.578125,22,234,20,"[[""BNF"", 148], [""NF"", 108]]","[[""BEAR_CALL"", 122], [""BULL_PUT"", 114], [""BEAR_PUT"", 20]]",,,,2.312335520000488
random_256,2026-07-17,12178,BEAR_PUT_NF_23950_24250_W300,NF,BEAR_PUT,256,0.578125,22,234,20,"[[""BNF"", 148], [""NF"", 108]]","[[""BEAR_CALL"", 122], [""BULL_PUT"", 114], [""BEAR_PUT"", 20]]",,,,2.312335520000488
random_256,2026-07-17,12167,BEAR_PUT_NF_23950_24250_W300,NF,BEAR_PUT,256,0.578125,22,234,20,"[[""BNF"", 148], [""NF"", 108]]","[[""BEAR_CALL"", 122], [""BULL_PUT"", 114], [""BEAR_PUT"", 20]]",,,,2.312335520000488
random_256,2026-07-17,12154,BEAR_PUT_NF_24000_24300_W300,NF,BEAR_PUT,256,0.578125,22,234,20,"[[""BNF"", 148], [""NF"", 108]]","[[""BEAR_CALL"", 122], [""BULL_PUT"", 114], [""BEAR_PUT"", 20]]",,,,2.312335520000488
random_256,2026-07-17,12145,BEAR_PUT_NF_24050_24250_W200,NF,BEAR_PUT,256,0.578125,22,234,20,"[[""BNF"", 148], [""NF"", 108]]","[[""BEAR_CALL"", 122], [""BULL_PUT"", 114], [""BEAR_PUT"", 20]]",,,,2.312335520000488
random_256,2026-07-17,12133,BEAR_PUT_NF_24000_24300_W300,NF,BEAR_PUT,256,0.578125,22,234,20,"[[""BNF"", 148], [""NF"", 108]]","[[""BEAR_CALL"", 122], [""BULL_PUT"", 114], [""BEAR_PUT"", 20]]",,,,2.312335520000488
random_256,2026-07-17,12121,BEAR_PUT_NF_24000_24300_W300,NF,BEAR_PUT,256,0.578125,22,234,20,"[[""BNF"", 148], [""NF"", 108]]","[[""BEAR_CALL"", 122], [""BULL_PUT"", 114], [""BEAR_PUT"", 20]]",,,,2.312335520000488
random_256,2026-07-17,12112,BEAR_PUT_NF_24050_24250_W200,NF,BEAR_PUT,256,0.578125,22,234,20,"[[""BNF"", 148], [""NF"", 108]]","[[""BEAR_CALL"", 122], [""BULL_PUT"", 114], [""BEAR_PUT"", 20]]",,,,2.312335520000488
random_256,2026-07-20,12220,BEAR_PUT_NF_24050_24250_W200,NF,BEAR_PUT,256,0.56640625,21,235,20,"[[""BNF"", 139], [""NF"", 117]]","[[""BEAR_CALL"", 134], [""BULL_PUT"", 100], [""BEAR_PUT"", 21], [""BULL_CALL"", 1]]",,,,2.327709060999041
random_256,2026-07-20,12216,BEAR_PUT_BNF_57000_57800_W800,BNF,BEAR_PUT,256,0.56640625,21,235,20,"[[""BNF"", 139], [""NF"", 117]]","[[""BEAR_CALL"", 134], [""BULL_PUT"", 100], [""BEAR_PUT"", 21], [""BULL_CALL"", 1]]",,,,2.327709060999041
random_256,2026-07-21,12246,BEAR_PUT_NF_24150_24250_W100,NF,BEAR_PUT,256,0.57421875,19,237,19,"[[""NF"", 129], [""BNF"", 127]]","[[""BEAR_CALL"", 125], [""BULL_PUT"", 114], [""BEAR_PUT"", 17]]",,,,2.306415728002321
random_256,2026-07-21,12241,BEAR_PUT_BNF_57500_58100_W600,BNF,BEAR_PUT,256,0.57421875,19,237,19,"[[""NF"", 129], [""BNF"", 127]]","[[""BEAR_CALL"", 125], [""BULL_PUT"", 114], [""BEAR_PUT"", 17]]",,,,2.306415728002321
random_256,2026-07-21,12236,BEAR_PUT_NF_24100_24250_W150,NF,BEAR_PUT,256,0.57421875,19,237,19,"[[""NF"", 129], [""BNF"", 127]]","[[""BEAR_CALL"", 125], [""BULL_PUT"", 114], [""BEAR_PUT"", 17]]",,,,2.306415728002321
random_256,2026-07-21,12231,BEAR_PUT_NF_24100_24250_W150,NF,BEAR_PUT,256,0.57421875,19,237,19,"[[""NF"", 129], [""BNF"", 127]]","[[""BEAR_CALL"", 125], [""BULL_PUT"", 114], [""BEAR_PUT"", 17]]",,,,2.306415728002321
random_256,2026-07-21,12226,BEAR_PUT_NF_24150_24250_W100,NF,BEAR_PUT,256,0.57421875,19,237,19,"[[""NF"", 129], [""BNF"", 127]]","[[""BEAR_CALL"", 125], [""BULL_PUT"", 114], [""BEAR_PUT"", 17]]",,,,2.306415728002321
random_256,2026-07-22,12259,BEAR_PUT_NF_23800_24100_W300,NF,BEAR_PUT,256,0.57421875,26,230,21,"[[""BNF"", 150], [""NF"", 106]]","[[""BEAR_CALL"", 135], [""BULL_PUT"", 99], [""BEAR_PUT"", 21], [""BULL_CALL"", 1]]",,,,6.507811039002263
random_256,2026-07-22,12253,BEAR_PUT_NF_23800_24050_W250,NF,BEAR_PUT,256,0.57421875,26,230,21,"[[""BNF"", 150], [""NF"", 106]]","[[""BEAR_CALL"", 135], [""BULL_PUT"", 99], [""BEAR_PUT"", 21], [""BULL_CALL"", 1]]",,,,6.507811039002263
random_256,2026-07-22,12252,BEAR_PUT_BNF_56800_57300_W500,BNF,BEAR_PUT,256,0.57421875,26,230,21,"[[""BNF"", 150], [""NF"", 106]]","[[""BEAR_CALL"", 135], [""BULL_PUT"", 99], [""BEAR_PUT"", 21], [""BULL_CALL"", 1]]",,,,6.507811039002263
random_256,2026-07-23,12062,BEAR_PUT_NF_23750_23950_W200,NF,BEAR_PUT,256,0.57421875,23,233,20,"[[""BNF"", 146], [""NF"", 110]]","[[""BEAR_CALL"", 121], [""BULL_PUT"", 116], [""BEAR_PUT"", 18], [""BULL_CALL"", 1]]",,,,12.048687287002394
