id,session_date,poll_ts,snapshot_id,index_key,lane,trade_mode,variable_name,variable_group,value,pct_30,pct_60,support_count,support_count_30,support_count_60,history_window_end,history_source,pre_t_clean,schema_version,recording_version,source_table,source_quality
b1_851f47bd0544732fb02cddae24c84ead22b76e2d,2025-10-23,,,MARKET,MARKET,MARKET,vix,market_state,11.7325,,,0,0,0,2025-10-23T00:00:00+00:00,backfill,True,context_percentiles_v1,c3_percentile_recording_v1,premium_history,BACKFILL_PREMIUM_HISTORY
b1_cad046c4359b2b4582112e55ec52e8e57b0524d9,2025-10-24,,,MARKET,MARKET,MARKET,vix,market_state,11.59,0.0,0.0,1,1,1,2025-10-24T00:00:00+00:00,backfill,True,context_percentiles_v1,c3_percentile_recording_v1,premium_history,BACKFILL_PREMIUM_HISTORY
b1_23f7b280c2879fbae1a9a5b48ac81ba503ba257f,2025-10-27,,,MARKET,MARKET,MARKET,vix,market_state,11.8575,100.0,100.0,2,2,2,2025-10-27T00:00:00+00:00,backfill,True,context_percentiles_v1,c3_percentile_recording_v1,premium_history,BACKFILL_PREMIUM_HISTORY
b1_bb95dc743277dbd749e202aa951a675da72e3455,2025-10-28,,,MARKET,MARKET,MARKET,vix,market_state,11.9525,100.0,100.0,3,3,3,2025-10-28T00:00:00+00:00,backfill,True,context_percentiles_v1,c3_percentile_recording_v1,premium_history,BACKFILL_PREMIUM_HISTORY
b1_c42111b03db4dc7c8094051eb3b0d10d087a68ca,2025-10-29,,,MARKET,MARKET,MARKET,vix,market_state,11.9725,100.0,100.0,4,4,4,2025-10-29T00:00:00+00:00,backfill,True,context_percentiles_v1,c3_percentile_recording_v1,premium_history,BACKFILL_PREMIUM_HISTORY
b1_8a445a0f40d46e0b9b4dc5579a21b9d0ed24c154,2025-10-30,,,MARKET,MARKET,MARKET,vix,market_state,12.0675,100.0,100.0,5,5,5,2025-10-30T00:00:00+00:00,backfill,True,context_percentiles_v1,c3_percentile_recording_v1,premium_history,BACKFILL_PREMIUM_HISTORY
b1_42346868e09949b99a35bf8e0a3611c2ba4d1ab6,2025-10-31,,,MARKET,MARKET,MARKET,vix,market_state,12.1525,100.0,100.0,6,6,6,2025-10-31T00:00:00+00:00,backfill,True,context_percentiles_v1,c3_percentile_recording_v1,premium_history,BACKFILL_PREMIUM_HISTORY
b1_4102ba4591d89996e62b2c5d61e8b0a3f673ec81,2025-11-03,,,MARKET,MARKET,MARKET,vix,market_state,12.665,100.0,100.0,7,7,7,2025-11-03T00:00:00+00:00,backfill,True,context_percentiles_v1,c3_percentile_recording_v1,premium_history,BACKFILL_PREMIUM_HISTORY
b1_e1078febfa14c61b205aeaa264e0d60296e8ff9e,2025-11-04,,,MARKET,MARKET,MARKET,vix,market_state,12.6525,87.5,87.5,8,8,8,2025-11-04T00:00:00+00:00,backfill,True,context_percentiles_v1,c3_percentile_recording_v1,premium_history,BACKFILL_PREMIUM_HISTORY
b1_cf30453f74eebfd0b1e46cadcee1645d03cadc70,2025-11-06,,,MARKET,MARKET,MARKET,vix,market_state,12.41,77.78,77.78,9,9,9,2025-11-06T00:00:00+00:00,backfill,True,context_percentiles_v1,c3_percentile_recording_v1,premium_history,BACKFILL_PREMIUM_HISTORY
b1_af23ff68465d064d9c9867031228985187eb3f4d,2025-11-07,,,MARKET,MARKET,MARKET,vix,market_state,12.5575,80.0,80.0,10,10,10,2025-11-07T00:00:00+00:00,backfill,True,context_percentiles_v1,c3_percentile_recording_v1,premium_history,BACKFILL_PREMIUM_HISTORY
b1_ef0eda884d2488947f2e4da6a978eb7d658e9c78,2025-11-10,,,MARKET,MARKET,MARKET,vix,market_state,12.3,63.64,63.64,11,11,11,2025-11-10T00:00:00+00:00,backfill,True,context_percentiles_v1,c3_percentile_recording_v1,premium_history,BACKFILL_PREMIUM_HISTORY
b1_c7769b46e663ec143bc5cc0b5949824d294981d6,2025-11-11,,,MARKET,MARKET,MARKET,vix,market_state,12.49,75.0,75.0,12,12,12,2025-11-11T00:00:00+00:00,backfill,True,context_percentiles_v1,c3_percentile_recording_v1,premium_history,BACKFILL_PREMIUM_HISTORY
b1_4123c5e229e463a4e3ea0cf21e67f5e332d62378,2025-11-12,,,MARKET,MARKET,MARKET,vix,market_state,12.11,46.15,46.15,13,13,13,2025-11-12T00:00:00+00:00,backfill,True,context_percentiles_v1,c3_percentile_recording_v1,premium_history,BACKFILL_PREMIUM_HISTORY
b1_c436ac9db7a99211f1e0da9d0737cbe4da36a7cf,2025-11-13,,,MARKET,MARKET,MARKET,vix,market_state,12.1625,57.14,57.14,14,14,14,2025-11-13T00:00:00+00:00,backfill,True,context_percentiles_v1,c3_percentile_recording_v1,premium_history,BACKFILL_PREMIUM_HISTORY
b1_d9f3656f0db6faa942508a34e9fed1f5aeb14881,2025-11-14,,,MARKET,MARKET,MARKET,vix,market_state,11.9375,20.0,20.0,15,15,15,2025-11-14T00:00:00+00:00,backfill,True,context_percentiles_v1,c3_percentile_recording_v1,premium_history,BACKFILL_PREMIUM_HISTORY
b1_e1adb0a540046d2a1b645fab0b59c805662a4c23,2025-11-17,,,MARKET,MARKET,MARKET,vix,market_state,11.7875,12.5,12.5,16,16,16,2025-11-17T00:00:00+00:00,backfill,True,context_percentiles_v1,c3_percentile_recording_v1,premium_history,BACKFILL_PREMIUM_HISTORY
b1_957d5df2aed01118ac898891516b8481b18dfb0a,2025-11-18,,,MARKET,MARKET,MARKET,vix,market_state,12.095,47.06,47.06,17,17,17,2025-11-18T00:00:00+00:00,backfill,True,context_percentiles_v1,c3_percentile_recording_v1,premium_history,BACKFILL_PREMIUM_HISTORY
b1_d81f6a1fdd79a2b77ef669ebc9cf908a2ca1ec0d,2025-11-19,,,MARKET,MARKET,MARKET,vix,market_state,11.9725,36.11,36.11,18,18,18,2025-11-19T00:00:00+00:00,backfill,True,context_percentiles_v1,c3_percentile_recording_v1,premium_history,BACKFILL_PREMIUM_HISTORY
b1_1338a207c13708d43bb0e3f63b0aa94cead1378e,2025-11-20,,,MARKET,MARKET,MARKET,vix,market_state,12.135,57.89,57.89,19,19,19,2025-11-20T00:00:00+00:00,backfill,True,context_percentiles_v1,c3_percentile_recording_v1,premium_history,BACKFILL_PREMIUM_HISTORY
b1_e00ef2621bc1d85d4d00cf479afa5f38e1599bb9,2025-11-21,,,MARKET,MARKET,MARKET,vix,market_state,13.63,100.0,100.0,20,20,20,2025-11-21T00:00:00+00:00,backfill,True,context_percentiles_v1,c3_percentile_recording_v1,premium_history,BACKFILL_PREMIUM_HISTORY
b1_9dd1c3e0832df7476cee3aff804c50c3c57da05e,2025-11-24,,,MARKET,MARKET,MARKET,vix,market_state,13.235,95.24,95.24,21,21,21,2025-11-24T00:00:00+00:00,backfill,True,context_percentiles_v1,c3_percentile_recording_v1,premium_history,BACKFILL_PREMIUM_HISTORY
b1_3d4bea999c5aafb95bbb135027bc81784f236750,2025-11-25,,,MARKET,MARKET,MARKET,vix,market_state,12.2425,63.64,63.64,22,22,22,2025-11-25T00:00:00+00:00,backfill,True,context_percentiles_v1,c3_percentile_recording_v1,premium_history,BACKFILL_PREMIUM_HISTORY
b1_f5f30737fa04eedefd71c19c888563bb8b4a0c8f,2025-11-26,,,MARKET,MARKET,MARKET,vix,market_state,11.9675,26.09,26.09,23,23,23,2025-11-26T00:00:00+00:00,backfill,True,context_percentiles_v1,c3_percentile_recording_v1,premium_history,BACKFILL_PREMIUM_HISTORY
b1_8bc62d3c72bb4d7fbb7f0c4d653eeb69e1436b63,2025-11-27,,,MARKET,MARKET,MARKET,vix,market_state,11.785,8.33,8.33,24,24,24,2025-11-27T00:00:00+00:00,backfill,True,context_percentiles_v1,c3_percentile_recording_v1,premium_history,BACKFILL_PREMIUM_HISTORY
b1_d35b49405cec6151071223de16edaf7ca5fa4557,2025-11-28,,,MARKET,MARKET,MARKET,vix,market_state,11.6175,4.0,4.0,25,25,25,2025-11-28T00:00:00+00:00,backfill,True,context_percentiles_v1,c3_percentile_recording_v1,premium_history,BACKFILL_PREMIUM_HISTORY
b1_a0fd87eb06710f2f72ef11efe9b8b281864ac58c,2025-12-01,,,MARKET,MARKET,MARKET,vix,market_state,11.625,7.69,7.69,26,26,26,2025-12-01T00:00:00+00:00,backfill,True,context_percentiles_v1,c3_percentile_recording_v1,premium_history,BACKFILL_PREMIUM_HISTORY
b1_51a430dce04785f94a8234580d9786a9b92e3583,2025-12-02,,,MARKET,MARKET,MARKET,vix,market_state,11.2275,0.0,0.0,27,27,27,2025-12-02T00:00:00+00:00,backfill,True,context_percentiles_v1,c3_percentile_recording_v1,premium_history,BACKFILL_PREMIUM_HISTORY
b1_18b074f1fae177fa1b2639fde8d070f61e39864e,2025-12-03,,,MARKET,MARKET,MARKET,vix,market_state,11.2125,0.0,0.0,28,28,28,2025-12-03T00:00:00+00:00,backfill,True,context_percentiles_v1,c3_percentile_recording_v1,premium_history,BACKFILL_PREMIUM_HISTORY
b1_3000ce2b37a96e75a9d2fa99c140e198740e5182,2025-12-04,,,MARKET,MARKET,MARKET,vix,market_state,10.8175,0.0,0.0,29,29,29,2025-12-04T00:00:00+00:00,backfill,True,context_percentiles_v1,c3_percentile_recording_v1,premium_history,BACKFILL_PREMIUM_HISTORY
b1_b278f64d59608fb0237b29917bffb812bbb406f9,2025-12-05,,,MARKET,MARKET,MARKET,vix,market_state,10.315,0.0,0.0,30,30,30,2025-12-05T00:00:00+00:00,backfill,True,context_percentiles_v1,c3_percentile_recording_v1,premium_history,BACKFILL_PREMIUM_HISTORY
b1_6d96adc488feb13e401936c332187b8a69b499b6,2025-12-08,,,MARKET,MARKET,MARKET,vix,market_state,11.125,6.67,6.45,31,30,31,2025-12-08T00:00:00+00:00,backfill,True,context_percentiles_v1,c3_percentile_recording_v1,premium_history,BACKFILL_PREMIUM_HISTORY
b1_64d43552ab1d57f381f9f8297e54075d80b8587c,2025-12-09,,,MARKET,MARKET,MARKET,vix,market_state,10.9525,6.67,6.25,32,30,32,2025-12-09T00:00:00+00:00,backfill,True,context_percentiles_v1,c3_percentile_recording_v1,premium_history,BACKFILL_PREMIUM_HISTORY
b1_a1f75e1b0f802cafe32e1a7fb2b97ccd1b1c6a66,2025-12-10,,,MARKET,MARKET,MARKET,vix,market_state,10.9125,6.67,6.06,33,30,33,2025-12-10T00:00:00+00:00,backfill,True,context_percentiles_v1,c3_percentile_recording_v1,premium_history,BACKFILL_PREMIUM_HISTORY
b1_8bc5a748f0fb9952d4880481eb701e043455eeb4,2025-12-11,,,MARKET,MARKET,MARKET,vix,market_state,10.4,3.33,2.94,34,30,34,2025-12-11T00:00:00+00:00,backfill,True,context_percentiles_v1,c3_percentile_recording_v1,premium_history,BACKFILL_PREMIUM_HISTORY
b1_c416481c59f836467558ae248bdab258fe1489b7,2025-12-12,,,MARKET,MARKET,MARKET,vix,market_state,10.1075,0.0,0.0,35,30,35,2025-12-12T00:00:00+00:00,backfill,True,context_percentiles_v1,c3_percentile_recording_v1,premium_history,BACKFILL_PREMIUM_HISTORY
b1_15f6f63e519350d1fbe17d73f9633ad43bf54d3f,2025-12-15,,,MARKET,MARKET,MARKET,vix,market_state,10.25,3.33,2.78,36,30,36,2025-12-15T00:00:00+00:00,backfill,True,context_percentiles_v1,c3_percentile_recording_v1,premium_history,BACKFILL_PREMIUM_HISTORY
b1_71fa3bd2640dacc20e6172ee22d54ae964b7c4e7,2025-12-16,,,MARKET,MARKET,MARKET,vix,market_state,10.0625,0.0,0.0,37,30,37,2025-12-16T00:00:00+00:00,backfill,True,context_percentiles_v1,c3_percentile_recording_v1,premium_history,BACKFILL_PREMIUM_HISTORY
b1_c5ed68f146bbe1d59c7ea3a5ca80972829324f37,2025-12-17,,,MARKET,MARKET,MARKET,vix,market_state,9.8375,0.0,0.0,38,30,38,2025-12-17T00:00:00+00:00,backfill,True,context_percentiles_v1,c3_percentile_recording_v1,premium_history,BACKFILL_PREMIUM_HISTORY
b1_f5b6960bc1edf00b9a77e1cea43e6c2878b12690,2025-12-18,,,MARKET,MARKET,MARKET,vix,market_state,9.7075,0.0,0.0,39,30,39,2025-12-18T00:00:00+00:00,backfill,True,context_percentiles_v1,c3_percentile_recording_v1,premium_history,BACKFILL_PREMIUM_HISTORY
b1_2cd59c0f41242807ba1e7bbcdb7046d4e3319f3f,2025-12-19,,,MARKET,MARKET,MARKET,vix,market_state,9.5225,0.0,0.0,40,30,40,2025-12-19T00:00:00+00:00,backfill,True,context_percentiles_v1,c3_percentile_recording_v1,premium_history,BACKFILL_PREMIUM_HISTORY
b1_01cb0e58b9f78d17c9a214af43571954632ec487,2025-12-22,,,MARKET,MARKET,MARKET,vix,market_state,9.675,3.33,2.44,41,30,41,2025-12-22T00:00:00+00:00,backfill,True,context_percentiles_v1,c3_percentile_recording_v1,premium_history,BACKFILL_PREMIUM_HISTORY
b1_4058c2140a04e94c6b54f5addf94d2f7873400ff,2025-12-23,,,MARKET,MARKET,MARKET,vix,market_state,9.3775,0.0,0.0,42,30,42,2025-12-23T00:00:00+00:00,backfill,True,context_percentiles_v1,c3_percentile_recording_v1,premium_history,BACKFILL_PREMIUM_HISTORY
b1_a9cbdffb4f1a891a2dccf249e7dd15d175c86a38,2025-12-24,,,MARKET,MARKET,MARKET,vix,market_state,9.19,0.0,0.0,43,30,43,2025-12-24T00:00:00+00:00,backfill,True,context_percentiles_v1,c3_percentile_recording_v1,premium_history,BACKFILL_PREMIUM_HISTORY
b1_ea4f837fadbe72d8589d17c2ecb8232cdef502af,2025-12-26,,,MARKET,MARKET,MARKET,vix,market_state,9.15,0.0,0.0,44,30,44,2025-12-26T00:00:00+00:00,backfill,True,context_percentiles_v1,c3_percentile_recording_v1,premium_history,BACKFILL_PREMIUM_HISTORY
b1_f9d39e4c2629c672702f5f6e1f90083b271e31ef,2025-12-29,,,MARKET,MARKET,MARKET,vix,market_state,9.72,20.0,13.33,45,30,45,2025-12-29T00:00:00+00:00,backfill,True,context_percentiles_v1,c3_percentile_recording_v1,premium_history,BACKFILL_PREMIUM_HISTORY
b1_1a2643a96b3ebf1fc47ce5a9c8b5fc2d6738896a,2025-12-30,,,MARKET,MARKET,MARKET,vix,market_state,9.6775,16.67,10.87,46,30,46,2025-12-30T00:00:00+00:00,backfill,True,context_percentiles_v1,c3_percentile_recording_v1,premium_history,BACKFILL_PREMIUM_HISTORY
b1_077f627a52127b28dc43fa2bed6b9f5beaf9fed3,2025-12-31,,,MARKET,MARKET,MARKET,vix,market_state,9.475,10.0,6.38,47,30,47,2025-12-31T00:00:00+00:00,backfill,True,context_percentiles_v1,c3_percentile_recording_v1,premium_history,BACKFILL_PREMIUM_HISTORY
b1_d3f99e583c8c672582020b5804d5b1eb445aeecd,2026-01-01,,,MARKET,MARKET,MARKET,vix,market_state,9.185,3.33,2.08,48,30,48,2026-01-01T00:00:00+00:00,backfill,True,context_percentiles_v1,c3_percentile_recording_v1,premium_history,BACKFILL_PREMIUM_HISTORY
b1_5d272dfb47a2c4d6980854ba212695529b3b5911,2026-01-02,,,MARKET,MARKET,MARKET,vix,market_state,9.45,13.33,8.16,49,30,49,2026-01-02T00:00:00+00:00,backfill,True,context_percentiles_v1,c3_percentile_recording_v1,premium_history,BACKFILL_PREMIUM_HISTORY
b1_a9982548750c9168d1a6a66b22155cb32c3b8325,2026-01-05,,,MARKET,MARKET,MARKET,vix,market_state,10.0225,40.0,24.0,50,30,50,2026-01-05T00:00:00+00:00,backfill,True,context_percentiles_v1,c3_percentile_recording_v1,premium_history,BACKFILL_PREMIUM_HISTORY
b1_73886b3c2c63302c020ab4b734383665e7cef72a,2026-01-06,,,MARKET,MARKET,MARKET,vix,market_state,10.0175,40.0,23.53,51,30,51,2026-01-06T00:00:00+00:00,backfill,True,context_percentiles_v1,c3_percentile_recording_v1,premium_history,BACKFILL_PREMIUM_HISTORY
b1_f7cb1c46acb0610c6fdc029b5b654627666bc236,2026-01-07,,,MARKET,MARKET,MARKET,vix,market_state,9.95,40.0,23.08,52,30,52,2026-01-07T00:00:00+00:00,backfill,True,context_percentiles_v1,c3_percentile_recording_v1,premium_history,BACKFILL_PREMIUM_HISTORY
b1_2fce478400e7aa1bba4d727f0a572d92576a3182,2026-01-08,,,MARKET,MARKET,MARKET,vix,market_state,10.6,66.67,37.74,53,30,53,2026-01-08T00:00:00+00:00,backfill,True,context_percentiles_v1,c3_percentile_recording_v1,premium_history,BACKFILL_PREMIUM_HISTORY
b1_f56469ff1922544e03a03b66589116c685151526,2026-01-09,,,MARKET,MARKET,MARKET,vix,market_state,10.925,76.67,42.59,54,30,54,2026-01-09T00:00:00+00:00,backfill,True,context_percentiles_v1,c3_percentile_recording_v1,premium_history,BACKFILL_PREMIUM_HISTORY
b1_9dba5e11085a7b029a63ea419eff1c7f22406c7d,2026-01-12,,,MARKET,MARKET,MARKET,vix,market_state,11.3675,93.33,50.91,55,30,55,2026-01-12T00:00:00+00:00,backfill,True,context_percentiles_v1,c3_percentile_recording_v1,premium_history,BACKFILL_PREMIUM_HISTORY
b1_27c729f50dd593a4a90100d4537ac662b07b32f9,2026-01-13,,,MARKET,MARKET,MARKET,vix,market_state,11.1975,86.67,46.43,56,30,56,2026-01-13T00:00:00+00:00,backfill,True,context_percentiles_v1,c3_percentile_recording_v1,premium_history,BACKFILL_PREMIUM_HISTORY
b1_6031bdb92ba85489c3e433a8463b80a0e83fdef9,2026-01-14,,,MARKET,MARKET,MARKET,vix,market_state,11.32,96.67,50.88,57,30,57,2026-01-14T00:00:00+00:00,backfill,True,context_percentiles_v1,c3_percentile_recording_v1,premium_history,BACKFILL_PREMIUM_HISTORY
b1_b62c4d650d24b69053eb18b7b32133d8003f1d5f,2026-01-16,,,MARKET,MARKET,MARKET,vix,market_state,11.3725,100.0,53.45,58,30,58,2026-01-16T00:00:00+00:00,backfill,True,context_percentiles_v1,c3_percentile_recording_v1,premium_history,BACKFILL_PREMIUM_HISTORY
b1_251a5f42d83d27dd95397979ba3146f710f0b5be,2026-01-19,,,MARKET,MARKET,MARKET,vix,market_state,11.8275,100.0,64.41,59,30,59,2026-01-19T00:00:00+00:00,backfill,True,context_percentiles_v1,c3_percentile_recording_v1,premium_history,BACKFILL_PREMIUM_HISTORY
b1_2f29254e80f6a9964861f871a0ca2da3e3171558,2026-01-20,,,MARKET,MARKET,MARKET,vix,market_state,12.73,100.0,96.67,60,30,60,2026-01-20T00:00:00+00:00,backfill,True,context_percentiles_v1,c3_percentile_recording_v1,premium_history,BACKFILL_PREMIUM_HISTORY
b1_aacbdc38cbc6ca7f64f0100f0a8b2970d6ab1592,2026-01-21,,,MARKET,MARKET,MARKET,vix,market_state,13.78,100.0,100.0,60,30,60,2026-01-21T00:00:00+00:00,backfill,True,context_percentiles_v1,c3_percentile_recording_v1,premium_history,BACKFILL_PREMIUM_HISTORY
b1_4787072641eccf7b8b21e5775f0f1a020a064444,2026-01-22,,,MARKET,MARKET,MARKET,vix,market_state,13.35,96.67,96.67,60,30,60,2026-01-22T00:00:00+00:00,backfill,True,context_percentiles_v1,c3_percentile_recording_v1,premium_history,BACKFILL_PREMIUM_HISTORY
b1_2a2b65fc9ef35da66cb369d080dcbf9e63562929,2026-01-23,,,MARKET,MARKET,MARKET,vix,market_state,14.1925,100.0,100.0,60,30,60,2026-01-23T00:00:00+00:00,backfill,True,context_percentiles_v1,c3_percentile_recording_v1,premium_history,BACKFILL_PREMIUM_HISTORY
b1_d5790a3c126055996065179f736d6c2577f081c2,2026-01-27,,,MARKET,MARKET,MARKET,vix,market_state,14.4525,100.0,100.0,60,30,60,2026-01-27T00:00:00+00:00,backfill,True,context_percentiles_v1,c3_percentile_recording_v1,premium_history,BACKFILL_PREMIUM_HISTORY
b1_3460d15b3da9d287577d361f8ddc1c0914b985b3,2026-01-28,,,MARKET,MARKET,MARKET,vix,market_state,13.525,90.0,93.33,60,30,60,2026-01-28T00:00:00+00:00,backfill,True,context_percentiles_v1,c3_percentile_recording_v1,premium_history,BACKFILL_PREMIUM_HISTORY
b1_2a9afc4667b75996ef961a9b7c58514766a00582,2026-01-29,,,MARKET,MARKET,MARKET,vix,market_state,13.37,86.67,91.67,60,30,60,2026-01-29T00:00:00+00:00,backfill,True,context_percentiles_v1,c3_percentile_recording_v1,premium_history,BACKFILL_PREMIUM_HISTORY
b1_db7beb8ff62398b4bd6e081c2c366089644b8492,2026-01-30,,,MARKET,MARKET,MARKET,vix,market_state,13.6325,90.0,95.0,60,30,60,2026-01-30T00:00:00+00:00,backfill,True,context_percentiles_v1,c3_percentile_recording_v1,premium_history,BACKFILL_PREMIUM_HISTORY
b1_e45e1bbf7df76a6e75dc6bbfbbf2c5b88620bdd9,2026-02-01,,,MARKET,MARKET,MARKET,vix,market_state,15.095,100.0,100.0,60,30,60,2026-02-01T00:00:00+00:00,backfill,True,context_percentiles_v1,c3_percentile_recording_v1,premium_history,BACKFILL_PREMIUM_HISTORY
b1_47f12bec5d441630d8e046dff16991f37edb257c,2026-02-02,,,MARKET,MARKET,MARKET,vix,market_state,13.865,90.0,95.0,60,30,60,2026-02-02T00:00:00+00:00,backfill,True,context_percentiles_v1,c3_percentile_recording_v1,premium_history,BACKFILL_PREMIUM_HISTORY
b1_b174eb7359e526d7c99042e32923b27efd363218,2026-02-03,,,MARKET,MARKET,MARKET,vix,market_state,12.895,70.0,81.67,60,30,60,2026-02-03T00:00:00+00:00,backfill,True,context_percentiles_v1,c3_percentile_recording_v1,premium_history,BACKFILL_PREMIUM_HISTORY
b1_aa23532865d0dd8a4f1e48008be46025e37907f0,2026-02-04,,,MARKET,MARKET,MARKET,vix,market_state,12.2525,63.33,75.0,60,30,60,2026-02-04T00:00:00+00:00,backfill,True,context_percentiles_v1,c3_percentile_recording_v1,premium_history,BACKFILL_PREMIUM_HISTORY
b1_ce9536fef60949230198198e85c4b4bc2edc649c,2026-02-05,,,MARKET,MARKET,MARKET,vix,market_state,12.1675,60.0,73.33,60,30,60,2026-02-05T00:00:00+00:00,backfill,True,context_percentiles_v1,c3_percentile_recording_v1,premium_history,BACKFILL_PREMIUM_HISTORY
b1_0f6aee6283f9379034bc0440074246e8579c1386,2026-02-06,,,MARKET,MARKET,MARKET,vix,market_state,11.94,56.67,63.33,60,30,60,2026-02-06T00:00:00+00:00,backfill,True,context_percentiles_v1,c3_percentile_recording_v1,premium_history,BACKFILL_PREMIUM_HISTORY
b1_2ceb2cad36d7e7c408a2ffccc2fbc6504f71e499,2026-02-09,,,MARKET,MARKET,MARKET,vix,market_state,12.19,60.0,75.0,60,30,60,2026-02-09T00:00:00+00:00,backfill,True,context_percentiles_v1,c3_percentile_recording_v1,premium_history,BACKFILL_PREMIUM_HISTORY
b1_fd9aa2157fb5f83788270212911acde02f4e786b,2026-02-10,,,MARKET,MARKET,MARKET,vix,market_state,11.665,46.67,56.67,60,30,60,2026-02-10T00:00:00+00:00,backfill,True,context_percentiles_v1,c3_percentile_recording_v1,premium_history,BACKFILL_PREMIUM_HISTORY
b1_1f6cb81e4963a14174dc2c5449694e25a0381661,2026-02-11,,,MARKET,MARKET,MARKET,vix,market_state,11.5475,43.33,53.33,60,30,60,2026-02-11T00:00:00+00:00,backfill,True,context_percentiles_v1,c3_percentile_recording_v1,premium_history,BACKFILL_PREMIUM_HISTORY
b1_17f809b7dbbf8031917e49e45f237db1d12316de,2026-02-12,,,MARKET,MARKET,MARKET,vix,market_state,11.725,46.67,60.0,60,30,60,2026-02-12T00:00:00+00:00,backfill,True,context_percentiles_v1,c3_percentile_recording_v1,premium_history,BACKFILL_PREMIUM_HISTORY
b1_d3f031d42eba0571a227813856789dc19162d869,2026-02-13,,,MARKET,MARKET,MARKET,vix,market_state,13.2925,70.0,83.33,60,30,60,2026-02-13T00:00:00+00:00,backfill,True,context_percentiles_v1,c3_percentile_recording_v1,premium_history,BACKFILL_PREMIUM_HISTORY
b1_f307134f38b2bf03faee2530022f65fd9e3f9d82,2026-02-16,,,MARKET,MARKET,MARKET,vix,market_state,13.33,70.0,83.33,60,30,60,2026-02-16T00:00:00+00:00,backfill,True,context_percentiles_v1,c3_percentile_recording_v1,premium_history,BACKFILL_PREMIUM_HISTORY
b1_058b84cbb7f654ee059d3672181bb64ba280125d,2026-02-17,,,MARKET,MARKET,MARKET,vix,market_state,12.6725,56.67,75.0,60,30,60,2026-02-17T00:00:00+00:00,backfill,True,context_percentiles_v1,c3_percentile_recording_v1,premium_history,BACKFILL_PREMIUM_HISTORY
b1_97bfb5c9cca1cd866d21970813713dc0005a1f46,2026-02-18,,,MARKET,MARKET,MARKET,vix,market_state,12.2225,50.0,71.67,60,30,60,2026-02-18T00:00:00+00:00,backfill,True,context_percentiles_v1,c3_percentile_recording_v1,premium_history,BACKFILL_PREMIUM_HISTORY
b1_32994bddb9e746414f4a5beaa832f22699ec270e,2026-02-19,,,MARKET,MARKET,MARKET,vix,market_state,13.46,76.67,88.33,60,30,60,2026-02-19T00:00:00+00:00,backfill,True,context_percentiles_v1,c3_percentile_recording_v1,premium_history,BACKFILL_PREMIUM_HISTORY
b1_55f2906b45613f51de00c7eb8bfcb2f4aa7d5c86,2026-02-20,,,MARKET,MARKET,MARKET,vix,market_state,14.3625,93.33,96.67,60,30,60,2026-02-20T00:00:00+00:00,backfill,True,context_percentiles_v1,c3_percentile_recording_v1,premium_history,BACKFILL_PREMIUM_HISTORY
b1_0b9b2edf1e0c59353e3c94ffdc22374fc8931e49,2026-02-23,,,MARKET,MARKET,MARKET,vix,market_state,14.1675,86.67,93.33,60,30,60,2026-02-23T00:00:00+00:00,backfill,True,context_percentiles_v1,c3_percentile_recording_v1,premium_history,BACKFILL_PREMIUM_HISTORY
b1_3f3ee55491c5e11aa17cd3ea149733a146ec8d71,2026-02-24,,,MARKET,MARKET,MARKET,vix,market_state,14.15,83.33,91.67,60,30,60,2026-02-24T00:00:00+00:00,backfill,True,context_percentiles_v1,c3_percentile_recording_v1,premium_history,BACKFILL_PREMIUM_HISTORY
b1_100014129fd84ea60c9535fdaee4baabc259fdce,2026-02-25,,,MARKET,MARKET,MARKET,vix,market_state,13.4875,66.67,83.33,60,30,60,2026-02-25T00:00:00+00:00,backfill,True,context_percentiles_v1,c3_percentile_recording_v1,premium_history,BACKFILL_PREMIUM_HISTORY
b1_e7b438d41dce0a36ca7a1dd07a5e840030178a66,2026-02-26,,,MARKET,MARKET,MARKET,vix,market_state,13.0625,46.67,73.33,60,30,60,2026-02-26T00:00:00+00:00,backfill,True,context_percentiles_v1,c3_percentile_recording_v1,premium_history,BACKFILL_PREMIUM_HISTORY
b1_1283f4e149b241c05a0889143e0b0a874bed1daa,2026-02-27,,,MARKET,MARKET,MARKET,vix,market_state,13.7025,73.33,86.67,60,30,60,2026-02-27T00:00:00+00:00,backfill,True,context_percentiles_v1,c3_percentile_recording_v1,premium_history,BACKFILL_PREMIUM_HISTORY
b1_cd1510b3e992dcac2688daac3eaedd4f8664b16f,2026-03-02,,,MARKET,MARKET,MARKET,vix,market_state,17.13,100.0,100.0,60,30,60,2026-03-02T00:00:00+00:00,backfill,True,context_percentiles_v1,c3_percentile_recording_v1,premium_history,BACKFILL_PREMIUM_HISTORY
b1_96facbee09146a633f6068309dfecffbdec83308,2026-03-04,,,MARKET,MARKET,MARKET,vix,market_state,21.14,100.0,100.0,60,30,60,2026-03-04T00:00:00+00:00,backfill,True,context_percentiles_v1,c3_percentile_recording_v1,premium_history,BACKFILL_PREMIUM_HISTORY
b1_5ad4f9ea920ba83bd83007d4a1ddee47a440114d,2026-03-05,,,MARKET,MARKET,MARKET,vix,market_state,17.8575,96.67,98.33,60,30,60,2026-03-05T00:00:00+00:00,backfill,True,context_percentiles_v1,c3_percentile_recording_v1,premium_history,BACKFILL_PREMIUM_HISTORY
b1_162751298dec1463720966ea46f83b0a0c7af037,2026-03-06,,,MARKET,MARKET,MARKET,vix,market_state,19.88,96.67,98.33,60,30,60,2026-03-06T00:00:00+00:00,backfill,True,context_percentiles_v1,c3_percentile_recording_v1,premium_history,BACKFILL_PREMIUM_HISTORY
b1_3bed3b975e4492061e75db5198714a57d4da2372,2026-03-09,,,MARKET,MARKET,MARKET,vix,market_state,23.3625,100.0,100.0,60,30,60,2026-03-09T00:00:00+00:00,backfill,True,context_percentiles_v1,c3_percentile_recording_v1,premium_history,BACKFILL_PREMIUM_HISTORY
b1_e3aabedfaf59a069ad3d5784be9c481bbe891689,2026-03-10,,,MARKET,MARKET,MARKET,vix,market_state,18.905,90.0,95.0,60,30,60,2026-03-10T00:00:00+00:00,backfill,True,context_percentiles_v1,c3_percentile_recording_v1,premium_history,BACKFILL_PREMIUM_HISTORY
b1_e72b152b2c07cf2b1c601e4344f437b3511fc9c9,2026-03-11,,,MARKET,MARKET,MARKET,vix,market_state,21.0625,93.33,96.67,60,30,60,2026-03-11T00:00:00+00:00,backfill,True,context_percentiles_v1,c3_percentile_recording_v1,premium_history,BACKFILL_PREMIUM_HISTORY
b1_c68565758e00d8a2e66ccccc7467444640c00be9,2026-03-12,,,MARKET,MARKET,MARKET,vix,market_state,21.5175,96.67,98.33,60,30,60,2026-03-12T00:00:00+00:00,backfill,True,context_percentiles_v1,c3_percentile_recording_v1,premium_history,BACKFILL_PREMIUM_HISTORY
b1_62b5ff59d4833763ef69348634598ed4d7166a09,2026-03-13,,,MARKET,MARKET,MARKET,vix,market_state,22.645,96.67,98.33,60,30,60,2026-03-13T00:00:00+00:00,backfill,True,context_percentiles_v1,c3_percentile_recording_v1,premium_history,BACKFILL_PREMIUM_HISTORY
b1_b183805f1861cb30d0177c8c4fe09b058ff9f15f,2026-03-16,,,MARKET,MARKET,MARKET,vix,market_state,21.6025,93.33,96.67,60,30,60,2026-03-16T00:00:00+00:00,backfill,True,context_percentiles_v1,c3_percentile_recording_v1,premium_history,BACKFILL_PREMIUM_HISTORY
b1_553d136c87008f2bdff18d967d5d8574d3dbee2c,2026-03-17,,,MARKET,MARKET,MARKET,vix,market_state,19.79,76.67,88.33,60,30,60,2026-03-17T00:00:00+00:00,backfill,True,context_percentiles_v1,c3_percentile_recording_v1,premium_history,BACKFILL_PREMIUM_HISTORY
b1_2d243b29ea012a45770b993d24b55023333988b4,2026-03-18,,,MARKET,MARKET,MARKET,vix,market_state,18.66,70.0,85.0,60,30,60,2026-03-18T00:00:00+00:00,backfill,True,context_percentiles_v1,c3_percentile_recording_v1,premium_history,BACKFILL_PREMIUM_HISTORY
b1_1ae1fe509f27fa5948618b02f0ebe57f01cb4224,2026-03-19,,,MARKET,MARKET,MARKET,vix,market_state,22.835,96.67,98.33,60,30,60,2026-03-19T00:00:00+00:00,backfill,True,context_percentiles_v1,c3_percentile_recording_v1,premium_history,BACKFILL_PREMIUM_HISTORY
b1_36f9bdeee5468f4a7fbc8b0bb05a7d8e259185d6,2026-03-19,,,MARKET,MARKET,MARKET,fii_short_pct,market_state,88.0,,,0,0,0,2026-03-19T00:00:00+00:00,backfill,True,context_percentiles_v1,c3_percentile_recording_v1,premium_history,BACKFILL_PREMIUM_HISTORY
b1_badce4e6f86c4dffaa6a780e45ef934408efed58,2026-03-19,,,MARKET,MARKET,MARKET,fii_cash,market_state,-7558.0,,,0,0,0,2026-03-19T00:00:00+00:00,backfill,True,context_percentiles_v1,c3_percentile_recording_v1,premium_history,BACKFILL_PREMIUM_HISTORY
b1_841a5af8c8afad13436065076e0536f8ec2b06cc,2026-03-19,,,MARKET,MARKET,MARKET,bias_net,market_state,-2.0,,,0,0,0,2026-03-19T00:00:00+00:00,backfill,True,context_percentiles_v1,c3_percentile_recording_v1,premium_history,BACKFILL_PREMIUM_HISTORY
b1_9bb18224386cc23b0d14bf3e1db1fb50b3bcab26,2026-03-20,,,MARKET,MARKET,MARKET,vix,market_state,22.79,93.33,96.67,60,30,60,2026-03-20T00:00:00+00:00,backfill,True,context_percentiles_v1,c3_percentile_recording_v1,premium_history,BACKFILL_PREMIUM_HISTORY
b1_8013fb77c20909a12b956946eed02c297527b34e,2026-03-20,,,MARKET,MARKET,MARKET,fii_short_pct,market_state,86.0,0.0,0.0,1,1,1,2026-03-20T00:00:00+00:00,backfill,True,context_percentiles_v1,c3_percentile_recording_v1,premium_history,BACKFILL_PREMIUM_HISTORY
b1_7825dcc0899907ab81c8f0510fcde9f09ae536bd,2026-03-20,,,MARKET,MARKET,MARKET,fii_cash,market_state,-7588.0,0.0,0.0,1,1,1,2026-03-20T00:00:00+00:00,backfill,True,context_percentiles_v1,c3_percentile_recording_v1,premium_history,BACKFILL_PREMIUM_HISTORY
b1_cbb23c5a926e64394ba96b02cdb4b953aebf5ffb,2026-03-20,,,MARKET,MARKET,MARKET,bias_net,market_state,-1.0,100.0,100.0,1,1,1,2026-03-20T00:00:00+00:00,backfill,True,context_percentiles_v1,c3_percentile_recording_v1,premium_history,BACKFILL_PREMIUM_HISTORY
b1_26d146955789bd967bc690f783bfc9fb82566159,2026-03-21,,,MARKET,MARKET,MARKET,vix,market_state,22.81,93.33,96.67,60,30,60,2026-03-21T00:00:00+00:00,backfill,True,context_percentiles_v1,c3_percentile_recording_v1,premium_history,BACKFILL_PREMIUM_HISTORY
b1_01dbfb9b8a1eb164c1e1ba7ae9a372c9aeb0490f,2026-03-21,,,MARKET,MARKET,MARKET,fii_short_pct,market_state,86.0,25.0,25.0,2,2,2,2026-03-21T00:00:00+00:00,backfill,True,context_percentiles_v1,c3_percentile_recording_v1,premium_history,BACKFILL_PREMIUM_HISTORY
b1_ba6d2a922fe853f59ce02bce6b93f7821469822f,2026-03-21,,,MARKET,MARKET,MARKET,fii_cash,market_state,-5518.0,100.0,100.0,2,2,2,2026-03-21T00:00:00+00:00,backfill,True,context_percentiles_v1,c3_percentile_recording_v1,premium_history,BACKFILL_PREMIUM_HISTORY
b1_20eb243ce3ce71d678391e2ba12144a2321a8c50,2026-03-21,,,MARKET,MARKET,MARKET,bias_net,market_state,0.0,100.0,100.0,2,2,2,2026-03-21T00:00:00+00:00,backfill,True,context_percentiles_v1,c3_percentile_recording_v1,premium_history,BACKFILL_PREMIUM_HISTORY
b1_534f7deeb4d39382f6f1be242c5c4dac623ade67,2026-03-22,,,MARKET,MARKET,MARKET,vix,market_state,22.81,91.67,95.83,60,30,60,2026-03-22T00:00:00+00:00,backfill,True,context_percentiles_v1,c3_percentile_recording_v1,premium_history,BACKFILL_PREMIUM_HISTORY
b1_84ae8f76a3d3522851d63487dc25eba406197a54,2026-03-22,,,MARKET,MARKET,MARKET,fii_short_pct,market_state,86.0,33.33,33.33,3,3,3,2026-03-22T00:00:00+00:00,backfill,True,context_percentiles_v1,c3_percentile_recording_v1,premium_history,BACKFILL_PREMIUM_HISTORY
b1_3224e145bde15f5376b142db5b363a8e50bb6269,2026-03-22,,,MARKET,MARKET,MARKET,fii_cash,market_state,-5518.0,83.33,83.33,3,3,3,2026-03-22T00:00:00+00:00,backfill,True,context_percentiles_v1,c3_percentile_recording_v1,premium_history,BACKFILL_PREMIUM_HISTORY
b1_1957fd5f5fdfa4650ac762ff202a3b78d1be21c4,2026-03-22,,,MARKET,MARKET,MARKET,bias_net,market_state,0.0,83.33,83.33,3,3,3,2026-03-22T00:00:00+00:00,backfill,True,context_percentiles_v1,c3_percentile_recording_v1,premium_history,BACKFILL_PREMIUM_HISTORY
b1_567610a75d531deba80593e6ff9ca61f6bda79de,2026-03-23,,,MARKET,MARKET,MARKET,vix,market_state,26.54,100.0,100.0,60,30,60,2026-03-23T00:00:00+00:00,backfill,True,context_percentiles_v1,c3_percentile_recording_v1,premium_history,BACKFILL_PREMIUM_HISTORY
b1_4d9cb83467746264784d503c7dde0c58966d1beb,2026-03-23,,,MARKET,MARKET,MARKET,fii_short_pct,market_state,86.0,37.5,37.5,4,4,4,2026-03-23T00:00:00+00:00,backfill,True,context_percentiles_v1,c3_percentile_recording_v1,premium_history,BACKFILL_PREMIUM_HISTORY
b1_7acd30c8c13e5581da082024d37c5e8709d29020,2026-03-23,,,MARKET,MARKET,MARKET,fii_cash,market_state,-5518.0,75.0,75.0,4,4,4,2026-03-23T00:00:00+00:00,backfill,True,context_percentiles_v1,c3_percentile_recording_v1,premium_history,BACKFILL_PREMIUM_HISTORY
b1_6f29ad1fa801b73feab6aaa0e84ae999a76b6db4,2026-03-23,,,MARKET,MARKET,MARKET,dii_cash,market_state,5706.0,,,0,0,0,2026-03-23T00:00:00+00:00,backfill,True,context_percentiles_v1,c3_percentile_recording_v1,premium_history,BACKFILL_PREMIUM_HISTORY
b1_7d9e2eb3503eb18b77ce557157a277734588d715,2026-03-23,,,MARKET,MARKET,MARKET,fii_idx_fut,market_state,-823.0,,,0,0,0,2026-03-23T00:00:00+00:00,backfill,True,context_percentiles_v1,c3_percentile_recording_v1,premium_history,BACKFILL_PREMIUM_HISTORY
b1_e88590ad44821b3c43f9041ea79c653860a677c0,2026-03-23,,,MARKET,MARKET,MARKET,fii_stk_fut,market_state,436.0,,,0,0,0,2026-03-23T00:00:00+00:00,backfill,True,context_percentiles_v1,c3_percentile_recording_v1,premium_history,BACKFILL_PREMIUM_HISTORY
b1_cafacf2faff55dbb44ef55234e78f6ce01f47161,2026-03-23,,,MARKET,MARKET,MARKET,bias_net,market_state,-1.0,37.5,37.5,4,4,4,2026-03-23T00:00:00+00:00,backfill,True,context_percentiles_v1,c3_percentile_recording_v1,premium_history,BACKFILL_PREMIUM_HISTORY
b1_d7ba2967e29bd2cb731a7a27e7bf85d14fc50f3a,2026-03-24,,,MARKET,MARKET,MARKET,vix,market_state,24.71,96.67,98.33,60,30,60,2026-03-24T00:00:00+00:00,backfill,True,context_percentiles_v1,c3_percentile_recording_v1,premium_history,BACKFILL_PREMIUM_HISTORY
b1_8b24812a943c7846a309a45a4dc9d327de57979a,2026-03-24,,,MARKET,MARKET,MARKET,fii_short_pct,market_state,85.0,0.0,0.0,5,5,5,2026-03-24T00:00:00+00:00,backfill,True,context_percentiles_v1,c3_percentile_recording_v1,premium_history,BACKFILL_PREMIUM_HISTORY
b1_37e6778b5b56a1234e4defdbdfbcf7a84aed8813,2026-03-24,,,MARKET,MARKET,MARKET,fii_cash,market_state,-10414.0,0.0,0.0,5,5,5,2026-03-24T00:00:00+00:00,backfill,True,context_percentiles_v1,c3_percentile_recording_v1,premium_history,BACKFILL_PREMIUM_HISTORY
b1_5be8361478258bdd0a0a4c963788b232aa5e36fd,2026-03-24,,,MARKET,MARKET,MARKET,dii_cash,market_state,12034.0,100.0,100.0,1,1,1,2026-03-24T00:00:00+00:00,backfill,True,context_percentiles_v1,c3_percentile_recording_v1,premium_history,BACKFILL_PREMIUM_HISTORY
b1_f9a5ca47f2b8437e31d220e7a0441927071e8bd5,2026-03-24,,,MARKET,MARKET,MARKET,fii_idx_fut,market_state,-1420.0,0.0,0.0,1,1,1,2026-03-24T00:00:00+00:00,backfill,True,context_percentiles_v1,c3_percentile_recording_v1,premium_history,BACKFILL_PREMIUM_HISTORY
b1_828327c36d5a1917942ee60ea9896518faea0500,2026-03-24,,,MARKET,MARKET,MARKET,fii_stk_fut,market_state,103.0,0.0,0.0,1,1,1,2026-03-24T00:00:00+00:00,backfill,True,context_percentiles_v1,c3_percentile_recording_v1,premium_history,BACKFILL_PREMIUM_HISTORY
b1_50b9791f96e7fc0972556224ab6c710ed82cd430,2026-03-24,,,MARKET,MARKET,MARKET,bias_net,market_state,0.0,80.0,80.0,5,5,5,2026-03-24T00:00:00+00:00,backfill,True,context_percentiles_v1,c3_percentile_recording_v1,premium_history,BACKFILL_PREMIUM_HISTORY
b1_ceed7c2518b2069287a68aebd5406ccaad882f54,2026-03-25,,,MARKET,MARKET,MARKET,vix,market_state,24.7,93.33,96.67,60,30,60,2026-03-25T00:00:00+00:00,backfill,True,context_percentiles_v1,c3_percentile_recording_v1,premium_history,BACKFILL_PREMIUM_HISTORY
b1_f3217f6118d17a66671c2ac0d9d9d22e8bd92ed6,2026-03-25,,,MARKET,MARKET,MARKET,fii_short_pct,market_state,86.0,50.0,50.0,6,6,6,2026-03-25T00:00:00+00:00,backfill,True,context_percentiles_v1,c3_percentile_recording_v1,premium_history,BACKFILL_PREMIUM_HISTORY
b1_4040becc21f96f4fe2d531ac80ff111a566a0ca0,2026-03-25,,,MARKET,MARKET,MARKET,fii_cash,market_state,-1805.0,100.0,100.0,6,6,6,2026-03-25T00:00:00+00:00,backfill,True,context_percentiles_v1,c3_percentile_recording_v1,premium_history,BACKFILL_PREMIUM_HISTORY
b1_693c039fde4e2b6b34458cbe8a38b55467baf543,2026-03-25,,,MARKET,MARKET,MARKET,dii_cash,market_state,5430.0,0.0,0.0,2,2,2,2026-03-25T00:00:00+00:00,backfill,True,context_percentiles_v1,c3_percentile_recording_v1,premium_history,BACKFILL_PREMIUM_HISTORY
b1_4dd216b67a9212c75d8d15a94aea43f8b329ca55,2026-03-25,,,MARKET,MARKET,MARKET,fii_idx_fut,market_state,1601.0,100.0,100.0,2,2,2,2026-03-25T00:00:00+00:00,backfill,True,context_percentiles_v1,c3_percentile_recording_v1,premium_history,BACKFILL_PREMIUM_HISTORY
b1_8287973203abe00c2ade7a3741a3369a348dbd84,2026-03-25,,,MARKET,MARKET,MARKET,fii_stk_fut,market_state,-24.0,0.0,0.0,2,2,2,2026-03-25T00:00:00+00:00,backfill,True,context_percentiles_v1,c3_percentile_recording_v1,premium_history,BACKFILL_PREMIUM_HISTORY
b1_f6e08b78c4e5b72637537492333e7b7d672f79f7,2026-03-25,,,MARKET,MARKET,MARKET,bias_net,market_state,-1.0,33.33,33.33,6,6,6,2026-03-25T00:00:00+00:00,backfill,True,context_percentiles_v1,c3_percentile_recording_v1,premium_history,BACKFILL_PREMIUM_HISTORY
b1_b8b359c8fdfef08d213aea152c37110f28cf02b1,2026-03-26,,,MARKET,MARKET,MARKET,vix,market_state,24.64,90.0,95.0,60,30,60,2026-03-26T00:00:00+00:00,backfill,True,context_percentiles_v1,c3_percentile_recording_v1,premium_history,BACKFILL_PREMIUM_HISTORY
b1_059d6910752aa9ce311487919fd01069fbaf9e61,2026-03-26,,,MARKET,MARKET,MARKET,fii_short_pct,market_state,86.0,50.0,50.0,7,7,7,2026-03-26T00:00:00+00:00,backfill,True,context_percentiles_v1,c3_percentile_recording_v1,premium_history,BACKFILL_PREMIUM_HISTORY
b1_785e95b6511488a44dc72160082c92f90cdf4dd0,2026-03-26,,,MARKET,MARKET,MARKET,fii_cash,market_state,-1805.0,92.86,92.86,7,7,7,2026-03-26T00:00:00+00:00,backfill,True,context_percentiles_v1,c3_percentile_recording_v1,premium_history,BACKFILL_PREMIUM_HISTORY
b1_16a05225ed470176a9668557128d44006678b011,2026-03-26,,,MARKET,MARKET,MARKET,dii_cash,market_state,5430.0,16.67,16.67,3,3,3,2026-03-26T00:00:00+00:00,backfill,True,context_percentiles_v1,c3_percentile_recording_v1,premium_history,BACKFILL_PREMIUM_HISTORY
b1_1b6c88ddc24a61913691b98f08f8fddcd25b38e3,2026-03-26,,,MARKET,MARKET,MARKET,fii_stk_fut,market_state,-24.0,16.67,16.67,3,3,3,2026-03-26T00:00:00+00:00,backfill,True,context_percentiles_v1,c3_percentile_recording_v1,premium_history,BACKFILL_PREMIUM_HISTORY
b1_f1174c762c3b362d29cbce9430052d1a230348fb,2026-03-26,,,MARKET,MARKET,MARKET,bias_net,market_state,2.0,100.0,100.0,7,7,7,2026-03-26T00:00:00+00:00,backfill,True,context_percentiles_v1,c3_percentile_recording_v1,premium_history,BACKFILL_PREMIUM_HISTORY
b1_143673d84d4532b3c6cf71ef659a094a0c2b235d,2026-03-27,,,MARKET,MARKET,MARKET,vix,market_state,26.74,100.0,100.0,60,30,60,2026-03-27T00:00:00+00:00,backfill,True,context_percentiles_v1,c3_percentile_recording_v1,premium_history,BACKFILL_PREMIUM_HISTORY
b1_65062a21f06adf6127911efa9a6f3b94f0173754,2026-03-27,,,MARKET,MARKET,MARKET,fii_short_pct,market_state,85.0,6.25,6.25,8,8,8,2026-03-27T00:00:00+00:00,backfill,True,context_percentiles_v1,c3_percentile_recording_v1,premium_history,BACKFILL_PREMIUM_HISTORY
b1_96cf31be0880c4950cc34848dac3694cff40b17a,2026-03-27,,,MARKET,MARKET,MARKET,fii_cash,market_state,1805.0,100.0,100.0,8,8,8,2026-03-27T00:00:00+00:00,backfill,True,context_percentiles_v1,c3_percentile_recording_v1,premium_history,BACKFILL_PREMIUM_HISTORY
b1_375f301aee0418484ac4dd9b91e0c627286d7038,2026-03-27,,,MARKET,MARKET,MARKET,dii_cash,market_state,5430.0,25.0,25.0,4,4,4,2026-03-27T00:00:00+00:00,backfill,True,context_percentiles_v1,c3_percentile_recording_v1,premium_history,BACKFILL_PREMIUM_HISTORY
b1_3f13e18aa2cf6e0550a02bfaad2c1a88d2f46fff,2026-03-27,,,MARKET,MARKET,MARKET,fii_idx_fut,market_state,1601.0,83.33,83.33,3,3,3,2026-03-27T00:00:00+00:00,backfill,True,context_percentiles_v1,c3_percentile_recording_v1,premium_history,BACKFILL_PREMIUM_HISTORY
b1_42a181b800f2ad3864f7b3f48b0e9c99371f6a04,2026-03-27,,,MARKET,MARKET,MARKET,fii_stk_fut,market_state,-24.0,25.0,25.0,4,4,4,2026-03-27T00:00:00+00:00,backfill,True,context_percentiles_v1,c3_percentile_recording_v1,premium_history,BACKFILL_PREMIUM_HISTORY
b1_24ee57bbfb95b55f3060842da5498efe5d86c928,2026-03-27,,,MARKET,MARKET,MARKET,bias_net,market_state,2.0,93.75,93.75,8,8,8,2026-03-27T00:00:00+00:00,backfill,True,context_percentiles_v1,c3_percentile_recording_v1,premium_history,BACKFILL_PREMIUM_HISTORY
b1_7e790b12e9896587e4fd1685c96f8c34c5faa84b,2026-03-30,,,MARKET,MARKET,MARKET,vix,market_state,27.98,100.0,100.0,60,30,60,2026-03-30T00:00:00+00:00,backfill,True,context_percentiles_v1,c3_percentile_recording_v1,premium_history,BACKFILL_PREMIUM_HISTORY
b1_fd8707d791e8b18ca1afddb49c1999427764c375,2026-03-30,,,MARKET,MARKET,MARKET,fii_short_pct,market_state,85.0,11.11,11.11,9,9,9,2026-03-30T00:00:00+00:00,backfill,True,context_percentiles_v1,c3_percentile_recording_v1,premium_history,BACKFILL_PREMIUM_HISTORY
b1_187ac2f877c1f735169390783e7551911c27adb1,2026-03-30,,,MARKET,MARKET,MARKET,fii_cash,market_state,-4367.3,66.67,66.67,9,9,9,2026-03-30T00:00:00+00:00,backfill,True,context_percentiles_v1,c3_percentile_recording_v1,premium_history,BACKFILL_PREMIUM_HISTORY
b1_11e8d1d319835905cc1b4e98920dd41d4dcc063e,2026-03-30,,,MARKET,MARKET,MARKET,dii_cash,market_state,3566.2,0.0,0.0,5,5,5,2026-03-30T00:00:00+00:00,backfill,True,context_percentiles_v1,c3_percentile_recording_v1,premium_history,BACKFILL_PREMIUM_HISTORY
b1_e135635d849e80d21b1905bb1e18547b4ca30712,2026-03-30,,,MARKET,MARKET,MARKET,fii_idx_fut,market_state,-6330.0,0.0,0.0,4,4,4,2026-03-30T00:00:00+00:00,backfill,True,context_percentiles_v1,c3_percentile_recording_v1,premium_history,BACKFILL_PREMIUM_HISTORY
b1_5c6b460b0ae565d874ec8fbc3cd18db8dbc5c908,2026-03-30,,,MARKET,MARKET,MARKET,fii_stk_fut,market_state,-3419.0,0.0,0.0,5,5,5,2026-03-30T00:00:00+00:00,backfill,True,context_percentiles_v1,c3_percentile_recording_v1,premium_history,BACKFILL_PREMIUM_HISTORY
b1_816426eb3cb09ebe4d68a339bfb53a3c602df6f1,2026-03-30,,,MARKET,MARKET,MARKET,bias_net,market_state,-4.0,0.0,0.0,9,9,9,2026-03-30T00:00:00+00:00,backfill,True,context_percentiles_v1,c3_percentile_recording_v1,premium_history,BACKFILL_PREMIUM_HISTORY
b1_bb75fe2ebecd5e2119bb472d7d6f57503f5e1291,2026-04-01,,,MARKET,MARKET,MARKET,vix,market_state,25.05,90.0,95.0,60,30,60,2026-04-01T00:00:00+00:00,backfill,True,context_percentiles_v1,c3_percentile_recording_v1,premium_history,BACKFILL_PREMIUM_HISTORY
b1_b24bfd92f6051f383520f05b5ea56bf5ba108743,2026-04-01,,,MARKET,MARKET,MARKET,fii_short_pct,market_state,85.0,15.0,15.0,10,10,10,2026-04-01T00:00:00+00:00,backfill,True,context_percentiles_v1,c3_percentile_recording_v1,premium_history,BACKFILL_PREMIUM_HISTORY
b1_d6d5635fe64c2541b458e874c892d2b4d0a052f8,2026-04-01,,,MARKET,MARKET,MARKET,fii_cash,market_state,-11163.0,0.0,0.0,10,10,10,2026-04-01T00:00:00+00:00,backfill,True,context_percentiles_v1,c3_percentile_recording_v1,premium_history,BACKFILL_PREMIUM_HISTORY
b1_e1d1aa50360e0eafc80058f438a2e2b3e9a801ba,2026-04-01,,,MARKET,MARKET,MARKET,dii_cash,market_state,14895.0,100.0,100.0,6,6,6,2026-04-01T00:00:00+00:00,backfill,True,context_percentiles_v1,c3_percentile_recording_v1,premium_history,BACKFILL_PREMIUM_HISTORY
b1_acb58948671dbdb9a104e96899bc2f559027de9f,2026-04-01,,,MARKET,MARKET,MARKET,fii_idx_fut,market_state,-6001.0,20.0,20.0,5,5,5,2026-04-01T00:00:00+00:00,backfill,True,context_percentiles_v1,c3_percentile_recording_v1,premium_history,BACKFILL_PREMIUM_HISTORY
b1_dc2fe6987c6c286973e297fa250a62979d88aea0,2026-04-01,,,MARKET,MARKET,MARKET,fii_stk_fut,market_state,4224.0,100.0,100.0,6,6,6,2026-04-01T00:00:00+00:00,backfill,True,context_percentiles_v1,c3_percentile_recording_v1,premium_history,BACKFILL_PREMIUM_HISTORY
b1_4cfdc291b500b83fe319e040dfe50d0fd02277f8,2026-04-01,,,MARKET,MARKET,MARKET,bias_net,market_state,2.0,90.0,90.0,10,10,10,2026-04-01T00:00:00+00:00,backfill,True,context_percentiles_v1,c3_percentile_recording_v1,premium_history,BACKFILL_PREMIUM_HISTORY
b1_52f332413cc1caf79f337ceef98311d2eef3b5b2,2026-04-02,,,MARKET,MARKET,MARKET,vix,market_state,25.45,90.0,95.0,60,30,60,2026-04-02T00:00:00+00:00,backfill,True,context_percentiles_v1,c3_percentile_recording_v1,premium_history,BACKFILL_PREMIUM_HISTORY
b1_a81cd43a47e84daaaab497003a5f3ac32a243d6c,2026-04-02,,,MARKET,MARKET,MARKET,fii_short_pct,market_state,84.0,0.0,0.0,11,11,11,2026-04-02T00:00:00+00:00,backfill,True,context_percentiles_v1,c3_percentile_recording_v1,premium_history,BACKFILL_PREMIUM_HISTORY
b1_50822e7b86fdad04715f40799eaf63d0e3254f31,2026-04-02,,,MARKET,MARKET,MARKET,fii_cash,market_state,-8331.0,18.18,18.18,11,11,11,2026-04-02T00:00:00+00:00,backfill,True,context_percentiles_v1,c3_percentile_recording_v1,premium_history,BACKFILL_PREMIUM_HISTORY
b1_0a59336a07ebe6b8375fdaf5439a8ed474b08f6b,2026-04-02,,,MARKET,MARKET,MARKET,dii_cash,market_state,7172.0,71.43,71.43,7,7,7,2026-04-02T00:00:00+00:00,backfill,True,context_percentiles_v1,c3_percentile_recording_v1,premium_history,BACKFILL_PREMIUM_HISTORY
b1_60cfd096b585849ad6d592b58f780c7d88b1b800,2026-04-02,,,MARKET,MARKET,MARKET,fii_idx_fut,market_state,-79.0,66.67,66.67,6,6,6,2026-04-02T00:00:00+00:00,backfill,True,context_percentiles_v1,c3_percentile_recording_v1,premium_history,BACKFILL_PREMIUM_HISTORY
b1_a44c40f70d58c37b8c01a3924fc8dc13b0a953cd,2026-04-02,,,MARKET,MARKET,MARKET,fii_stk_fut,market_state,3199.0,85.71,85.71,7,7,7,2026-04-02T00:00:00+00:00,backfill,True,context_percentiles_v1,c3_percentile_recording_v1,premium_history,BACKFILL_PREMIUM_HISTORY
b1_c05b2c0c08a054421df2fa1e954b01e1936ff2b4,2026-04-02,,,MARKET,MARKET,MARKET,bias_net,market_state,-3.0,9.09,9.09,11,11,11,2026-04-02T00:00:00+00:00,backfill,True,context_percentiles_v1,c3_percentile_recording_v1,premium_history,BACKFILL_PREMIUM_HISTORY
b1_4835e0dcf69a9b75459e3853180976dc66b41e3b,2026-04-05,,,MARKET,MARKET,MARKET,vix,market_state,25.52,90.0,95.0,60,30,60,2026-04-05T00:00:00+00:00,backfill,True,context_percentiles_v1,c3_percentile_recording_v1,premium_history,BACKFILL_PREMIUM_HISTORY
b1_7064a9040af431189476839682bfbef0a851eaf0,2026-04-05,,,MARKET,MARKET,MARKET,bias_net,market_state,3.0,100.0,100.0,12,12,12,2026-04-05T00:00:00+00:00,backfill,True,context_percentiles_v1,c3_percentile_recording_v1,premium_history,BACKFILL_PREMIUM_HISTORY
b1_124ec7c51e8ab6673418b1175fa4d177bad8b99a,2026-04-06,,,MARKET,MARKET,MARKET,vix,market_state,25.56,90.0,95.0,60,30,60,2026-04-06T00:00:00+00:00,backfill,True,context_percentiles_v1,c3_percentile_recording_v1,premium_history,BACKFILL_PREMIUM_HISTORY
b1_694747b03ea8ff98bec242611ff2fd612e35633d,2026-04-06,,,MARKET,MARKET,MARKET,fii_short_pct,market_state,84.0,4.17,4.17,12,12,12,2026-04-06T00:00:00+00:00,backfill,True,context_percentiles_v1,c3_percentile_recording_v1,premium_history,BACKFILL_PREMIUM_HISTORY
b1_513327004d48e79b0157dea543d6c378694dc079,2026-04-06,,,MARKET,MARKET,MARKET,fii_cash,market_state,-9931.1,16.67,16.67,12,12,12,2026-04-06T00:00:00+00:00,backfill,True,context_percentiles_v1,c3_percentile_recording_v1,premium_history,BACKFILL_PREMIUM_HISTORY
b1_6e239aed7a7f1d72cb600fd23d137a7bc010de41,2026-04-06,,,MARKET,MARKET,MARKET,dii_cash,market_state,7208.4,75.0,75.0,8,8,8,2026-04-06T00:00:00+00:00,backfill,True,context_percentiles_v1,c3_percentile_recording_v1,premium_history,BACKFILL_PREMIUM_HISTORY
b1_969c1ee2e9828dd01cc52a03b1e581c1db41cc36,2026-04-06,,,MARKET,MARKET,MARKET,fii_idx_fut,market_state,-79.0,64.29,64.29,7,7,7,2026-04-06T00:00:00+00:00,backfill,True,context_percentiles_v1,c3_percentile_recording_v1,premium_history,BACKFILL_PREMIUM_HISTORY
b1_41bf89c780fad8dc132b9ca91cf43e9c58688924,2026-04-06,,,MARKET,MARKET,MARKET,fii_stk_fut,market_state,3199.0,81.25,81.25,8,8,8,2026-04-06T00:00:00+00:00,backfill,True,context_percentiles_v1,c3_percentile_recording_v1,premium_history,BACKFILL_PREMIUM_HISTORY
b1_ee01bcfe6c361d593a8cb4cb44ec7f8bd3bc98dc,2026-04-06,,,MARKET,MARKET,MARKET,bias_net,market_state,1.0,69.23,69.23,13,13,13,2026-04-06T00:00:00+00:00,backfill,True,context_percentiles_v1,c3_percentile_recording_v1,premium_history,BACKFILL_PREMIUM_HISTORY
b1_86380f0a58eac16e0ab496132cca21f1597d6978,2026-04-07,,,MARKET,MARKET,MARKET,vix,market_state,24.68,70.0,85.0,60,30,60,2026-04-07T00:00:00+00:00,backfill,True,context_percentiles_v1,c3_percentile_recording_v1,premium_history,BACKFILL_PREMIUM_HISTORY
b1_b530c2b652f81114369eb16dd17a518407434b8b,2026-04-07,,,MARKET,MARKET,MARKET,fii_short_pct,market_state,82.0,0.0,0.0,13,13,13,2026-04-07T00:00:00+00:00,backfill,True,context_percentiles_v1,c3_percentile_recording_v1,premium_history,BACKFILL_PREMIUM_HISTORY
b1_ad3ffa22449c7b6e12d2b674caa7d43f8bf7e9b9,2026-04-07,,,MARKET,MARKET,MARKET,fii_cash,market_state,-8167.2,30.77,30.77,13,13,13,2026-04-07T00:00:00+00:00,backfill,True,context_percentiles_v1,c3_percentile_recording_v1,premium_history,BACKFILL_PREMIUM_HISTORY
b1_84935ef0a8799c99862f83506c4f53122fd9f906,2026-04-07,,,MARKET,MARKET,MARKET,dii_cash,market_state,8088.7,77.78,77.78,9,9,9,2026-04-07T00:00:00+00:00,backfill,True,context_percentiles_v1,c3_percentile_recording_v1,premium_history,BACKFILL_PREMIUM_HISTORY
b1_764fd49784509e46b04549f6aa3d67dd688039be,2026-04-07,,,MARKET,MARKET,MARKET,fii_idx_fut,market_state,-45.0,75.0,75.0,8,8,8,2026-04-07T00:00:00+00:00,backfill,True,context_percentiles_v1,c3_percentile_recording_v1,premium_history,BACKFILL_PREMIUM_HISTORY
b1_c1ecfb95cbab9a360cf84cdb664bba7a5c396f54,2026-04-07,,,MARKET,MARKET,MARKET,fii_stk_fut,market_state,894.0,66.67,66.67,9,9,9,2026-04-07T00:00:00+00:00,backfill,True,context_percentiles_v1,c3_percentile_recording_v1,premium_history,BACKFILL_PREMIUM_HISTORY
b1_5eb717526ca58e8d1ee876d669b7a9def6cb1a48,2026-04-07,,,MARKET,MARKET,MARKET,bias_net,market_state,3.0,96.43,96.43,14,14,14,2026-04-07T00:00:00+00:00,backfill,True,context_percentiles_v1,c3_percentile_recording_v1,premium_history,BACKFILL_PREMIUM_HISTORY
b1_b794a1f6b917d5a766628ad33d0e7cbaf267b087,2026-04-08,,,MARKET,MARKET,MARKET,vix,market_state,19.7,23.33,61.67,60,30,60,2026-04-08T00:00:00+00:00,backfill,True,context_percentiles_v1,c3_percentile_recording_v1,premium_history,BACKFILL_PREMIUM_HISTORY
b1_315f6f087655c23be2092856232dad29f3ae57e8,2026-04-08,,,MARKET,MARKET,MARKET,fii_short_pct,market_state,82.0,3.57,3.57,14,14,14,2026-04-08T00:00:00+00:00,backfill,True,context_percentiles_v1,c3_percentile_recording_v1,premium_history,BACKFILL_PREMIUM_HISTORY
b1_7632a05aee568b1c77e2151a515455d0a35c916c,2026-04-08,,,MARKET,MARKET,MARKET,fii_cash,market_state,-8692.1,21.43,21.43,14,14,14,2026-04-08T00:00:00+00:00,backfill,True,context_percentiles_v1,c3_percentile_recording_v1,premium_history,BACKFILL_PREMIUM_HISTORY
b1_ab347f825e8efaa80bb2fffae7006962d09bf9c4,2026-04-08,,,MARKET,MARKET,MARKET,dii_cash,market_state,7979.5,70.0,70.0,10,10,10,2026-04-08T00:00:00+00:00,backfill,True,context_percentiles_v1,c3_percentile_recording_v1,premium_history,BACKFILL_PREMIUM_HISTORY
b1_566f3804816d967b43e5e1276d04a7b904e1e87d,2026-04-08,,,MARKET,MARKET,MARKET,fii_idx_fut,market_state,1348.0,77.78,77.78,9,9,9,2026-04-08T00:00:00+00:00,backfill,True,context_percentiles_v1,c3_percentile_recording_v1,premium_history,BACKFILL_PREMIUM_HISTORY
b1_a25ddfaa8f74dd7ab03f65a9ed804584f2d9d37d,2026-04-08,,,MARKET,MARKET,MARKET,fii_stk_fut,market_state,-581.0,10.0,10.0,10,10,10,2026-04-08T00:00:00+00:00,backfill,True,context_percentiles_v1,c3_percentile_recording_v1,premium_history,BACKFILL_PREMIUM_HISTORY
b1_f501f160d86df6e1c2616d8a22159cbb9aa4eab7,2026-04-08,,,MARKET,MARKET,MARKET,bias_net,market_state,3.0,93.33,93.33,15,15,15,2026-04-08T00:00:00+00:00,backfill,True,context_percentiles_v1,c3_percentile_recording_v1,premium_history,BACKFILL_PREMIUM_HISTORY
b1_d1960c863aa3ec48af2ce78fc9a3aa327e9aaee6,2026-04-09,,,MARKET,MARKET,MARKET,vix,market_state,20.35,30.0,65.0,60,30,60,2026-04-09T00:00:00+00:00,backfill,True,context_percentiles_v1,c3_percentile_recording_v1,premium_history,BACKFILL_PREMIUM_HISTORY
b1_f229cd1745bd4f4969e8a9ddc041645c209c43df,2026-04-09,,,MARKET,MARKET,MARKET,fii_short_pct,market_state,79.0,0.0,0.0,15,15,15,2026-04-09T00:00:00+00:00,backfill,True,context_percentiles_v1,c3_percentile_recording_v1,premium_history,BACKFILL_PREMIUM_HISTORY
b1_17a79fa039a3eb2a0b7393b3b95d099c924ef28f,2026-04-09,,,MARKET,MARKET,MARKET,fii_cash,market_state,-2812.0,80.0,80.0,15,15,15,2026-04-09T00:00:00+00:00,backfill,True,context_percentiles_v1,c3_percentile_recording_v1,premium_history,BACKFILL_PREMIUM_HISTORY
b1_eb45423c6e9d3ddb68356d9b82aacb04da9669c4,2026-04-09,,,MARKET,MARKET,MARKET,dii_cash,market_state,4168.2,9.09,9.09,11,11,11,2026-04-09T00:00:00+00:00,backfill,True,context_percentiles_v1,c3_percentile_recording_v1,premium_history,BACKFILL_PREMIUM_HISTORY
b1_c7944bf931122fc61788c86635d2627e8fadce0d,2026-04-09,,,MARKET,MARKET,MARKET,fii_idx_fut,market_state,5073.0,100.0,100.0,10,10,10,2026-04-09T00:00:00+00:00,backfill,True,context_percentiles_v1,c3_percentile_recording_v1,premium_history,BACKFILL_PREMIUM_HISTORY
b1_253c26bcc042f99fb0737174c96d0197c875c450,2026-04-09,,,MARKET,MARKET,MARKET,fii_stk_fut,market_state,2522.0,72.73,72.73,11,11,11,2026-04-09T00:00:00+00:00,backfill,True,context_percentiles_v1,c3_percentile_recording_v1,premium_history,BACKFILL_PREMIUM_HISTORY
b1_92ff4419066b0f6d2bfa571e8e32cf540ad6d499,2026-04-09,,,MARKET,MARKET,MARKET,bias_net,market_state,1.0,59.38,59.38,16,16,16,2026-04-09T00:00:00+00:00,backfill,True,context_percentiles_v1,c3_percentile_recording_v1,premium_history,BACKFILL_PREMIUM_HISTORY
b1_c750548e4b2392a6eb044d0d34ba6e8340441e7c,2026-04-10,,,MARKET,MARKET,MARKET,vix,market_state,18.96,16.67,58.33,60,30,60,2026-04-10T00:00:00+00:00,backfill,True,context_percentiles_v1,c3_percentile_recording_v1,premium_history,BACKFILL_PREMIUM_HISTORY
b1_b262be0095196efb538947289f954ea9336e6bae,2026-04-10,,,MARKET,MARKET,MARKET,fii_short_pct,market_state,80.0,6.25,6.25,16,16,16,2026-04-10T00:00:00+00:00,backfill,True,context_percentiles_v1,c3_percentile_recording_v1,premium_history,BACKFILL_PREMIUM_HISTORY
b1_1ba71c2d27a17c947435d6dd3e21912b381118c3,2026-04-10,,,MARKET,MARKET,MARKET,fii_cash,market_state,-1711.2,93.75,93.75,16,16,16,2026-04-10T00:00:00+00:00,backfill,True,context_percentiles_v1,c3_percentile_recording_v1,premium_history,BACKFILL_PREMIUM_HISTORY
b1_c47b14a773eb4fd1cb2b1a2fdc9c6132146b2829,2026-04-10,,,MARKET,MARKET,MARKET,dii_cash,market_state,955.9,0.0,0.0,12,12,12,2026-04-10T00:00:00+00:00,backfill,True,context_percentiles_v1,c3_percentile_recording_v1,premium_history,BACKFILL_PREMIUM_HISTORY
b1_43e2138d2189c6c3a1d17c34d75b566084c749f3,2026-04-10,,,MARKET,MARKET,MARKET,fii_idx_fut,market_state,-84.0,36.36,36.36,11,11,11,2026-04-10T00:00:00+00:00,backfill,True,context_percentiles_v1,c3_percentile_recording_v1,premium_history,BACKFILL_PREMIUM_HISTORY
b1_7a29d7926768fc5efec7dc00c0c4488563e25787,2026-04-10,,,MARKET,MARKET,MARKET,fii_stk_fut,market_state,-124.0,16.67,16.67,12,12,12,2026-04-10T00:00:00+00:00,backfill,True,context_percentiles_v1,c3_percentile_recording_v1,premium_history,BACKFILL_PREMIUM_HISTORY
b1_c727d93503514e16f4c0dc627c65bd9d10d1f3b9,2026-04-10,,,MARKET,MARKET,MARKET,bias_net,market_state,0.0,44.12,44.12,17,17,17,2026-04-10T00:00:00+00:00,backfill,True,context_percentiles_v1,c3_percentile_recording_v1,premium_history,BACKFILL_PREMIUM_HISTORY
b1_91755b3e664448a929e202371bf8c01341fa4413,2026-04-13,,,MARKET,MARKET,MARKET,vix,market_state,20.5,30.0,65.0,60,30,60,2026-04-13T00:00:00+00:00,backfill,True,context_percentiles_v1,c3_percentile_recording_v1,premium_history,BACKFILL_PREMIUM_HISTORY
b1_c2dea4263cd132c2bb1a45ac1fb689dd048d8dae,2026-04-13,,,MARKET,MARKET,MARKET,fii_short_pct,market_state,78.0,0.0,0.0,17,17,17,2026-04-13T00:00:00+00:00,backfill,True,context_percentiles_v1,c3_percentile_recording_v1,premium_history,BACKFILL_PREMIUM_HISTORY
b1_1457337f6bbb9e7f3f57929119e7bfd92911c134,2026-04-13,,,MARKET,MARKET,MARKET,fii_cash,market_state,672.1,94.12,94.12,17,17,17,2026-04-13T00:00:00+00:00,backfill,True,context_percentiles_v1,c3_percentile_recording_v1,premium_history,BACKFILL_PREMIUM_HISTORY
b1_fce6e9050e3fe9ab5d39a9f7e9201adaf419df9b,2026-04-13,,,MARKET,MARKET,MARKET,dii_cash,market_state,410.1,0.0,0.0,13,13,13,2026-04-13T00:00:00+00:00,backfill,True,context_percentiles_v1,c3_percentile_recording_v1,premium_history,BACKFILL_PREMIUM_HISTORY
b1_2a806d267507478afb031c8e31fe3b802b9e770d,2026-04-13,,,MARKET,MARKET,MARKET,fii_idx_fut,market_state,-84.0,37.5,37.5,12,12,12,2026-04-13T00:00:00+00:00,backfill,True,context_percentiles_v1,c3_percentile_recording_v1,premium_history,BACKFILL_PREMIUM_HISTORY
b1_f81a2b3ed1593791dcbd7563dbe748f66c76b5f9,2026-04-13,,,MARKET,MARKET,MARKET,fii_stk_fut,market_state,-124.0,19.23,19.23,13,13,13,2026-04-13T00:00:00+00:00,backfill,True,context_percentiles_v1,c3_percentile_recording_v1,premium_history,BACKFILL_PREMIUM_HISTORY
b1_25005145dce7fef8e43783c2a17984d0854800aa,2026-04-13,,,MARKET,MARKET,MARKET,bias_net,market_state,1.0,61.11,61.11,18,18,18,2026-04-13T00:00:00+00:00,backfill,True,context_percentiles_v1,c3_percentile_recording_v1,premium_history,BACKFILL_PREMIUM_HISTORY
b1_0823c18956b641fcbe37502545881fd80b429069,2026-04-15,,,MARKET,MARKET,MARKET,vix,market_state,18.75,6.67,53.33,60,30,60,2026-04-15T00:00:00+00:00,backfill,True,context_percentiles_v1,c3_percentile_recording_v1,premium_history,BACKFILL_PREMIUM_HISTORY
b1_5a79e20549db1bc2f2fac74ca348fccd419f609f,2026-04-15,,,MARKET,MARKET,MARKET,fii_short_pct,market_state,78.0,2.78,2.78,18,18,18,2026-04-15T00:00:00+00:00,backfill,True,context_percentiles_v1,c3_percentile_recording_v1,premium_history,BACKFILL_PREMIUM_HISTORY
b1_07a5e7e75fe01047dd799c927b41b717c36860fa,2026-04-15,,,MARKET,MARKET,MARKET,fii_cash,market_state,-1983.2,72.22,72.22,18,18,18,2026-04-15T00:00:00+00:00,backfill,True,context_percentiles_v1,c3_percentile_recording_v1,premium_history,BACKFILL_PREMIUM_HISTORY
b1_91acdca2284275a105c545747802ae8cd53938ef,2026-04-15,,,MARKET,MARKET,MARKET,dii_cash,market_state,2432.3,14.29,14.29,14,14,14,2026-04-15T00:00:00+00:00,backfill,True,context_percentiles_v1,c3_percentile_recording_v1,premium_history,BACKFILL_PREMIUM_HISTORY
b1_1c654b03845700051a3374d5429709f526a1268e,2026-04-15,,,MARKET,MARKET,MARKET,fii_idx_fut,market_state,-347.0,30.77,30.77,13,13,13,2026-04-15T00:00:00+00:00,backfill,True,context_percentiles_v1,c3_percentile_recording_v1,premium_history,BACKFILL_PREMIUM_HISTORY
b1_dbf345d52b5de7ca298e6afd17b1e5ab6eb82aa5,2026-04-15,,,MARKET,MARKET,MARKET,fii_stk_fut,market_state,-3236.0,7.14,7.14,14,14,14,2026-04-15T00:00:00+00:00,backfill,True,context_percentiles_v1,c3_percentile_recording_v1,premium_history,BACKFILL_PREMIUM_HISTORY
b1_382300c8153c9263e5d2082364cd53d4f5e594fd,2026-04-15,,,MARKET,MARKET,MARKET,bias_net,market_state,2.0,76.32,76.32,19,19,19,2026-04-15T00:00:00+00:00,backfill,True,context_percentiles_v1,c3_percentile_recording_v1,premium_history,BACKFILL_PREMIUM_HISTORY
b1_99e3aa50062a87cc7812b5d9d5c6d086024935eb,2026-04-16,,,MARKET,MARKET,MARKET,vix,market_state,18.13,3.33,50.0,60,30,60,2026-04-16T00:00:00+00:00,backfill,True,context_percentiles_v1,c3_percentile_recording_v1,premium_history,BACKFILL_PREMIUM_HISTORY
b1_7db71034a8089dcb34d258d0f29fe59c3ec8dd08,2026-04-16,,,MARKET,MARKET,MARKET,fii_short_pct,market_state,79.0,13.16,13.16,19,19,19,2026-04-16T00:00:00+00:00,backfill,True,context_percentiles_v1,c3_percentile_recording_v1,premium_history,BACKFILL_PREMIUM_HISTORY
b1_fb09ae6444973f8175a066c06a8d0be7749d1e00,2026-04-16,,,MARKET,MARKET,MARKET,fii_cash,market_state,666.2,89.47,89.47,19,19,19,2026-04-16T00:00:00+00:00,backfill,True,context_percentiles_v1,c3_percentile_recording_v1,premium_history,BACKFILL_PREMIUM_HISTORY
b1_8607d5c6ec9a0f0a7fb38d4b0de27ff577de7bfd,2026-04-16,,,MARKET,MARKET,MARKET,dii_cash,market_state,-569.0,0.0,0.0,15,15,15,2026-04-16T00:00:00+00:00,backfill,True,context_percentiles_v1,c3_percentile_recording_v1,premium_history,BACKFILL_PREMIUM_HISTORY
b1_cb3769199fc3deb453be1dfa1e8d6aa4817a623d,2026-04-16,,,MARKET,MARKET,MARKET,fii_idx_fut,market_state,1242.0,71.43,71.43,14,14,14,2026-04-16T00:00:00+00:00,backfill,True,context_percentiles_v1,c3_percentile_recording_v1,premium_history,BACKFILL_PREMIUM_HISTORY
b1_97e38770fa66f47342f9c915102d682853700156,2026-04-16,,,MARKET,MARKET,MARKET,fii_stk_fut,market_state,-94.0,33.33,33.33,15,15,15,2026-04-16T00:00:00+00:00,backfill,True,context_percentiles_v1,c3_percentile_recording_v1,premium_history,BACKFILL_PREMIUM_HISTORY
b1_0bff88f0bb72cbd2d40667c54b1f93cfabfcce29,2026-04-16,,,MARKET,MARKET,MARKET,bias_net,market_state,0.0,40.0,40.0,20,20,20,2026-04-16T00:00:00+00:00,backfill,True,context_percentiles_v1,c3_percentile_recording_v1,premium_history,BACKFILL_PREMIUM_HISTORY
b1_af998a6715f80e1a488123acabee81fb1ad734f5,2026-04-17,,,MARKET,MARKET,MARKET,vix,market_state,17.8,0.0,46.67,60,30,60,2026-04-17T00:00:00+00:00,backfill,True,context_percentiles_v1,c3_percentile_recording_v1,premium_history,BACKFILL_PREMIUM_HISTORY
b1_a0e8f39b72431e198c91ce5312c3fb7da5049109,2026-04-17,,,MARKET,MARKET,MARKET,fii_short_pct,market_state,80.0,22.5,22.5,20,20,20,2026-04-17T00:00:00+00:00,backfill,True,context_percentiles_v1,c3_percentile_recording_v1,premium_history,BACKFILL_PREMIUM_HISTORY
b1_9c30159b7fd5632930db9626b488652c85adad24,2026-04-17,,,MARKET,MARKET,MARKET,fii_cash,market_state,382.4,85.0,85.0,20,20,20,2026-04-17T00:00:00+00:00,backfill,True,context_percentiles_v1,c3_percentile_recording_v1,premium_history,BACKFILL_PREMIUM_HISTORY
b1_f8e68be837803ef1c906de69a6b56cbbe09c2b11,2026-04-17,,,MARKET,MARKET,MARKET,dii_cash,market_state,-3427.8,0.0,0.0,16,16,16,2026-04-17T00:00:00+00:00,backfill,True,context_percentiles_v1,c3_percentile_recording_v1,premium_history,BACKFILL_PREMIUM_HISTORY
b1_1afa0f600aaf967f91513bc2731132121ef3a374,2026-04-17,,,MARKET,MARKET,MARKET,fii_idx_fut,market_state,266.0,66.67,66.67,15,15,15,2026-04-17T00:00:00+00:00,backfill,True,context_percentiles_v1,c3_percentile_recording_v1,premium_history,BACKFILL_PREMIUM_HISTORY
b1_5143b76eb81ca5befd831cd349a09d12521f977e,2026-04-17,,,MARKET,MARKET,MARKET,fii_stk_fut,market_state,-1643.0,12.5,12.5,16,16,16,2026-04-17T00:00:00+00:00,backfill,True,context_percentiles_v1,c3_percentile_recording_v1,premium_history,BACKFILL_PREMIUM_HISTORY
b1_66f394499ebb134529bdebd12cdc26c86278e88e,2026-04-17,,,MARKET,MARKET,MARKET,bias_net,market_state,0.0,40.48,40.48,21,21,21,2026-04-17T00:00:00+00:00,backfill,True,context_percentiles_v1,c3_percentile_recording_v1,premium_history,BACKFILL_PREMIUM_HISTORY
b1_fca0c9523db4572ac2478e70919d262ca7c4fec2,2026-04-20,,,MARKET,MARKET,MARKET,vix,market_state,18.19,6.67,50.0,60,30,60,2026-04-20T00:00:00+00:00,backfill,True,context_percentiles_v1,c3_percentile_recording_v1,premium_history,BACKFILL_PREMIUM_HISTORY
b1_d0390a42de35846a16ddc9af1b36de14de49cf8c,2026-04-20,,,MARKET,MARKET,MARKET,fii_short_pct,market_state,79.0,14.29,14.29,21,21,21,2026-04-20T00:00:00+00:00,backfill,True,context_percentiles_v1,c3_percentile_recording_v1,premium_history,BACKFILL_PREMIUM_HISTORY
b1_7eb069752559565b076069ad4b593e291c4ebff7,2026-04-20,,,MARKET,MARKET,MARKET,fii_cash,market_state,683.2,95.24,95.24,21,21,21,2026-04-20T00:00:00+00:00,backfill,True,context_percentiles_v1,c3_percentile_recording_v1,premium_history,BACKFILL_PREMIUM_HISTORY
b1_9d9954433bea0b2f17bda13279b0af252d2c953d,2026-04-20,,,MARKET,MARKET,MARKET,dii_cash,market_state,-4721.5,0.0,0.0,17,17,17,2026-04-20T00:00:00+00:00,backfill,True,context_percentiles_v1,c3_percentile_recording_v1,premium_history,BACKFILL_PREMIUM_HISTORY
b1_bf56a3005d026fdc80f77d3f9e2d22ec74aa489f,2026-04-20,,,MARKET,MARKET,MARKET,fii_idx_fut,market_state,1278.0,75.0,75.0,16,16,16,2026-04-20T00:00:00+00:00,backfill,True,context_percentiles_v1,c3_percentile_recording_v1,premium_history,BACKFILL_PREMIUM_HISTORY
b1_e2ea51145e2d2e41de06cc82c5f8ef1f61bf869d,2026-04-20,,,MARKET,MARKET,MARKET,fii_stk_fut,market_state,1000.0,76.47,76.47,17,17,17,2026-04-20T00:00:00+00:00,backfill,True,context_percentiles_v1,c3_percentile_recording_v1,premium_history,BACKFILL_PREMIUM_HISTORY
b1_f0bca2b41ad298c1df023a94aba5a1e332b278c7,2026-04-20,,,MARKET,MARKET,MARKET,bias_net,market_state,-1.0,20.45,20.45,22,22,22,2026-04-20T00:00:00+00:00,backfill,True,context_percentiles_v1,c3_percentile_recording_v1,premium_history,BACKFILL_PREMIUM_HISTORY
b1_4da4cdf24b8b9616763672fed68516f1c55eb992,2026-04-27,,,MARKET,MARKET,MARKET,vix,market_state,18.53,10.0,50.0,60,30,60,2026-04-27T00:00:00+00:00,backfill,True,context_percentiles_v1,c3_percentile_recording_v1,premium_history,BACKFILL_PREMIUM_HISTORY
b1_aa34c4e6088c49d34eb798cf4190bb2306012266,2026-04-27,,,MARKET,MARKET,MARKET,fii_short_pct,market_state,81.0,31.82,31.82,22,22,22,2026-04-27T00:00:00+00:00,backfill,True,context_percentiles_v1,c3_percentile_recording_v1,premium_history,BACKFILL_PREMIUM_HISTORY
b1_bfa3360cd4ba4c06433c3963b0e494b8fd1eb289,2026-04-27,,,MARKET,MARKET,MARKET,fii_cash,market_state,-8827.9,13.64,13.64,22,22,22,2026-04-27T00:00:00+00:00,backfill,True,context_percentiles_v1,c3_percentile_recording_v1,premium_history,BACKFILL_PREMIUM_HISTORY
b1_a8a4e805d17f56c90da94a0c61ed5c3eca9461a5,2026-04-27,,,MARKET,MARKET,MARKET,dii_cash,market_state,4700.7,44.44,44.44,18,18,18,2026-04-27T00:00:00+00:00,backfill,True,context_percentiles_v1,c3_percentile_recording_v1,premium_history,BACKFILL_PREMIUM_HISTORY
b1_b9005559724c676c42a0ef511ebc93cfec9a23ca,2026-04-27,,,MARKET,MARKET,MARKET,fii_idx_fut,market_state,-2104.0,11.76,11.76,17,17,17,2026-04-27T00:00:00+00:00,backfill,True,context_percentiles_v1,c3_percentile_recording_v1,premium_history,BACKFILL_PREMIUM_HISTORY
b1_03668dd26d0d6b12c56874c6efc051ec55051990,2026-04-27,,,MARKET,MARKET,MARKET,fii_stk_fut,market_state,-1044.0,16.67,16.67,18,18,18,2026-04-27T00:00:00+00:00,backfill,True,context_percentiles_v1,c3_percentile_recording_v1,premium_history,BACKFILL_PREMIUM_HISTORY
b1_244bd5b9dbcdd2dce705446ec8b14b7079b92e89,2026-04-27,,,MARKET,MARKET,MARKET,bias_net,market_state,0.0,43.48,43.48,23,23,23,2026-04-27T00:00:00+00:00,backfill,True,context_percentiles_v1,c3_percentile_recording_v1,premium_history,BACKFILL_PREMIUM_HISTORY
b1_f1e124e003057cbc9106d2078dd6f121a2e5a344,2026-04-28,,,MARKET,MARKET,MARKET,vix,market_state,17.98,3.33,45.0,60,30,60,2026-04-28T00:00:00+00:00,backfill,True,context_percentiles_v1,c3_percentile_recording_v1,premium_history,BACKFILL_PREMIUM_HISTORY
b1_9d47c260cff20d3f5382615359dc9e0a458fa804,2026-04-28,,,MARKET,MARKET,MARKET,fii_short_pct,market_state,81.0,32.61,32.61,23,23,23,2026-04-28T00:00:00+00:00,backfill,True,context_percentiles_v1,c3_percentile_recording_v1,premium_history,BACKFILL_PREMIUM_HISTORY
b1_69f0402996592dc3f371008c44fa199b7f29d4c4,2026-04-28,,,MARKET,MARKET,MARKET,fii_cash,market_state,-1151.5,78.26,78.26,23,23,23,2026-04-28T00:00:00+00:00,backfill,True,context_percentiles_v1,c3_percentile_recording_v1,premium_history,BACKFILL_PREMIUM_HISTORY
b1_1c79d32b9628464f35730af5d592d8856dbd0cd6,2026-04-28,,,MARKET,MARKET,MARKET,dii_cash,market_state,4123.9,36.84,36.84,19,19,19,2026-04-28T00:00:00+00:00,backfill,True,context_percentiles_v1,c3_percentile_recording_v1,premium_history,BACKFILL_PREMIUM_HISTORY
b1_9f009b29fbccd79253455c8d445b743a20610013,2026-04-28,,,MARKET,MARKET,MARKET,fii_idx_fut,market_state,-321.0,33.33,33.33,18,18,18,2026-04-28T00:00:00+00:00,backfill,True,context_percentiles_v1,c3_percentile_recording_v1,premium_history,BACKFILL_PREMIUM_HISTORY
b1_794180fabf8439bdf9561d3ea9a1685fb399f337,2026-04-28,,,MARKET,MARKET,MARKET,fii_stk_fut,market_state,1493.0,78.95,78.95,19,19,19,2026-04-28T00:00:00+00:00,backfill,True,context_percentiles_v1,c3_percentile_recording_v1,premium_history,BACKFILL_PREMIUM_HISTORY
b1_4dbbff8b2deca89c2c01560d3a99bb182ac819bb,2026-04-28,,,MARKET,MARKET,MARKET,bias_net,market_state,1.0,64.58,64.58,24,24,24,2026-04-28T00:00:00+00:00,backfill,True,context_percentiles_v1,c3_percentile_recording_v1,premium_history,BACKFILL_PREMIUM_HISTORY
b1_557be91c78484f32233b65aea13b2fd807958e89,2026-06-29,,,MARKET,MARKET,MARKET,vix,market_state,13.61,0.0,26.67,60,30,60,2026-06-29T00:00:00+00:00,backfill,True,context_percentiles_v1,c3_percentile_recording_v1,premium_history,BACKFILL_PREMIUM_HISTORY
b1_5ea15ea324a4a1ab3d270e692ec5523ce1e23279,2026-06-29,,,MARKET,MARKET,MARKET,bias_net,market_state,1.0,64.0,64.0,25,25,25,2026-06-29T00:00:00+00:00,backfill,True,context_percentiles_v1,c3_percentile_recording_v1,premium_history,BACKFILL_PREMIUM_HISTORY
b1_3e05879ea8cd20ebf2ea7fbe9c35ae3b1bd24e72,2026-07-01,,,MARKET,MARKET,MARKET,vix,market_state,13.19,0.0,18.33,60,30,60,2026-07-01T00:00:00+00:00,backfill,True,context_percentiles_v1,c3_percentile_recording_v1,ml_brain_snapshots,BACKFILL_SNAPSHOT_LAST_POLL
b1_2cf034ffd8ada1047d7eb9a623bdc372526dab4a,2026-07-01,,,MARKET,MARKET,MARKET,fii_short_pct,market_state,83.0,45.83,45.83,24,24,24,2026-07-01T00:00:00+00:00,backfill,True,context_percentiles_v1,c3_percentile_recording_v1,ml_brain_snapshots,BACKFILL_SNAPSHOT_MODAL_DAILY
b1_f3886d3bf8ed2124776fd521ef4ca61539222801,2026-07-01,,,MARKET,MARKET,MARKET,fii_cash,market_state,-2556.8,58.33,58.33,24,24,24,2026-07-01T00:00:00+00:00,backfill,True,context_percentiles_v1,c3_percentile_recording_v1,ml_brain_snapshots,BACKFILL_SNAPSHOT_MODAL_DAILY
b1_21f47349224e16d16cbab7d81cbe6c67cb5095a9,2026-07-01,,,MARKET,MARKET,MARKET,dii_cash,market_state,6842.3,70.0,70.0,20,20,20,2026-07-01T00:00:00+00:00,backfill,True,context_percentiles_v1,c3_percentile_recording_v1,ml_brain_snapshots,BACKFILL_SNAPSHOT_MODAL_DAILY
b1_0eeec02fe0f32c9f420f71b179f4d427cc855244,2026-07-01,,,MARKET,MARKET,MARKET,fii_idx_fut,market_state,-6812.0,0.0,0.0,19,19,19,2026-07-01T00:00:00+00:00,backfill,True,context_percentiles_v1,c3_percentile_recording_v1,ml_brain_snapshots,BACKFILL_SNAPSHOT_MODAL_DAILY
b1_4fb7286ceb9614c8a81856952dc99a0561f0c7cd,2026-07-01,,,MARKET,MARKET,MARKET,fii_stk_fut,market_state,-1576.0,15.0,15.0,20,20,20,2026-07-01T00:00:00+00:00,backfill,True,context_percentiles_v1,c3_percentile_recording_v1,ml_brain_snapshots,BACKFILL_SNAPSHOT_MODAL_DAILY
b1_6f000369d1a422a7a215afcc9c2e87d69541c39e,2026-07-02,,,MARKET,MARKET,MARKET,vix,market_state,12.21,0.0,10.0,60,30,60,2026-07-02T00:00:00+00:00,backfill,True,context_percentiles_v1,c3_percentile_recording_v1,ml_brain_snapshots,BACKFILL_SNAPSHOT_LAST_POLL_SPLICE_WINDOW
b1_b1bfac1778de777148b18cb0f619e1da73da996c,2026-07-02,,,MARKET,MARKET,MARKET,fii_short_pct,market_state,90.0,100.0,100.0,25,25,25,2026-07-02T00:00:00+00:00,backfill,True,context_percentiles_v1,c3_percentile_recording_v1,ml_brain_snapshots,BACKFILL_SNAPSHOT_MODAL_DAILY_SPLICE_WINDOW
b1_7c3cc24d72edabb05702e8b0b9243863a2e40803,2026-07-02,,,MARKET,MARKET,MARKET,fii_cash,market_state,-1140.5,80.0,80.0,25,25,25,2026-07-02T00:00:00+00:00,backfill,True,context_percentiles_v1,c3_percentile_recording_v1,ml_brain_snapshots,BACKFILL_SNAPSHOT_MODAL_DAILY_SPLICE_WINDOW
b1_1ae9591b7dd0f5f5f40816c89a63d64bf3d8f168,2026-07-02,,,MARKET,MARKET,MARKET,dii_cash,market_state,3159.2,28.57,28.57,21,21,21,2026-07-02T00:00:00+00:00,backfill,True,context_percentiles_v1,c3_percentile_recording_v1,ml_brain_snapshots,BACKFILL_SNAPSHOT_MODAL_DAILY_SPLICE_WINDOW
b1_de0dc816c6732620adddb838dee73acd8bf568d9,2026-07-02,,,MARKET,MARKET,MARKET,fii_idx_fut,market_state,-586.0,30.0,30.0,20,20,20,2026-07-02T00:00:00+00:00,backfill,True,context_percentiles_v1,c3_percentile_recording_v1,ml_brain_snapshots,BACKFILL_SNAPSHOT_MODAL_DAILY_SPLICE_WINDOW
b1_d8b51ce1e5334d260c116b6737b92a673240deb3,2026-07-02,,,MARKET,MARKET,MARKET,fii_stk_fut,market_state,-492.0,28.57,28.57,21,21,21,2026-07-02T00:00:00+00:00,backfill,True,context_percentiles_v1,c3_percentile_recording_v1,ml_brain_snapshots,BACKFILL_SNAPSHOT_MODAL_DAILY_SPLICE_WINDOW
b1_8cc605621990a0e40c05bb47518e4a36ef6bcb74,2026-07-03,,,MARKET,MARKET,MARKET,vix,market_state,11.83,0.0,5.0,60,30,60,2026-07-03T00:00:00+00:00,backfill,True,context_percentiles_v1,c3_percentile_recording_v1,ml_brain_snapshots,BACKFILL_SNAPSHOT_LAST_POLL_SPLICE_WINDOW
b1_bda324a282bf910bfa5f014c05d655dc749a3e07,2026-07-03,,,MARKET,MARKET,MARKET,fii_short_pct,market_state,91.0,100.0,100.0,26,26,26,2026-07-03T00:00:00+00:00,backfill,True,context_percentiles_v1,c3_percentile_recording_v1,ml_brain_snapshots,BACKFILL_SNAPSHOT_MODAL_DAILY_SPLICE_WINDOW
b1_e5dbe4e57b353b8c71d3c4c9f4211ea797fba6bc,2026-07-03,,,MARKET,MARKET,MARKET,fii_cash,market_state,-311.8,80.77,80.77,26,26,26,2026-07-03T00:00:00+00:00,backfill,True,context_percentiles_v1,c3_percentile_recording_v1,ml_brain_snapshots,BACKFILL_SNAPSHOT_MODAL_DAILY_SPLICE_WINDOW
b1_96836bb8c1e475e079659734fb66060df2f61873,2026-07-03,,,MARKET,MARKET,MARKET,dii_cash,market_state,1784.4,22.73,22.73,22,22,22,2026-07-03T00:00:00+00:00,backfill,True,context_percentiles_v1,c3_percentile_recording_v1,ml_brain_snapshots,BACKFILL_SNAPSHOT_MODAL_DAILY_SPLICE_WINDOW
b1_5072fd1941518e98687c2da96f247c844593db1b,2026-07-03,,,MARKET,MARKET,MARKET,fii_idx_fut,market_state,472.0,71.43,71.43,21,21,21,2026-07-03T00:00:00+00:00,backfill,True,context_percentiles_v1,c3_percentile_recording_v1,ml_brain_snapshots,BACKFILL_SNAPSHOT_MODAL_DAILY_SPLICE_WINDOW
b1_ffaf7bf6861217b22496aa8f0ee9d10402fdb82a,2026-07-03,,,MARKET,MARKET,MARKET,fii_stk_fut,market_state,1426.0,77.27,77.27,22,22,22,2026-07-03T00:00:00+00:00,backfill,True,context_percentiles_v1,c3_percentile_recording_v1,ml_brain_snapshots,BACKFILL_SNAPSHOT_MODAL_DAILY_SPLICE_WINDOW
b1_41403357f57c52c7de7f88c71057abf188c15dd0,2026-07-06,,,MARKET,MARKET,MARKET,vix,market_state,11.85,3.33,6.67,60,30,60,2026-07-06T00:00:00+00:00,backfill,True,context_percentiles_v1,c3_percentile_recording_v1,ml_brain_snapshots,BACKFILL_SNAPSHOT_LAST_POLL_SPLICE_WINDOW
b1_c0102b58c903bed04afca3ab98e3ffb48103d7f7,2026-07-06,,,MARKET,MARKET,MARKET,fii_short_pct,market_state,90.0,94.44,94.44,27,27,27,2026-07-06T00:00:00+00:00,backfill,True,context_percentiles_v1,c3_percentile_recording_v1,ml_brain_snapshots,BACKFILL_SNAPSHOT_MODAL_DAILY_SPLICE_WINDOW
b1_469700683fadc4de197670ff199080450345b07f,2026-07-06,,,MARKET,MARKET,MARKET,fii_cash,market_state,1355.3,96.3,96.3,27,27,27,2026-07-06T00:00:00+00:00,backfill,True,context_percentiles_v1,c3_percentile_recording_v1,ml_brain_snapshots,BACKFILL_SNAPSHOT_MODAL_DAILY_SPLICE_WINDOW
b1_5263fcf2593498cc9bed9b41d896b59c9da3eb47,2026-07-06,,,MARKET,MARKET,MARKET,dii_cash,market_state,-1953.9,8.7,8.7,23,23,23,2026-07-06T00:00:00+00:00,backfill,True,context_percentiles_v1,c3_percentile_recording_v1,ml_brain_snapshots,BACKFILL_SNAPSHOT_MODAL_DAILY_SPLICE_WINDOW
b1_e48b22a3daaaeca978bdf66d527caa1c1992aefd,2026-07-06,,,MARKET,MARKET,MARKET,fii_idx_fut,market_state,934.0,72.73,72.73,22,22,22,2026-07-06T00:00:00+00:00,backfill,True,context_percentiles_v1,c3_percentile_recording_v1,ml_brain_snapshots,BACKFILL_SNAPSHOT_MODAL_DAILY_SPLICE_WINDOW
b1_a46d03c50ceca216c5ac37de29b0dbea991fcbcd,2026-07-06,,,MARKET,MARKET,MARKET,fii_stk_fut,market_state,500.0,65.22,65.22,23,23,23,2026-07-06T00:00:00+00:00,backfill,True,context_percentiles_v1,c3_percentile_recording_v1,ml_brain_snapshots,BACKFILL_SNAPSHOT_MODAL_DAILY_SPLICE_WINDOW
b1_1996d3961ef149ee74b5c04c8fe5667137977214,2026-07-07,,,MARKET,MARKET,MARKET,vix,market_state,11.76,0.0,5.0,60,30,60,2026-07-07T00:00:00+00:00,backfill,True,context_percentiles_v1,c3_percentile_recording_v1,ml_brain_snapshots,BACKFILL_SNAPSHOT_LAST_POLL_SPLICE_WINDOW
b1_7e90ac2514abe74fa80d46aed4272516481a4c66,2026-07-07,,,MARKET,MARKET,MARKET,fii_short_pct,market_state,89.0,89.29,89.29,28,28,28,2026-07-07T00:00:00+00:00,backfill,True,context_percentiles_v1,c3_percentile_recording_v1,ml_brain_snapshots,BACKFILL_SNAPSHOT_MODAL_DAILY_SPLICE_WINDOW
b1_f8036128a0be2ae9ce1d4c0d5e7c15075a57c337,2026-07-07,,,MARKET,MARKET,MARKET,fii_cash,market_state,243.0,78.57,78.57,28,28,28,2026-07-07T00:00:00+00:00,backfill,True,context_percentiles_v1,c3_percentile_recording_v1,ml_brain_snapshots,BACKFILL_SNAPSHOT_MODAL_DAILY_SPLICE_WINDOW
b1_f3cc795db16cd6eb5fd12bb58c5f6c4835251f7d,2026-07-07,,,MARKET,MARKET,MARKET,dii_cash,market_state,3791.4,41.67,41.67,24,24,24,2026-07-07T00:00:00+00:00,backfill,True,context_percentiles_v1,c3_percentile_recording_v1,ml_brain_snapshots,BACKFILL_SNAPSHOT_MODAL_DAILY_SPLICE_WINDOW
b1_103e2f133255dc334545402bdc4fcbf0ed09f96f,2026-07-07,,,MARKET,MARKET,MARKET,fii_idx_fut,market_state,1539.0,86.96,86.96,23,23,23,2026-07-07T00:00:00+00:00,backfill,True,context_percentiles_v1,c3_percentile_recording_v1,ml_brain_snapshots,BACKFILL_SNAPSHOT_MODAL_DAILY_SPLICE_WINDOW
b1_a3c2cc75084f3d3a0663d9944764157db9e0ce02,2026-07-07,,,MARKET,MARKET,MARKET,fii_stk_fut,market_state,1453.0,79.17,79.17,24,24,24,2026-07-07T00:00:00+00:00,backfill,True,context_percentiles_v1,c3_percentile_recording_v1,ml_brain_snapshots,BACKFILL_SNAPSHOT_MODAL_DAILY_SPLICE_WINDOW
b1_b5802b46844061df75a79aee3bcd3c2e1776dd10,2026-07-08,,,MARKET,MARKET,MARKET,vix,market_state,14.54,20.0,38.33,60,30,60,2026-07-08T00:00:00+00:00,backfill,True,context_percentiles_v1,c3_percentile_recording_v1,ml_brain_snapshots,BACKFILL_SNAPSHOT_LAST_POLL_SPLICE_WINDOW
b1_d6674bbe471f1b6004c1f3f5a8e017c5ca76290f,2026-07-08,,,MARKET,MARKET,MARKET,fii_short_pct,market_state,89.0,87.93,87.93,29,29,29,2026-07-08T00:00:00+00:00,backfill,True,context_percentiles_v1,c3_percentile_recording_v1,ml_brain_snapshots,BACKFILL_SNAPSHOT_MODAL_DAILY_SPLICE_WINDOW
b1_2c1a3bb3cdb8786abe4bdbc08588162cac8d9584,2026-07-08,,,MARKET,MARKET,MARKET,fii_cash,market_state,393.2,82.76,82.76,29,29,29,2026-07-08T00:00:00+00:00,backfill,True,context_percentiles_v1,c3_percentile_recording_v1,ml_brain_snapshots,BACKFILL_SNAPSHOT_MODAL_DAILY_SPLICE_WINDOW
b1_61ad4df691613299b34124ee7c5c2326287eef1b,2026-07-08,,,MARKET,MARKET,MARKET,dii_cash,market_state,-383.4,16.0,16.0,25,25,25,2026-07-08T00:00:00+00:00,backfill,True,context_percentiles_v1,c3_percentile_recording_v1,ml_brain_snapshots,BACKFILL_SNAPSHOT_MODAL_DAILY_SPLICE_WINDOW
b1_a020e7ef32446f95299489671afc1bcd570c6524,2026-07-08,,,MARKET,MARKET,MARKET,fii_idx_fut,market_state,391.0,62.5,62.5,24,24,24,2026-07-08T00:00:00+00:00,backfill,True,context_percentiles_v1,c3_percentile_recording_v1,ml_brain_snapshots,BACKFILL_SNAPSHOT_MODAL_DAILY_SPLICE_WINDOW
b1_0045bd5d79b37ae44858f735aa970664a2d9a708,2026-07-08,,,MARKET,MARKET,MARKET,fii_stk_fut,market_state,1133.0,72.0,72.0,25,25,25,2026-07-08T00:00:00+00:00,backfill,True,context_percentiles_v1,c3_percentile_recording_v1,ml_brain_snapshots,BACKFILL_SNAPSHOT_MODAL_DAILY_SPLICE_WINDOW
b1_70537b68af81a4dff7174e2058029ced8d8cc0d8,2026-07-09,,,MARKET,MARKET,MARKET,vix,market_state,13.27,16.67,21.67,60,30,60,2026-07-09T00:00:00+00:00,backfill,True,context_percentiles_v1,c3_percentile_recording_v1,ml_brain_snapshots,BACKFILL_SNAPSHOT_LAST_POLL_SPLICE_WINDOW
b1_2484b25b222be4f6ed2c9e8f6c25bd329c15b80f,2026-07-09,,,MARKET,MARKET,MARKET,fii_short_pct,market_state,91.0,98.33,98.33,30,30,30,2026-07-09T00:00:00+00:00,backfill,True,context_percentiles_v1,c3_percentile_recording_v1,ml_brain_snapshots,BACKFILL_SNAPSHOT_MODAL_DAILY_SPLICE_WINDOW
b1_50974734fc305aaf3876680cb9f116b630846d4e,2026-07-09,,,MARKET,MARKET,MARKET,fii_cash,market_state,1962.8,100.0,100.0,30,30,30,2026-07-09T00:00:00+00:00,backfill,True,context_percentiles_v1,c3_percentile_recording_v1,ml_brain_snapshots,BACKFILL_SNAPSHOT_MODAL_DAILY_SPLICE_WINDOW
b1_fe22cb7cdac17c7d336807074a0384b9555e152a,2026-07-09,,,MARKET,MARKET,MARKET,dii_cash,market_state,790.2,23.08,23.08,26,26,26,2026-07-09T00:00:00+00:00,backfill,True,context_percentiles_v1,c3_percentile_recording_v1,ml_brain_snapshots,BACKFILL_SNAPSHOT_MODAL_DAILY_SPLICE_WINDOW
b1_3062c0c3b3a6a8906853332fc32f734ef8e70e45,2026-07-09,,,MARKET,MARKET,MARKET,fii_idx_fut,market_state,391.0,62.0,62.0,25,25,25,2026-07-09T00:00:00+00:00,backfill,True,context_percentiles_v1,c3_percentile_recording_v1,ml_brain_snapshots,BACKFILL_SNAPSHOT_MODAL_DAILY_SPLICE_WINDOW
b1_d75b70b138c0902aeecfdd4d3dd8eee39d696664,2026-07-09,,,MARKET,MARKET,MARKET,fii_stk_fut,market_state,1133.0,71.15,71.15,26,26,26,2026-07-09T00:00:00+00:00,backfill,True,context_percentiles_v1,c3_percentile_recording_v1,ml_brain_snapshots,BACKFILL_SNAPSHOT_MODAL_DAILY_SPLICE_WINDOW
b1_fe5e695eb354d4d8fa7260e597798ea979d8f3ff,2026-07-10,,,MARKET,MARKET,MARKET,vix,market_state,12.33,13.33,15.0,60,30,60,2026-07-10T00:00:00+00:00,backfill,True,context_percentiles_v1,c3_percentile_recording_v1,ml_brain_snapshots,BACKFILL_SNAPSHOT_LAST_POLL_SPLICE_WINDOW
b1_2ea5fe77dbdf1c8eb21b204bdbb216e98a28d59b,2026-07-10,,,MARKET,MARKET,MARKET,fii_short_pct,market_state,90.0,90.0,90.32,31,30,31,2026-07-10T00:00:00+00:00,backfill,True,context_percentiles_v1,c3_percentile_recording_v1,ml_brain_snapshots,BACKFILL_SNAPSHOT_MODAL_DAILY_SPLICE_WINDOW
b1_52e5d6bfe34e5368fcf82dc2ae9e0beb931b35a3,2026-07-10,,,MARKET,MARKET,MARKET,fii_cash,market_state,-532.9,66.67,67.74,31,30,31,2026-07-10T00:00:00+00:00,backfill,True,context_percentiles_v1,c3_percentile_recording_v1,ml_brain_snapshots,BACKFILL_SNAPSHOT_MODAL_DAILY_SPLICE_WINDOW
b1_7e3a4b4c33fd406ba00791843f7924e632acc5d8,2026-07-10,,,MARKET,MARKET,MARKET,dii_cash,market_state,2057.8,33.33,33.33,27,27,27,2026-07-10T00:00:00+00:00,backfill,True,context_percentiles_v1,c3_percentile_recording_v1,ml_brain_snapshots,BACKFILL_SNAPSHOT_MODAL_DAILY_SPLICE_WINDOW
b1_72046bf7c82f14b088788f3730b8dbedada1f388,2026-07-10,,,MARKET,MARKET,MARKET,fii_idx_fut,market_state,-4806.0,11.54,11.54,26,26,26,2026-07-10T00:00:00+00:00,backfill,True,context_percentiles_v1,c3_percentile_recording_v1,ml_brain_snapshots,BACKFILL_SNAPSHOT_MODAL_DAILY_SPLICE_WINDOW
b1_2b42adc7983b0f29eeb1fd24fb1c5fdcbfbdde4c,2026-07-10,,,MARKET,MARKET,MARKET,fii_stk_fut,market_state,-1574.0,14.81,14.81,27,27,27,2026-07-10T00:00:00+00:00,backfill,True,context_percentiles_v1,c3_percentile_recording_v1,ml_brain_snapshots,BACKFILL_SNAPSHOT_MODAL_DAILY_SPLICE_WINDOW
b1_472d832f52fb511ec55df16e5f9386c0b771565e,2026-07-13,,,MARKET,MARKET,MARKET,vix,market_state,13.3,23.33,23.33,60,30,60,2026-07-13T00:00:00+00:00,backfill,True,context_percentiles_v1,c3_percentile_recording_v1,ml_brain_snapshots,BACKFILL_SNAPSHOT_LAST_POLL_SPLICE_WINDOW
b1_9262099fc7f75f1bc9b5be9985ba6b57809e2522,2026-07-13,,,MARKET,MARKET,MARKET,fii_short_pct,market_state,89.0,80.0,81.25,32,30,32,2026-07-13T00:00:00+00:00,backfill,True,context_percentiles_v1,c3_percentile_recording_v1,ml_brain_snapshots,BACKFILL_SNAPSHOT_MODAL_DAILY_SPLICE_WINDOW
b1_49b9ae6d06666b22758054206863de337ef01e1e,2026-07-13,,,MARKET,MARKET,MARKET,fii_cash,market_state,2603.7,100.0,100.0,32,30,32,2026-07-13T00:00:00+00:00,backfill,True,context_percentiles_v1,c3_percentile_recording_v1,ml_brain_snapshots,BACKFILL_SNAPSHOT_MODAL_DAILY_SPLICE_WINDOW
b1_dface2ed590b3f62ee476df498fa53848efce8bd,2026-07-13,,,MARKET,MARKET,MARKET,dii_cash,market_state,2019.7,32.14,32.14,28,28,28,2026-07-13T00:00:00+00:00,backfill,True,context_percentiles_v1,c3_percentile_recording_v1,ml_brain_snapshots,BACKFILL_SNAPSHOT_MODAL_DAILY_SPLICE_WINDOW
b1_f2a5886d5423033ec9a4b40d4e4f2990511f28ba,2026-07-13,,,MARKET,MARKET,MARKET,fii_idx_fut,market_state,1911.0,96.3,96.3,27,27,27,2026-07-13T00:00:00+00:00,backfill,True,context_percentiles_v1,c3_percentile_recording_v1,ml_brain_snapshots,BACKFILL_SNAPSHOT_MODAL_DAILY_SPLICE_WINDOW
b1_c017a42dd2c8f4f1ae6a2d5fa5e61687b24cf001,2026-07-13,,,MARKET,MARKET,MARKET,fii_stk_fut,market_state,3303.0,96.43,96.43,28,28,28,2026-07-13T00:00:00+00:00,backfill,True,context_percentiles_v1,c3_percentile_recording_v1,ml_brain_snapshots,BACKFILL_SNAPSHOT_MODAL_DAILY_SPLICE_WINDOW
b1_b5b619821856028fb928e03567dc50020ade3045,2026-07-14,,,MARKET,MARKET,MARKET,vix,market_state,13.8,30.0,31.67,60,30,60,2026-07-14T00:00:00+00:00,backfill,True,context_percentiles_v1,c3_percentile_recording_v1,ml_brain_snapshots,BACKFILL_SNAPSHOT_LAST_POLL_SPLICE_WINDOW
b1_9c1dfd9212c95ad841d41aa5bf1ceb5891970c2c,2026-07-14,,,MARKET,MARKET,MARKET,fii_short_pct,market_state,90.0,88.33,89.39,33,30,33,2026-07-14T00:00:00+00:00,backfill,True,context_percentiles_v1,c3_percentile_recording_v1,ml_brain_snapshots,BACKFILL_SNAPSHOT_MODAL_DAILY_SPLICE_WINDOW
b1_26e0895e92010d7ed414efb16e01338796dfefb4,2026-07-14,,,MARKET,MARKET,MARKET,fii_cash,market_state,-3062.3,33.33,39.39,33,30,33,2026-07-14T00:00:00+00:00,backfill,True,context_percentiles_v1,c3_percentile_recording_v1,ml_brain_snapshots,BACKFILL_SNAPSHOT_MODAL_DAILY_SPLICE_WINDOW
b1_3d28c84364c086e31a4c0c3ee86b47912eee1112,2026-07-14,,,MARKET,MARKET,MARKET,dii_cash,market_state,2171.7,37.93,37.93,29,29,29,2026-07-14T00:00:00+00:00,backfill,True,context_percentiles_v1,c3_percentile_recording_v1,ml_brain_snapshots,BACKFILL_SNAPSHOT_MODAL_DAILY_SPLICE_WINDOW
b1_5da27fca949b4bd249cd724041c11858dd1c31cc,2026-07-14,,,MARKET,MARKET,MARKET,fii_idx_fut,market_state,-76.0,50.0,50.0,28,28,28,2026-07-14T00:00:00+00:00,backfill,True,context_percentiles_v1,c3_percentile_recording_v1,ml_brain_snapshots,BACKFILL_SNAPSHOT_MODAL_DAILY_SPLICE_WINDOW
b1_20e7f29725f242dee17b2f9657b0faa6b74cb491,2026-07-14,,,MARKET,MARKET,MARKET,fii_stk_fut,market_state,-948.0,20.69,20.69,29,29,29,2026-07-14T00:00:00+00:00,backfill,True,context_percentiles_v1,c3_percentile_recording_v1,ml_brain_snapshots,BACKFILL_SNAPSHOT_MODAL_DAILY_SPLICE_WINDOW
b1_12b80cd5c43b46084f499f147f5c08a55cd58ed4,2026-07-15,,,MARKET,MARKET,MARKET,vix,market_state,13.27,21.67,17.5,60,30,60,2026-07-15T00:00:00+00:00,backfill,True,context_percentiles_v1,c3_percentile_recording_v1,ml_brain_snapshots,BACKFILL_SNAPSHOT_LAST_POLL_SPLICE_WINDOW
b1_9ce96903f5618ee2de77f3ab80dbc888137f3631,2026-07-15,,,MARKET,MARKET,MARKET,fii_short_pct,market_state,92.0,100.0,100.0,34,30,34,2026-07-15T00:00:00+00:00,backfill,True,context_percentiles_v1,c3_percentile_recording_v1,ml_brain_snapshots,BACKFILL_SNAPSHOT_MODAL_DAILY_SPLICE_WINDOW
b1_171ab8d08a1be85727e710a691e24691ee11277b,2026-07-15,,,MARKET,MARKET,MARKET,fii_cash,market_state,-739.7,60.0,64.71,34,30,34,2026-07-15T00:00:00+00:00,backfill,True,context_percentiles_v1,c3_percentile_recording_v1,ml_brain_snapshots,BACKFILL_SNAPSHOT_MODAL_DAILY_SPLICE_WINDOW
b1_e07d1558de39d24530f6745dc6e7bbec80cbe1f9,2026-07-15,,,MARKET,MARKET,MARKET,dii_cash,market_state,2927.7,43.33,43.33,30,30,30,2026-07-15T00:00:00+00:00,backfill,True,context_percentiles_v1,c3_percentile_recording_v1,ml_brain_snapshots,BACKFILL_SNAPSHOT_MODAL_DAILY_SPLICE_WINDOW
b1_fd17048f3c18e71669f28b9ae6ef009d0cb1e56d,2026-07-15,,,MARKET,MARKET,MARKET,fii_idx_fut,market_state,-1736.0,17.24,17.24,29,29,29,2026-07-15T00:00:00+00:00,backfill,True,context_percentiles_v1,c3_percentile_recording_v1,ml_brain_snapshots,BACKFILL_SNAPSHOT_MODAL_DAILY_SPLICE_WINDOW
b1_4a2417b1aeedcb7c83f2c09178f8b4f6f3b80af2,2026-07-15,,,MARKET,MARKET,MARKET,fii_stk_fut,market_state,-5264.0,0.0,0.0,30,30,30,2026-07-15T00:00:00+00:00,backfill,True,context_percentiles_v1,c3_percentile_recording_v1,ml_brain_snapshots,BACKFILL_SNAPSHOT_MODAL_DAILY_SPLICE_WINDOW
b1_843715da6f3d1b7a6226f0bddc12cfb408bd276a,2026-07-16,,,MARKET,MARKET,MARKET,vix,market_state,12.87,16.67,11.67,60,30,60,2026-07-16T00:00:00+00:00,backfill,True,context_percentiles_v1,c3_percentile_recording_v1,ml_brain_snapshots,BACKFILL_SNAPSHOT_LAST_POLL_SPLICE_WINDOW
b1_b3dcac74334ba06be7876a5b2b8bce81d355ef07,2026-07-16,,,MARKET,MARKET,MARKET,fii_short_pct,market_state,92.0,98.33,98.57,35,30,35,2026-07-16T00:00:00+00:00,backfill,True,context_percentiles_v1,c3_percentile_recording_v1,ml_brain_snapshots,BACKFILL_SNAPSHOT_MODAL_DAILY_SPLICE_WINDOW
b1_2cc1e0678e1980dab95632185188e2fae577023d,2026-07-16,,,MARKET,MARKET,MARKET,fii_cash,market_state,-735.8,60.0,65.71,35,30,35,2026-07-16T00:00:00+00:00,backfill,True,context_percentiles_v1,c3_percentile_recording_v1,ml_brain_snapshots,BACKFILL_SNAPSHOT_MODAL_DAILY_SPLICE_WINDOW
b1_afb9c5bd6f0070dc010ead550ca26c07e1860c0d,2026-07-16,,,MARKET,MARKET,MARKET,dii_cash,market_state,704.9,20.0,19.35,31,30,31,2026-07-16T00:00:00+00:00,backfill,True,context_percentiles_v1,c3_percentile_recording_v1,ml_brain_snapshots,BACKFILL_SNAPSHOT_MODAL_DAILY_SPLICE_WINDOW
b1_304c697003c7cf3e2e2b5f6d5f3c4347b0e53ee4,2026-07-16,,,MARKET,MARKET,MARKET,fii_idx_fut,market_state,440.0,66.67,66.67,30,30,30,2026-07-16T00:00:00+00:00,backfill,True,context_percentiles_v1,c3_percentile_recording_v1,ml_brain_snapshots,BACKFILL_SNAPSHOT_MODAL_DAILY_SPLICE_WINDOW
b1_51ea7780ffef9b798828d3a939a667404f58dbb5,2026-07-16,,,MARKET,MARKET,MARKET,fii_stk_fut,market_state,-1864.0,10.0,9.68,31,30,31,2026-07-16T00:00:00+00:00,backfill,True,context_percentiles_v1,c3_percentile_recording_v1,ml_brain_snapshots,BACKFILL_SNAPSHOT_MODAL_DAILY_SPLICE_WINDOW
b1_84b63e72a36485c35e62e9c63b1b4168c3ed707d,2026-07-17,,,MARKET,MARKET,MARKET,vix,market_state,13.24,23.33,16.67,60,30,60,2026-07-17T00:00:00+00:00,backfill,True,context_percentiles_v1,c3_percentile_recording_v1,ml_brain_snapshots,BACKFILL_SNAPSHOT_LAST_POLL_SPLICE_WINDOW
b1_51eadbbcc19cfa045b0f84c817ab16443bc0f71b,2026-07-17,,,MARKET,MARKET,MARKET,fii_short_pct,market_state,92.0,96.67,97.22,36,30,36,2026-07-17T00:00:00+00:00,backfill,True,context_percentiles_v1,c3_percentile_recording_v1,ml_brain_snapshots,BACKFILL_SNAPSHOT_MODAL_DAILY_SPLICE_WINDOW
b1_167eab6d7c16e5b774daa07ecccdb74283cc96f0,2026-07-17,,,MARKET,MARKET,MARKET,fii_cash,market_state,-4205.6,23.33,36.11,36,30,36,2026-07-17T00:00:00+00:00,backfill,True,context_percentiles_v1,c3_percentile_recording_v1,ml_brain_snapshots,BACKFILL_SNAPSHOT_MODAL_DAILY_SPLICE_WINDOW
b1_814be6b029b8eea59f93e6bf5f78621fc0da77bf,2026-07-17,,,MARKET,MARKET,MARKET,dii_cash,market_state,2986.4,50.0,46.88,32,30,32,2026-07-17T00:00:00+00:00,backfill,True,context_percentiles_v1,c3_percentile_recording_v1,ml_brain_snapshots,BACKFILL_SNAPSHOT_MODAL_DAILY_SPLICE_WINDOW
b1_8c36e0248a07324f708af0780c05e3f190240d38,2026-07-17,,,MARKET,MARKET,MARKET,fii_idx_fut,market_state,1994.0,96.67,96.77,31,30,31,2026-07-17T00:00:00+00:00,backfill,True,context_percentiles_v1,c3_percentile_recording_v1,ml_brain_snapshots,BACKFILL_SNAPSHOT_MODAL_DAILY_SPLICE_WINDOW
b1_98d1228250241234d9eadf88c38d2ccc927a7f9c,2026-07-17,,,MARKET,MARKET,MARKET,fii_stk_fut,market_state,1309.0,73.33,75.0,32,30,32,2026-07-17T00:00:00+00:00,backfill,True,context_percentiles_v1,c3_percentile_recording_v1,ml_brain_snapshots,BACKFILL_SNAPSHOT_MODAL_DAILY_SPLICE_WINDOW
b1_948ec0c7b09116b1d4b63473a8347b83434f1974,2026-07-20,,,MARKET,MARKET,MARKET,vix,market_state,12.9,20.0,13.33,60,30,60,2026-07-20T00:00:00+00:00,backfill,True,context_percentiles_v1,c3_percentile_recording_v1,ml_brain_snapshots,BACKFILL_SNAPSHOT_LAST_POLL_SPLICE_WINDOW
b1_cd9daf9661ad9da47519f2fa87945c5516108100,2026-07-20,,,MARKET,MARKET,MARKET,fii_short_pct,market_state,89.0,65.0,71.62,37,30,37,2026-07-20T00:00:00+00:00,backfill,True,context_percentiles_v1,c3_percentile_recording_v1,ml_brain_snapshots,BACKFILL_SNAPSHOT_MODAL_DAILY_SPLICE_WINDOW
b1_49a21223363f3833daf49f522c804cde6709ac25,2026-07-20,,,MARKET,MARKET,MARKET,fii_cash,market_state,-376.4,63.33,70.27,37,30,37,2026-07-20T00:00:00+00:00,backfill,True,context_percentiles_v1,c3_percentile_recording_v1,ml_brain_snapshots,BACKFILL_SNAPSHOT_MODAL_DAILY_SPLICE_WINDOW
b1_54c077f917682eea645baa5e993688ff5a204791,2026-07-20,,,MARKET,MARKET,MARKET,dii_cash,market_state,1017.9,30.0,27.27,33,30,33,2026-07-20T00:00:00+00:00,backfill,True,context_percentiles_v1,c3_percentile_recording_v1,ml_brain_snapshots,BACKFILL_SNAPSHOT_MODAL_DAILY_SPLICE_WINDOW
b1_9a55d6434e98d5e21d5fdd49a3ae498d65b1cdec,2026-07-20,,,MARKET,MARKET,MARKET,fii_idx_fut,market_state,5393.0,100.0,100.0,32,30,32,2026-07-20T00:00:00+00:00,backfill,True,context_percentiles_v1,c3_percentile_recording_v1,ml_brain_snapshots,BACKFILL_SNAPSHOT_MODAL_DAILY_SPLICE_WINDOW
b1_3d2cbe310727e5fc6c4fe82c18a377c416a9918d,2026-07-20,,,MARKET,MARKET,MARKET,fii_stk_fut,market_state,917.0,60.0,63.64,33,30,33,2026-07-20T00:00:00+00:00,backfill,True,context_percentiles_v1,c3_percentile_recording_v1,ml_brain_snapshots,BACKFILL_SNAPSHOT_MODAL_DAILY_SPLICE_WINDOW
b1_a1fb32e4eef4f2258f143bb38b7525da818bf2a9,2026-07-21,,,MARKET,MARKET,MARKET,vix,market_state,12.54,16.67,10.0,60,30,60,2026-07-21T00:00:00+00:00,backfill,True,context_percentiles_v1,c3_percentile_recording_v1,ml_brain_snapshots,BACKFILL_SNAPSHOT_LAST_POLL_SPLICE_WINDOW
b1_f84dcd1399a696259bd25e3e174224b391385403,2026-07-21,,,MARKET,MARKET,MARKET,fii_short_pct,market_state,91.0,86.67,89.47,38,30,38,2026-07-21T00:00:00+00:00,backfill,True,context_percentiles_v1,c3_percentile_recording_v1,ml_brain_snapshots,BACKFILL_SNAPSHOT_MODAL_DAILY_SPLICE_WINDOW
b1_0fe9a66aa7563c1c6ff0839c8f95dfcc2d02307f,2026-07-21,,,MARKET,MARKET,MARKET,fii_cash,market_state,-1121.0,50.0,60.53,38,30,38,2026-07-21T00:00:00+00:00,backfill,True,context_percentiles_v1,c3_percentile_recording_v1,ml_brain_snapshots,BACKFILL_SNAPSHOT_MODAL_DAILY_SPLICE_WINDOW
b1_851177115e78b6d22567113ebc3e0d6b3f64d006,2026-07-21,,,MARKET,MARKET,MARKET,dii_cash,market_state,1312.0,33.33,29.41,34,30,34,2026-07-21T00:00:00+00:00,backfill,True,context_percentiles_v1,c3_percentile_recording_v1,ml_brain_snapshots,BACKFILL_SNAPSHOT_MODAL_DAILY_SPLICE_WINDOW
b1_fbc3d90bab19393736791d7019919935cc895750,2026-07-21,,,MARKET,MARKET,MARKET,fii_idx_fut,market_state,-632.0,20.0,24.24,33,30,33,2026-07-21T00:00:00+00:00,backfill,True,context_percentiles_v1,c3_percentile_recording_v1,ml_brain_snapshots,BACKFILL_SNAPSHOT_MODAL_DAILY_SPLICE_WINDOW
b1_9e19a4e0d02d5dd5eb12197ac8e84e083afbbc4c,2026-07-21,,,MARKET,MARKET,MARKET,fii_stk_fut,market_state,446.0,50.0,55.88,34,30,34,2026-07-21T00:00:00+00:00,backfill,True,context_percentiles_v1,c3_percentile_recording_v1,ml_brain_snapshots,BACKFILL_SNAPSHOT_MODAL_DAILY_SPLICE_WINDOW
b1_409ac40e8b8c3db1799e0c5d66bce27cad0af0b9,2026-07-22,,,MARKET,MARKET,MARKET,vix,market_state,13.31,43.33,23.33,60,30,60,2026-07-22T00:00:00+00:00,backfill,True,context_percentiles_v1,c3_percentile_recording_v1,ml_brain_snapshots,BACKFILL_SNAPSHOT_LAST_POLL_SPLICE_WINDOW
b1_5823c56a669458e799e0f6367a7532a708db3306,2026-07-22,,,MARKET,MARKET,MARKET,fii_short_pct,market_state,91.0,85.0,88.46,39,30,39,2026-07-22T00:00:00+00:00,backfill,True,context_percentiles_v1,c3_percentile_recording_v1,ml_brain_snapshots,BACKFILL_SNAPSHOT_MODAL_DAILY_SPLICE_WINDOW
b1_75e2c72bc87aafae6a9911e89ca037a38e73608d,2026-07-22,,,MARKET,MARKET,MARKET,fii_cash,market_state,1650.2,93.33,92.31,39,30,39,2026-07-22T00:00:00+00:00,backfill,True,context_percentiles_v1,c3_percentile_recording_v1,ml_brain_snapshots,BACKFILL_SNAPSHOT_MODAL_DAILY_SPLICE_WINDOW
b1_f645995df6b3249cbcdef06f1d1420cd59e10e10,2026-07-22,,,MARKET,MARKET,MARKET,dii_cash,market_state,1312.0,35.0,30.0,35,30,35,2026-07-22T00:00:00+00:00,backfill,True,context_percentiles_v1,c3_percentile_recording_v1,ml_brain_snapshots,BACKFILL_SNAPSHOT_MODAL_DAILY_SPLICE_WINDOW
b1_07dc68bddc4706b3d16dc7cf77f59675de6b2200,2026-07-22,,,MARKET,MARKET,MARKET,fii_idx_fut,market_state,-632.0,21.67,25.0,34,30,34,2026-07-22T00:00:00+00:00,backfill,True,context_percentiles_v1,c3_percentile_recording_v1,ml_brain_snapshots,BACKFILL_SNAPSHOT_MODAL_DAILY_SPLICE_WINDOW
b1_dd5e5afd73bd362088497ed25df2b98464bcab38,2026-07-22,,,MARKET,MARKET,MARKET,fii_stk_fut,market_state,446.0,48.33,55.71,35,30,35,2026-07-22T00:00:00+00:00,backfill,True,context_percentiles_v1,c3_percentile_recording_v1,ml_brain_snapshots,BACKFILL_SNAPSHOT_MODAL_DAILY_SPLICE_WINDOW
b1_6a4b5c64038e3c2b76e25df90bafd56670ef61e9,2026-07-23,,,MARKET,MARKET,MARKET,vix,market_state,13.48,46.67,25.0,60,30,60,2026-07-23T00:00:00+00:00,backfill,True,context_percentiles_v1,c3_percentile_recording_v1,ml_brain_snapshots,BACKFILL_SNAPSHOT_LAST_POLL_SPLICE_WINDOW
b1_6e060bec13113c21832e4a7a2df5d80a9b541c1f,2026-07-23,,,MARKET,MARKET,MARKET,fii_short_pct,market_state,92.0,95.0,96.25,40,30,40,2026-07-23T00:00:00+00:00,backfill,True,context_percentiles_v1,c3_percentile_recording_v1,ml_brain_snapshots,BACKFILL_SNAPSHOT_MODAL_DAILY_SPLICE_WINDOW
b1_c374ea05f78752dcae94910f9186f57bc379b29a,2026-07-23,,,MARKET,MARKET,MARKET,fii_cash,market_state,-819.2,50.0,60.0,40,30,40,2026-07-23T00:00:00+00:00,backfill,True,context_percentiles_v1,c3_percentile_recording_v1,ml_brain_snapshots,BACKFILL_SNAPSHOT_MODAL_DAILY_SPLICE_WINDOW
b1_81871cde93b963c797a6cad3042e413d6f5a2f2f,2026-07-23,,,MARKET,MARKET,MARKET,dii_cash,market_state,1312.0,36.67,30.56,36,30,36,2026-07-23T00:00:00+00:00,backfill,True,context_percentiles_v1,c3_percentile_recording_v1,ml_brain_snapshots,BACKFILL_SNAPSHOT_MODAL_DAILY_SPLICE_WINDOW
b1_726699bd06457eb392f512ed466b28564c1e1cc5,2026-07-23,,,MARKET,MARKET,MARKET,fii_idx_fut,market_state,-632.0,20.0,25.71,35,30,35,2026-07-23T00:00:00+00:00,backfill,True,context_percentiles_v1,c3_percentile_recording_v1,ml_brain_snapshots,BACKFILL_SNAPSHOT_MODAL_DAILY_SPLICE_WINDOW
b1_26cf465b35c56ddd42949abd282e41f7155a2c30,2026-07-23,,,MARKET,MARKET,MARKET,fii_stk_fut,market_state,446.0,46.67,55.56,36,30,36,2026-07-23T00:00:00+00:00,backfill,True,context_percentiles_v1,c3_percentile_recording_v1,ml_brain_snapshots,BACKFILL_SNAPSHOT_MODAL_DAILY_SPLICE_WINDOW
b1_a1d6d465e496c0e96ccdff7ad3e945b21c1dd98a,2026-07-24,,,MARKET,MARKET,MARKET,vix,market_state,13.9,56.67,33.33,60,30,60,2026-07-24T00:00:00+00:00,backfill,True,context_percentiles_v1,c3_percentile_recording_v1,ml_brain_snapshots,BACKFILL_SNAPSHOT_LAST_POLL_SPLICE_WINDOW
b1_b6b998af0e23b31723b78dad5c60759affd2ce87,2026-07-24,,,MARKET,MARKET,MARKET,fii_short_pct,market_state,92.0,93.33,95.12,41,30,41,2026-07-24T00:00:00+00:00,backfill,True,context_percentiles_v1,c3_percentile_recording_v1,ml_brain_snapshots,BACKFILL_SNAPSHOT_MODAL_DAILY_SPLICE_WINDOW
b1_922f321291100b3e747c4e025dcb595ce6d8ba1e,2026-07-24,,,MARKET,MARKET,MARKET,fii_cash,market_state,-2999.2,23.33,36.59,41,30,41,2026-07-24T00:00:00+00:00,backfill,True,context_percentiles_v1,c3_percentile_recording_v1,ml_brain_snapshots,BACKFILL_SNAPSHOT_MODAL_DAILY_SPLICE_WINDOW
b1_1c723702fe0a47daa4d9731ddd5935cefc1fbef6,2026-07-24,,,MARKET,MARKET,MARKET,dii_cash,market_state,2947.1,63.33,51.35,37,30,37,2026-07-24T00:00:00+00:00,backfill,True,context_percentiles_v1,c3_percentile_recording_v1,ml_brain_snapshots,BACKFILL_SNAPSHOT_MODAL_DAILY_SPLICE_WINDOW
b1_c539b5146e59ec461f0ff74f65d21b7b43e2eaa6,2026-07-24,,,MARKET,MARKET,MARKET,fii_idx_fut,market_state,-1840.0,10.0,13.89,36,30,36,2026-07-24T00:00:00+00:00,backfill,True,context_percentiles_v1,c3_percentile_recording_v1,ml_brain_snapshots,BACKFILL_SNAPSHOT_MODAL_DAILY_SPLICE_WINDOW
b1_3177482986189d2249aaec13c57f907c31411db6,2026-07-24,,,MARKET,MARKET,MARKET,fii_stk_fut,market_state,2182.0,86.67,86.49,37,30,37,2026-07-24T00:00:00+00:00,backfill,True,context_percentiles_v1,c3_percentile_recording_v1,ml_brain_snapshots,BACKFILL_SNAPSHOT_MODAL_DAILY_SPLICE_WINDOW
b1_df85a5786e918748651a1411eee3f3b740e835b3,2026-07-27,,,MARKET,MARKET,MARKET,vix,market_state,12.64,20.0,10.0,60,30,60,2026-07-27T00:00:00+00:00,backfill,True,context_percentiles_v1,c3_percentile_recording_v1,ml_brain_snapshots,BACKFILL_SNAPSHOT_LAST_POLL_SPLICE_WINDOW
b1_dc0ff6553997f874e5a8d3f7311a2b1bf4206aa4,2026-07-27,,,MARKET,MARKET,MARKET,fii_short_pct,market_state,91.0,76.67,83.33,42,30,42,2026-07-27T00:00:00+00:00,backfill,True,context_percentiles_v1,c3_percentile_recording_v1,ml_brain_snapshots,BACKFILL_SNAPSHOT_MODAL_DAILY_SPLICE_WINDOW
b1_2c2e84c75be8b7aad4c8fafe442db3df01414d87,2026-07-27,,,MARKET,MARKET,MARKET,fii_cash,market_state,-3892.8,16.67,33.33,42,30,42,2026-07-27T00:00:00+00:00,backfill,True,context_percentiles_v1,c3_percentile_recording_v1,ml_brain_snapshots,BACKFILL_SNAPSHOT_MODAL_DAILY_SPLICE_WINDOW
b1_2a3c323ff030dba3771ee554b233c71f93dffb22,2026-07-27,,,MARKET,MARKET,MARKET,dii_cash,market_state,5453.6,86.67,78.95,38,30,38,2026-07-27T00:00:00+00:00,backfill,True,context_percentiles_v1,c3_percentile_recording_v1,ml_brain_snapshots,BACKFILL_SNAPSHOT_MODAL_DAILY_SPLICE_WINDOW
b1_cca2b2c694432da91fe54a0fe1652cb2113cde1b,2026-07-27,,,MARKET,MARKET,MARKET,fii_idx_fut,market_state,-1201.0,16.67,21.62,37,30,37,2026-07-27T00:00:00+00:00,backfill,True,context_percentiles_v1,c3_percentile_recording_v1,ml_brain_snapshots,BACKFILL_SNAPSHOT_MODAL_DAILY_SPLICE_WINDOW
b1_cf2bf519ffed9c20e6404510020db3c302402485,2026-07-27,,,MARKET,MARKET,MARKET,fii_stk_fut,market_state,2116.0,86.67,84.21,38,30,38,2026-07-27T00:00:00+00:00,backfill,True,context_percentiles_v1,c3_percentile_recording_v1,ml_brain_snapshots,BACKFILL_SNAPSHOT_MODAL_DAILY_SPLICE_WINDOW
b1_56e6f49875908f5807bf7cdc66867e18ce2b1105,2026-07-28,,,MARKET,MARKET,MARKET,vix,market_state,12.44,16.67,8.33,60,30,60,2026-07-28T00:00:00+00:00,backfill,True,context_percentiles_v1,c3_percentile_recording_v1,ml_brain_snapshots,BACKFILL_SNAPSHOT_LAST_POLL_SPLICE_WINDOW
b1_fb1440f18001271d3e87666de48b1557a8a5772b,2026-07-28,,,MARKET,MARKET,MARKET,fii_short_pct,market_state,91.0,75.0,82.56,43,30,43,2026-07-28T00:00:00+00:00,backfill,True,context_percentiles_v1,c3_percentile_recording_v1,ml_brain_snapshots,BACKFILL_SNAPSHOT_MODAL_DAILY_SPLICE_WINDOW
b1_3679cb5c51902e2c29b7727cd8698067fec99bf3,2026-07-28,,,MARKET,MARKET,MARKET,fii_cash,market_state,1688.2,93.33,93.02,43,30,43,2026-07-28T00:00:00+00:00,backfill,True,context_percentiles_v1,c3_percentile_recording_v1,ml_brain_snapshots,BACKFILL_SNAPSHOT_MODAL_DAILY_SPLICE_WINDOW
b1_0d155056b606738bb72a6c93550982ceadc95dbf,2026-07-28,,,MARKET,MARKET,MARKET,dii_cash,market_state,2329.1,56.67,43.59,39,30,39,2026-07-28T00:00:00+00:00,backfill,True,context_percentiles_v1,c3_percentile_recording_v1,ml_brain_snapshots,BACKFILL_SNAPSHOT_MODAL_DAILY_SPLICE_WINDOW
b1_2398620e66a3eda86591dd3c2cba7f9ae286b685,2026-07-28,,,MARKET,MARKET,MARKET,fii_idx_fut,market_state,626.0,70.0,71.05,38,30,38,2026-07-28T00:00:00+00:00,backfill,True,context_percentiles_v1,c3_percentile_recording_v1,ml_brain_snapshots,BACKFILL_SNAPSHOT_MODAL_DAILY_SPLICE_WINDOW
b1_5e026420ba6415e6cb2d3de845c304bea9a9c2a6,2026-07-28,,,MARKET,MARKET,MARKET,fii_stk_fut,market_state,5316.0,100.0,100.0,39,30,39,2026-07-28T00:00:00+00:00,backfill,True,context_percentiles_v1,c3_percentile_recording_v1,ml_brain_snapshots,BACKFILL_SNAPSHOT_MODAL_DAILY_SPLICE_WINDOW
b1_ae437e9af7a403edfa9418ed3fa80374540c9027,2026-07-29,,,MARKET,MARKET,MARKET,vix,market_state,12.03,10.0,5.0,60,30,60,2026-07-29T00:00:00+00:00,backfill,True,context_percentiles_v1,c3_percentile_recording_v1,ml_brain_snapshots,BACKFILL_SNAPSHOT_LAST_POLL_SPLICE_WINDOW
b1_0f0c925c99ca1db9dc4efa3f91e79d81e38ac9c1,2026-07-29,,,MARKET,MARKET,MARKET,fii_short_pct,market_state,91.0,73.33,81.82,44,30,44,2026-07-29T00:00:00+00:00,backfill,True,context_percentiles_v1,c3_percentile_recording_v1,ml_brain_snapshots,BACKFILL_SNAPSHOT_MODAL_DAILY_SPLICE_WINDOW
b1_c74605fa13c1879d6e0ce3bef3b665d347d44e26,2026-07-29,,,MARKET,MARKET,MARKET,fii_cash,market_state,755.3,83.33,86.36,44,30,44,2026-07-29T00:00:00+00:00,backfill,True,context_percentiles_v1,c3_percentile_recording_v1,ml_brain_snapshots,BACKFILL_SNAPSHOT_MODAL_DAILY_SPLICE_WINDOW
b1_b26fada096f7cbd17da88b2e6c149e99c61654b7,2026-07-29,,,MARKET,MARKET,MARKET,dii_cash,market_state,1664.2,43.33,32.5,40,30,40,2026-07-29T00:00:00+00:00,backfill,True,context_percentiles_v1,c3_percentile_recording_v1,ml_brain_snapshots,BACKFILL_SNAPSHOT_MODAL_DAILY_SPLICE_WINDOW
b1_a2fc2ecf2a3ae5ee1a213cc7512c4524421c5029,2026-07-29,,,MARKET,MARKET,MARKET,fii_idx_fut,market_state,-2601.0,6.67,10.26,39,30,39,2026-07-29T00:00:00+00:00,backfill,True,context_percentiles_v1,c3_percentile_recording_v1,ml_brain_snapshots,BACKFILL_SNAPSHOT_MODAL_DAILY_SPLICE_WINDOW
b1_87764dc4f06c5cc122033bc6964b6ae20332aaa2,2026-07-29,,,MARKET,MARKET,MARKET,fii_stk_fut,market_state,2774.0,93.33,87.5,40,30,40,2026-07-29T00:00:00+00:00,backfill,True,context_percentiles_v1,c3_percentile_recording_v1,ml_brain_snapshots,BACKFILL_SNAPSHOT_MODAL_DAILY_SPLICE_WINDOW
b1_5b967784c49c040e0a93d4aa57dbcfbb92d2f4b0,2026-07-30,,,MARKET,MARKET,MARKET,vix,market_state,12.17,13.33,6.67,60,30,60,2026-07-30T00:00:00+00:00,backfill,True,context_percentiles_v1,c3_percentile_recording_v1,ml_brain_snapshots,BACKFILL_SNAPSHOT_LAST_POLL_SPLICE_WINDOW
b1_9be18963c306a66a0331c364a75bc1f0149c11f9,2026-07-30,,,MARKET,MARKET,MARKET,fii_short_pct,market_state,90.0,53.33,68.89,45,30,45,2026-07-30T00:00:00+00:00,backfill,True,context_percentiles_v1,c3_percentile_recording_v1,ml_brain_snapshots,BACKFILL_SNAPSHOT_MODAL_DAILY_SPLICE_WINDOW
b1_93018835d4850b053b359566bcaf34774bd24f21,2026-07-30,,,MARKET,MARKET,MARKET,fii_cash,market_state,2981.9,100.0,100.0,45,30,45,2026-07-30T00:00:00+00:00,backfill,True,context_percentiles_v1,c3_percentile_recording_v1,ml_brain_snapshots,BACKFILL_SNAPSHOT_MODAL_DAILY_SPLICE_WINDOW
b1_5a15c71462eaa71ee59abc17da0afc275cdb5b0b,2026-07-30,,,MARKET,MARKET,MARKET,dii_cash,market_state,998.0,30.0,21.95,41,30,41,2026-07-30T00:00:00+00:00,backfill,True,context_percentiles_v1,c3_percentile_recording_v1,ml_brain_snapshots,BACKFILL_SNAPSHOT_MODAL_DAILY_SPLICE_WINDOW
b1_131d5ed578215f527f287da7b0ddd8e43ccbdb96,2026-07-30,,,MARKET,MARKET,MARKET,fii_idx_fut,market_state,1711.0,86.67,90.0,40,30,40,2026-07-30T00:00:00+00:00,backfill,True,context_percentiles_v1,c3_percentile_recording_v1,ml_brain_snapshots,BACKFILL_SNAPSHOT_MODAL_DAILY_SPLICE_WINDOW
b1_015f0e9fbc13f85d2e92b6ece50a2bc0c2fd973c,2026-07-30,,,MARKET,MARKET,MARKET,fii_stk_fut,market_state,3263.0,93.33,92.68,41,30,41,2026-07-30T00:00:00+00:00,backfill,True,context_percentiles_v1,c3_percentile_recording_v1,ml_brain_snapshots,BACKFILL_SNAPSHOT_MODAL_DAILY_SPLICE_WINDOW
b1_bd23a4db0c3c5352e3e91dff2ba28bc2c56e0ac4,2026-07-31,,,MARKET,MARKET,MARKET,vix,market_state,11.81,3.33,1.67,60,30,60,2026-07-31T00:00:00+00:00,backfill,True,context_percentiles_v1,c3_percentile_recording_v1,ml_brain_snapshots,BACKFILL_SNAPSHOT_LAST_POLL_SPLICE_WINDOW
b1_3da27ae3095425752f2be7300215e005c748d621,2026-07-31,,,MARKET,MARKET,MARKET,fii_short_pct,market_state,90.0,51.67,68.48,46,30,46,2026-07-31T00:00:00+00:00,backfill,True,context_percentiles_v1,c3_percentile_recording_v1,ml_brain_snapshots,BACKFILL_SNAPSHOT_MODAL_DAILY_SPLICE_WINDOW
b1_8eb74ed648711eaf49404b72a848dac6478717e4,2026-07-31,,,MARKET,MARKET,MARKET,fii_cash,market_state,3623.5,100.0,100.0,46,30,46,2026-07-31T00:00:00+00:00,backfill,True,context_percentiles_v1,c3_percentile_recording_v1,ml_brain_snapshots,BACKFILL_SNAPSHOT_MODAL_DAILY_SPLICE_WINDOW
b1_8602d3fd7f1eaaa7814ddf476337e22fcda488a4,2026-07-31,,,MARKET,MARKET,MARKET,dii_cash,market_state,-1864.0,10.0,7.14,42,30,42,2026-07-31T00:00:00+00:00,backfill,True,context_percentiles_v1,c3_percentile_recording_v1,ml_brain_snapshots,BACKFILL_SNAPSHOT_MODAL_DAILY_SPLICE_WINDOW
b1_501e54b14664bfac9a9838c7a39b7e4058eabb66,2026-07-31,,,MARKET,MARKET,MARKET,fii_idx_fut,market_state,1711.0,88.33,89.02,41,30,41,2026-07-31T00:00:00+00:00,backfill,True,context_percentiles_v1,c3_percentile_recording_v1,ml_brain_snapshots,BACKFILL_SNAPSHOT_MODAL_DAILY_SPLICE_WINDOW
b1_a837002ecd14ee08c9362b327c0e817fd52f4f34,2026-07-31,,,MARKET,MARKET,MARKET,fii_stk_fut,market_state,3263.0,91.67,91.67,42,30,42,2026-07-31T00:00:00+00:00,backfill,True,context_percentiles_v1,c3_percentile_recording_v1,ml_brain_snapshots,BACKFILL_SNAPSHOT_MODAL_DAILY_SPLICE_WINDOW
b1_06b09726c2ba03442391822fda39c01d8e193e33,2026-08-03,,,MARKET,MARKET,MARKET,vix,market_state,11.98,13.33,6.67,60,30,60,2026-08-03T00:00:00+00:00,backfill,True,context_percentiles_v1,c3_percentile_recording_v1,ml_brain_snapshots,BACKFILL_SNAPSHOT_LAST_POLL_SPLICE_WINDOW
b1_d72cf71027c93db4b7c98f1e01c0f32ea7871b79,2026-08-03,,,MARKET,MARKET,MARKET,fii_short_pct,market_state,90.0,50.0,68.09,47,30,47,2026-08-03T00:00:00+00:00,backfill,True,context_percentiles_v1,c3_percentile_recording_v1,ml_brain_snapshots,BACKFILL_SNAPSHOT_MODAL_DAILY_SPLICE_WINDOW
b1_c9983199e3b39ac9f6e937c10b0fc5b29e1e7f43,2026-08-03,,,MARKET,MARKET,MARKET,fii_cash,market_state,277.5,56.67,70.21,47,30,47,2026-08-03T00:00:00+00:00,backfill,True,context_percentiles_v1,c3_percentile_recording_v1,ml_brain_snapshots,BACKFILL_SNAPSHOT_MODAL_DAILY_SPLICE_WINDOW
b1_45253f73f8089a125501db98ab30905fa5772ff6,2026-08-03,,,MARKET,MARKET,MARKET,dii_cash,market_state,2260.4,63.33,46.51,43,30,43,2026-08-03T00:00:00+00:00,backfill,True,context_percentiles_v1,c3_percentile_recording_v1,ml_brain_snapshots,BACKFILL_SNAPSHOT_MODAL_DAILY_SPLICE_WINDOW
b1_fcefc247e2cec430d71739a0ef8e146f9c002f11,2026-08-03,,,MARKET,MARKET,MARKET,fii_idx_fut,market_state,2151.0,96.67,95.24,42,30,42,2026-08-03T00:00:00+00:00,backfill,True,context_percentiles_v1,c3_percentile_recording_v1,ml_brain_snapshots,BACKFILL_SNAPSHOT_MODAL_DAILY_SPLICE_WINDOW
b1_d9cd5a4f6968fb4ac4cbeb9291d4cd49a136313d,2026-08-03,,,MARKET,MARKET,MARKET,fii_stk_fut,market_state,1947.0,76.67,74.42,43,30,43,2026-08-03T00:00:00+00:00,backfill,True,context_percentiles_v1,c3_percentile_recording_v1,ml_brain_snapshots,BACKFILL_SNAPSHOT_MODAL_DAILY_SPLICE_WINDOW
b1_0c66b937affabbe3aed08fc2b5f8fee739825244,2026-08-04,,,MARKET,MARKET,MARKET,vix,market_state,12.14,20.0,10.0,60,30,60,2026-08-04T00:00:00+00:00,backfill,True,context_percentiles_v1,c3_percentile_recording_v1,ml_brain_snapshots,BACKFILL_SNAPSHOT_LAST_POLL_SPLICE_WINDOW
b1_ff79b522996bb200fda5b87958b9ef91549e3dbb,2026-08-04,,,MARKET,MARKET,MARKET,fii_short_pct,market_state,87.0,23.33,50.0,48,30,48,2026-08-04T00:00:00+00:00,backfill,True,context_percentiles_v1,c3_percentile_recording_v1,ml_brain_snapshots,BACKFILL_SNAPSHOT_MODAL_DAILY_SPLICE_WINDOW
b1_3e8c5455ebf15528b248ad5027052883dbe3109a,2026-08-04,,,MARKET,MARKET,MARKET,fii_cash,market_state,922.3,76.67,83.33,48,30,48,2026-08-04T00:00:00+00:00,backfill,True,context_percentiles_v1,c3_percentile_recording_v1,ml_brain_snapshots,BACKFILL_SNAPSHOT_MODAL_DAILY_SPLICE_WINDOW
b1_4b4d77030e94373b305fcb8df3cd25940d1c1880,2026-08-04,,,MARKET,MARKET,MARKET,dii_cash,market_state,1571.2,43.33,34.09,44,30,44,2026-08-04T00:00:00+00:00,backfill,True,context_percentiles_v1,c3_percentile_recording_v1,ml_brain_snapshots,BACKFILL_SNAPSHOT_MODAL_DAILY_SPLICE_WINDOW
b1_ad91c021aff23a84c726be1165225f1c5ad6abd7,2026-08-04,,,MARKET,MARKET,MARKET,fii_idx_fut,market_state,3618.0,96.67,95.35,43,30,43,2026-08-04T00:00:00+00:00,backfill,True,context_percentiles_v1,c3_percentile_recording_v1,ml_brain_snapshots,BACKFILL_SNAPSHOT_MODAL_DAILY_SPLICE_WINDOW
b1_a3c128042b092b75e1ceb3340362cb2b3f9aa588,2026-08-04,,,MARKET,MARKET,MARKET,fii_stk_fut,market_state,-307.0,30.0,25.0,44,30,44,2026-08-04T00:00:00+00:00,backfill,True,context_percentiles_v1,c3_percentile_recording_v1,ml_brain_snapshots,BACKFILL_SNAPSHOT_MODAL_DAILY_SPLICE_WINDOW
b1_9990f2a513d2d93a2863d72773300b13ca18c422,2026-08-05,,,MARKET,MARKET,MARKET,vix,market_state,12.09,20.0,10.0,60,30,60,2026-08-05T00:00:00+00:00,backfill,True,context_percentiles_v1,c3_percentile_recording_v1,ml_brain_snapshots,BACKFILL_SNAPSHOT_LAST_POLL_SPLICE_WINDOW
b1_f3b42b50d3f62161dc89d2f206bc2a1e88d0e9ac,2026-08-05,,,MARKET,MARKET,MARKET,fii_short_pct,market_state,87.0,21.67,50.0,49,30,49,2026-08-05T00:00:00+00:00,backfill,True,context_percentiles_v1,c3_percentile_recording_v1,ml_brain_snapshots,BACKFILL_SNAPSHOT_MODAL_DAILY_SPLICE_WINDOW
b1_be01ff5dc5186206f31902d1fd2731527186a4e5,2026-08-05,,,MARKET,MARKET,MARKET,fii_cash,market_state,2446.5,90.0,93.88,49,30,49,2026-08-05T00:00:00+00:00,backfill,True,context_percentiles_v1,c3_percentile_recording_v1,ml_brain_snapshots,BACKFILL_SNAPSHOT_MODAL_DAILY_SPLICE_WINDOW
b1_a78f72f096a15c357bcd8d3b3b409488e2705081,2026-08-05,,,MARKET,MARKET,MARKET,dii_cash,market_state,-936.1,13.33,8.89,45,30,45,2026-08-05T00:00:00+00:00,backfill,True,context_percentiles_v1,c3_percentile_recording_v1,ml_brain_snapshots,BACKFILL_SNAPSHOT_MODAL_DAILY_SPLICE_WINDOW
b1_541049982cfd5990573b0345f8ef3cf8c7464599,2026-08-05,,,MARKET,MARKET,MARKET,fii_idx_fut,market_state,-500.0,36.67,34.09,44,30,44,2026-08-05T00:00:00+00:00,backfill,True,context_percentiles_v1,c3_percentile_recording_v1,ml_brain_snapshots,BACKFILL_SNAPSHOT_MODAL_DAILY_SPLICE_WINDOW
b1_a431d89b748d949ad5539e2ba751c670bac34b5e,2026-08-05,,,MARKET,MARKET,MARKET,fii_stk_fut,market_state,-1170.0,16.67,15.56,45,30,45,2026-08-05T00:00:00+00:00,backfill,True,context_percentiles_v1,c3_percentile_recording_v1,ml_brain_snapshots,BACKFILL_SNAPSHOT_MODAL_DAILY_SPLICE_WINDOW
