arm,model,day,source_s1_id,snapshot_id,candidate_id,label,score
A1_primary_25,logistic_baseline,2026-06-23,8657,1411,BEAR_CALL_BNF_58400_58800_W400,1,0.7933886053134993
A1_primary_25,logistic_baseline,2026-06-23,8653,1441,BEAR_PUT_NF_23900_24100_W200,1,0.024446724640503476
A1_primary_25,logistic_baseline,2026-06-23,8650,1442,BEAR_PUT_BNF_57200_57600_W400,1,0.12513222531709262
A1_primary_25,logistic_baseline,2026-06-23,8648,1443,BEAR_PUT_BNF_57300_57600_W300,1,0.1414763702118521
A1_primary_25,logistic_baseline,2026-06-23,8642,1444,BEAR_PUT_NF_23900_24000_W100,1,0.04963866284747497
A1_primary_25,logistic_baseline,2026-06-23,8636,1445,BEAR_PUT_BNF_57100_57500_W400,1,0.1284589862914532
A1_primary_25,logistic_baseline,2026-06-23,8629,1446,BEAR_PUT_BNF_57100_57500_W400,1,0.13002978122215117
A1_primary_25,logistic_baseline,2026-06-23,8623,1447,BEAR_PUT_BNF_57100_57500_W400,1,0.12940370481882743
A1_primary_25,logistic_baseline,2026-06-23,8618,1448,BEAR_CALL_BNF_58000_58400_W400,1,0.7849299921019882
A1_primary_25,logistic_baseline,2026-06-23,8609,1449,BEAR_CALL_BNF_57900_58300_W400,1,0.7867399212204488
A1_primary_25,logistic_baseline,2026-06-23,8595,1450,BEAR_CALL_BNF_57900_58300_W400,1,0.7779172781470176
A1_primary_25,logistic_baseline,2026-06-23,8581,1451,BEAR_CALL_BNF_57900_58300_W400,1,0.7802143798473469
A1_primary_25,logistic_baseline,2026-06-23,8567,1452,BEAR_CALL_BNF_57900_58300_W400,1,0.7802183812502897
A1_primary_25,logistic_baseline,2026-06-23,8553,1453,BEAR_CALL_BNF_57900_58300_W400,1,0.7802234697427677
A1_primary_25,logistic_baseline,2026-06-23,8544,1454,BEAR_CALL_BNF_58000_58400_W400,1,0.79592926144802
A1_primary_25,logistic_baseline,2026-06-23,8535,1455,BEAR_CALL_BNF_58000_58400_W400,1,0.7991692594858513
A1_primary_25,logistic_baseline,2026-06-23,8526,1456,BEAR_CALL_BNF_57900_58300_W400,1,0.7897645253071378
A1_primary_25,logistic_baseline,2026-06-23,8517,1457,BEAR_CALL_BNF_57900_58300_W400,1,0.7876593068510607
A1_primary_25,logistic_baseline,2026-06-23,8508,1458,BEAR_CALL_BNF_57900_58300_W400,1,0.7872807728388158
A1_primary_25,logistic_baseline,2026-06-23,8499,1459,BEAR_CALL_BNF_57900_58300_W400,1,0.7855786589690005
A1_primary_25,logistic_baseline,2026-06-23,8490,1460,BEAR_CALL_BNF_58000_58400_W400,1,0.7954808719461285
A1_primary_25,logistic_baseline,2026-06-23,8476,1461,BEAR_CALL_BNF_57900_58300_W400,1,0.785009011631772
A1_primary_25,logistic_baseline,2026-06-23,8462,1462,BEAR_CALL_BNF_57900_58300_W400,1,0.784432965923914
A1_primary_25,logistic_baseline,2026-06-23,8453,1463,BEAR_CALL_BNF_58000_58400_W400,1,0.8010717590188414
A1_primary_25,logistic_baseline,2026-06-23,8439,1464,BEAR_CALL_BNF_57900_58300_W400,1,0.7887774850449971
A1_primary_25,logistic_baseline,2026-06-23,8425,1465,BEAR_CALL_BNF_57900_58300_W400,1,0.7864087919869985
A1_primary_25,logistic_baseline,2026-06-23,8411,1466,BEAR_CALL_BNF_57900_58300_W400,1,0.7871401238759149
A1_primary_25,logistic_baseline,2026-06-23,8402,1467,BEAR_CALL_BNF_57900_58300_W400,1,0.792741891507833
A1_primary_25,logistic_baseline,2026-06-23,8393,1468,BEAR_CALL_BNF_57800_58200_W400,1,0.788448891827756
A1_primary_25,logistic_baseline,2026-06-23,8384,1469,BEAR_CALL_BNF_57800_58200_W400,1,0.7877924450499121
A1_primary_25,logistic_baseline,2026-06-23,8374,1470,BEAR_CALL_BNF_57800_58200_W400,1,0.7949348020707158
A1_primary_25,logistic_baseline,2026-06-23,8364,1471,BEAR_CALL_BNF_57800_58200_W400,1,0.7912763740808177
A1_primary_25,logistic_baseline,2026-06-23,8355,1472,BEAR_CALL_BNF_57800_58200_W400,1,0.7874160311927474
A1_primary_25,logistic_baseline,2026-06-23,8346,1473,BEAR_CALL_BNF_57800_58200_W400,1,0.7848444827246324
A1_primary_25,logistic_baseline,2026-06-23,8337,1474,BEAR_CALL_BNF_57800_58200_W400,1,0.7959484478817523
A1_primary_25,logistic_baseline,2026-06-23,8327,1475,BEAR_CALL_BNF_57800_58200_W400,1,0.8010157414909598
A1_primary_25,logistic_baseline,2026-06-23,8318,1476,BEAR_CALL_BNF_57800_58200_W400,1,0.7899599204493717
A1_primary_25,logistic_baseline,2026-06-23,8309,1477,BEAR_CALL_BNF_57800_58200_W400,1,0.7923606054307327
A1_primary_25,logistic_baseline,2026-06-23,8300,1478,BEAR_CALL_BNF_57900_58300_W400,1,0.8030985028400527
A1_primary_25,logistic_baseline,2026-06-23,8291,1479,BEAR_CALL_BNF_57800_58200_W400,1,0.793293621455939
A1_primary_25,logistic_baseline,2026-06-23,8282,1480,BEAR_CALL_BNF_57900_58300_W400,1,0.8034979292137149
A1_primary_25,logistic_baseline,2026-06-23,8273,1482,BEAR_CALL_BNF_57800_58200_W400,1,0.7903319304714805
A1_primary_25,logistic_baseline,2026-06-23,8264,1483,BEAR_CALL_BNF_57800_58200_W400,1,0.7937970436235994
A1_primary_25,logistic_baseline,2026-06-23,8255,1484,BEAR_CALL_BNF_57900_58300_W400,1,0.7952063933423
A1_primary_25,logistic_baseline,2026-06-23,8246,1485,BEAR_CALL_BNF_57900_58300_W400,1,0.801554082058389
A1_primary_25,logistic_baseline,2026-06-23,8237,1486,BEAR_CALL_BNF_57900_58300_W400,1,0.80156648867739
A1_primary_25,logistic_baseline,2026-06-23,8228,1487,BEAR_CALL_BNF_57900_58300_W400,1,0.8036831062818
A1_primary_25,logistic_baseline,2026-06-23,8212,1488,BEAR_PUT_NF_23650_23850_W200,0,0.021682899128823672
A1_primary_25,logistic_baseline,2026-06-23,8198,1489,BEAR_PUT_NF_23650_23850_W200,1,0.019484356188224087
A1_primary_25,logistic_baseline,2026-06-23,8181,1490,BEAR_PUT_NF_23600_23850_W250,0,0.015462648459584468
A1_primary_25,logistic_baseline,2026-06-23,8167,1491,BEAR_CALL_BNF_57500_57900_W400,0,0.7653369817114838
A1_primary_25,logistic_baseline,2026-06-23,8153,1492,BEAR_CALL_BNF_57500_57900_W400,0,0.7674699451780627
A1_primary_25,logistic_baseline,2026-06-24,9066,1496,BEAR_PUT_NF_23700_23850_W150,0,0.3001999187070754
A1_primary_25,logistic_baseline,2026-06-24,9055,1497,BEAR_PUT_NF_23700_23850_W150,0,0.3021317735578113
A1_primary_25,logistic_baseline,2026-06-24,9044,1498,BEAR_PUT_NF_23650_23900_W250,0,0.24604204177602523
A1_primary_25,logistic_baseline,2026-06-24,9034,1499,BEAR_PUT_NF_23700_23850_W150,0,0.31463971277558417
A1_primary_25,logistic_baseline,2026-06-24,9022,1500,BEAR_PUT_NF_23600_23900_W300,0,0.20382942018051775
A1_primary_25,logistic_baseline,2026-06-24,9013,1501,BEAR_CALL_BNF_58000_58400_W400,0,0.8479471236046733
A1_primary_25,logistic_baseline,2026-06-24,9006,1502,BEAR_PUT_BNF_56800_57400_W600,0,0.19835938846719656
A1_primary_25,logistic_baseline,2026-06-24,8993,1503,BEAR_PUT_NF_23550_23850_W300,0,0.20525255975719373
A1_primary_25,logistic_baseline,2026-06-24,8983,1504,BEAR_PUT_NF_23600_23850_W250,0,0.24328102872663984
A1_primary_25,logistic_baseline,2026-06-24,8973,1505,BEAR_PUT_NF_23650_23900_W250,0,0.2496523530901793
A1_primary_25,logistic_baseline,2026-06-24,8965,1506,BEAR_PUT_NF_23700_23900_W200,0,0.28685614356091305
A1_primary_25,logistic_baseline,2026-06-24,8953,1507,BEAR_PUT_NF_23700_23900_W200,0,0.28015432872670953
A1_primary_25,logistic_baseline,2026-06-24,8944,1508,BEAR_PUT_NF_23700_23900_W200,0,0.28293634497184683
A1_primary_25,logistic_baseline,2026-06-24,8936,1509,BEAR_PUT_NF_23750_23950_W200,0,0.30198256303624604
A1_primary_25,logistic_baseline,2026-06-24,8927,1510,BEAR_CALL_BNF_58200_58600_W400,0,0.8441786559269534
A1_primary_25,logistic_baseline,2026-06-24,8918,1511,BEAR_CALL_BNF_58200_58600_W400,0,0.8462856675296417
A1_primary_25,logistic_baseline,2026-06-24,8909,1512,BEAR_CALL_BNF_58200_58600_W400,0,0.8546368180466166
A1_primary_25,logistic_baseline,2026-06-24,8900,1513,BEAR_CALL_BNF_58200_58600_W400,0,0.8591996653798318
A1_primary_25,logistic_baseline,2026-06-24,8891,1514,BEAR_CALL_BNF_58200_58600_W400,0,0.846387235626389
A1_primary_25,logistic_baseline,2026-06-24,8882,1515,BEAR_CALL_BNF_58200_58600_W400,0,0.8448334773423205
A1_primary_25,logistic_baseline,2026-06-24,8873,1516,BEAR_CALL_BNF_58200_58600_W400,0,0.8423925488259045
A1_primary_25,logistic_baseline,2026-06-24,8865,1517,BEAR_CALL_BNF_58300_58700_W400,0,0.8626468881922277
A1_primary_25,logistic_baseline,2026-06-24,8853,1518,BEAR_PUT_NF_23750_24000_W250,0,0.26391662564246154
A1_primary_25,logistic_baseline,2026-06-24,8843,1519,BEAR_PUT_NF_23750_24000_W250,0,0.26814351849889895
A1_primary_25,logistic_baseline,2026-06-24,8833,1520,BEAR_PUT_NF_23800_23950_W150,0,0.33081020944373385
A1_primary_25,logistic_baseline,2026-06-24,8820,1521,BEAR_PUT_NF_23700_24000_W300,0,0.2224356124780827
A1_primary_25,logistic_baseline,2026-06-24,8811,1522,BEAR_CALL_BNF_58400_58800_W400,0,0.8603733277346295
A1_primary_25,logistic_baseline,2026-06-24,8802,1523,BEAR_CALL_BNF_58400_58800_W400,0,0.8506011358840712
A1_primary_25,logistic_baseline,2026-06-24,8794,1524,BEAR_CALL_BNF_58500_58900_W400,0,0.8760820785741104
A1_primary_25,logistic_baseline,2026-06-24,8785,1525,BEAR_CALL_BNF_58500_58900_W400,0,0.8575729226514437
A1_primary_25,logistic_baseline,2026-06-24,8777,1526,BEAR_CALL_BNF_58600_59000_W400,1,0.876034066478448
A1_primary_25,logistic_baseline,2026-06-24,8769,1527,BEAR_CALL_BNF_58600_59000_W400,1,0.8691221780288958
A1_primary_25,logistic_baseline,2026-06-24,8761,1528,BEAR_CALL_BNF_58600_59000_W400,1,0.8740472587725268
A1_primary_25,logistic_baseline,2026-06-24,8753,1529,BEAR_CALL_BNF_58600_59000_W400,1,0.8694826123756897
A1_primary_25,logistic_baseline,2026-06-24,8744,1530,BEAR_CALL_BNF_58600_59000_W400,0,0.8772294232840915
A1_primary_25,logistic_baseline,2026-06-24,8735,1531,BEAR_CALL_BNF_58500_58900_W400,0,0.8555553193347533
A1_primary_25,logistic_baseline,2026-06-24,8727,1532,BEAR_CALL_BNF_58600_59000_W400,1,0.8718273466341949
A1_primary_25,logistic_baseline,2026-06-24,8718,1533,BEAR_CALL_BNF_58600_59000_W400,1,0.8565061484843167
A1_primary_25,logistic_baseline,2026-06-24,8710,1534,BEAR_CALL_BNF_58600_59000_W400,0,0.8796422559620881
A1_primary_25,logistic_baseline,2026-06-24,8701,1538,BEAR_CALL_BNF_58500_58900_W400,0,0.8578207461507802
A1_primary_25,logistic_baseline,2026-06-24,8692,1539,BEAR_CALL_BNF_58500_58900_W400,0,0.8553564869898614
A1_primary_25,logistic_baseline,2026-06-24,8683,1541,BEAR_CALL_BNF_58500_58900_W400,0,0.8541501580938563
A1_primary_25,logistic_baseline,2026-06-24,8674,1542,BEAR_CALL_BNF_58500_58900_W400,0,0.8598864841026009
A1_primary_25,logistic_baseline,2026-06-24,8666,1551,BEAR_CALL_BNF_58700_59100_W400,1,0.8744124297872493
A1_primary_25,logistic_baseline,2026-06-29,9689,1668,BULL_PUT_NF_24000_23850_W150,0,0.7328943959269645
A1_primary_25,logistic_baseline,2026-06-29,9674,1669,BULL_PUT_NF_24000_23850_W150,0,0.730960996124852
A1_primary_25,logistic_baseline,2026-06-29,9649,1671,BULL_PUT_NF_24000_23850_W150,0,0.7353331431699041
A1_primary_25,logistic_baseline,2026-06-29,9433,1692,BEAR_CALL_NF_24100_24250_W150,1,0.7013131789635746
A1_primary_25,logistic_baseline,2026-06-29,9419,1693,BEAR_CALL_NF_24100_24250_W150,1,0.7090489388355735
A1_primary_25,logistic_baseline,2026-06-29,9405,1694,BEAR_CALL_NF_24100_24250_W150,1,0.7056896844479189
A1_primary_25,logistic_baseline,2026-06-29,9391,1695,BEAR_CALL_NF_24100_24250_W150,1,0.708412449289205
A1_primary_25,logistic_baseline,2026-06-29,9376,1696,BEAR_CALL_NF_24100_24250_W150,1,0.713576841684225
A1_primary_25,logistic_baseline,2026-06-29,9363,1697,BEAR_CALL_NF_24100_24250_W150,1,0.7150797730259315
A1_primary_25,logistic_baseline,2026-06-29,9344,1698,BEAR_CALL_NF_24100_24250_W150,1,0.7116361334761023
A1_primary_25,logistic_baseline,2026-06-29,9325,1699,BEAR_CALL_NF_24100_24250_W150,1,0.7119285833871134
A1_primary_25,logistic_baseline,2026-06-29,9144,1716,BULL_PUT_BNF_57400_57000_W400,0,0.9284249448174597
A1_primary_25,logistic_baseline,2026-06-29,9139,1717,BULL_PUT_BNF_57400_57000_W400,0,0.9295803551560862
A1_primary_25,logistic_baseline,2026-06-29,9134,1718,BULL_PUT_BNF_57400_57000_W400,0,0.9261773904849695
A1_primary_25,logistic_baseline,2026-06-29,9129,1719,BEAR_CALL_BNF_58400_58800_W400,1,0.9241778863673712
A1_primary_25,logistic_baseline,2026-06-29,9124,1720,BULL_PUT_BNF_57400_57000_W400,0,0.9271865905992881
A1_primary_25,logistic_baseline,2026-06-29,9120,1721,BULL_PUT_BNF_57400_57000_W400,0,0.928184337129706
A1_primary_25,logistic_baseline,2026-06-29,9116,1722,BULL_PUT_BNF_57400_57000_W400,0,0.9303815170310606
A1_primary_25,logistic_baseline,2026-06-29,9112,1723,BEAR_CALL_BNF_58400_58800_W400,1,0.9248947666688802
A1_primary_25,logistic_baseline,2026-06-29,9108,1724,BULL_PUT_BNF_57400_57000_W400,0,0.9299293223501554
A1_primary_25,logistic_baseline,2026-06-29,9103,1725,BULL_PUT_BNF_57400_57000_W400,0,0.9293651120774048
A1_primary_25,logistic_baseline,2026-06-29,9097,1726,BEAR_CALL_BNF_58300_58700_W400,1,0.9233659834689543
A1_primary_25,logistic_baseline,2026-06-29,9092,1727,BULL_PUT_BNF_57300_56900_W400,1,0.925510443961926
A1_primary_25,logistic_baseline,2026-06-29,9084,1728,BULL_PUT_BNF_57200_56800_W400,1,0.9295805903832292
A1_primary_25,logistic_baseline,2026-06-29,9077,1729,BEAR_CALL_BNF_58200_58600_W400,1,0.9218333499548876
A1_primary_25,logistic_baseline,2026-07-01,10430,1817,BEAR_CALL_BNF_58100_58500_W400,0,0.5827284193815017
A1_primary_25,logistic_baseline,2026-07-01,10420,1818,BEAR_CALL_BNF_58000_58600_W600,0,0.4252609437562258
A1_primary_25,logistic_baseline,2026-07-01,10410,1819,BEAR_CALL_BNF_58000_58500_W500,0,0.4953413981583118
A1_primary_25,logistic_baseline,2026-07-01,10400,1820,BEAR_CALL_BNF_58100_58500_W400,0,0.5773530529063057
A1_primary_25,logistic_baseline,2026-07-01,10390,1821,BEAR_CALL_BNF_58200_58700_W500,0,0.507804480851385
A1_primary_25,logistic_baseline,2026-07-01,10380,1822,BEAR_CALL_BNF_58200_58600_W400,0,0.5803571567093737
A1_primary_25,logistic_baseline,2026-07-01,10370,1823,BEAR_CALL_BNF_58100_58600_W500,0,0.4897590172163478
A1_primary_25,logistic_baseline,2026-07-01,10360,1824,BEAR_CALL_BNF_58200_58600_W400,0,0.5761501037721982
A1_primary_25,logistic_baseline,2026-07-01,10350,1825,BEAR_CALL_BNF_58100_58500_W400,0,0.5680048610761922
A1_primary_25,logistic_baseline,2026-07-01,10340,1826,BEAR_CALL_BNF_58200_58700_W500,0,0.5002631949824607
A1_primary_25,logistic_baseline,2026-07-01,10330,1827,BEAR_CALL_BNF_58200_58800_W600,0,0.41456817711566446
A1_primary_25,logistic_baseline,2026-07-01,10320,1828,BEAR_CALL_BNF_58300_58900_W600,0,0.4058834575920602
A1_primary_25,logistic_baseline,2026-07-01,10310,1829,BEAR_CALL_BNF_58300_58900_W600,0,0.40461899332034107
A1_primary_25,logistic_baseline,2026-07-01,10300,1830,BEAR_CALL_BNF_58300_58900_W600,0,0.4086265820682357
A1_primary_25,logistic_baseline,2026-07-01,10290,1831,BEAR_CALL_BNF_58300_58900_W600,0,0.42157148834957503
A1_primary_25,logistic_baseline,2026-07-01,10280,1832,BEAR_CALL_BNF_58200_58600_W400,0,0.5619931970885107
A1_primary_25,logistic_baseline,2026-07-01,10270,1833,BEAR_CALL_BNF_58200_58600_W400,0,0.5664924020305518
A1_primary_25,logistic_baseline,2026-07-01,10260,1834,BEAR_CALL_BNF_58200_58600_W400,0,0.5648453682156405
A1_primary_25,logistic_baseline,2026-07-01,10250,1835,BEAR_CALL_BNF_58200_58600_W400,0,0.5617704427220662
A1_primary_25,logistic_baseline,2026-07-01,10240,1836,BEAR_CALL_BNF_58200_58800_W600,0,0.4196813515615491
A1_primary_25,logistic_baseline,2026-07-01,10230,1837,BEAR_CALL_BNF_58300_58900_W600,0,0.42414272245427487
A1_primary_25,logistic_baseline,2026-07-01,10220,1838,BEAR_CALL_BNF_58300_58900_W600,0,0.41524123526842077
A1_primary_25,logistic_baseline,2026-07-01,10210,1839,BEAR_CALL_BNF_58400_59000_W600,0,0.41704493346544347
A1_primary_25,logistic_baseline,2026-07-01,10200,1840,BEAR_CALL_BNF_58400_59000_W600,0,0.41629589808446565
A1_primary_25,logistic_baseline,2026-07-01,10190,1841,BEAR_CALL_BNF_58400_58800_W400,0,0.5724614073219854
A1_primary_25,logistic_baseline,2026-07-01,10180,1842,BEAR_CALL_BNF_58400_58800_W400,0,0.5606431655393339
A1_primary_25,logistic_baseline,2026-07-01,10170,1843,BEAR_CALL_BNF_58300_58900_W600,0,0.4097638155771622
A1_primary_25,logistic_baseline,2026-07-01,10160,1847,BEAR_CALL_BNF_58300_58800_W500,0,0.22241193760365785
A1_primary_25,logistic_baseline,2026-07-01,10150,1848,BEAR_CALL_BNF_58400_58900_W500,0,0.49418211388390615
A1_primary_25,logistic_baseline,2026-07-01,10140,1849,BEAR_CALL_BNF_58400_59000_W600,0,0.41384238769573156
A1_primary_25,logistic_baseline,2026-07-01,10130,1850,BEAR_CALL_BNF_58400_59000_W600,0,0.42235659758089583
A1_primary_25,logistic_baseline,2026-07-01,10120,1851,BEAR_CALL_BNF_58500_59000_W500,0,0.49894556458764805
A1_primary_25,logistic_baseline,2026-07-01,10110,1852,BEAR_CALL_BNF_58500_59000_W500,0,0.502862229907876
A1_primary_25,logistic_baseline,2026-07-01,10100,1853,BEAR_CALL_BNF_58500_59000_W500,0,0.5033238126384946
A1_primary_25,logistic_baseline,2026-07-01,10090,1854,BEAR_CALL_BNF_58500_59000_W500,0,0.49645419867253215
A1_primary_25,logistic_baseline,2026-07-01,10080,1855,BEAR_CALL_BNF_58500_59000_W500,0,0.4981172107465963
A1_primary_25,logistic_baseline,2026-07-01,10070,1856,BEAR_CALL_BNF_58500_59000_W500,1,0.49231046673616974
A1_primary_25,logistic_baseline,2026-07-01,10060,1857,BEAR_CALL_BNF_58500_59100_W600,1,0.4259451227488486
A1_primary_25,logistic_baseline,2026-07-01,10050,1860,BEAR_CALL_BNF_58500_59000_W500,1,0.48788969418358963
A1_primary_25,logistic_baseline,2026-07-01,10040,1861,BEAR_CALL_BNF_58500_59000_W500,1,0.4899457644282537
A1_primary_25,logistic_baseline,2026-07-01,10030,1862,BEAR_CALL_BNF_58500_59000_W500,0,0.49579409549550535
A1_primary_25,logistic_baseline,2026-07-01,10020,1863,BEAR_CALL_BNF_58500_59000_W500,0,0.4972601303412584
A1_primary_25,logistic_baseline,2026-07-01,10010,1864,BEAR_CALL_BNF_58500_59000_W500,0,0.4983782610948199
A1_primary_25,logistic_baseline,2026-07-01,10000,1865,BEAR_CALL_BNF_58500_59000_W500,0,0.5015391009229009
A1_primary_25,logistic_baseline,2026-07-01,9990,1866,BEAR_CALL_BNF_58500_59000_W500,0,0.5038801775956336
A1_primary_25,logistic_baseline,2026-07-01,9980,1867,BEAR_CALL_BNF_58400_59000_W600,0,0.4222295913054846
A1_primary_25,logistic_baseline,2026-07-01,9970,1868,BEAR_CALL_BNF_58500_59000_W500,0,0.5074151584131302
A1_primary_25,logistic_baseline,2026-07-01,9960,1869,BEAR_CALL_BNF_58500_59100_W600,0,0.4376597237236756
A1_primary_25,logistic_baseline,2026-07-01,9950,1870,BEAR_CALL_BNF_58500_59000_W500,0,0.4972533274138992
A1_primary_25,logistic_baseline,2026-07-01,9940,1871,BEAR_CALL_BNF_58500_59000_W500,0,0.502097796580818
A1_primary_25,logistic_baseline,2026-07-01,9930,1872,BEAR_CALL_BNF_58500_59000_W500,0,0.5035172363824586
A1_primary_25,logistic_baseline,2026-07-01,9920,1894,BEAR_CALL_BNF_58400_59000_W600,0,0.4312725563559279
A1_primary_25,logistic_baseline,2026-07-01,9910,1895,BEAR_CALL_BNF_58500_59000_W500,0,0.5010122600773863
A1_primary_25,logistic_baseline,2026-07-01,9900,1896,BEAR_CALL_BNF_58600_59000_W400,1,0.5684189058691514
A1_primary_25,logistic_baseline,2026-07-01,9890,1897,BEAR_CALL_BNF_58600_59000_W400,1,0.5747858572472012
A1_primary_25,logistic_baseline,2026-07-01,9880,1898,BEAR_CALL_BNF_58500_59000_W500,0,0.49359108756182113
A1_primary_25,logistic_baseline,2026-07-01,9870,1899,BEAR_CALL_BNF_58500_59000_W500,1,0.49016990112583225
A1_primary_25,logistic_baseline,2026-07-01,9860,1900,BEAR_CALL_BNF_58500_59000_W500,0,0.4984993733207263
A1_primary_25,logistic_baseline,2026-07-02,11055,1907,BEAR_CALL_BNF_58700_59200_W500,1,0.3027431919971227
A1_primary_25,logistic_baseline,2026-07-02,11045,1908,BEAR_CALL_BNF_58600_59200_W600,1,0.22988298254459197
A1_primary_25,logistic_baseline,2026-07-02,11035,1909,BEAR_CALL_BNF_58700_59200_W500,1,0.2869147689377832
A1_primary_25,logistic_baseline,2026-07-02,11025,1910,BEAR_PUT_NF_24000_24150_W150,0,0.21076309416627384
A1_primary_25,logistic_baseline,2026-07-02,11015,1911,BEAR_PUT_NF_24000_24150_W150,0,0.20836080578687088
A1_primary_25,logistic_baseline,2026-07-02,11004,1912,BEAR_PUT_NF_23950_24150_W200,0,0.17976923239169662
A1_primary_25,logistic_baseline,2026-07-02,10989,1913,BEAR_CALL_BNF_58700_59200_W500,1,0.27513880102804344
A1_primary_25,logistic_baseline,2026-07-02,10981,1914,BEAR_PUT_NF_24000_24100_W100,0,0.2426430149112351
A1_primary_25,logistic_baseline,2026-07-02,10979,1915,BEAR_PUT_NF_23950_24100_W150,0,0.21088072096859378
A1_primary_25,logistic_baseline,2026-07-02,10973,1916,BEAR_PUT_BNF_57700_58100_W400,1,0.27014686787508824
A1_primary_25,logistic_baseline,2026-07-02,10965,1917,BEAR_PUT_NF_23900_24100_W200,0,0.18129246662106652
A1_primary_25,logistic_baseline,2026-07-02,10955,1918,BEAR_CALL_BNF_58600_59000_W400,1,0.34115520884336914
A1_primary_25,logistic_baseline,2026-07-02,10945,1919,BEAR_CALL_BNF_58600_59000_W400,1,0.33396049763145824
A1_primary_25,logistic_baseline,2026-07-02,10935,1920,BEAR_CALL_BNF_58600_59000_W400,1,0.33949736042524453
A1_primary_25,logistic_baseline,2026-07-02,10925,1921,BEAR_CALL_BNF_58700_59200_W500,1,0.295417289815859
A1_primary_25,logistic_baseline,2026-07-02,10915,1922,BEAR_CALL_BNF_58700_59200_W500,1,0.2961910197224886
A1_primary_25,logistic_baseline,2026-07-02,10905,1923,BEAR_CALL_BNF_58700_59200_W500,1,0.3010185676419664
A1_primary_25,logistic_baseline,2026-07-02,10900,1924,BULL_PUT_BNF_57700_57300_W400,0,0.2658124638103171
A1_primary_25,logistic_baseline,2026-07-02,10895,1925,BEAR_CALL_BNF_58600_59000_W400,1,0.33721738810535434
A1_primary_25,logistic_baseline,2026-07-02,10885,1926,BEAR_CALL_BNF_58600_59200_W600,0,0.2437365077781874
A1_primary_25,logistic_baseline,2026-07-02,10875,1927,BEAR_CALL_BNF_58600_59100_W500,0,0.30026862426672857
A1_primary_25,logistic_baseline,2026-07-02,10865,1928,BEAR_CALL_BNF_58600_59000_W400,0,0.35590795049756757
A1_primary_25,logistic_baseline,2026-07-02,10855,1929,BEAR_CALL_BNF_58500_59100_W600,0,0.2323239563948419
A1_primary_25,logistic_baseline,2026-07-02,10845,1930,BEAR_CALL_BNF_58600_59000_W400,0,0.3564734463349622
A1_primary_25,logistic_baseline,2026-07-02,10835,1931,BEAR_CALL_BNF_58500_58900_W400,0,0.34760015276187345
A1_primary_25,logistic_baseline,2026-07-02,10825,1932,BEAR_CALL_BNF_58500_59000_W500,0,0.31056617094798783
A1_primary_25,logistic_baseline,2026-07-02,10815,1933,BEAR_CALL_BNF_58500_59000_W500,0,0.2985887198020593
A1_primary_25,logistic_baseline,2026-07-02,10810,1934,BULL_PUT_BNF_57600_57200_W400,1,0.2607411920777251
A1_primary_25,logistic_baseline,2026-07-02,10800,1935,BEAR_CALL_BNF_58500_59000_W500,0,0.2892044881297578
A1_primary_25,logistic_baseline,2026-07-02,10790,1936,BEAR_CALL_BNF_58500_59000_W500,0,0.2884101581086323
A1_primary_25,logistic_baseline,2026-07-02,10780,1937,BEAR_CALL_BNF_58500_59000_W500,0,0.28843707566447835
A1_primary_25,logistic_baseline,2026-07-02,10770,1938,BEAR_CALL_BNF_58500_59000_W500,0,0.2829653640536859
A1_primary_25,logistic_baseline,2026-07-02,10760,1939,BEAR_CALL_BNF_58500_59000_W500,0,0.28233012443605593
A1_primary_25,logistic_baseline,2026-07-02,10750,1940,BEAR_CALL_BNF_58500_59000_W500,0,0.2764086769476974
A1_primary_25,logistic_baseline,2026-07-02,10740,1941,BEAR_CALL_BNF_58600_59100_W500,0,0.2981246253471377
A1_primary_25,logistic_baseline,2026-07-02,10730,1942,BEAR_CALL_BNF_58600_59000_W400,0,0.3427900947241118
A1_primary_25,logistic_baseline,2026-07-02,10725,1943,BULL_PUT_BNF_57700_57300_W400,0,0.26491167332216226
A1_primary_25,logistic_baseline,2026-07-02,10715,1944,BEAR_CALL_BNF_58600_59000_W400,1,0.33281248525901314
A1_primary_25,logistic_baseline,2026-07-02,10710,1945,BULL_PUT_BNF_57700_57300_W400,0,0.26851586528499566
A1_primary_25,logistic_baseline,2026-07-02,10700,1946,BEAR_CALL_BNF_58600_59000_W400,0,0.3426455186448703
A1_primary_25,logistic_baseline,2026-07-02,10690,1947,BEAR_CALL_BNF_58600_59100_W500,0,0.29376559184475826
A1_primary_25,logistic_baseline,2026-07-02,10680,1948,BEAR_CALL_BNF_58600_59000_W400,0,0.3474233599952882
A1_primary_25,logistic_baseline,2026-07-02,10675,1949,BULL_PUT_BNF_57600_57200_W400,0,0.2648701107016146
A1_primary_25,logistic_baseline,2026-07-02,10665,1950,BEAR_CALL_BNF_58600_59200_W600,0,0.25571150967327844
A1_primary_25,logistic_baseline,2026-07-02,10655,1951,BEAR_CALL_BNF_58600_59000_W400,0,0.3451950885314447
A1_primary_25,logistic_baseline,2026-07-02,10645,1952,BEAR_CALL_BNF_58600_59000_W400,0,0.34436137718355403
A1_primary_25,logistic_baseline,2026-07-02,10635,1953,BEAR_CALL_BNF_58600_59000_W400,0,0.34147724050833245
A1_primary_25,logistic_baseline,2026-07-02,10625,1954,BEAR_CALL_BNF_58600_59000_W400,1,0.33868263114662356
A1_primary_25,logistic_baseline,2026-07-02,10620,1956,BULL_PUT_BNF_57600_57200_W400,0,0.26345699254655136
A1_primary_25,logistic_baseline,2026-07-02,10610,1957,BEAR_CALL_BNF_58600_59000_W400,0,0.35158596271777603
A1_primary_25,logistic_baseline,2026-07-02,10605,1958,BEAR_CALL_BNF_58500_59000_W500,0,0.27683821493505756
A1_primary_25,logistic_baseline,2026-07-02,10595,1959,BEAR_CALL_BNF_58500_59000_W500,0,0.2802860625653434
A1_primary_25,logistic_baseline,2026-07-02,10585,1960,BEAR_CALL_BNF_58500_59000_W500,0,0.28093438942192706
A1_primary_25,logistic_baseline,2026-07-02,10575,1961,BEAR_CALL_BNF_58500_59000_W500,0,0.28528259501908515
A1_primary_25,logistic_baseline,2026-07-02,10565,1962,BEAR_CALL_BNF_58500_59100_W600,0,0.23867591992562615
A1_primary_25,logistic_baseline,2026-07-02,10560,1963,BULL_PUT_BNF_57600_57200_W400,0,0.26783187624163074
A1_primary_25,logistic_baseline,2026-07-02,10550,1964,BEAR_CALL_BNF_58500_59000_W500,0,0.27472668221915875
A1_primary_25,logistic_baseline,2026-07-02,10540,1965,BEAR_CALL_BNF_58400_58800_W400,0,0.3384602946221982
A1_primary_25,logistic_baseline,2026-07-02,10535,1966,BEAR_CALL_BNF_58400_59000_W600,0,0.21978416478502474
A1_primary_25,logistic_baseline,2026-07-02,10530,1967,BEAR_CALL_BNF_58400_59000_W600,0,0.2191740855698629
A1_primary_25,logistic_baseline,2026-07-02,10520,1968,BEAR_CALL_BNF_58400_59000_W600,0,0.2265941400576674
A1_primary_25,logistic_baseline,2026-07-02,10510,1969,BEAR_CALL_BNF_58400_59000_W600,0,0.23161482373867157
A1_primary_25,logistic_baseline,2026-07-02,10505,1970,BEAR_CALL_BNF_58500_59000_W500,0,0.27331988465324714
A1_primary_25,logistic_baseline,2026-07-02,10495,1971,BEAR_CALL_BNF_58500_59000_W500,0,0.27980103479527185
A1_primary_25,logistic_baseline,2026-07-02,10490,1972,BEAR_CALL_BNF_58500_59000_W500,0,0.2667049623256799
A1_primary_25,logistic_baseline,2026-07-02,10485,1973,BEAR_CALL_BNF_58500_59000_W500,0,0.26410137007074475
A1_primary_25,logistic_baseline,2026-07-02,10475,1974,BEAR_CALL_BNF_58600_59000_W400,0,0.3471905093199573
A1_primary_25,logistic_baseline,2026-07-02,10470,1975,BULL_PUT_BNF_57600_57200_W400,0,0.26664202541924686
A1_primary_25,logistic_baseline,2026-07-02,10465,1976,BULL_PUT_BNF_57600_57200_W400,0,0.261063164320483
A1_primary_25,logistic_baseline,2026-07-02,10460,1977,BEAR_CALL_BNF_58500_59000_W500,0,0.2613528959281054
A1_primary_25,logistic_baseline,2026-07-02,10450,1978,BEAR_CALL_BNF_58500_59000_W500,0,0.26950964712750275
A1_primary_25,logistic_baseline,2026-07-02,10440,1979,BEAR_CALL_BNF_58500_59000_W500,0,0.2631255537949226
A1_primary_25,logistic_baseline,2026-07-03,11415,1984,BULL_PUT_BNF_57600_57200_W400,0,0.22381339776076634
A1_primary_25,logistic_baseline,2026-07-03,11405,1985,BEAR_CALL_BNF_58600_59000_W400,1,0.22500808608195835
A1_primary_25,logistic_baseline,2026-07-03,11395,1986,BEAR_CALL_BNF_58600_59000_W400,1,0.22402381566984664
A1_primary_25,logistic_baseline,2026-07-03,11390,1992,BEAR_CALL_BNF_58600_59000_W400,1,0.22329018917797777
A1_primary_25,logistic_baseline,2026-07-03,11385,1993,BULL_PUT_BNF_57600_57200_W400,0,0.22328038733205346
A1_primary_25,logistic_baseline,2026-07-03,11375,1994,BEAR_CALL_BNF_58600_59000_W400,1,0.22610143486991233
A1_primary_25,logistic_baseline,2026-07-03,11370,1995,BULL_PUT_BNF_57700_57300_W400,0,0.21978744951033688
A1_primary_25,logistic_baseline,2026-07-03,11365,1996,BEAR_CALL_BNF_58600_59000_W400,1,0.2228686360380563
A1_primary_25,logistic_baseline,2026-07-03,11355,1997,BEAR_CALL_BNF_58600_59000_W400,1,0.2252710093925612
A1_primary_25,logistic_baseline,2026-07-03,11350,1998,BEAR_CALL_BNF_58600_59000_W400,1,0.2260467275415877
A1_primary_25,logistic_baseline,2026-07-03,11345,1999,BULL_PUT_BNF_57600_57200_W400,0,0.2255691469270191
A1_primary_25,logistic_baseline,2026-07-03,11335,2000,BEAR_CALL_BNF_58600_59000_W400,1,0.2254053914519252
A1_primary_25,logistic_baseline,2026-07-03,11330,2001,BEAR_CALL_BNF_58500_59000_W500,1,0.16900173198277305
A1_primary_25,logistic_baseline,2026-07-03,11325,2002,BEAR_CALL_BNF_58500_59000_W500,1,0.16663522670441247
A1_primary_25,logistic_baseline,2026-07-03,11320,2003,BEAR_CALL_BNF_58500_59000_W500,1,0.16546319758072472
A1_primary_25,logistic_baseline,2026-07-03,11315,2004,BULL_PUT_BNF_57500_57100_W400,0,0.22614330291455692
A1_primary_25,logistic_baseline,2026-07-03,11310,2005,BULL_PUT_BNF_57500_57100_W400,0,0.22131914271533273
A1_primary_25,logistic_baseline,2026-07-03,11305,2006,BEAR_CALL_BNF_58400_59000_W600,1,0.1245979303175337
A1_primary_25,logistic_baseline,2026-07-03,11300,2007,BEAR_CALL_BNF_58400_59000_W600,1,0.12446404893941933
A1_primary_25,logistic_baseline,2026-07-03,11290,2008,BEAR_CALL_BNF_58500_59000_W500,1,0.17071889848346797
A1_primary_25,logistic_baseline,2026-07-03,11280,2009,BEAR_CALL_BNF_58500_59000_W500,1,0.17146238654509732
A1_primary_25,logistic_baseline,2026-07-03,11275,2010,BEAR_CALL_BNF_58500_59000_W500,1,0.1696851973414557
A1_primary_25,logistic_baseline,2026-07-03,11270,2011,BULL_PUT_BNF_57600_57200_W400,0,0.22376130702410932
A1_primary_25,logistic_baseline,2026-07-03,11265,2012,BULL_PUT_BNF_57600_57200_W400,0,0.22259809132765204
A1_primary_25,logistic_baseline,2026-07-03,11260,2013,BEAR_CALL_BNF_58500_59000_W500,1,0.16893943427048494
A1_primary_25,logistic_baseline,2026-07-03,11255,2014,BEAR_CALL_BNF_58500_59000_W500,1,0.17096418318054846
A1_primary_25,logistic_baseline,2026-07-03,11250,2015,BEAR_CALL_BNF_58500_59000_W500,1,0.1711729224357242
A1_primary_25,logistic_baseline,2026-07-03,11245,2016,BEAR_CALL_BNF_58500_59000_W500,1,0.1701677580362153
A1_primary_25,logistic_baseline,2026-07-03,11240,2017,BEAR_CALL_BNF_58500_59000_W500,1,0.16888105686091914
A1_primary_25,logistic_baseline,2026-07-03,11230,2018,BEAR_CALL_BNF_58500_59000_W500,1,0.17219995937413177
A1_primary_25,logistic_baseline,2026-07-03,11225,2019,BEAR_CALL_BNF_58500_59000_W500,1,0.17038138643757741
A1_primary_25,logistic_baseline,2026-07-03,11220,2020,BULL_PUT_BNF_57500_57100_W400,0,0.226943787120009
A1_primary_25,logistic_baseline,2026-07-03,11215,2021,BULL_PUT_BNF_57500_57100_W400,0,0.22812490843819613
A1_primary_25,logistic_baseline,2026-07-03,11210,2022,BULL_PUT_BNF_57500_57100_W400,0,0.226044280436529
A1_primary_25,logistic_baseline,2026-07-03,11205,2023,BULL_PUT_BNF_57500_57100_W400,0,0.22590414985184407
A1_primary_25,logistic_baseline,2026-07-03,11200,2024,BULL_PUT_BNF_57500_57100_W400,0,0.2239919491410911
A1_primary_25,logistic_baseline,2026-07-03,11195,2025,BEAR_CALL_BNF_58400_58900_W500,1,0.16744028275289483
A1_primary_25,logistic_baseline,2026-07-03,11190,2026,BULL_PUT_BNF_57400_57000_W400,1,0.22449813436565025
A1_primary_25,logistic_baseline,2026-07-03,11185,2027,BULL_PUT_BNF_57400_57000_W400,1,0.2210228658299933
A1_primary_25,logistic_baseline,2026-07-03,11180,2028,BULL_PUT_BNF_57400_57000_W400,1,0.22170529939576547
A1_primary_25,logistic_baseline,2026-07-03,11175,2029,BULL_PUT_BNF_57400_57000_W400,1,0.2232931825576809
A1_primary_25,logistic_baseline,2026-07-03,11170,2030,BULL_PUT_BNF_57400_57000_W400,1,0.22429494423022012
A1_primary_25,logistic_baseline,2026-07-03,11165,2031,BULL_PUT_BNF_57400_57000_W400,1,0.2241042120527648
A1_primary_25,logistic_baseline,2026-07-03,11160,2032,BEAR_CALL_BNF_58300_58700_W400,0,0.2226794334676281
A1_primary_25,logistic_baseline,2026-07-03,11155,2033,BEAR_CALL_BNF_58300_58700_W400,0,0.22002644217898545
A1_primary_25,logistic_baseline,2026-07-03,11150,2034,BULL_PUT_BNF_57400_57000_W400,1,0.22430621013514598
A1_primary_25,logistic_baseline,2026-07-03,11145,2035,BULL_PUT_BNF_57400_57000_W400,1,0.22503154053502117
A1_primary_25,logistic_baseline,2026-07-03,11140,2036,BULL_PUT_BNF_57400_57000_W400,1,0.22415326321756407
A1_primary_25,logistic_baseline,2026-07-03,11135,2037,BULL_PUT_BNF_57400_57000_W400,1,0.22226536502185873
A1_primary_25,logistic_baseline,2026-07-03,11130,2038,BEAR_CALL_BNF_58300_58700_W400,0,0.22333991323330699
A1_primary_25,logistic_baseline,2026-07-03,11125,2039,BULL_PUT_BNF_57400_57000_W400,1,0.2237523016280429
A1_primary_25,logistic_baseline,2026-07-03,11115,2040,BEAR_CALL_BNF_58400_59000_W600,0,0.13266851613930253
A1_primary_25,logistic_baseline,2026-07-03,11110,2041,BULL_PUT_BNF_57400_57000_W400,1,0.22169800011840404
A1_primary_25,logistic_baseline,2026-07-03,11105,2042,BULL_PUT_BNF_57400_57000_W400,1,0.22442356996843932
A1_primary_25,logistic_baseline,2026-07-03,11100,2043,BEAR_CALL_BNF_58400_58900_W500,0,0.17637319082716535
A1_primary_25,logistic_baseline,2026-07-03,11090,2044,BEAR_CALL_BNF_58400_59000_W600,0,0.13398394311299303
A1_primary_25,logistic_baseline,2026-07-03,11085,2045,BEAR_CALL_BNF_58400_58900_W500,0,0.17340295356583216
A1_primary_25,logistic_baseline,2026-07-03,11080,2046,BEAR_CALL_BNF_58400_59000_W600,0,0.13325271736326896
A1_primary_25,logistic_baseline,2026-07-03,11075,2047,BEAR_CALL_BNF_58400_59000_W600,0,0.1323161404295182
A1_primary_25,logistic_baseline,2026-07-03,11070,2048,BEAR_CALL_BNF_58400_59000_W600,0,0.13141207991694284
A1_primary_25,logistic_baseline,2026-07-03,11065,2049,BULL_PUT_BNF_57500_57100_W400,0,0.2247519496993036
A1_primary_25,logistic_baseline,2026-07-07,11925,2136,BULL_PUT_BNF_58000_57600_W400,0,0.6891058922818638
A1_primary_25,logistic_baseline,2026-07-07,11920,2137,BULL_PUT_BNF_58000_57600_W400,0,0.6866667166358154
A1_primary_25,logistic_baseline,2026-07-07,11910,2138,BULL_PUT_BNF_57900_57500_W400,0,0.6847162653713883
A1_primary_25,logistic_baseline,2026-07-07,11900,2139,BULL_PUT_BNF_58000_57600_W400,0,0.6671037436230328
A1_primary_25,logistic_baseline,2026-07-07,11890,2140,BEAR_CALL_BNF_58900_59300_W400,1,0.7682913831109106
A1_primary_25,logistic_baseline,2026-07-07,11880,2141,BEAR_CALL_BNF_58900_59300_W400,1,0.7683110793409796
A1_primary_25,logistic_baseline,2026-07-07,11865,2142,BEAR_CALL_BNF_58900_59300_W400,1,0.7732253579505395
A1_primary_25,logistic_baseline,2026-07-07,11855,2143,BEAR_CALL_BNF_58900_59300_W400,1,0.7698166048350671
A1_primary_25,logistic_baseline,2026-07-07,11845,2144,BEAR_CALL_BNF_58900_59300_W400,1,0.7657170179566849
A1_primary_25,logistic_baseline,2026-07-07,11830,2145,BEAR_CALL_BNF_58900_59300_W400,1,0.7723527256365637
A1_primary_25,logistic_baseline,2026-07-07,11815,2146,BEAR_CALL_BNF_58900_59300_W400,1,0.7719099651657881
A1_primary_25,logistic_baseline,2026-07-07,11810,2147,BULL_PUT_BNF_58000_57600_W400,0,0.6844032813475723
A1_primary_25,logistic_baseline,2026-07-07,11795,2148,BEAR_CALL_BNF_58900_59300_W400,1,0.7733713510445438
A1_primary_25,logistic_baseline,2026-07-07,11780,2149,BEAR_CALL_BNF_58900_59300_W400,1,0.7720115752302487
A1_primary_25,logistic_baseline,2026-07-07,11765,2150,BEAR_CALL_BNF_58900_59300_W400,1,0.7734725381855142
A1_primary_25,logistic_baseline,2026-07-07,11755,2151,BEAR_CALL_BNF_58900_59300_W400,1,0.7737548965577199
A1_primary_25,logistic_baseline,2026-07-07,11745,2152,BULL_PUT_BNF_58000_57600_W400,0,0.6811541830099832
A1_primary_25,logistic_baseline,2026-07-07,11735,2153,BEAR_CALL_BNF_58900_59300_W400,1,0.7727153543383125
A1_primary_25,logistic_baseline,2026-07-07,11725,2154,BULL_PUT_BNF_58000_57600_W400,0,0.6807432237395615
A1_primary_25,logistic_baseline,2026-07-07,11715,2155,BULL_PUT_BNF_58000_57600_W400,0,0.6763379596230915
A1_primary_25,logistic_baseline,2026-07-07,11705,2156,BULL_PUT_BNF_58000_57600_W400,0,0.6776005342678537
A1_primary_25,logistic_baseline,2026-07-07,11695,2157,BEAR_CALL_BNF_58900_59300_W400,1,0.7749851972045798
A1_primary_25,logistic_baseline,2026-07-07,11685,2158,BEAR_CALL_BNF_58900_59300_W400,1,0.7756534066677829
A1_primary_25,logistic_baseline,2026-07-07,11675,2159,BULL_PUT_BNF_57900_57500_W400,0,0.6981297827600645
A1_primary_25,logistic_baseline,2026-07-07,11665,2160,BEAR_CALL_BNF_58900_59300_W400,1,0.7808665803170294
A1_primary_25,logistic_baseline,2026-07-07,11655,2161,BEAR_CALL_BNF_58900_59300_W400,1,0.776074408158561
A1_primary_25,logistic_baseline,2026-07-07,11645,2162,BEAR_CALL_BNF_58900_59300_W400,1,0.7753936114309667
A1_primary_25,logistic_baseline,2026-07-07,11635,2163,BEAR_CALL_BNF_58900_59300_W400,1,0.7707321537618155
A1_primary_25,logistic_baseline,2026-07-07,11625,2164,BEAR_CALL_BNF_58900_59300_W400,1,0.7704432097564573
A1_primary_25,logistic_baseline,2026-07-07,11615,2165,BEAR_CALL_BNF_58900_59300_W400,1,0.7727564814481084
A1_primary_25,logistic_baseline,2026-07-07,11610,2166,BULL_PUT_BNF_58000_57600_W400,0,0.6931606840977463
A1_primary_25,logistic_baseline,2026-07-07,11605,2167,BULL_PUT_BNF_58000_57600_W400,0,0.6928878255921238
A1_primary_25,logistic_baseline,2026-07-07,11600,2168,BULL_PUT_BNF_58000_57600_W400,0,0.6877172549865657
A1_primary_25,logistic_baseline,2026-07-07,11595,2169,BULL_PUT_BNF_58000_57600_W400,0,0.6915324569757786
A1_primary_25,logistic_baseline,2026-07-07,11580,2170,BEAR_CALL_BNF_58900_59300_W400,1,0.7790183379263962
A1_primary_25,logistic_baseline,2026-07-07,11570,2171,BULL_PUT_BNF_57900_57500_W400,0,0.7004974057523169
A1_primary_25,logistic_baseline,2026-07-07,11560,2172,BULL_PUT_BNF_58000_57600_W400,0,0.681298578239588
A1_primary_25,logistic_baseline,2026-07-07,11545,2173,BEAR_CALL_BNF_58900_59300_W400,1,0.7828093268424767
A1_primary_25,logistic_baseline,2026-07-07,11535,2174,BEAR_CALL_BNF_58800_59200_W400,1,0.7767167026807753
A1_primary_25,logistic_baseline,2026-07-07,11525,2175,BEAR_CALL_BNF_58800_59200_W400,1,0.77700324819051
A1_primary_25,logistic_baseline,2026-07-07,11515,2176,BEAR_CALL_BNF_58800_59200_W400,1,0.7786902698428422
A1_primary_25,logistic_baseline,2026-07-07,11510,2177,BEAR_CALL_BNF_58800_59200_W400,1,0.7775859144287997
A1_primary_25,logistic_baseline,2026-07-07,11505,2178,BEAR_CALL_BNF_58800_59200_W400,1,0.7795369562604825
A1_primary_25,logistic_baseline,2026-07-07,11500,2179,BEAR_CALL_BNF_58800_59200_W400,1,0.7722522388548747
A1_primary_25,logistic_baseline,2026-07-07,11495,2180,BULL_PUT_BNF_57800_57400_W400,0,0.710633972238533
A1_primary_25,logistic_baseline,2026-07-07,11490,2181,BEAR_CALL_BNF_58700_59100_W400,1,0.7656953896263237
A1_primary_25,logistic_baseline,2026-07-07,11485,2182,BEAR_CALL_BNF_58700_59100_W400,1,0.7715403012663723
A1_primary_25,logistic_baseline,2026-07-07,11480,2183,BEAR_CALL_BNF_58700_59100_W400,0,0.7714216237624508
A1_primary_25,logistic_baseline,2026-07-07,11475,2184,BULL_PUT_BNF_57800_57400_W400,0,0.7021753834283897
A1_primary_25,logistic_baseline,2026-07-07,11470,2185,BULL_PUT_BNF_57800_57400_W400,0,0.6936999325091056
A1_primary_25,logistic_baseline,2026-07-07,11465,2186,BULL_PUT_BNF_57800_57400_W400,0,0.6942278776519479
A1_primary_25,logistic_baseline,2026-07-07,11460,2187,BULL_PUT_BNF_57800_57400_W400,0,0.7069434746384
A1_primary_25,logistic_baseline,2026-07-07,11450,2188,BULL_PUT_BNF_58000_57600_W400,0,0.656354637859106
A1_primary_25,logistic_baseline,2026-07-07,11440,2189,BEAR_CALL_BNF_58700_59100_W400,1,0.7739125935833431
A1_primary_25,logistic_baseline,2026-07-07,11430,2190,BULL_PUT_BNF_58000_57600_W400,0,0.6623794596877111
A1_primary_25,logistic_baseline,2026-07-07,11425,2191,BULL_PUT_BNF_57800_57400_W400,0,0.7065555419823903
A1_primary_25,logistic_baseline,2026-07-07,11420,2192,BEAR_CALL_BNF_58800_59200_W400,1,0.7885798343407856
A1_primary_25,logistic_baseline,2026-07-08,12026,2213,BEAR_PUT_BNF_57100_57700_W600,1,0.1103842808912079
A1_primary_25,logistic_baseline,2026-07-08,12024,2214,BEAR_PUT_BNF_56800_57800_W1000,1,0.011475686732547377
A1_primary_25,logistic_baseline,2026-07-08,12023,2215,BEAR_PUT_BNF_57000_57800_W800,1,0.03662545228172215
A1_primary_25,logistic_baseline,2026-07-08,12021,2217,BEAR_PUT_BNF_57100_57900_W800,1,0.03757924465872742
A1_primary_25,logistic_baseline,2026-07-08,12019,2218,BEAR_PUT_BNF_56900_57900_W1000,1,0.01164850963307939
A1_primary_25,logistic_baseline,2026-07-08,12018,2219,BEAR_PUT_BNF_57200_57800_W600,1,0.11017668626604683
A1_primary_25,logistic_baseline,2026-07-08,12014,2226,BEAR_PUT_BNF_57400_58000_W600,1,0.10820857943835677
A1_primary_25,logistic_baseline,2026-07-08,12011,2227,BEAR_PUT_BNF_57400_58000_W600,1,0.10978905535545033
A1_primary_25,logistic_baseline,2026-07-08,12008,2228,BEAR_PUT_BNF_57400_58000_W600,1,0.1112837067922577
A1_primary_25,logistic_baseline,2026-07-08,12007,2264,BEAR_PUT_BNF_57000_57600_W600,1,0.10703938039258205
A1_primary_25,logistic_baseline,2026-07-08,12005,2265,BEAR_PUT_BNF_56600_57400_W800,1,0.03344548580000812
A1_primary_25,logistic_baseline,2026-07-08,12003,2266,BEAR_PUT_BNF_56400_57200_W800,1,0.03281198065672553
A1_primary_25,logistic_baseline,2026-07-08,12000,2267,BEAR_PUT_NF_23700_24000_W300,1,0.1280037297892233
A1_primary_25,logistic_baseline,2026-07-08,11997,2268,BEAR_PUT_NF_23750_23850_W100,1,0.4471738456210073
A1_primary_25,logistic_baseline,2026-07-08,11989,2269,BEAR_PUT_NF_23600_23900_W300,0,0.11512254382475486
A1_primary_25,logistic_baseline,2026-07-08,11983,2270,BEAR_PUT_NF_23650_23900_W250,1,0.17500174167900664
A1_primary_25,logistic_baseline,2026-07-08,11974,2271,BEAR_PUT_NF_23600_23900_W300,1,0.11081997436727134
A1_primary_25,logistic_baseline,2026-07-08,11969,2272,BEAR_PUT_NF_23600_23850_W250,0,0.6981380370992495
A1_primary_25,logistic_baseline,2026-07-08,11959,2273,BEAR_PUT_NF_23600_23900_W300,1,0.5950044635299234
A1_primary_25,logistic_baseline,2026-07-08,11950,2276,BEAR_PUT_NF_23550_23850_W300,0,0.1105312860748949
A1_primary_25,logistic_baseline,2026-07-08,11942,2277,BEAR_PUT_NF_23600_23800_W200,0,0.7868040448903725
A1_primary_25,logistic_baseline,2026-07-08,11930,2278,BEAR_PUT_NF_23450_23850_W400,0,0.314368776927102
A1_primary_25,logistic_baseline,2026-07-09,12027,2288,BULL_CALL_NF_24400_24000_W400,0,0.18617479262086087
A1_primary_25,logistic_baseline,2026-07-13,12031,2498,BEAR_CALL_BNF_58500_59000_W500,1,0.7709928481048445
A1_primary_25,logistic_baseline,2026-07-14,12056,2518,BEAR_PUT_BNF_56500_57500_W1000,0,0.17179777216821582
A1_primary_25,logistic_baseline,2026-07-14,12050,2529,BEAR_PUT_BNF_56600_57600_W1000,1,0.1740182981362111
A1_primary_25,logistic_baseline,2026-07-14,12045,2580,BEAR_PUT_BNF_56700_57500_W800,1,0.3387561946003045
A1_primary_25,logistic_baseline,2026-07-14,12038,2581,BEAR_PUT_BNF_56500_57500_W1000,1,0.1706564840959291
A1_primary_25,logistic_baseline,2026-07-14,12033,2582,BEAR_PUT_BNF_56500_57500_W1000,0,0.17262740367999704
A1_primary_25,logistic_baseline,2026-07-16,12103,2659,BEAR_PUT_NF_23900_24150_W250,1,0.276938935093526
A1_primary_25,logistic_baseline,2026-07-16,12092,2660,BEAR_PUT_NF_23850_24150_W300,1,0.274583437362945
A1_primary_25,logistic_baseline,2026-07-16,12086,2661,BEAR_PUT_NF_23950_24100_W150,1,0.29435855368806196
A1_primary_25,logistic_baseline,2026-07-16,12078,2662,BEAR_PUT_NF_23900_24100_W200,1,0.281043873714667
A1_primary_25,logistic_baseline,2026-07-16,12073,2678,BEAR_PUT_NF_24050_24150_W100,1,0.31451151976692787
A1_primary_25,logistic_baseline,2026-07-16,12068,2679,BEAR_PUT_NF_24050_24150_W100,1,0.31397852041778884
A1_primary_25,logistic_baseline,2026-07-16,12063,2680,BEAR_PUT_NF_24000_24150_W150,1,0.30472474410381256
A1_primary_25,logistic_baseline,2026-07-17,12207,2736,BEAR_PUT_NF_24000_24200_W200,0,0.3582331159928101
A1_primary_25,logistic_baseline,2026-07-17,12198,2737,BEAR_PUT_NF_24000_24200_W200,0,0.3567790624789294
A1_primary_25,logistic_baseline,2026-07-17,12189,2738,BEAR_PUT_NF_24000_24200_W200,0,0.3583771017492583
A1_primary_25,logistic_baseline,2026-07-17,12178,2739,BEAR_PUT_NF_23950_24250_W300,0,0.24770505840686935
A1_primary_25,logistic_baseline,2026-07-17,12167,2740,BEAR_PUT_NF_23950_24250_W300,0,0.2501610384798256
A1_primary_25,logistic_baseline,2026-07-17,12154,2746,BEAR_PUT_NF_24000_24300_W300,0,0.25323125392572504
A1_primary_25,logistic_baseline,2026-07-17,12145,2747,BEAR_PUT_NF_24050_24250_W200,0,0.36370930522978157
A1_primary_25,logistic_baseline,2026-07-17,12133,2748,BEAR_PUT_NF_24000_24300_W300,0,0.25516391821529505
A1_primary_25,logistic_baseline,2026-07-17,12121,2749,BEAR_PUT_NF_24000_24300_W300,0,0.25628489132466753
A1_primary_25,logistic_baseline,2026-07-17,12112,2750,BEAR_PUT_NF_24050_24250_W200,0,0.36394920638732436
A1_primary_25,logistic_baseline,2026-07-20,12220,2821,BEAR_PUT_NF_24050_24250_W200,0,0.41531219410233666
A1_primary_25,logistic_baseline,2026-07-20,12216,2822,BEAR_PUT_BNF_57000_57800_W800,0,0.2594214233367861
A1_primary_25,logistic_baseline,2026-07-21,12246,2879,BEAR_PUT_NF_24150_24250_W100,1,0.5743425334845884
A1_primary_25,logistic_baseline,2026-07-21,12241,2880,BEAR_PUT_BNF_57500_58100_W600,1,0.5096765244241287
A1_primary_25,logistic_baseline,2026-07-21,12236,2881,BEAR_PUT_NF_24100_24250_W150,1,0.5534412968698821
A1_primary_25,logistic_baseline,2026-07-21,12231,2882,BEAR_PUT_NF_24100_24250_W150,1,0.5582074026977881
A1_primary_25,logistic_baseline,2026-07-21,12226,2883,BEAR_PUT_NF_24150_24250_W100,1,0.5883728526721467
A1_primary_25,logistic_baseline,2026-07-22,12259,2954,BEAR_PUT_NF_23800_24100_W300,1,0.31191256272728374
A1_primary_25,logistic_baseline,2026-07-22,12253,2955,BEAR_PUT_NF_23800_24050_W250,1,0.38098811540723804
A1_primary_25,logistic_baseline,2026-07-22,12252,2956,BEAR_PUT_BNF_56800_57300_W500,1,0.4399299082470074
A1_primary_25,logistic_baseline,2026-07-23,12062,3029,BEAR_PUT_NF_23750_23950_W200,1,0.26619102083738483
A2_primary_50,logistic_baseline,2026-06-05,3428,497,BEAR_PUT_BNF_53900_54700_W800,1,0.002626537485983579
A2_primary_50,logistic_baseline,2026-06-05,3422,498,BEAR_PUT_BNF_53800_54600_W800,1,0.002362448964809384
A2_primary_50,logistic_baseline,2026-06-05,3416,499,BEAR_PUT_NF_23200_23450_W250,1,0.05693924039858195
A2_primary_50,logistic_baseline,2026-06-05,3414,500,BEAR_PUT_NF_23200_23350_W150,0,0.0570895007168492
A2_primary_50,logistic_baseline,2026-06-05,3413,501,BEAR_PUT_BNF_53300_54300_W1000,0,0.0004356873158219514
A2_primary_50,logistic_baseline,2026-06-05,3410,502,BEAR_PUT_BNF_53600_54400_W800,0,0.001008089813611892
A2_primary_50,logistic_baseline,2026-06-05,3406,503,BEAR_PUT_NF_23150_23400_W250,0,0.03332156151648318
A2_primary_50,logistic_baseline,2026-06-05,3404,504,BEAR_PUT_BNF_53700_54500_W800,0,0.0013287968888833646
A2_primary_50,logistic_baseline,2026-06-05,3397,505,BEAR_PUT_NF_23250_23500_W250,1,0.06770315680738645
A2_primary_50,logistic_baseline,2026-06-05,3391,506,BEAR_PUT_BNF_54000_54800_W800,1,0.002008092439897177
A2_primary_50,logistic_baseline,2026-06-05,3385,507,BEAR_PUT_NF_23250_23450_W200,1,0.07861087550953848
A2_primary_50,logistic_baseline,2026-06-05,3381,508,BEAR_PUT_BNF_53800_54600_W800,1,0.0013541022326953593
A2_primary_50,logistic_baseline,2026-06-05,3373,509,BEAR_PUT_NF_23200_23450_W250,1,0.04055193713718622
A2_primary_50,logistic_baseline,2026-06-05,3368,510,BEAR_PUT_BNF_53800_54600_W800,1,0.001564156064307945
A2_primary_50,logistic_baseline,2026-06-05,3366,511,BEAR_PUT_NF_23250_23400_W150,1,0.08963905359053503
A2_primary_50,logistic_baseline,2026-06-05,3362,512,BEAR_PUT_BNF_53800_54600_W800,1,0.0023926455889608567
A2_primary_50,logistic_baseline,2026-06-05,3279,523,BEAR_PUT_BNF_53500_54500_W1000,0,0.0008731911757723864
A2_primary_50,logistic_baseline,2026-06-05,3180,534,BEAR_PUT_BNF_53200_54200_W1000,0,0.00022296153854951947
A2_primary_50,logistic_baseline,2026-06-05,3179,535,BEAR_PUT_NF_23100_23300_W200,0,0.019573647199416816
A2_primary_50,logistic_baseline,2026-06-05,3130,542,BULL_PUT_BNF_54000_53600_W400,1,0.11361566481040716
A2_primary_50,logistic_baseline,2026-06-05,3126,543,BEAR_PUT_BNF_53400_54400_W1000,0,0.0005953606051387997
A2_primary_50,logistic_baseline,2026-06-05,3122,544,BEAR_PUT_BNF_53500_54300_W800,0,0.0009816136863372567
A2_primary_50,logistic_baseline,2026-06-05,3120,545,BEAR_PUT_NF_23150_23350_W200,0,0.03854393031366309
A2_primary_50,logistic_baseline,2026-06-05,3118,546,BEAR_PUT_BNF_53900_54500_W600,1,0.0072289542877189
A2_primary_50,logistic_baseline,2026-06-05,3112,547,BEAR_PUT_NF_23150_23400_W250,0,0.07165705469891027
A2_primary_50,logistic_baseline,2026-06-05,3111,548,BEAR_PUT_BNF_53700_54500_W800,0,0.001516151661295859
A2_primary_50,logistic_baseline,2026-06-05,3108,549,BEAR_PUT_NF_23150_23350_W200,0,0.04931435137855117
A2_primary_50,logistic_baseline,2026-06-05,3106,550,BEAR_PUT_BNF_53700_54500_W800,0,0.0013941260874271698
A2_primary_50,logistic_baseline,2026-06-05,3104,551,BEAR_PUT_BNF_53700_54500_W800,0,0.00247781173657422
A2_primary_50,logistic_baseline,2026-06-05,3100,554,BEAR_PUT_BNF_53700_54500_W800,0,0.0021924839088407456
A2_primary_50,logistic_baseline,2026-06-08,4855,578,BEAR_PUT_NF_22950_23200_W250,1,0.00011223946971409937
A2_primary_50,logistic_baseline,2026-06-08,3854,612,BEAR_CALL_NF_23300_23450_W150,1,0.00016210414014980638
A2_primary_50,logistic_baseline,2026-06-08,3836,613,BEAR_CALL_NF_23300_23450_W150,1,0.00018680809469278872
A2_primary_50,logistic_baseline,2026-06-08,3819,614,BEAR_CALL_NF_23300_23450_W150,1,0.0001138128782665754
A2_primary_50,logistic_baseline,2026-06-08,3803,615,BEAR_CALL_NF_23300_23450_W150,1,0.0001269708817275225
A2_primary_50,logistic_baseline,2026-06-08,3785,616,BEAR_CALL_NF_23350_23500_W150,1,0.00015573347515359024
A2_primary_50,logistic_baseline,2026-06-08,3772,617,BEAR_CALL_NF_23300_23450_W150,1,0.00014736740479495545
A2_primary_50,logistic_baseline,2026-06-08,3760,618,BEAR_CALL_NF_23350_23500_W150,1,0.00029486211149279553
A2_primary_50,logistic_baseline,2026-06-08,3742,619,BEAR_CALL_NF_23350_23500_W150,1,0.0002668187129421538
A2_primary_50,logistic_baseline,2026-06-08,3729,620,BULL_PUT_NF_23000_22850_W150,0,0.0005907206721944474
A2_primary_50,logistic_baseline,2026-06-08,3716,621,BEAR_CALL_NF_23300_23450_W150,1,0.00028061853092958226
A2_primary_50,logistic_baseline,2026-06-08,3700,622,BEAR_CALL_NF_23250_23400_W150,0,0.00017322265031598078
A2_primary_50,logistic_baseline,2026-06-08,3689,623,BEAR_CALL_NF_23300_23450_W150,0,0.0002888815135515531
A2_primary_50,logistic_baseline,2026-06-08,3677,624,BEAR_CALL_NF_23300_23450_W150,0,0.00026057926160270997
A2_primary_50,logistic_baseline,2026-06-08,3661,625,BEAR_CALL_NF_23250_23400_W150,0,0.00028405023859972737
A2_primary_50,logistic_baseline,2026-06-08,3651,626,BEAR_PUT_NF_22950_23100_W150,0,0.00013821113401869283
A2_primary_50,logistic_baseline,2026-06-09,5511,654,BEAR_PUT_BNF_53500_54500_W1000,0,0.3893586110685667
A2_primary_50,logistic_baseline,2026-06-09,5509,655,BEAR_PUT_BNF_53600_54600_W1000,0,0.4393830543004693
A2_primary_50,logistic_baseline,2026-06-09,5507,656,BEAR_PUT_BNF_53600_54600_W1000,0,0.3887317969278521
A2_primary_50,logistic_baseline,2026-06-09,5502,659,BEAR_PUT_NF_23000_23200_W200,0,0.7627170675137663
A2_primary_50,logistic_baseline,2026-06-09,5498,660,BEAR_PUT_NF_23050_23200_W150,0,0.740061718541144
A2_primary_50,logistic_baseline,2026-06-09,5493,661,BULL_PUT_BNF_54500_54100_W400,1,0.846160581735874
A2_primary_50,logistic_baseline,2026-06-09,5489,662,BEAR_PUT_NF_23100_23200_W100,0,0.7488153860173048
A2_primary_50,logistic_baseline,2026-06-09,5485,663,BEAR_PUT_NF_23050_23200_W150,0,0.6804575663210495
A2_primary_50,logistic_baseline,2026-06-09,5475,664,BEAR_CALL_BNF_55300_55800_W500,0,0.5884646161117502
A2_primary_50,logistic_baseline,2026-06-09,5470,665,BULL_PUT_BNF_54500_54100_W400,1,0.7859217078380915
A2_primary_50,logistic_baseline,2026-06-09,5465,666,BULL_PUT_BNF_54500_54100_W400,1,0.8141519169569645
A2_primary_50,logistic_baseline,2026-06-09,5460,667,BULL_PUT_BNF_54500_54100_W400,1,0.823461241382084
A2_primary_50,logistic_baseline,2026-06-09,5454,668,BEAR_PUT_BNF_54000_55000_W1000,0,0.5690843291116556
A2_primary_50,logistic_baseline,2026-06-09,5449,670,BULL_PUT_BNF_54500_54100_W400,1,0.8582998365381455
A2_primary_50,logistic_baseline,2026-06-09,5444,673,BULL_PUT_BNF_54500_54100_W400,1,0.8352361703158109
A2_primary_50,logistic_baseline,2026-06-09,5439,685,BULL_PUT_BNF_54600_54200_W400,1,0.847448532260333
A2_primary_50,logistic_baseline,2026-06-12,5524,876,BEAR_PUT_NF_23150_23350_W200,0,0.6066427609437512
A2_primary_50,logistic_baseline,2026-06-12,5518,877,BEAR_PUT_NF_23150_23350_W200,0,0.6149709644061484
A2_primary_50,logistic_baseline,2026-06-12,5513,928,BULL_PUT_NF_23450_23300_W150,1,0.9754672692817182
A2_primary_50,logistic_baseline,2026-06-15,5607,1000,BEAR_CALL_NF_24000_24150_W150,1,0.744750857507764
A2_primary_50,logistic_baseline,2026-06-15,5602,1001,BEAR_CALL_NF_24050_24200_W150,1,0.7480912516006163
A2_primary_50,logistic_baseline,2026-06-15,5597,1002,BEAR_CALL_NF_24050_24200_W150,1,0.7483635231669554
A2_primary_50,logistic_baseline,2026-06-15,5592,1003,BEAR_CALL_NF_24050_24200_W150,1,0.7487099820367896
A2_primary_50,logistic_baseline,2026-06-15,5587,1004,BEAR_CALL_NF_24050_24200_W150,1,0.7474673550904332
A2_primary_50,logistic_baseline,2026-06-15,5582,1005,BEAR_CALL_NF_24050_24200_W150,1,0.7502962103121983
A2_primary_50,logistic_baseline,2026-06-15,5577,1006,BULL_PUT_NF_23800_23650_W150,0,0.9113804859500242
A2_primary_50,logistic_baseline,2026-06-15,5572,1007,BULL_PUT_NF_23750_23600_W150,0,0.9122666881637971
A2_primary_50,logistic_baseline,2026-06-15,5567,1008,BULL_PUT_NF_23750_23600_W150,0,0.9123033473356656
A2_primary_50,logistic_baseline,2026-06-15,5562,1009,BULL_PUT_NF_23750_23600_W150,0,0.9103361001735386
A2_primary_50,logistic_baseline,2026-06-15,5557,1010,BULL_PUT_NF_23750_23600_W150,0,0.9112868766824435
A2_primary_50,logistic_baseline,2026-06-15,5552,1011,BEAR_CALL_NF_24000_24150_W150,1,0.7431934883373548
A2_primary_50,logistic_baseline,2026-06-15,5547,1012,BEAR_CALL_NF_24000_24150_W150,1,0.7414584115067331
A2_primary_50,logistic_baseline,2026-06-15,5542,1013,BEAR_CALL_NF_24000_24150_W150,0,0.7393584768938878
A2_primary_50,logistic_baseline,2026-06-15,5537,1014,BEAR_CALL_NF_24000_24150_W150,1,0.7379077356084015
A2_primary_50,logistic_baseline,2026-06-15,5533,1015,BEAR_CALL_NF_24000_24150_W150,1,0.7380841941360581
A2_primary_50,logistic_baseline,2026-06-15,5924,938,BEAR_CALL_NF_24100_24250_W150,1,0.756379648217728
A2_primary_50,logistic_baseline,2026-06-15,5918,939,BEAR_CALL_NF_24100_24250_W150,1,0.7511886920357966
A2_primary_50,logistic_baseline,2026-06-15,5912,940,BEAR_CALL_NF_24100_24250_W150,1,0.7510432217225056
A2_primary_50,logistic_baseline,2026-06-15,5906,941,BEAR_CALL_NF_24100_24250_W150,1,0.7492801435004621
A2_primary_50,logistic_baseline,2026-06-15,5899,942,BEAR_PUT_NF_23750_23950_W200,1,0.4041541747692535
A2_primary_50,logistic_baseline,2026-06-15,5892,943,BEAR_CALL_NF_24100_24250_W150,1,0.749187834828028
A2_primary_50,logistic_baseline,2026-06-17,6044,1105,BEAR_PUT_BNF_56500_57500_W1000,0,0.12084253410707771
A2_primary_50,logistic_baseline,2026-06-17,6034,1106,BEAR_PUT_NF_23800_24100_W300,0,0.2048557785954365
A2_primary_50,logistic_baseline,2026-06-17,6030,1107,BEAR_PUT_BNF_56500_57500_W1000,0,0.12132128447416361
A2_primary_50,logistic_baseline,2026-06-17,6026,1108,BEAR_PUT_NF_23800_24100_W300,0,0.20747711062618138
A2_primary_50,logistic_baseline,2026-06-17,6022,1109,BEAR_PUT_NF_23800_24100_W300,0,0.20710369679914417
A2_primary_50,logistic_baseline,2026-06-22,6888,1393,BEAR_CALL_NF_24250_24400_W150,1,0.4808620914873967
A2_primary_50,logistic_baseline,2026-06-22,6877,1394,BULL_PUT_NF_24000_23850_W150,0,0.5425862275075516
A2_primary_50,logistic_baseline,2026-06-22,6865,1395,BULL_PUT_NF_24000_23850_W150,0,0.5438067028415396
A2_primary_50,logistic_baseline,2026-06-22,6854,1396,BEAR_CALL_NF_24250_24400_W150,1,0.4759024631978338
A2_primary_50,logistic_baseline,2026-06-22,6842,1397,BEAR_CALL_NF_24250_24400_W150,1,0.4725835286153548
A2_primary_50,logistic_baseline,2026-06-22,6830,1398,BULL_PUT_NF_24000_23850_W150,0,0.5474047731841493
A2_primary_50,logistic_baseline,2026-06-22,6819,1399,BEAR_CALL_NF_24250_24400_W150,1,0.47384873691267176
A2_primary_50,logistic_baseline,2026-06-22,6817,1400,BEAR_CALL_NF_24250_24400_W150,1,0.4725596889236922
A2_primary_50,logistic_baseline,2026-06-22,6815,1401,BEAR_CALL_NF_24250_24400_W150,1,0.47949781592005464
A2_primary_50,logistic_baseline,2026-06-22,6813,1402,BEAR_CALL_NF_24250_24400_W150,1,0.4761590699104635
A2_primary_50,logistic_baseline,2026-06-22,6811,1403,BEAR_CALL_NF_24250_24400_W150,1,0.4829822077379523
A2_primary_50,logistic_baseline,2026-06-22,6809,1404,BULL_PUT_NF_24000_23850_W150,1,0.5326384803448542
A2_primary_50,logistic_baseline,2026-06-22,6808,1405,BULL_PUT_NF_24000_23850_W150,1,0.5384238576368628
A2_primary_50,logistic_baseline,2026-06-22,6805,1406,BEAR_CALL_NF_24200_24350_W150,0,0.46484884894347545
A2_primary_50,logistic_baseline,2026-06-23,8657,1411,BEAR_CALL_BNF_58400_58800_W400,1,0.8058185001316273
A2_primary_50,logistic_baseline,2026-06-23,8653,1441,BEAR_PUT_NF_23900_24100_W200,1,0.17729404820217257
A2_primary_50,logistic_baseline,2026-06-23,8650,1442,BEAR_PUT_BNF_57200_57600_W400,1,0.3476000888128134
A2_primary_50,logistic_baseline,2026-06-23,8648,1443,BEAR_PUT_BNF_57300_57600_W300,1,0.4115429903491926
A2_primary_50,logistic_baseline,2026-06-23,8642,1444,BEAR_PUT_NF_23900_24000_W100,1,0.25911139731682425
A2_primary_50,logistic_baseline,2026-06-23,8636,1445,BEAR_PUT_BNF_57100_57500_W400,1,0.321202836310182
A2_primary_50,logistic_baseline,2026-06-23,8629,1446,BEAR_PUT_BNF_57100_57500_W400,1,0.3141915982482794
A2_primary_50,logistic_baseline,2026-06-23,8623,1447,BEAR_PUT_BNF_57100_57500_W400,1,0.31167572773238694
A2_primary_50,logistic_baseline,2026-06-23,8618,1448,BEAR_CALL_BNF_58000_58400_W400,1,0.7640394420745711
A2_primary_50,logistic_baseline,2026-06-23,8609,1449,BEAR_CALL_BNF_57900_58300_W400,1,0.7329867253757035
A2_primary_50,logistic_baseline,2026-06-23,8595,1450,BEAR_CALL_BNF_57900_58300_W400,1,0.7448539392508265
A2_primary_50,logistic_baseline,2026-06-23,8581,1451,BEAR_CALL_BNF_57900_58300_W400,1,0.7468248211463699
A2_primary_50,logistic_baseline,2026-06-23,8567,1452,BEAR_CALL_BNF_57900_58300_W400,1,0.7468293929277081
A2_primary_50,logistic_baseline,2026-06-23,8553,1453,BEAR_CALL_BNF_57900_58300_W400,1,0.7399153262662744
A2_primary_50,logistic_baseline,2026-06-23,8544,1454,BEAR_CALL_BNF_58000_58400_W400,1,0.7693900965519336
A2_primary_50,logistic_baseline,2026-06-23,8535,1455,BEAR_CALL_BNF_58000_58400_W400,1,0.7718402381805554
A2_primary_50,logistic_baseline,2026-06-23,8526,1456,BEAR_CALL_BNF_57900_58300_W400,1,0.7525368980187349
A2_primary_50,logistic_baseline,2026-06-23,8517,1457,BEAR_CALL_BNF_57900_58300_W400,1,0.7452691086907108
A2_primary_50,logistic_baseline,2026-06-23,8508,1458,BEAR_CALL_BNF_57900_58300_W400,1,0.7461985625256233
A2_primary_50,logistic_baseline,2026-06-23,8499,1459,BEAR_CALL_BNF_57900_58300_W400,1,0.7421011123783692
A2_primary_50,logistic_baseline,2026-06-23,8490,1460,BEAR_CALL_BNF_58000_58400_W400,1,0.7623760230583165
A2_primary_50,logistic_baseline,2026-06-23,8476,1461,BEAR_CALL_BNF_57900_58300_W400,1,0.7434995409620602
A2_primary_50,logistic_baseline,2026-06-23,8462,1462,BEAR_CALL_BNF_57900_58300_W400,1,0.7441984204696402
A2_primary_50,logistic_baseline,2026-06-23,8453,1463,BEAR_CALL_BNF_58000_58400_W400,1,0.7650296456856566
A2_primary_50,logistic_baseline,2026-06-23,8439,1464,BEAR_CALL_BNF_57900_58300_W400,1,0.7486545283986575
A2_primary_50,logistic_baseline,2026-06-23,8425,1465,BEAR_CALL_BNF_57900_58300_W400,1,0.7451566856122217
A2_primary_50,logistic_baseline,2026-06-23,8411,1466,BEAR_CALL_BNF_57900_58300_W400,1,0.7439618583877647
A2_primary_50,logistic_baseline,2026-06-23,8402,1467,BEAR_CALL_BNF_57900_58300_W400,1,0.7417456137989437
A2_primary_50,logistic_baseline,2026-06-23,8393,1468,BEAR_CALL_BNF_57800_58200_W400,1,0.7267506805290274
A2_primary_50,logistic_baseline,2026-06-23,8384,1469,BEAR_CALL_BNF_57800_58200_W400,1,0.7237605028067596
A2_primary_50,logistic_baseline,2026-06-23,8374,1470,BEAR_CALL_BNF_57800_58200_W400,1,0.7348807533529008
A2_primary_50,logistic_baseline,2026-06-23,8364,1471,BEAR_CALL_BNF_57800_58200_W400,1,0.7302912445737575
A2_primary_50,logistic_baseline,2026-06-23,8355,1472,BEAR_CALL_BNF_57800_58200_W400,1,0.7319029640414999
A2_primary_50,logistic_baseline,2026-06-23,8346,1473,BEAR_CALL_BNF_57800_58200_W400,1,0.7358544930570999
A2_primary_50,logistic_baseline,2026-06-23,8337,1474,BEAR_CALL_BNF_57800_58200_W400,1,0.7410501110835982
A2_primary_50,logistic_baseline,2026-06-23,8327,1475,BEAR_CALL_BNF_57800_58200_W400,1,0.7439150911356277
A2_primary_50,logistic_baseline,2026-06-23,8318,1476,BEAR_CALL_BNF_57800_58200_W400,1,0.7448035334759855
A2_primary_50,logistic_baseline,2026-06-23,8309,1477,BEAR_CALL_BNF_57800_58200_W400,1,0.7358982512411225
A2_primary_50,logistic_baseline,2026-06-23,8300,1478,BEAR_CALL_BNF_57900_58300_W400,1,0.7617701216626166
A2_primary_50,logistic_baseline,2026-06-23,8291,1479,BEAR_CALL_BNF_57800_58200_W400,1,0.7467674121542219
A2_primary_50,logistic_baseline,2026-06-23,8282,1480,BEAR_CALL_BNF_57900_58300_W400,1,0.7615896446743833
A2_primary_50,logistic_baseline,2026-06-23,8273,1482,BEAR_CALL_BNF_57800_58200_W400,1,0.7466301056106008
A2_primary_50,logistic_baseline,2026-06-23,8264,1483,BEAR_CALL_BNF_57800_58200_W400,1,0.7507862345305706
A2_primary_50,logistic_baseline,2026-06-23,8255,1484,BEAR_CALL_BNF_57900_58300_W400,1,0.7668235239879673
A2_primary_50,logistic_baseline,2026-06-23,8246,1485,BEAR_CALL_BNF_57900_58300_W400,1,0.7741509960615726
A2_primary_50,logistic_baseline,2026-06-23,8237,1486,BEAR_CALL_BNF_57900_58300_W400,1,0.7760655179385548
A2_primary_50,logistic_baseline,2026-06-23,8228,1487,BEAR_CALL_BNF_57900_58300_W400,1,0.7753594952200349
A2_primary_50,logistic_baseline,2026-06-23,8212,1488,BEAR_PUT_NF_23650_23850_W200,0,0.1140961036747391
A2_primary_50,logistic_baseline,2026-06-23,8198,1489,BEAR_PUT_NF_23650_23850_W200,1,0.1096671076743873
A2_primary_50,logistic_baseline,2026-06-23,8181,1490,BEAR_PUT_NF_23600_23850_W250,0,0.08156620353988162
A2_primary_50,logistic_baseline,2026-06-23,8167,1491,BEAR_CALL_BNF_57500_57900_W400,0,0.6972481449250232
A2_primary_50,logistic_baseline,2026-06-23,8153,1492,BEAR_CALL_BNF_57500_57900_W400,0,0.6906631771226556
A2_primary_50,logistic_baseline,2026-06-24,9066,1496,BEAR_PUT_NF_23700_23850_W150,0,0.5105807274508023
A2_primary_50,logistic_baseline,2026-06-24,9055,1497,BEAR_PUT_NF_23700_23850_W150,0,0.5145988063873415
A2_primary_50,logistic_baseline,2026-06-24,9044,1498,BEAR_PUT_NF_23650_23900_W250,0,0.430145074570599
A2_primary_50,logistic_baseline,2026-06-24,9034,1499,BEAR_PUT_NF_23700_23850_W150,0,0.5236716052523169
A2_primary_50,logistic_baseline,2026-06-24,9022,1500,BEAR_PUT_NF_23600_23900_W300,0,0.3905677053758381
A2_primary_50,logistic_baseline,2026-06-24,9013,1501,BEAR_CALL_BNF_58000_58400_W400,0,0.9682699616372378
A2_primary_50,logistic_baseline,2026-06-24,9006,1502,BEAR_PUT_BNF_56800_57400_W600,0,0.6096735064734661
A2_primary_50,logistic_baseline,2026-06-24,8993,1503,BEAR_PUT_NF_23550_23850_W300,0,0.3723983505554079
A2_primary_50,logistic_baseline,2026-06-24,8983,1504,BEAR_PUT_NF_23600_23850_W250,0,0.42590520460685677
A2_primary_50,logistic_baseline,2026-06-24,8973,1505,BEAR_PUT_NF_23650_23900_W250,0,0.44578754338135457
A2_primary_50,logistic_baseline,2026-06-24,8965,1506,BEAR_PUT_NF_23700_23900_W200,0,0.4880371995910124
A2_primary_50,logistic_baseline,2026-06-24,8953,1507,BEAR_PUT_NF_23700_23900_W200,0,0.49589139553005623
A2_primary_50,logistic_baseline,2026-06-24,8944,1508,BEAR_PUT_NF_23700_23900_W200,0,0.4977947392564942
A2_primary_50,logistic_baseline,2026-06-24,8936,1509,BEAR_PUT_NF_23750_23950_W200,0,0.4951535794945227
A2_primary_50,logistic_baseline,2026-06-24,8927,1510,BEAR_CALL_BNF_58200_58600_W400,0,0.9675886500734856
A2_primary_50,logistic_baseline,2026-06-24,8918,1511,BEAR_CALL_BNF_58200_58600_W400,0,0.9681316159064788
A2_primary_50,logistic_baseline,2026-06-24,8909,1512,BEAR_CALL_BNF_58200_58600_W400,0,0.9702711439018403
A2_primary_50,logistic_baseline,2026-06-24,8900,1513,BEAR_CALL_BNF_58200_58600_W400,0,0.971420516645957
A2_primary_50,logistic_baseline,2026-06-24,8891,1514,BEAR_CALL_BNF_58200_58600_W400,0,0.9681447689731222
A2_primary_50,logistic_baseline,2026-06-24,8882,1515,BEAR_CALL_BNF_58200_58600_W400,0,0.967747199836848
A2_primary_50,logistic_baseline,2026-06-24,8873,1516,BEAR_CALL_BNF_58200_58600_W400,0,0.9671280425030995
A2_primary_50,logistic_baseline,2026-06-24,8865,1517,BEAR_CALL_BNF_58300_58700_W400,0,0.972404355589863
A2_primary_50,logistic_baseline,2026-06-24,8853,1518,BEAR_PUT_NF_23750_24000_W250,0,0.46943122338152343
A2_primary_50,logistic_baseline,2026-06-24,8843,1519,BEAR_PUT_NF_23750_24000_W250,0,0.46432976703667095
A2_primary_50,logistic_baseline,2026-06-24,8833,1520,BEAR_PUT_NF_23800_23950_W150,0,0.5553616024378994
A2_primary_50,logistic_baseline,2026-06-24,8820,1521,BEAR_PUT_NF_23700_24000_W300,0,0.4165352418146182
A2_primary_50,logistic_baseline,2026-06-24,8811,1522,BEAR_CALL_BNF_58400_58800_W400,0,0.972002538714696
A2_primary_50,logistic_baseline,2026-06-24,8802,1523,BEAR_CALL_BNF_58400_58800_W400,0,0.9695473448854294
A2_primary_50,logistic_baseline,2026-06-24,8794,1524,BEAR_CALL_BNF_58500_58900_W400,0,0.9759233814712847
A2_primary_50,logistic_baseline,2026-06-24,8785,1525,BEAR_CALL_BNF_58500_58900_W400,0,0.9714239820286982
A2_primary_50,logistic_baseline,2026-06-24,8777,1526,BEAR_CALL_BNF_58600_59000_W400,1,0.9760339793354379
A2_primary_50,logistic_baseline,2026-06-24,8769,1527,BEAR_CALL_BNF_58600_59000_W400,1,0.9744014639768191
A2_primary_50,logistic_baseline,2026-06-24,8761,1528,BEAR_CALL_BNF_58600_59000_W400,1,0.9755661909693562
A2_primary_50,logistic_baseline,2026-06-24,8753,1529,BEAR_CALL_BNF_58600_59000_W400,1,0.9744835830408172
A2_primary_50,logistic_baseline,2026-06-24,8744,1530,BEAR_CALL_BNF_58600_59000_W400,0,0.976321367089313
A2_primary_50,logistic_baseline,2026-06-24,8735,1531,BEAR_CALL_BNF_58500_58900_W400,0,0.9709527341223672
A2_primary_50,logistic_baseline,2026-06-24,8727,1532,BEAR_CALL_BNF_58600_59000_W400,1,0.9750491171097789
A2_primary_50,logistic_baseline,2026-06-24,8718,1533,BEAR_CALL_BNF_58600_59000_W400,1,0.9713285403561401
A2_primary_50,logistic_baseline,2026-06-24,8710,1534,BEAR_CALL_BNF_58600_59000_W400,0,0.9769006995994277
A2_primary_50,logistic_baseline,2026-06-24,8701,1538,BEAR_CALL_BNF_58500_58900_W400,0,0.971511937826033
A2_primary_50,logistic_baseline,2026-06-24,8692,1539,BEAR_CALL_BNF_58500_58900_W400,0,0.9709033749931123
A2_primary_50,logistic_baseline,2026-06-24,8683,1541,BEAR_CALL_BNF_58500_58900_W400,0,0.9705923119701467
A2_primary_50,logistic_baseline,2026-06-24,8674,1542,BEAR_CALL_BNF_58500_58900_W400,0,0.9720131525038704
A2_primary_50,logistic_baseline,2026-06-24,8666,1551,BEAR_CALL_BNF_58700_59100_W400,1,0.9757660454063263
A2_primary_50,logistic_baseline,2026-06-29,9689,1668,BULL_PUT_NF_24000_23850_W150,0,0.6955772034997358
A2_primary_50,logistic_baseline,2026-06-29,9674,1669,BULL_PUT_NF_24000_23850_W150,0,0.6906953760068503
A2_primary_50,logistic_baseline,2026-06-29,9649,1671,BULL_PUT_NF_24000_23850_W150,0,0.6993643042434468
A2_primary_50,logistic_baseline,2026-06-29,9433,1692,BEAR_CALL_NF_24100_24250_W150,1,0.7829588339986816
A2_primary_50,logistic_baseline,2026-06-29,9419,1693,BEAR_CALL_NF_24100_24250_W150,1,0.7902607448868287
A2_primary_50,logistic_baseline,2026-06-29,9405,1694,BEAR_CALL_NF_24100_24250_W150,1,0.7873030012670227
A2_primary_50,logistic_baseline,2026-06-29,9391,1695,BEAR_CALL_NF_24100_24250_W150,1,0.7893455283416362
A2_primary_50,logistic_baseline,2026-06-29,9376,1696,BEAR_CALL_NF_24100_24250_W150,1,0.7931262074572373
A2_primary_50,logistic_baseline,2026-06-29,9363,1697,BEAR_CALL_NF_24100_24250_W150,1,0.7937723714766854
A2_primary_50,logistic_baseline,2026-06-29,9344,1698,BEAR_CALL_NF_24100_24250_W150,1,0.7903316654140741
A2_primary_50,logistic_baseline,2026-06-29,9325,1699,BEAR_CALL_NF_24100_24250_W150,1,0.7919482785403732
A2_primary_50,logistic_baseline,2026-06-29,9144,1716,BULL_PUT_BNF_57400_57000_W400,0,0.9222369126316398
A2_primary_50,logistic_baseline,2026-06-29,9139,1717,BULL_PUT_BNF_57400_57000_W400,0,0.9245790928474721
A2_primary_50,logistic_baseline,2026-06-29,9134,1718,BULL_PUT_BNF_57400_57000_W400,0,0.9176177961241347
A2_primary_50,logistic_baseline,2026-06-29,9129,1719,BEAR_CALL_BNF_58400_58800_W400,1,0.9557447563040021
A2_primary_50,logistic_baseline,2026-06-29,9124,1720,BULL_PUT_BNF_57400_57000_W400,0,0.9196272869424259
A2_primary_50,logistic_baseline,2026-06-29,9120,1721,BULL_PUT_BNF_57400_57000_W400,0,0.9215232481954779
A2_primary_50,logistic_baseline,2026-06-29,9116,1722,BULL_PUT_BNF_57400_57000_W400,0,0.9262449326754881
A2_primary_50,logistic_baseline,2026-06-29,9112,1723,BEAR_CALL_BNF_58400_58800_W400,1,0.9565792772580353
A2_primary_50,logistic_baseline,2026-06-29,9108,1724,BULL_PUT_BNF_57400_57000_W400,0,0.9256699835741579
A2_primary_50,logistic_baseline,2026-06-29,9103,1725,BULL_PUT_BNF_57400_57000_W400,0,0.9248370262647814
A2_primary_50,logistic_baseline,2026-06-29,9097,1726,BEAR_CALL_BNF_58300_58700_W400,1,0.9551920029411823
A2_primary_50,logistic_baseline,2026-06-29,9092,1727,BULL_PUT_BNF_57300_56900_W400,1,0.916839571392671
A2_primary_50,logistic_baseline,2026-06-29,9084,1728,BULL_PUT_BNF_57200_56800_W400,1,0.9258156740144796
A2_primary_50,logistic_baseline,2026-06-29,9077,1729,BEAR_CALL_BNF_58200_58600_W400,1,0.9546053027657135
A2_primary_50,logistic_baseline,2026-07-01,10430,1817,BEAR_CALL_BNF_58100_58500_W400,0,0.41875545430970024
A2_primary_50,logistic_baseline,2026-07-01,10420,1818,BEAR_CALL_BNF_58000_58600_W600,0,0.4198715996479466
A2_primary_50,logistic_baseline,2026-07-01,10410,1819,BEAR_CALL_BNF_58000_58500_W500,0,0.4181244681271255
A2_primary_50,logistic_baseline,2026-07-01,10400,1820,BEAR_CALL_BNF_58100_58500_W400,0,0.42651016075369924
A2_primary_50,logistic_baseline,2026-07-01,10390,1821,BEAR_CALL_BNF_58200_58700_W500,0,0.4345986795192965
A2_primary_50,logistic_baseline,2026-07-01,10380,1822,BEAR_CALL_BNF_58200_58600_W400,0,0.43319705819925486
A2_primary_50,logistic_baseline,2026-07-01,10370,1823,BEAR_CALL_BNF_58100_58600_W500,0,0.4241623879393417
A2_primary_50,logistic_baseline,2026-07-01,10360,1824,BEAR_CALL_BNF_58200_58600_W400,0,0.43398659209186613
A2_primary_50,logistic_baseline,2026-07-01,10350,1825,BEAR_CALL_BNF_58100_58500_W400,0,0.4275150710631848
A2_primary_50,logistic_baseline,2026-07-01,10340,1826,BEAR_CALL_BNF_58200_58700_W500,0,0.4346124309018853
A2_primary_50,logistic_baseline,2026-07-01,10330,1827,BEAR_CALL_BNF_58200_58800_W600,0,0.4320920531607421
A2_primary_50,logistic_baseline,2026-07-01,10320,1828,BEAR_CALL_BNF_58300_58900_W600,0,0.42742529070476626
A2_primary_50,logistic_baseline,2026-07-01,10310,1829,BEAR_CALL_BNF_58300_58900_W600,0,0.4261447398700396
A2_primary_50,logistic_baseline,2026-07-01,10300,1830,BEAR_CALL_BNF_58300_58900_W600,0,0.4290693632888902
A2_primary_50,logistic_baseline,2026-07-01,10290,1831,BEAR_CALL_BNF_58300_58900_W600,0,0.4379653281930206
A2_primary_50,logistic_baseline,2026-07-01,10280,1832,BEAR_CALL_BNF_58200_58600_W400,0,0.4300143873579537
A2_primary_50,logistic_baseline,2026-07-01,10270,1833,BEAR_CALL_BNF_58200_58600_W400,0,0.4354539277469342
A2_primary_50,logistic_baseline,2026-07-01,10260,1834,BEAR_CALL_BNF_58200_58600_W400,0,0.42730899980882064
A2_primary_50,logistic_baseline,2026-07-01,10250,1835,BEAR_CALL_BNF_58200_58600_W400,0,0.4271723961581032
A2_primary_50,logistic_baseline,2026-07-01,10240,1836,BEAR_CALL_BNF_58200_58800_W600,0,0.4346321884958917
A2_primary_50,logistic_baseline,2026-07-01,10230,1837,BEAR_CALL_BNF_58300_58900_W600,0,0.4389112618633664
A2_primary_50,logistic_baseline,2026-07-01,10220,1838,BEAR_CALL_BNF_58300_58900_W600,0,0.434165232838783
A2_primary_50,logistic_baseline,2026-07-01,10210,1839,BEAR_CALL_BNF_58400_59000_W600,0,0.44074576793383985
A2_primary_50,logistic_baseline,2026-07-01,10200,1840,BEAR_CALL_BNF_58400_59000_W600,0,0.43750700526065794
A2_primary_50,logistic_baseline,2026-07-01,10190,1841,BEAR_CALL_BNF_58400_58800_W400,0,0.44115532915042316
A2_primary_50,logistic_baseline,2026-07-01,10180,1842,BEAR_CALL_BNF_58400_58800_W400,0,0.4363436449816125
A2_primary_50,logistic_baseline,2026-07-01,10170,1843,BEAR_CALL_BNF_58300_58900_W600,0,0.43581853645950913
A2_primary_50,logistic_baseline,2026-07-01,10160,1847,BEAR_CALL_BNF_58300_58800_W500,0,0.15090391053481317
A2_primary_50,logistic_baseline,2026-07-01,10150,1848,BEAR_CALL_BNF_58400_58900_W500,0,0.44205480011399945
A2_primary_50,logistic_baseline,2026-07-01,10140,1849,BEAR_CALL_BNF_58400_59000_W600,0,0.44263782354396186
A2_primary_50,logistic_baseline,2026-07-01,10130,1850,BEAR_CALL_BNF_58400_59000_W600,0,0.44110036745053544
A2_primary_50,logistic_baseline,2026-07-01,10120,1851,BEAR_CALL_BNF_58500_59000_W500,0,0.443168322999821
A2_primary_50,logistic_baseline,2026-07-01,10110,1852,BEAR_CALL_BNF_58500_59000_W500,0,0.44712851891711286
A2_primary_50,logistic_baseline,2026-07-01,10100,1853,BEAR_CALL_BNF_58500_59000_W500,0,0.44683781433296377
A2_primary_50,logistic_baseline,2026-07-01,10090,1854,BEAR_CALL_BNF_58500_59000_W500,0,0.4444772552849813
A2_primary_50,logistic_baseline,2026-07-01,10080,1855,BEAR_CALL_BNF_58500_59000_W500,0,0.44323332897951145
A2_primary_50,logistic_baseline,2026-07-01,10070,1856,BEAR_CALL_BNF_58500_59000_W500,1,0.4403922973439738
A2_primary_50,logistic_baseline,2026-07-01,10060,1857,BEAR_CALL_BNF_58500_59100_W600,1,0.44821719658844544
A2_primary_50,logistic_baseline,2026-07-01,10050,1860,BEAR_CALL_BNF_58500_59000_W500,1,0.4394947542881794
A2_primary_50,logistic_baseline,2026-07-01,10040,1861,BEAR_CALL_BNF_58500_59000_W500,1,0.4401138088063585
A2_primary_50,logistic_baseline,2026-07-01,10030,1862,BEAR_CALL_BNF_58500_59000_W500,0,0.44574296370071786
A2_primary_50,logistic_baseline,2026-07-01,10020,1863,BEAR_CALL_BNF_58500_59000_W500,0,0.44657467043989735
A2_primary_50,logistic_baseline,2026-07-01,10010,1864,BEAR_CALL_BNF_58500_59000_W500,0,0.4456345839696278
A2_primary_50,logistic_baseline,2026-07-01,10000,1865,BEAR_CALL_BNF_58500_59000_W500,0,0.44800751482035833
A2_primary_50,logistic_baseline,2026-07-01,9990,1866,BEAR_CALL_BNF_58500_59000_W500,0,0.4471316551314765
A2_primary_50,logistic_baseline,2026-07-01,9980,1867,BEAR_CALL_BNF_58400_59000_W600,0,0.4432588102803021
A2_primary_50,logistic_baseline,2026-07-01,9970,1868,BEAR_CALL_BNF_58500_59000_W500,0,0.4497895792315245
A2_primary_50,logistic_baseline,2026-07-01,9960,1869,BEAR_CALL_BNF_58500_59100_W600,0,0.45358611465620113
A2_primary_50,logistic_baseline,2026-07-01,9950,1870,BEAR_CALL_BNF_58500_59000_W500,0,0.4455222857864585
A2_primary_50,logistic_baseline,2026-07-01,9940,1871,BEAR_CALL_BNF_58500_59000_W500,0,0.44832769432393765
A2_primary_50,logistic_baseline,2026-07-01,9930,1872,BEAR_CALL_BNF_58500_59000_W500,0,0.44919218544846734
A2_primary_50,logistic_baseline,2026-07-01,9920,1894,BEAR_CALL_BNF_58400_59000_W600,0,0.4536886814259531
A2_primary_50,logistic_baseline,2026-07-01,9910,1895,BEAR_CALL_BNF_58500_59000_W500,0,0.45325299079188214
A2_primary_50,logistic_baseline,2026-07-01,9900,1896,BEAR_CALL_BNF_58600_59000_W400,1,0.44865118730642356
A2_primary_50,logistic_baseline,2026-07-01,9890,1897,BEAR_CALL_BNF_58600_59000_W400,1,0.45580260931015987
A2_primary_50,logistic_baseline,2026-07-01,9880,1898,BEAR_CALL_BNF_58500_59000_W500,0,0.45107958369029244
A2_primary_50,logistic_baseline,2026-07-01,9870,1899,BEAR_CALL_BNF_58500_59000_W500,1,0.44908287524637797
A2_primary_50,logistic_baseline,2026-07-01,9860,1900,BEAR_CALL_BNF_58500_59000_W500,0,0.45283411072043117
A2_primary_50,logistic_baseline,2026-07-02,11055,1907,BEAR_CALL_BNF_58700_59200_W500,1,0.25474087799921996
A2_primary_50,logistic_baseline,2026-07-02,11045,1908,BEAR_CALL_BNF_58600_59200_W600,1,0.19785529949695332
A2_primary_50,logistic_baseline,2026-07-02,11035,1909,BEAR_CALL_BNF_58700_59200_W500,1,0.24216779611214073
A2_primary_50,logistic_baseline,2026-07-02,11025,1910,BEAR_PUT_NF_24000_24150_W150,0,0.20510130453648
A2_primary_50,logistic_baseline,2026-07-02,11015,1911,BEAR_PUT_NF_24000_24150_W150,0,0.2117998926972931
A2_primary_50,logistic_baseline,2026-07-02,11004,1912,BEAR_PUT_NF_23950_24150_W200,0,0.16907025146192695
A2_primary_50,logistic_baseline,2026-07-02,10989,1913,BEAR_CALL_BNF_58700_59200_W500,1,0.23704469587493102
A2_primary_50,logistic_baseline,2026-07-02,10981,1914,BEAR_PUT_NF_24000_24100_W100,0,0.24877943241490127
A2_primary_50,logistic_baseline,2026-07-02,10979,1915,BEAR_PUT_NF_23950_24100_W150,0,0.2053081339193319
A2_primary_50,logistic_baseline,2026-07-02,10973,1916,BEAR_PUT_BNF_57700_58100_W400,1,0.19011668918668428
A2_primary_50,logistic_baseline,2026-07-02,10965,1917,BEAR_PUT_NF_23900_24100_W200,0,0.16851399821881777
A2_primary_50,logistic_baseline,2026-07-02,10955,1918,BEAR_CALL_BNF_58600_59000_W400,1,0.28091017263945683
A2_primary_50,logistic_baseline,2026-07-02,10945,1919,BEAR_CALL_BNF_58600_59000_W400,1,0.27555637645377334
A2_primary_50,logistic_baseline,2026-07-02,10935,1920,BEAR_CALL_BNF_58600_59000_W400,1,0.2827316382989321
A2_primary_50,logistic_baseline,2026-07-02,10925,1921,BEAR_CALL_BNF_58700_59200_W500,1,0.26854139263340576
A2_primary_50,logistic_baseline,2026-07-02,10915,1922,BEAR_CALL_BNF_58700_59200_W500,1,0.2682278056444434
A2_primary_50,logistic_baseline,2026-07-02,10905,1923,BEAR_CALL_BNF_58700_59200_W500,1,0.27605358585322604
A2_primary_50,logistic_baseline,2026-07-02,10900,1924,BULL_PUT_BNF_57700_57300_W400,0,0.16338533157243243
A2_primary_50,logistic_baseline,2026-07-02,10895,1925,BEAR_CALL_BNF_58600_59000_W400,1,0.28508494549257224
A2_primary_50,logistic_baseline,2026-07-02,10885,1926,BEAR_CALL_BNF_58600_59200_W600,0,0.23454509528702866
A2_primary_50,logistic_baseline,2026-07-02,10875,1927,BEAR_CALL_BNF_58600_59100_W500,0,0.26968874497890716
A2_primary_50,logistic_baseline,2026-07-02,10865,1928,BEAR_CALL_BNF_58600_59000_W400,0,0.3006659945367358
A2_primary_50,logistic_baseline,2026-07-02,10855,1929,BEAR_CALL_BNF_58500_59100_W600,0,0.2185229225787185
A2_primary_50,logistic_baseline,2026-07-02,10845,1930,BEAR_CALL_BNF_58600_59000_W400,0,0.3000538372918182
A2_primary_50,logistic_baseline,2026-07-02,10835,1931,BEAR_CALL_BNF_58500_58900_W400,0,0.28332971939599993
A2_primary_50,logistic_baseline,2026-07-02,10825,1932,BEAR_CALL_BNF_58500_59000_W500,0,0.26736977786990684
A2_primary_50,logistic_baseline,2026-07-02,10815,1933,BEAR_CALL_BNF_58500_59000_W500,0,0.2669577501238445
A2_primary_50,logistic_baseline,2026-07-02,10810,1934,BULL_PUT_BNF_57600_57200_W400,1,0.1578276561677424
A2_primary_50,logistic_baseline,2026-07-02,10800,1935,BEAR_CALL_BNF_58500_59000_W500,0,0.2587447821516054
A2_primary_50,logistic_baseline,2026-07-02,10790,1936,BEAR_CALL_BNF_58500_59000_W500,0,0.06191450233828232
A2_primary_50,logistic_baseline,2026-07-02,10780,1937,BEAR_CALL_BNF_58500_59000_W500,0,0.2590502971913628
A2_primary_50,logistic_baseline,2026-07-02,10770,1938,BEAR_CALL_BNF_58500_59000_W500,0,0.2585915976963786
A2_primary_50,logistic_baseline,2026-07-02,10760,1939,BEAR_CALL_BNF_58500_59000_W500,0,0.26130167407527827
A2_primary_50,logistic_baseline,2026-07-02,10750,1940,BEAR_CALL_BNF_58500_59000_W500,0,0.25795655724717226
A2_primary_50,logistic_baseline,2026-07-02,10740,1941,BEAR_CALL_BNF_58600_59100_W500,0,0.2863222932489536
A2_primary_50,logistic_baseline,2026-07-02,10730,1942,BEAR_CALL_BNF_58600_59000_W400,0,0.3074373347853516
A2_primary_50,logistic_baseline,2026-07-02,10725,1943,BULL_PUT_BNF_57700_57300_W400,0,0.17430866535624154
A2_primary_50,logistic_baseline,2026-07-02,10715,1944,BEAR_CALL_BNF_58600_59000_W400,1,0.2961763184964718
A2_primary_50,logistic_baseline,2026-07-02,10710,1945,BULL_PUT_BNF_57700_57300_W400,0,0.17924901701896304
A2_primary_50,logistic_baseline,2026-07-02,10700,1946,BEAR_CALL_BNF_58600_59000_W400,0,0.308586422511346
A2_primary_50,logistic_baseline,2026-07-02,10690,1947,BEAR_CALL_BNF_58600_59100_W500,0,0.282441347096204
A2_primary_50,logistic_baseline,2026-07-02,10680,1948,BEAR_CALL_BNF_58600_59000_W400,0,0.3140382791764981
A2_primary_50,logistic_baseline,2026-07-02,10675,1949,BULL_PUT_BNF_57600_57200_W400,0,0.17538178967734466
A2_primary_50,logistic_baseline,2026-07-02,10665,1950,BEAR_CALL_BNF_58600_59200_W600,0,0.26562166773099666
A2_primary_50,logistic_baseline,2026-07-02,10655,1951,BEAR_CALL_BNF_58600_59000_W400,0,0.31145176749587017
A2_primary_50,logistic_baseline,2026-07-02,10645,1952,BEAR_CALL_BNF_58600_59000_W400,0,0.3117954773674909
A2_primary_50,logistic_baseline,2026-07-02,10635,1953,BEAR_CALL_BNF_58600_59000_W400,0,0.3110579555343789
A2_primary_50,logistic_baseline,2026-07-02,10625,1954,BEAR_CALL_BNF_58600_59000_W400,1,0.3091550019757267
A2_primary_50,logistic_baseline,2026-07-02,10620,1956,BULL_PUT_BNF_57600_57200_W400,0,0.17413962073859127
A2_primary_50,logistic_baseline,2026-07-02,10610,1957,BEAR_CALL_BNF_58600_59000_W400,0,0.32395139735112877
A2_primary_50,logistic_baseline,2026-07-02,10605,1958,BEAR_CALL_BNF_58500_59000_W500,0,0.26536295919995856
A2_primary_50,logistic_baseline,2026-07-02,10595,1959,BEAR_CALL_BNF_58500_59000_W500,0,0.27174650439874104
A2_primary_50,logistic_baseline,2026-07-02,10585,1960,BEAR_CALL_BNF_58500_59000_W500,0,0.27250404518891014
A2_primary_50,logistic_baseline,2026-07-02,10575,1961,BEAR_CALL_BNF_58500_59000_W500,0,0.2788539284154468
A2_primary_50,logistic_baseline,2026-07-02,10565,1962,BEAR_CALL_BNF_58500_59100_W600,0,0.24843368443360944
A2_primary_50,logistic_baseline,2026-07-02,10560,1963,BULL_PUT_BNF_57600_57200_W400,0,0.18241384241974837
A2_primary_50,logistic_baseline,2026-07-02,10550,1964,BEAR_CALL_BNF_58500_59000_W500,0,0.2675585850912133
A2_primary_50,logistic_baseline,2026-07-02,10540,1965,BEAR_CALL_BNF_58400_58800_W400,0,0.3096649365025309
A2_primary_50,logistic_baseline,2026-07-02,10535,1966,BEAR_CALL_BNF_58400_59000_W600,0,0.22771452074288262
A2_primary_50,logistic_baseline,2026-07-02,10530,1967,BEAR_CALL_BNF_58400_59000_W600,0,0.2259237300707784
A2_primary_50,logistic_baseline,2026-07-02,10520,1968,BEAR_CALL_BNF_58400_59000_W600,0,0.236099879565282
A2_primary_50,logistic_baseline,2026-07-02,10510,1969,BEAR_CALL_BNF_58400_59000_W600,0,0.24118579774840945
A2_primary_50,logistic_baseline,2026-07-02,10505,1970,BEAR_CALL_BNF_58500_59000_W500,0,0.2693900100832846
A2_primary_50,logistic_baseline,2026-07-02,10495,1971,BEAR_CALL_BNF_58500_59000_W500,0,0.2770974318558758
A2_primary_50,logistic_baseline,2026-07-02,10490,1972,BEAR_CALL_BNF_58500_59000_W500,0,0.2638887980034348
A2_primary_50,logistic_baseline,2026-07-02,10485,1973,BEAR_CALL_BNF_58500_59000_W500,0,0.2642465856779897
A2_primary_50,logistic_baseline,2026-07-02,10475,1974,BEAR_CALL_BNF_58600_59000_W400,0,0.3332866901258207
A2_primary_50,logistic_baseline,2026-07-02,10470,1975,BULL_PUT_BNF_57600_57200_W400,0,0.19404066362491154
A2_primary_50,logistic_baseline,2026-07-02,10465,1976,BULL_PUT_BNF_57600_57200_W400,0,0.19331748827196973
A2_primary_50,logistic_baseline,2026-07-02,10460,1977,BEAR_CALL_BNF_58500_59000_W500,0,0.2726093374244675
A2_primary_50,logistic_baseline,2026-07-02,10450,1978,BEAR_CALL_BNF_58500_59000_W500,0,0.29124566557072157
A2_primary_50,logistic_baseline,2026-07-02,10440,1979,BEAR_CALL_BNF_58500_59000_W500,0,0.2832601444307577
A2_primary_50,logistic_baseline,2026-07-03,11415,1984,BULL_PUT_BNF_57600_57200_W400,0,0.1358807135558299
A2_primary_50,logistic_baseline,2026-07-03,11405,1985,BEAR_CALL_BNF_58600_59000_W400,1,0.25153409586095204
A2_primary_50,logistic_baseline,2026-07-03,11395,1986,BEAR_CALL_BNF_58600_59000_W400,1,0.249944730889431
A2_primary_50,logistic_baseline,2026-07-03,11390,1992,BEAR_CALL_BNF_58600_59000_W400,1,0.2528202761849295
A2_primary_50,logistic_baseline,2026-07-03,11385,1993,BULL_PUT_BNF_57600_57200_W400,0,0.1387718827137753
A2_primary_50,logistic_baseline,2026-07-03,11375,1994,BEAR_CALL_BNF_58600_59000_W400,1,0.2564993280228718
A2_primary_50,logistic_baseline,2026-07-03,11370,1995,BULL_PUT_BNF_57700_57300_W400,0,0.13494056274190463
A2_primary_50,logistic_baseline,2026-07-03,11365,1996,BEAR_CALL_BNF_58600_59000_W400,1,0.2496222456436705
A2_primary_50,logistic_baseline,2026-07-03,11355,1997,BEAR_CALL_BNF_58600_59000_W400,1,0.25511432201512074
A2_primary_50,logistic_baseline,2026-07-03,11350,1998,BEAR_CALL_BNF_58600_59000_W400,1,0.25944448501319833
A2_primary_50,logistic_baseline,2026-07-03,11345,1999,BULL_PUT_BNF_57600_57200_W400,0,0.14123632707550263
A2_primary_50,logistic_baseline,2026-07-03,11335,2000,BEAR_CALL_BNF_58600_59000_W400,1,0.25780044577609157
A2_primary_50,logistic_baseline,2026-07-03,11330,2001,BEAR_CALL_BNF_58500_59000_W500,1,0.19866838184193392
A2_primary_50,logistic_baseline,2026-07-03,11325,2002,BEAR_CALL_BNF_58500_59000_W500,1,0.19398778224163146
A2_primary_50,logistic_baseline,2026-07-03,11320,2003,BEAR_CALL_BNF_58500_59000_W500,1,0.19288150264137016
A2_primary_50,logistic_baseline,2026-07-03,11315,2004,BULL_PUT_BNF_57500_57100_W400,0,0.1455052945590812
A2_primary_50,logistic_baseline,2026-07-03,11310,2005,BULL_PUT_BNF_57500_57100_W400,0,0.1394498645587779
A2_primary_50,logistic_baseline,2026-07-03,11305,2006,BEAR_CALL_BNF_58400_59000_W600,1,0.14950690049374848
A2_primary_50,logistic_baseline,2026-07-03,11300,2007,BEAR_CALL_BNF_58400_59000_W600,1,0.14886039356748082
A2_primary_50,logistic_baseline,2026-07-03,11290,2008,BEAR_CALL_BNF_58500_59000_W500,1,0.2023873222330247
A2_primary_50,logistic_baseline,2026-07-03,11280,2009,BEAR_CALL_BNF_58500_59000_W500,1,0.20424424073897757
A2_primary_50,logistic_baseline,2026-07-03,11275,2010,BEAR_CALL_BNF_58500_59000_W500,1,0.2024889125393384
A2_primary_50,logistic_baseline,2026-07-03,11270,2011,BULL_PUT_BNF_57600_57200_W400,0,0.14358933848952335
A2_primary_50,logistic_baseline,2026-07-03,11265,2012,BULL_PUT_BNF_57600_57200_W400,0,0.1423312174476564
A2_primary_50,logistic_baseline,2026-07-03,11260,2013,BEAR_CALL_BNF_58500_59000_W500,1,0.20114184832701693
A2_primary_50,logistic_baseline,2026-07-03,11255,2014,BEAR_CALL_BNF_58500_59000_W500,1,0.20480948067898233
A2_primary_50,logistic_baseline,2026-07-03,11250,2015,BEAR_CALL_BNF_58500_59000_W500,1,0.20523768668507186
A2_primary_50,logistic_baseline,2026-07-03,11245,2016,BEAR_CALL_BNF_58500_59000_W500,1,0.2033982134457424
A2_primary_50,logistic_baseline,2026-07-03,11240,2017,BEAR_CALL_BNF_58500_59000_W500,1,0.20102942785778735
A2_primary_50,logistic_baseline,2026-07-03,11230,2018,BEAR_CALL_BNF_58500_59000_W500,1,0.20766504091786153
A2_primary_50,logistic_baseline,2026-07-03,11225,2019,BEAR_CALL_BNF_58500_59000_W500,1,0.20121412126072663
A2_primary_50,logistic_baseline,2026-07-03,11220,2020,BULL_PUT_BNF_57500_57100_W400,0,0.14642066489306582
A2_primary_50,logistic_baseline,2026-07-03,11215,2021,BULL_PUT_BNF_57500_57100_W400,0,0.14770907859692275
A2_primary_50,logistic_baseline,2026-07-03,11210,2022,BULL_PUT_BNF_57500_57100_W400,0,0.14623351862920653
A2_primary_50,logistic_baseline,2026-07-03,11205,2023,BULL_PUT_BNF_57500_57100_W400,0,0.14608915234765968
A2_primary_50,logistic_baseline,2026-07-03,11200,2024,BULL_PUT_BNF_57500_57100_W400,0,0.14397378050446077
A2_primary_50,logistic_baseline,2026-07-03,11195,2025,BEAR_CALL_BNF_58400_58900_W500,1,0.20005899531689714
A2_primary_50,logistic_baseline,2026-07-03,11190,2026,BULL_PUT_BNF_57400_57000_W400,1,0.14334730876880905
A2_primary_50,logistic_baseline,2026-07-03,11185,2027,BULL_PUT_BNF_57400_57000_W400,1,0.13956447224787177
A2_primary_50,logistic_baseline,2026-07-03,11180,2028,BULL_PUT_BNF_57400_57000_W400,1,0.1402589397093859
A2_primary_50,logistic_baseline,2026-07-03,11175,2029,BULL_PUT_BNF_57400_57000_W400,1,0.14204028874524727
A2_primary_50,logistic_baseline,2026-07-03,11170,2030,BULL_PUT_BNF_57400_57000_W400,1,0.14353280502046398
A2_primary_50,logistic_baseline,2026-07-03,11165,2031,BULL_PUT_BNF_57400_57000_W400,1,0.1437351517479645
A2_primary_50,logistic_baseline,2026-07-03,11160,2032,BEAR_CALL_BNF_58300_58700_W400,0,0.255161727643838
A2_primary_50,logistic_baseline,2026-07-03,11155,2033,BEAR_CALL_BNF_58300_58700_W400,0,0.25177614626563316
A2_primary_50,logistic_baseline,2026-07-03,11150,2034,BULL_PUT_BNF_57400_57000_W400,1,0.14122225011997872
A2_primary_50,logistic_baseline,2026-07-03,11145,2035,BULL_PUT_BNF_57400_57000_W400,1,0.1435565986034031
A2_primary_50,logistic_baseline,2026-07-03,11140,2036,BULL_PUT_BNF_57400_57000_W400,1,0.14258309300377947
A2_primary_50,logistic_baseline,2026-07-03,11135,2037,BULL_PUT_BNF_57400_57000_W400,1,0.1390135637611013
A2_primary_50,logistic_baseline,2026-07-03,11130,2038,BEAR_CALL_BNF_58300_58700_W400,0,0.25445149525165894
A2_primary_50,logistic_baseline,2026-07-03,11125,2039,BULL_PUT_BNF_57400_57000_W400,1,0.14024392359383692
A2_primary_50,logistic_baseline,2026-07-03,11115,2040,BEAR_CALL_BNF_58400_59000_W600,0,0.1641623194917708
A2_primary_50,logistic_baseline,2026-07-03,11110,2041,BULL_PUT_BNF_57400_57000_W400,1,0.137577043194488
A2_primary_50,logistic_baseline,2026-07-03,11105,2042,BULL_PUT_BNF_57400_57000_W400,1,0.14093789754633218
A2_primary_50,logistic_baseline,2026-07-03,11100,2043,BEAR_CALL_BNF_58400_58900_W500,0,0.21262784868219362
A2_primary_50,logistic_baseline,2026-07-03,11090,2044,BEAR_CALL_BNF_58400_59000_W600,0,0.1684181012562226
A2_primary_50,logistic_baseline,2026-07-03,11085,2045,BEAR_CALL_BNF_58400_58900_W500,0,0.21365497217066318
A2_primary_50,logistic_baseline,2026-07-03,11080,2046,BEAR_CALL_BNF_58400_59000_W600,0,0.16921229585903141
A2_primary_50,logistic_baseline,2026-07-03,11075,2047,BEAR_CALL_BNF_58400_59000_W600,0,0.16873272507627118
A2_primary_50,logistic_baseline,2026-07-03,11070,2048,BEAR_CALL_BNF_58400_59000_W600,0,0.16476918706812424
A2_primary_50,logistic_baseline,2026-07-03,11065,2049,BULL_PUT_BNF_57500_57100_W400,0,0.14642591034808858
A2_primary_50,logistic_baseline,2026-07-07,11925,2136,BULL_PUT_BNF_58000_57600_W400,0,0.7017749117273459
A2_primary_50,logistic_baseline,2026-07-07,11920,2137,BULL_PUT_BNF_58000_57600_W400,0,0.7015944185958835
A2_primary_50,logistic_baseline,2026-07-07,11910,2138,BULL_PUT_BNF_57900_57500_W400,0,0.6923865018166089
A2_primary_50,logistic_baseline,2026-07-07,11900,2139,BULL_PUT_BNF_58000_57600_W400,0,0.6795209605527375
A2_primary_50,logistic_baseline,2026-07-07,11890,2140,BEAR_CALL_BNF_58900_59300_W400,1,0.8375582877182437
A2_primary_50,logistic_baseline,2026-07-07,11880,2141,BEAR_CALL_BNF_58900_59300_W400,1,0.838413688822647
A2_primary_50,logistic_baseline,2026-07-07,11865,2142,BEAR_CALL_BNF_58900_59300_W400,1,0.8430333650750464
A2_primary_50,logistic_baseline,2026-07-07,11855,2143,BEAR_CALL_BNF_58900_59300_W400,1,0.8415614467502158
A2_primary_50,logistic_baseline,2026-07-07,11845,2144,BEAR_CALL_BNF_58900_59300_W400,1,0.8374857045716565
A2_primary_50,logistic_baseline,2026-07-07,11830,2145,BEAR_CALL_BNF_58900_59300_W400,1,0.8428617421485588
A2_primary_50,logistic_baseline,2026-07-07,11815,2146,BEAR_CALL_BNF_58900_59300_W400,1,0.842968696019278
A2_primary_50,logistic_baseline,2026-07-07,11810,2147,BULL_PUT_BNF_58000_57600_W400,0,0.7002326885680155
A2_primary_50,logistic_baseline,2026-07-07,11795,2148,BEAR_CALL_BNF_58900_59300_W400,1,0.8447901789904015
A2_primary_50,logistic_baseline,2026-07-07,11780,2149,BEAR_CALL_BNF_58900_59300_W400,1,0.8438515582972279
A2_primary_50,logistic_baseline,2026-07-07,11765,2150,BEAR_CALL_BNF_58900_59300_W400,1,0.8452528435005641
A2_primary_50,logistic_baseline,2026-07-07,11755,2151,BEAR_CALL_BNF_58900_59300_W400,1,0.8470942685606061
A2_primary_50,logistic_baseline,2026-07-07,11745,2152,BULL_PUT_BNF_58000_57600_W400,0,0.7012544551610363
A2_primary_50,logistic_baseline,2026-07-07,11735,2153,BEAR_CALL_BNF_58900_59300_W400,1,0.8451566645429645
A2_primary_50,logistic_baseline,2026-07-07,11725,2154,BULL_PUT_BNF_58000_57600_W400,0,0.7015492285319627
A2_primary_50,logistic_baseline,2026-07-07,11715,2155,BULL_PUT_BNF_58000_57600_W400,0,0.6990308870141965
A2_primary_50,logistic_baseline,2026-07-07,11705,2156,BULL_PUT_BNF_58000_57600_W400,0,0.7007881945080847
A2_primary_50,logistic_baseline,2026-07-07,11695,2157,BEAR_CALL_BNF_58900_59300_W400,1,0.8483125131748127
A2_primary_50,logistic_baseline,2026-07-07,11685,2158,BEAR_CALL_BNF_58900_59300_W400,1,0.848760303106968
A2_primary_50,logistic_baseline,2026-07-07,11675,2159,BULL_PUT_BNF_57900_57500_W400,0,0.7166103895167246
A2_primary_50,logistic_baseline,2026-07-07,11665,2160,BEAR_CALL_BNF_58900_59300_W400,1,0.851834149715161
A2_primary_50,logistic_baseline,2026-07-07,11655,2161,BEAR_CALL_BNF_58900_59300_W400,1,0.8470331415387753
A2_primary_50,logistic_baseline,2026-07-07,11645,2162,BEAR_CALL_BNF_58900_59300_W400,1,0.8457568691637523
A2_primary_50,logistic_baseline,2026-07-07,11635,2163,BEAR_CALL_BNF_58900_59300_W400,1,0.842180369377337
A2_primary_50,logistic_baseline,2026-07-07,11625,2164,BEAR_CALL_BNF_58900_59300_W400,1,0.8440703011500245
A2_primary_50,logistic_baseline,2026-07-07,11615,2165,BEAR_CALL_BNF_58900_59300_W400,1,0.8451983611741959
A2_primary_50,logistic_baseline,2026-07-07,11610,2166,BULL_PUT_BNF_58000_57600_W400,0,0.7098754176836797
A2_primary_50,logistic_baseline,2026-07-07,11605,2167,BULL_PUT_BNF_58000_57600_W400,0,0.7096350627400249
A2_primary_50,logistic_baseline,2026-07-07,11600,2168,BULL_PUT_BNF_58000_57600_W400,0,0.7057528215431255
A2_primary_50,logistic_baseline,2026-07-07,11595,2169,BULL_PUT_BNF_58000_57600_W400,0,0.7097305250338484
A2_primary_50,logistic_baseline,2026-07-07,11580,2170,BEAR_CALL_BNF_58900_59300_W400,1,0.8509963640673391
A2_primary_50,logistic_baseline,2026-07-07,11570,2171,BULL_PUT_BNF_57900_57500_W400,0,0.7186600482184209
A2_primary_50,logistic_baseline,2026-07-07,11560,2172,BULL_PUT_BNF_58000_57600_W400,0,0.7007308497608936
A2_primary_50,logistic_baseline,2026-07-07,11545,2173,BEAR_CALL_BNF_58900_59300_W400,1,0.8535133481967755
A2_primary_50,logistic_baseline,2026-07-07,11535,2174,BEAR_CALL_BNF_58800_59200_W400,1,0.8505510279614137
A2_primary_50,logistic_baseline,2026-07-07,11525,2175,BEAR_CALL_BNF_58800_59200_W400,1,0.8495364561726871
A2_primary_50,logistic_baseline,2026-07-07,11515,2176,BEAR_CALL_BNF_58800_59200_W400,1,0.8526431773176221
A2_primary_50,logistic_baseline,2026-07-07,11510,2177,BEAR_CALL_BNF_58800_59200_W400,1,0.8511240951838766
A2_primary_50,logistic_baseline,2026-07-07,11505,2178,BEAR_CALL_BNF_58800_59200_W400,1,0.8520237333728566
A2_primary_50,logistic_baseline,2026-07-07,11500,2179,BEAR_CALL_BNF_58800_59200_W400,1,0.8459602822435413
A2_primary_50,logistic_baseline,2026-07-07,11495,2180,BULL_PUT_BNF_57800_57400_W400,0,0.7316536240792648
A2_primary_50,logistic_baseline,2026-07-07,11490,2181,BEAR_CALL_BNF_58700_59100_W400,1,0.8414549276022427
A2_primary_50,logistic_baseline,2026-07-07,11485,2182,BEAR_CALL_BNF_58700_59100_W400,1,0.8457863403674863
A2_primary_50,logistic_baseline,2026-07-07,11480,2183,BEAR_CALL_BNF_58700_59100_W400,0,0.8444716069787214
A2_primary_50,logistic_baseline,2026-07-07,11475,2184,BULL_PUT_BNF_57800_57400_W400,0,0.7212024239944117
A2_primary_50,logistic_baseline,2026-07-07,11470,2185,BULL_PUT_BNF_57800_57400_W400,0,0.7131711353181507
A2_primary_50,logistic_baseline,2026-07-07,11465,2186,BULL_PUT_BNF_57800_57400_W400,0,0.7123518655352268
A2_primary_50,logistic_baseline,2026-07-07,11460,2187,BULL_PUT_BNF_57800_57400_W400,0,0.7272060828763205
A2_primary_50,logistic_baseline,2026-07-07,11450,2188,BULL_PUT_BNF_58000_57600_W400,0,0.6828881806467721
A2_primary_50,logistic_baseline,2026-07-07,11440,2189,BEAR_CALL_BNF_58700_59100_W400,1,0.8493871909223323
A2_primary_50,logistic_baseline,2026-07-07,11430,2190,BULL_PUT_BNF_58000_57600_W400,0,0.6908047881012922
A2_primary_50,logistic_baseline,2026-07-07,11425,2191,BULL_PUT_BNF_57800_57400_W400,0,0.7287407803713944
A2_primary_50,logistic_baseline,2026-07-07,11420,2192,BEAR_CALL_BNF_58800_59200_W400,1,0.8610286542689625
A2_primary_50,logistic_baseline,2026-07-08,12026,2213,BEAR_PUT_BNF_57100_57700_W600,1,0.1460805644559842
A2_primary_50,logistic_baseline,2026-07-08,12024,2214,BEAR_PUT_BNF_56800_57800_W1000,1,0.0122967851314018
A2_primary_50,logistic_baseline,2026-07-08,12023,2215,BEAR_PUT_BNF_57000_57800_W800,1,0.04421700666687194
A2_primary_50,logistic_baseline,2026-07-08,12021,2217,BEAR_PUT_BNF_57100_57900_W800,1,0.045232665361651735
A2_primary_50,logistic_baseline,2026-07-08,12019,2218,BEAR_PUT_BNF_56900_57900_W1000,1,0.012502046487548256
A2_primary_50,logistic_baseline,2026-07-08,12018,2219,BEAR_PUT_BNF_57200_57800_W600,1,0.146493239577717
A2_primary_50,logistic_baseline,2026-07-08,12014,2226,BEAR_PUT_BNF_57400_58000_W600,1,0.1451743114822387
A2_primary_50,logistic_baseline,2026-07-08,12011,2227,BEAR_PUT_BNF_57400_58000_W600,1,0.14684088407815785
A2_primary_50,logistic_baseline,2026-07-08,12008,2228,BEAR_PUT_BNF_57400_58000_W600,1,0.14819228472294974
A2_primary_50,logistic_baseline,2026-07-08,12007,2264,BEAR_PUT_BNF_57000_57600_W600,1,0.14153565886198138
A2_primary_50,logistic_baseline,2026-07-08,12005,2265,BEAR_PUT_BNF_56600_57400_W800,1,0.04021521231643118
A2_primary_50,logistic_baseline,2026-07-08,12003,2266,BEAR_PUT_BNF_56400_57200_W800,1,0.03886185355871431
A2_primary_50,logistic_baseline,2026-07-08,12000,2267,BEAR_PUT_NF_23700_24000_W300,1,0.0970903430157267
A2_primary_50,logistic_baseline,2026-07-08,11997,2268,BEAR_PUT_NF_23750_23850_W100,1,0.5155526370673235
A2_primary_50,logistic_baseline,2026-07-08,11989,2269,BEAR_PUT_NF_23600_23900_W300,0,0.08585574516821307
A2_primary_50,logistic_baseline,2026-07-08,11983,2270,BEAR_PUT_NF_23650_23900_W250,1,0.15155750816634006
A2_primary_50,logistic_baseline,2026-07-08,11974,2271,BEAR_PUT_NF_23600_23900_W300,1,0.0823427938758737
A2_primary_50,logistic_baseline,2026-07-08,11969,2272,BEAR_PUT_NF_23600_23850_W250,0,0.8406927579584945
A2_primary_50,logistic_baseline,2026-07-08,11959,2273,BEAR_PUT_NF_23600_23900_W300,1,0.7426251020265997
A2_primary_50,logistic_baseline,2026-07-08,11950,2276,BEAR_PUT_NF_23550_23850_W300,0,0.08209875679930008
A2_primary_50,logistic_baseline,2026-07-08,11942,2277,BEAR_PUT_NF_23600_23800_W200,0,0.9073265998145548
A2_primary_50,logistic_baseline,2026-07-08,11930,2278,BEAR_PUT_NF_23450_23850_W400,0,0.3950632609299602
A2_primary_50,logistic_baseline,2026-07-09,12027,2288,BULL_CALL_NF_24400_24000_W400,0,0.028572287767170253
A2_primary_50,logistic_baseline,2026-07-13,12031,2498,BEAR_CALL_BNF_58500_59000_W500,1,0.619134015618934
A2_primary_50,logistic_baseline,2026-07-14,12056,2518,BEAR_PUT_BNF_56500_57500_W1000,0,0.1411044851921224
A2_primary_50,logistic_baseline,2026-07-14,12050,2529,BEAR_PUT_BNF_56600_57600_W1000,1,0.15311361922980482
A2_primary_50,logistic_baseline,2026-07-14,12045,2580,BEAR_PUT_BNF_56700_57500_W800,1,0.24961271427397375
A2_primary_50,logistic_baseline,2026-07-14,12038,2581,BEAR_PUT_BNF_56500_57500_W1000,1,0.15696007091943553
A2_primary_50,logistic_baseline,2026-07-14,12033,2582,BEAR_PUT_BNF_56500_57500_W1000,0,0.14677493455459414
A2_primary_50,logistic_baseline,2026-07-16,12103,2659,BEAR_PUT_NF_23900_24150_W250,1,0.14262966979496586
A2_primary_50,logistic_baseline,2026-07-16,12092,2660,BEAR_PUT_NF_23850_24150_W300,1,0.10913253007735411
A2_primary_50,logistic_baseline,2026-07-16,12086,2661,BEAR_PUT_NF_23950_24100_W150,1,0.21380874373851574
A2_primary_50,logistic_baseline,2026-07-16,12078,2662,BEAR_PUT_NF_23900_24100_W200,1,0.1705232395229776
A2_primary_50,logistic_baseline,2026-07-16,12073,2678,BEAR_PUT_NF_24050_24150_W100,1,0.268663491043717
A2_primary_50,logistic_baseline,2026-07-16,12068,2679,BEAR_PUT_NF_24050_24150_W100,1,0.26908662077904577
A2_primary_50,logistic_baseline,2026-07-16,12063,2680,BEAR_PUT_NF_24000_24150_W150,1,0.2201804948346968
A2_primary_50,logistic_baseline,2026-07-17,12207,2736,BEAR_PUT_NF_24000_24200_W200,0,0.2381172376979759
A2_primary_50,logistic_baseline,2026-07-17,12198,2737,BEAR_PUT_NF_24000_24200_W200,0,0.24165221149556368
A2_primary_50,logistic_baseline,2026-07-17,12189,2738,BEAR_PUT_NF_24000_24200_W200,0,0.23779511841694945
A2_primary_50,logistic_baseline,2026-07-17,12178,2739,BEAR_PUT_NF_23950_24250_W300,0,0.1439697129069278
A2_primary_50,logistic_baseline,2026-07-17,12167,2740,BEAR_PUT_NF_23950_24250_W300,0,0.1384586513339967
A2_primary_50,logistic_baseline,2026-07-17,12154,2746,BEAR_PUT_NF_24000_24300_W300,0,0.13192225015683473
A2_primary_50,logistic_baseline,2026-07-17,12145,2747,BEAR_PUT_NF_24050_24250_W200,0,0.22375391419030446
A2_primary_50,logistic_baseline,2026-07-17,12133,2748,BEAR_PUT_NF_24000_24300_W300,0,0.12809409093229907
A2_primary_50,logistic_baseline,2026-07-17,12121,2749,BEAR_PUT_NF_24000_24300_W300,0,0.125930705965199
A2_primary_50,logistic_baseline,2026-07-17,12112,2750,BEAR_PUT_NF_24050_24250_W200,0,0.22324952928979488
A2_primary_50,logistic_baseline,2026-07-20,12220,2821,BEAR_PUT_NF_24050_24250_W200,0,0.7197082924242834
A2_primary_50,logistic_baseline,2026-07-20,12216,2822,BEAR_PUT_BNF_57000_57800_W800,0,0.5125696042298256
A2_primary_50,logistic_baseline,2026-07-21,12246,2879,BEAR_PUT_NF_24150_24250_W100,1,0.5308613875167018
A2_primary_50,logistic_baseline,2026-07-21,12241,2880,BEAR_PUT_BNF_57500_58100_W600,1,0.3398637932256676
A2_primary_50,logistic_baseline,2026-07-21,12236,2881,BEAR_PUT_NF_24100_24250_W150,1,0.47759680743103133
A2_primary_50,logistic_baseline,2026-07-21,12231,2882,BEAR_PUT_NF_24100_24250_W150,1,0.4843443788091526
A2_primary_50,logistic_baseline,2026-07-21,12226,2883,BEAR_PUT_NF_24150_24250_W100,1,0.5467551648881301
A2_primary_50,logistic_baseline,2026-07-22,12259,2954,BEAR_PUT_NF_23800_24100_W300,1,0.36750625456387503
A2_primary_50,logistic_baseline,2026-07-22,12253,2955,BEAR_PUT_NF_23800_24050_W250,1,0.3856480428305608
A2_primary_50,logistic_baseline,2026-07-22,12252,2956,BEAR_PUT_BNF_56800_57300_W500,1,0.49645836515216096
A2_primary_50,logistic_baseline,2026-07-23,12062,3029,BEAR_PUT_NF_23750_23950_W200,1,0.44957000988383
A3_primary_100,logistic_baseline,2026-06-03,2169,329,BEAR_CALL_NF_23400_23550_W150,0,4.386289374547118e-50
A3_primary_100,logistic_baseline,2026-06-03,2073,335,BEAR_CALL_NF_23400_23550_W150,0,6.0559702085513714e-49
A3_primary_100,logistic_baseline,2026-06-03,1183,380,BEAR_PUT_NF_23150_23300_W150,0,1.1347072984751912e-61
A3_primary_100,logistic_baseline,2026-06-03,964,391,BEAR_CALL_NF_23550_23700_W150,1,3.121861273200329e-51
A3_primary_100,logistic_baseline,2026-06-03,949,392,BEAR_CALL_NF_23550_23700_W150,1,5.362272934287918e-53
A3_primary_100,logistic_baseline,2026-06-03,934,393,BEAR_CALL_NF_23600_23750_W150,1,3.875481085300232e-52
A3_primary_100,logistic_baseline,2026-06-03,919,394,BEAR_CALL_NF_23550_23700_W150,1,3.651748445027186e-53
A3_primary_100,logistic_baseline,2026-06-03,904,395,BEAR_CALL_NF_23550_23700_W150,1,7.913593916371985e-55
A3_primary_100,logistic_baseline,2026-06-03,884,396,BEAR_CALL_NF_23600_23750_W150,1,8.86250879235117e-52
A3_primary_100,logistic_baseline,2026-06-03,869,397,BEAR_CALL_NF_23600_23750_W150,1,1.389365468792617e-52
A3_primary_100,logistic_baseline,2026-06-03,854,398,BEAR_CALL_NF_23600_23750_W150,1,3.9799078594003624e-53
A3_primary_100,logistic_baseline,2026-06-03,839,399,BEAR_CALL_NF_23600_23750_W150,1,6.5124335178749035e-52
A3_primary_100,logistic_baseline,2026-06-03,824,400,BEAR_CALL_NF_23550_23700_W150,1,4.7785343635797005e-53
A3_primary_100,logistic_baseline,2026-06-03,804,401,BEAR_CALL_NF_23550_23700_W150,1,2.8968570137848835e-53
A3_primary_100,logistic_baseline,2026-06-03,789,402,BEAR_CALL_NF_23550_23700_W150,1,1.199447579490682e-50
A3_primary_100,logistic_baseline,2026-06-03,779,403,BEAR_CALL_NF_23550_23700_W150,1,1.792162138935878e-50
A3_primary_100,logistic_baseline,2026-06-03,764,404,BEAR_CALL_NF_23550_23700_W150,1,5.441020714389893e-51
A3_primary_100,logistic_baseline,2026-06-04,2973,413,BEAR_PUT_NF_23150_23400_W250,0,0.116547781626797
A3_primary_100,logistic_baseline,2026-06-04,2962,414,BEAR_PUT_BNF_53200_54200_W1000,0,1.0
A3_primary_100,logistic_baseline,2026-06-04,2954,415,BEAR_PUT_NF_23200_23400_W200,0,0.3578722090051247
A3_primary_100,logistic_baseline,2026-06-04,2934,416,BEAR_PUT_NF_23150_23450_W300,0,0.1057408031685368
A3_primary_100,logistic_baseline,2026-06-04,2925,417,BEAR_PUT_NF_23150_23450_W300,0,0.0871758731592695
A3_primary_100,logistic_baseline,2026-06-04,2769,424,BEAR_PUT_NF_23100_23400_W300,0,0.03514248806908644
A3_primary_100,logistic_baseline,2026-06-04,2757,425,BEAR_PUT_NF_23100_23400_W300,0,0.03712074640558304
A3_primary_100,logistic_baseline,2026-06-04,2743,426,BEAR_PUT_BNF_53400_54200_W800,0,1.0
A3_primary_100,logistic_baseline,2026-06-04,2733,427,BEAR_PUT_NF_23150_23450_W300,0,0.10091728566201252
A3_primary_100,logistic_baseline,2026-06-04,2725,428,BEAR_PUT_NF_23150_23450_W300,0,0.09951454477802188
A3_primary_100,logistic_baseline,2026-06-04,2721,429,BEAR_PUT_BNF_53400_54400_W1000,0,1.0
A3_primary_100,logistic_baseline,2026-06-04,2712,430,BEAR_PUT_BNF_53300_54300_W1000,0,1.0
A3_primary_100,logistic_baseline,2026-06-04,2444,457,BEAR_PUT_BNF_53100_54100_W1000,0,1.0
A3_primary_100,logistic_baseline,2026-06-04,2442,458,BEAR_PUT_BNF_53100_54100_W1000,0,1.0
A3_primary_100,logistic_baseline,2026-06-04,2441,459,BEAR_PUT_NF_23150_23350_W200,0,0.16300571526463967
A3_primary_100,logistic_baseline,2026-06-04,2439,460,BEAR_PUT_BNF_53100_54100_W1000,0,1.0
A3_primary_100,logistic_baseline,2026-06-04,2387,471,BULL_PUT_BNF_54000_53600_W400,1,1.0
A3_primary_100,logistic_baseline,2026-06-04,2382,472,BULL_PUT_BNF_54000_53600_W400,0,1.0
A3_primary_100,logistic_baseline,2026-06-04,2377,473,BULL_PUT_BNF_54000_53600_W400,0,1.0
A3_primary_100,logistic_baseline,2026-06-04,2372,474,BULL_PUT_BNF_54000_53600_W400,0,1.0
A3_primary_100,logistic_baseline,2026-06-04,2367,476,BULL_PUT_BNF_54000_53600_W400,1,1.0
A3_primary_100,logistic_baseline,2026-06-04,2362,478,BULL_PUT_BNF_54000_53600_W400,0,1.0
A3_primary_100,logistic_baseline,2026-06-04,2357,479,BULL_PUT_BNF_54000_53600_W400,0,1.0
A3_primary_100,logistic_baseline,2026-06-04,2352,480,BULL_PUT_BNF_54000_53600_W400,0,1.0
A3_primary_100,logistic_baseline,2026-06-04,2347,481,BULL_PUT_BNF_54000_53600_W400,0,1.0
A3_primary_100,logistic_baseline,2026-06-05,3428,497,BEAR_PUT_BNF_53900_54700_W800,1,0.00021632389132204054
A3_primary_100,logistic_baseline,2026-06-05,3422,498,BEAR_PUT_BNF_53800_54600_W800,1,0.0001905204845396584
A3_primary_100,logistic_baseline,2026-06-05,3416,499,BEAR_PUT_NF_23200_23450_W250,1,0.053604223395985987
A3_primary_100,logistic_baseline,2026-06-05,3414,500,BEAR_PUT_NF_23200_23350_W150,0,0.05908685301497188
A3_primary_100,logistic_baseline,2026-06-05,3413,501,BEAR_PUT_BNF_53300_54300_W1000,0,1.953838497819419e-05
A3_primary_100,logistic_baseline,2026-06-05,3410,502,BEAR_PUT_BNF_53600_54400_W800,0,6.600848310317968e-05
A3_primary_100,logistic_baseline,2026-06-05,3406,503,BEAR_PUT_NF_23150_23400_W250,0,0.0272274281544516
A3_primary_100,logistic_baseline,2026-06-05,3404,504,BEAR_PUT_BNF_53700_54500_W800,0,9.28724211427234e-05
A3_primary_100,logistic_baseline,2026-06-05,3397,505,BEAR_PUT_NF_23250_23500_W250,1,0.06634190053933561
A3_primary_100,logistic_baseline,2026-06-05,3391,506,BEAR_PUT_BNF_54000_54800_W800,1,0.0001543749931137673
A3_primary_100,logistic_baseline,2026-06-05,3385,507,BEAR_PUT_NF_23250_23450_W200,1,0.08407637060128059
A3_primary_100,logistic_baseline,2026-06-05,3381,508,BEAR_PUT_BNF_53800_54600_W800,1,9.486440502511867e-05
A3_primary_100,logistic_baseline,2026-06-05,3373,509,BEAR_PUT_NF_23200_23450_W250,1,0.03499939867672876
A3_primary_100,logistic_baseline,2026-06-05,3368,510,BEAR_PUT_BNF_53800_54600_W800,1,0.00011388060735222892
A3_primary_100,logistic_baseline,2026-06-05,3366,511,BEAR_PUT_NF_23250_23400_W150,1,0.10310944769429155
A3_primary_100,logistic_baseline,2026-06-05,3362,512,BEAR_PUT_BNF_53800_54600_W800,1,0.0001929734422179095
A3_primary_100,logistic_baseline,2026-06-05,3279,523,BEAR_PUT_BNF_53500_54500_W1000,0,4.6420319872495454e-05
A3_primary_100,logistic_baseline,2026-06-05,3180,534,BEAR_PUT_BNF_53200_54200_W1000,0,8.51305113286925e-06
A3_primary_100,logistic_baseline,2026-06-05,3179,535,BEAR_PUT_NF_23100_23300_W200,0,0.014727874293533023
A3_primary_100,logistic_baseline,2026-06-05,3130,542,BULL_PUT_BNF_54000_53600_W400,1,0.04322951299041826
A3_primary_100,logistic_baseline,2026-06-05,3126,543,BEAR_PUT_BNF_53400_54400_W1000,0,2.889333656883078e-05
A3_primary_100,logistic_baseline,2026-06-05,3122,544,BEAR_PUT_BNF_53500_54300_W800,0,6.41527683783997e-05
A3_primary_100,logistic_baseline,2026-06-05,3120,545,BEAR_PUT_NF_23150_23350_W200,0,0.03434643231671285
A3_primary_100,logistic_baseline,2026-06-05,3118,546,BEAR_PUT_BNF_53900_54500_W600,1,0.0009189317041679439
A3_primary_100,logistic_baseline,2026-06-05,3112,547,BEAR_PUT_NF_23150_23400_W250,0,0.0718273440478776
A3_primary_100,logistic_baseline,2026-06-05,3111,548,BEAR_PUT_BNF_53700_54500_W800,0,0.00010948993045558478
A3_primary_100,logistic_baseline,2026-06-05,3108,549,BEAR_PUT_NF_23150_23350_W200,0,0.04705704770847671
A3_primary_100,logistic_baseline,2026-06-05,3106,550,BEAR_PUT_BNF_53700_54500_W800,0,9.873841321254449e-05
A3_primary_100,logistic_baseline,2026-06-05,3104,551,BEAR_PUT_BNF_53700_54500_W800,0,0.00020208386577747083
A3_primary_100,logistic_baseline,2026-06-05,3100,554,BEAR_PUT_BNF_53700_54500_W800,0,0.00017427145006964986
A3_primary_100,logistic_baseline,2026-06-08,4855,578,BEAR_PUT_NF_22950_23200_W250,1,1.4019434477197327e-05
A3_primary_100,logistic_baseline,2026-06-08,3854,612,BEAR_CALL_NF_23300_23450_W150,1,2.3857754795053335e-05
A3_primary_100,logistic_baseline,2026-06-08,3836,613,BEAR_CALL_NF_23300_23450_W150,1,2.75905220959038e-05
A3_primary_100,logistic_baseline,2026-06-08,3819,614,BEAR_CALL_NF_23300_23450_W150,1,1.67881036764448e-05
A3_primary_100,logistic_baseline,2026-06-08,3803,615,BEAR_CALL_NF_23300_23450_W150,1,1.8645922457856084e-05
A3_primary_100,logistic_baseline,2026-06-08,3785,616,BEAR_CALL_NF_23350_23500_W150,1,2.2237757071321758e-05
A3_primary_100,logistic_baseline,2026-06-08,3772,617,BEAR_CALL_NF_23300_23450_W150,1,2.1644187772831123e-05
A3_primary_100,logistic_baseline,2026-06-08,3760,618,BEAR_CALL_NF_23350_23500_W150,1,4.228444517668646e-05
A3_primary_100,logistic_baseline,2026-06-08,3742,619,BEAR_CALL_NF_23350_23500_W150,1,3.826768619074987e-05
A3_primary_100,logistic_baseline,2026-06-08,3729,620,BULL_PUT_NF_23000_22850_W150,0,0.00017345364581087736
A3_primary_100,logistic_baseline,2026-06-08,3716,621,BEAR_CALL_NF_23300_23450_W150,1,4.128476108549295e-05
A3_primary_100,logistic_baseline,2026-06-08,3700,622,BEAR_CALL_NF_23250_23400_W150,0,2.5373729168704125e-05
A3_primary_100,logistic_baseline,2026-06-08,3689,623,BEAR_CALL_NF_23300_23450_W150,0,4.098864941073883e-05
A3_primary_100,logistic_baseline,2026-06-08,3677,624,BEAR_CALL_NF_23300_23450_W150,0,3.702772291518669e-05
A3_primary_100,logistic_baseline,2026-06-08,3661,625,BEAR_CALL_NF_23250_23400_W150,0,4.167949012286772e-05
A3_primary_100,logistic_baseline,2026-06-08,3651,626,BEAR_PUT_NF_22950_23100_W150,0,1.2861984476119526e-05
A3_primary_100,logistic_baseline,2026-06-09,5511,654,BEAR_PUT_BNF_53500_54500_W1000,0,0.5866133272846633
A3_primary_100,logistic_baseline,2026-06-09,5509,655,BEAR_PUT_BNF_53600_54600_W1000,0,0.653166689163895
A3_primary_100,logistic_baseline,2026-06-09,5507,656,BEAR_PUT_BNF_53600_54600_W1000,0,0.587176165557388
A3_primary_100,logistic_baseline,2026-06-09,5502,659,BEAR_PUT_NF_23000_23200_W200,0,0.8936234985294641
A3_primary_100,logistic_baseline,2026-06-09,5498,660,BEAR_PUT_NF_23050_23200_W150,0,0.8816132894617569
A3_primary_100,logistic_baseline,2026-06-09,5493,661,BULL_PUT_BNF_54500_54100_W400,1,0.9284883186891796
A3_primary_100,logistic_baseline,2026-06-09,5489,662,BEAR_PUT_NF_23100_23200_W100,0,0.8902395139741219
A3_primary_100,logistic_baseline,2026-06-09,5485,663,BEAR_PUT_NF_23050_23200_W150,0,0.8351590327047753
A3_primary_100,logistic_baseline,2026-06-09,5475,664,BEAR_CALL_BNF_55300_55800_W500,0,0.7976336657404872
A3_primary_100,logistic_baseline,2026-06-09,5470,665,BULL_PUT_BNF_54500_54100_W400,1,0.8836078014961017
A3_primary_100,logistic_baseline,2026-06-09,5465,666,BULL_PUT_BNF_54500_54100_W400,1,0.9054188188181764
A3_primary_100,logistic_baseline,2026-06-09,5460,667,BULL_PUT_BNF_54500_54100_W400,1,0.9122253049998951
A3_primary_100,logistic_baseline,2026-06-09,5454,668,BEAR_PUT_BNF_54000_55000_W1000,0,0.788857918018194
A3_primary_100,logistic_baseline,2026-06-09,5449,670,BULL_PUT_BNF_54500_54100_W400,1,0.936065996410276
A3_primary_100,logistic_baseline,2026-06-09,5444,673,BULL_PUT_BNF_54500_54100_W400,1,0.9205499523873083
A3_primary_100,logistic_baseline,2026-06-09,5439,685,BULL_PUT_BNF_54600_54200_W400,1,0.9288883831157295
A3_primary_100,logistic_baseline,2026-06-12,5524,876,BEAR_PUT_NF_23150_23350_W200,0,0.5669670919071373
A3_primary_100,logistic_baseline,2026-06-12,5518,877,BEAR_PUT_NF_23150_23350_W200,0,0.5742720602445609
A3_primary_100,logistic_baseline,2026-06-12,5513,928,BULL_PUT_NF_23450_23300_W150,1,0.9688427897365094
A3_primary_100,logistic_baseline,2026-06-15,5607,1000,BEAR_CALL_NF_24000_24150_W150,1,0.8503709693790364
A3_primary_100,logistic_baseline,2026-06-15,5602,1001,BEAR_CALL_NF_24050_24200_W150,1,0.8525834501062376
A3_primary_100,logistic_baseline,2026-06-15,5597,1002,BEAR_CALL_NF_24050_24200_W150,1,0.8517780740107399
A3_primary_100,logistic_baseline,2026-06-15,5592,1003,BEAR_CALL_NF_24050_24200_W150,1,0.8535474818340242
A3_primary_100,logistic_baseline,2026-06-15,5587,1004,BEAR_CALL_NF_24050_24200_W150,1,0.851604999678198
A3_primary_100,logistic_baseline,2026-06-15,5582,1005,BEAR_CALL_NF_24050_24200_W150,1,0.8580190154136734
A3_primary_100,logistic_baseline,2026-06-15,5577,1006,BULL_PUT_NF_23800_23650_W150,0,0.94417319754832
A3_primary_100,logistic_baseline,2026-06-15,5572,1007,BULL_PUT_NF_23750_23600_W150,0,0.9440333647936311
A3_primary_100,logistic_baseline,2026-06-15,5567,1008,BULL_PUT_NF_23750_23600_W150,0,0.9440411571854388
A3_primary_100,logistic_baseline,2026-06-15,5562,1009,BULL_PUT_NF_23750_23600_W150,0,0.9418523933154362
A3_primary_100,logistic_baseline,2026-06-15,5557,1010,BULL_PUT_NF_23750_23600_W150,0,0.9435004554275472
A3_primary_100,logistic_baseline,2026-06-15,5552,1011,BEAR_CALL_NF_24000_24150_W150,1,0.8448270431179266
A3_primary_100,logistic_baseline,2026-06-15,5547,1012,BEAR_CALL_NF_24000_24150_W150,1,0.8399891809335092
A3_primary_100,logistic_baseline,2026-06-15,5542,1013,BEAR_CALL_NF_24000_24150_W150,0,0.8358797250473001
A3_primary_100,logistic_baseline,2026-06-15,5537,1014,BEAR_CALL_NF_24000_24150_W150,1,0.8355759791839155
A3_primary_100,logistic_baseline,2026-06-15,5533,1015,BEAR_CALL_NF_24000_24150_W150,1,0.8346804585769378
A3_primary_100,logistic_baseline,2026-06-15,5924,938,BEAR_CALL_NF_24100_24250_W150,1,0.8646721610341767
A3_primary_100,logistic_baseline,2026-06-15,5918,939,BEAR_CALL_NF_24100_24250_W150,1,0.8572129494495458
A3_primary_100,logistic_baseline,2026-06-15,5912,940,BEAR_CALL_NF_24100_24250_W150,1,0.8563599676474442
A3_primary_100,logistic_baseline,2026-06-15,5906,941,BEAR_CALL_NF_24100_24250_W150,1,0.8535020066272455
A3_primary_100,logistic_baseline,2026-06-15,5899,942,BEAR_PUT_NF_23750_23950_W200,1,0.4719923011488918
A3_primary_100,logistic_baseline,2026-06-15,5892,943,BEAR_CALL_NF_24100_24250_W150,1,0.8551608949005696
A3_primary_100,logistic_baseline,2026-06-17,6044,1105,BEAR_PUT_BNF_56500_57500_W1000,0,0.4365717720007074
A3_primary_100,logistic_baseline,2026-06-17,6034,1106,BEAR_PUT_NF_23800_24100_W300,0,0.6241014645135687
A3_primary_100,logistic_baseline,2026-06-17,6030,1107,BEAR_PUT_BNF_56500_57500_W1000,0,0.44130286010980463
A3_primary_100,logistic_baseline,2026-06-17,6026,1108,BEAR_PUT_NF_23800_24100_W300,0,0.6255696508817007
A3_primary_100,logistic_baseline,2026-06-17,6022,1109,BEAR_PUT_NF_23800_24100_W300,0,0.6239700006090939
A3_primary_100,logistic_baseline,2026-06-22,6888,1393,BEAR_CALL_NF_24250_24400_W150,1,0.7518987017821264
A3_primary_100,logistic_baseline,2026-06-22,6877,1394,BULL_PUT_NF_24000_23850_W150,0,0.7127896017649831
A3_primary_100,logistic_baseline,2026-06-22,6865,1395,BULL_PUT_NF_24000_23850_W150,0,0.7138048537442359
A3_primary_100,logistic_baseline,2026-06-22,6854,1396,BEAR_CALL_NF_24250_24400_W150,1,0.7483618920107215
A3_primary_100,logistic_baseline,2026-06-22,6842,1397,BEAR_CALL_NF_24250_24400_W150,1,0.7453488633830339
A3_primary_100,logistic_baseline,2026-06-22,6830,1398,BULL_PUT_NF_24000_23850_W150,0,0.716781726795254
A3_primary_100,logistic_baseline,2026-06-22,6819,1399,BEAR_CALL_NF_24250_24400_W150,1,0.7464386850973725
A3_primary_100,logistic_baseline,2026-06-22,6817,1400,BEAR_CALL_NF_24250_24400_W150,1,0.7455635606510941
A3_primary_100,logistic_baseline,2026-06-22,6815,1401,BEAR_CALL_NF_24250_24400_W150,1,0.7509792877194585
A3_primary_100,logistic_baseline,2026-06-22,6813,1402,BEAR_CALL_NF_24250_24400_W150,1,0.7485589767471339
A3_primary_100,logistic_baseline,2026-06-22,6811,1403,BEAR_CALL_NF_24250_24400_W150,1,0.7530254816107784
A3_primary_100,logistic_baseline,2026-06-22,6809,1404,BULL_PUT_NF_24000_23850_W150,1,0.7039311042384829
A3_primary_100,logistic_baseline,2026-06-22,6808,1405,BULL_PUT_NF_24000_23850_W150,1,0.7088008389243586
A3_primary_100,logistic_baseline,2026-06-22,6805,1406,BEAR_CALL_NF_24200_24350_W150,0,0.7391608823030286
A3_primary_100,logistic_baseline,2026-06-23,8657,1411,BEAR_CALL_BNF_58400_58800_W400,1,0.7794827540203357
A3_primary_100,logistic_baseline,2026-06-23,8653,1441,BEAR_PUT_NF_23900_24100_W200,1,0.1834059483644409
A3_primary_100,logistic_baseline,2026-06-23,8650,1442,BEAR_PUT_BNF_57200_57600_W400,1,0.23221185690897125
A3_primary_100,logistic_baseline,2026-06-23,8648,1443,BEAR_PUT_BNF_57300_57600_W300,1,0.2630428431094403
A3_primary_100,logistic_baseline,2026-06-23,8642,1444,BEAR_PUT_NF_23900_24000_W100,1,0.26443377324716505
A3_primary_100,logistic_baseline,2026-06-23,8636,1445,BEAR_PUT_BNF_57100_57500_W400,1,0.21825908943925734
A3_primary_100,logistic_baseline,2026-06-23,8629,1446,BEAR_PUT_BNF_57100_57500_W400,1,0.21482733733158774
A3_primary_100,logistic_baseline,2026-06-23,8623,1447,BEAR_PUT_BNF_57100_57500_W400,1,0.21287040793438133
A3_primary_100,logistic_baseline,2026-06-23,8618,1448,BEAR_CALL_BNF_58000_58400_W400,1,0.7468765610192307
A3_primary_100,logistic_baseline,2026-06-23,8609,1449,BEAR_CALL_BNF_57900_58300_W400,1,0.7230507052996038
A3_primary_100,logistic_baseline,2026-06-23,8595,1450,BEAR_CALL_BNF_57900_58300_W400,1,0.7321335747348862
A3_primary_100,logistic_baseline,2026-06-23,8581,1451,BEAR_CALL_BNF_57900_58300_W400,1,0.7336751332107901
A3_primary_100,logistic_baseline,2026-06-23,8567,1452,BEAR_CALL_BNF_57900_58300_W400,1,0.7336773623642076
A3_primary_100,logistic_baseline,2026-06-23,8553,1453,BEAR_CALL_BNF_57900_58300_W400,1,0.7283277002321155
A3_primary_100,logistic_baseline,2026-06-23,8544,1454,BEAR_CALL_BNF_58000_58400_W400,1,0.7512103216699832
A3_primary_100,logistic_baseline,2026-06-23,8535,1455,BEAR_CALL_BNF_58000_58400_W400,1,0.753168378890535
A3_primary_100,logistic_baseline,2026-06-23,8526,1456,BEAR_CALL_BNF_57900_58300_W400,1,0.738208866482653
A3_primary_100,logistic_baseline,2026-06-23,8517,1457,BEAR_CALL_BNF_57900_58300_W400,1,0.732533056295958
A3_primary_100,logistic_baseline,2026-06-23,8508,1458,BEAR_CALL_BNF_57900_58300_W400,1,0.7332540205982698
A3_primary_100,logistic_baseline,2026-06-23,8499,1459,BEAR_CALL_BNF_57900_58300_W400,1,0.7300730651298472
A3_primary_100,logistic_baseline,2026-06-23,8490,1460,BEAR_CALL_BNF_58000_58400_W400,1,0.7456719748495118
A3_primary_100,logistic_baseline,2026-06-23,8476,1461,BEAR_CALL_BNF_57900_58300_W400,1,0.73113109952691
A3_primary_100,logistic_baseline,2026-06-23,8462,1462,BEAR_CALL_BNF_57900_58300_W400,1,0.7316721406945103
A3_primary_100,logistic_baseline,2026-06-23,8453,1463,BEAR_CALL_BNF_58000_58400_W400,1,0.7478008785460507
A3_primary_100,logistic_baseline,2026-06-23,8439,1464,BEAR_CALL_BNF_57900_58300_W400,1,0.7351634092567135
A3_primary_100,logistic_baseline,2026-06-23,8425,1465,BEAR_CALL_BNF_57900_58300_W400,1,0.7324262159703678
A3_primary_100,logistic_baseline,2026-06-23,8411,1466,BEAR_CALL_BNF_57900_58300_W400,1,0.7315095933000036
A3_primary_100,logistic_baseline,2026-06-23,8402,1467,BEAR_CALL_BNF_57900_58300_W400,1,0.729851911705906
A3_primary_100,logistic_baseline,2026-06-23,8393,1468,BEAR_CALL_BNF_57800_58200_W400,1,0.7185834676809724
A3_primary_100,logistic_baseline,2026-06-23,8384,1469,BEAR_CALL_BNF_57800_58200_W400,1,0.7162880414046061
A3_primary_100,logistic_baseline,2026-06-23,8374,1470,BEAR_CALL_BNF_57800_58200_W400,1,0.7248818005720234
A3_primary_100,logistic_baseline,2026-06-23,8364,1471,BEAR_CALL_BNF_57800_58200_W400,1,0.7213262273363245
A3_primary_100,logistic_baseline,2026-06-23,8355,1472,BEAR_CALL_BNF_57800_58200_W400,1,0.7225176940214743
A3_primary_100,logistic_baseline,2026-06-23,8346,1473,BEAR_CALL_BNF_57800_58200_W400,1,0.7255346750766312
A3_primary_100,logistic_baseline,2026-06-23,8337,1474,BEAR_CALL_BNF_57800_58200_W400,1,0.7296513930828793
A3_primary_100,logistic_baseline,2026-06-23,8327,1475,BEAR_CALL_BNF_57800_58200_W400,1,0.7319094283671564
A3_primary_100,logistic_baseline,2026-06-23,8318,1476,BEAR_CALL_BNF_57800_58200_W400,1,0.7324844512548305
A3_primary_100,logistic_baseline,2026-06-23,8309,1477,BEAR_CALL_BNF_57800_58200_W400,1,0.7256255181450576
A3_primary_100,logistic_baseline,2026-06-23,8300,1478,BEAR_CALL_BNF_57900_58300_W400,1,0.7455359555065478
A3_primary_100,logistic_baseline,2026-06-23,8291,1479,BEAR_CALL_BNF_57800_58200_W400,1,0.7340227505778785
A3_primary_100,logistic_baseline,2026-06-23,8282,1480,BEAR_CALL_BNF_57900_58300_W400,1,0.7454063895305614
A3_primary_100,logistic_baseline,2026-06-23,8273,1482,BEAR_CALL_BNF_57800_58200_W400,1,0.733893777495925
A3_primary_100,logistic_baseline,2026-06-23,8264,1483,BEAR_CALL_BNF_57800_58200_W400,1,0.7371495009693335
A3_primary_100,logistic_baseline,2026-06-23,8255,1484,BEAR_CALL_BNF_57900_58300_W400,1,0.7494607673329615
A3_primary_100,logistic_baseline,2026-06-23,8246,1485,BEAR_CALL_BNF_57900_58300_W400,1,0.7553129115778506
A3_primary_100,logistic_baseline,2026-06-23,8237,1486,BEAR_CALL_BNF_57900_58300_W400,1,0.7568296918503711
A3_primary_100,logistic_baseline,2026-06-23,8228,1487,BEAR_CALL_BNF_57900_58300_W400,1,0.7562833822857336
A3_primary_100,logistic_baseline,2026-06-23,8212,1488,BEAR_PUT_NF_23650_23850_W200,0,0.1284838448172359
A3_primary_100,logistic_baseline,2026-06-23,8198,1489,BEAR_PUT_NF_23650_23850_W200,1,0.12205786677840316
A3_primary_100,logistic_baseline,2026-06-23,8181,1490,BEAR_PUT_NF_23600_23850_W250,0,0.09586236812925279
A3_primary_100,logistic_baseline,2026-06-23,8167,1491,BEAR_CALL_BNF_57500_57900_W400,0,0.6969607332557195
A3_primary_100,logistic_baseline,2026-06-23,8153,1492,BEAR_CALL_BNF_57500_57900_W400,0,0.6920428155494881
A3_primary_100,logistic_baseline,2026-06-24,9066,1496,BEAR_PUT_NF_23700_23850_W150,0,0.5049174855991964
A3_primary_100,logistic_baseline,2026-06-24,9055,1497,BEAR_PUT_NF_23700_23850_W150,0,0.5071977812862578
A3_primary_100,logistic_baseline,2026-06-24,9044,1498,BEAR_PUT_NF_23650_23900_W250,0,0.36292115196399616
A3_primary_100,logistic_baseline,2026-06-24,9034,1499,BEAR_PUT_NF_23700_23850_W150,0,0.5160851879587613
A3_primary_100,logistic_baseline,2026-06-24,9022,1500,BEAR_PUT_NF_23600_23900_W300,0,0.2895689061246065
A3_primary_100,logistic_baseline,2026-06-24,9013,1501,BEAR_CALL_BNF_58000_58400_W400,0,0.9522707949696034
A3_primary_100,logistic_baseline,2026-06-24,9006,1502,BEAR_PUT_BNF_56800_57400_W600,0,0.5336117698943615
A3_primary_100,logistic_baseline,2026-06-24,8993,1503,BEAR_PUT_NF_23550_23850_W300,0,0.28477750474832836
A3_primary_100,logistic_baseline,2026-06-24,8983,1504,BEAR_PUT_NF_23600_23850_W250,0,0.3599429836392678
A3_primary_100,logistic_baseline,2026-06-24,8973,1505,BEAR_PUT_NF_23650_23900_W250,0,0.3696677987764751
A3_primary_100,logistic_baseline,2026-06-24,8965,1506,BEAR_PUT_NF_23700_23900_W200,0,0.44571326532281114
A3_primary_100,logistic_baseline,2026-06-24,8953,1507,BEAR_PUT_NF_23700_23900_W200,0,0.4450764970671676
A3_primary_100,logistic_baseline,2026-06-24,8944,1508,BEAR_PUT_NF_23700_23900_W200,0,0.44705400281852603
A3_primary_100,logistic_baseline,2026-06-24,8936,1509,BEAR_PUT_NF_23750_23950_W200,0,0.45555824372634857
A3_primary_100,logistic_baseline,2026-06-24,8927,1510,BEAR_CALL_BNF_58200_58600_W400,0,0.9513326603474944
A3_primary_100,logistic_baseline,2026-06-24,8918,1511,BEAR_CALL_BNF_58200_58600_W400,0,0.9519726320419977
A3_primary_100,logistic_baseline,2026-06-24,8909,1512,BEAR_CALL_BNF_58200_58600_W400,0,0.9544738054960641
A3_primary_100,logistic_baseline,2026-06-24,8900,1513,BEAR_CALL_BNF_58200_58600_W400,0,0.9558432663899544
A3_primary_100,logistic_baseline,2026-06-24,8891,1514,BEAR_CALL_BNF_58200_58600_W400,0,0.9518875953863848
A3_primary_100,logistic_baseline,2026-06-24,8882,1515,BEAR_CALL_BNF_58200_58600_W400,0,0.9514585439915434
A3_primary_100,logistic_baseline,2026-06-24,8873,1516,BEAR_CALL_BNF_58200_58600_W400,0,0.9507446248190929
A3_primary_100,logistic_baseline,2026-06-24,8865,1517,BEAR_CALL_BNF_58300_58700_W400,0,0.9568568040802272
A3_primary_100,logistic_baseline,2026-06-24,8853,1518,BEAR_PUT_NF_23750_24000_W250,0,0.3847176377197488
A3_primary_100,logistic_baseline,2026-06-24,8843,1519,BEAR_PUT_NF_23750_24000_W250,0,0.38514912828473485
A3_primary_100,logistic_baseline,2026-06-24,8833,1520,BEAR_PUT_NF_23800_23950_W150,0,0.5346966149154673
A3_primary_100,logistic_baseline,2026-06-24,8820,1521,BEAR_PUT_NF_23700_24000_W300,0,0.30691153592684306
A3_primary_100,logistic_baseline,2026-06-24,8811,1522,BEAR_CALL_BNF_58400_58800_W400,0,0.956420605805075
A3_primary_100,logistic_baseline,2026-06-24,8802,1523,BEAR_CALL_BNF_58400_58800_W400,0,0.9534372862419964
A3_primary_100,logistic_baseline,2026-06-24,8794,1524,BEAR_CALL_BNF_58500_58900_W400,0,0.9612129495321812
A3_primary_100,logistic_baseline,2026-06-24,8785,1525,BEAR_CALL_BNF_58500_58900_W400,0,0.9554968875171049
A3_primary_100,logistic_baseline,2026-06-24,8777,1526,BEAR_CALL_BNF_58600_59000_W400,1,0.9613209442141903
A3_primary_100,logistic_baseline,2026-06-24,8769,1527,BEAR_CALL_BNF_58600_59000_W400,1,0.9593318325416968
A3_primary_100,logistic_baseline,2026-06-24,8761,1528,BEAR_CALL_BNF_58600_59000_W400,1,0.9608153821984856
A3_primary_100,logistic_baseline,2026-06-24,8753,1529,BEAR_CALL_BNF_58600_59000_W400,1,0.9594518815662318
A3_primary_100,logistic_baseline,2026-06-24,8744,1530,BEAR_CALL_BNF_58600_59000_W400,0,0.9617864434334991
A3_primary_100,logistic_baseline,2026-06-24,8735,1531,BEAR_CALL_BNF_58500_58900_W400,0,0.9552146401752474
A3_primary_100,logistic_baseline,2026-06-24,8727,1532,BEAR_CALL_BNF_58600_59000_W400,1,0.9602491718809478
A3_primary_100,logistic_baseline,2026-06-24,8718,1533,BEAR_CALL_BNF_58600_59000_W400,1,0.9556311428617894
A3_primary_100,logistic_baseline,2026-06-24,8710,1534,BEAR_CALL_BNF_58600_59000_W400,0,0.962545155116266
A3_primary_100,logistic_baseline,2026-06-24,8701,1538,BEAR_CALL_BNF_58500_58900_W400,0,0.9558341936345444
A3_primary_100,logistic_baseline,2026-06-24,8692,1539,BEAR_CALL_BNF_58500_58900_W400,0,0.9550741755416873
A3_primary_100,logistic_baseline,2026-06-24,8683,1541,BEAR_CALL_BNF_58500_58900_W400,0,0.9547178327879764
A3_primary_100,logistic_baseline,2026-06-24,8674,1542,BEAR_CALL_BNF_58500_58900_W400,0,0.9562941246802207
A3_primary_100,logistic_baseline,2026-06-24,8666,1551,BEAR_CALL_BNF_58700_59100_W400,1,0.9608955673267097
A3_primary_100,logistic_baseline,2026-06-29,9689,1668,BULL_PUT_NF_24000_23850_W150,0,0.6818558238855102
A3_primary_100,logistic_baseline,2026-06-29,9674,1669,BULL_PUT_NF_24000_23850_W150,0,0.6769962223892342
A3_primary_100,logistic_baseline,2026-06-29,9649,1671,BULL_PUT_NF_24000_23850_W150,0,0.6858439266966103
A3_primary_100,logistic_baseline,2026-06-29,9433,1692,BEAR_CALL_NF_24100_24250_W150,1,0.7513923050993571
A3_primary_100,logistic_baseline,2026-06-29,9419,1693,BEAR_CALL_NF_24100_24250_W150,1,0.7599167990469466
A3_primary_100,logistic_baseline,2026-06-29,9405,1694,BEAR_CALL_NF_24100_24250_W150,1,0.7564225988892882
A3_primary_100,logistic_baseline,2026-06-29,9391,1695,BEAR_CALL_NF_24100_24250_W150,1,0.7589109855436049
A3_primary_100,logistic_baseline,2026-06-29,9376,1696,BEAR_CALL_NF_24100_24250_W150,1,0.763538745473129
A3_primary_100,logistic_baseline,2026-06-29,9363,1697,BEAR_CALL_NF_24100_24250_W150,1,0.764444349192956
A3_primary_100,logistic_baseline,2026-06-29,9344,1698,BEAR_CALL_NF_24100_24250_W150,1,0.7604670380426256
A3_primary_100,logistic_baseline,2026-06-29,9325,1699,BEAR_CALL_NF_24100_24250_W150,1,0.7620905407974766
A3_primary_100,logistic_baseline,2026-06-29,9144,1716,BULL_PUT_BNF_57400_57000_W400,0,0.9221084629611785
A3_primary_100,logistic_baseline,2026-06-29,9139,1717,BULL_PUT_BNF_57400_57000_W400,0,0.9244111359238476
A3_primary_100,logistic_baseline,2026-06-29,9134,1718,BULL_PUT_BNF_57400_57000_W400,0,0.9175688758878597
A3_primary_100,logistic_baseline,2026-06-29,9129,1719,BEAR_CALL_BNF_58400_58800_W400,1,0.9504923504192141
A3_primary_100,logistic_baseline,2026-06-29,9124,1720,BULL_PUT_BNF_57400_57000_W400,0,0.9195497462142048
A3_primary_100,logistic_baseline,2026-06-29,9120,1721,BULL_PUT_BNF_57400_57000_W400,0,0.9214255169004706
A3_primary_100,logistic_baseline,2026-06-29,9116,1722,BULL_PUT_BNF_57400_57000_W400,0,0.9260421002410252
A3_primary_100,logistic_baseline,2026-06-29,9112,1723,BEAR_CALL_BNF_58400_58800_W400,1,0.9514001266044055
A3_primary_100,logistic_baseline,2026-06-29,9108,1724,BULL_PUT_BNF_57400_57000_W400,0,0.9254517621220694
A3_primary_100,logistic_baseline,2026-06-29,9103,1725,BULL_PUT_BNF_57400_57000_W400,0,0.9246075154832167
A3_primary_100,logistic_baseline,2026-06-29,9097,1726,BEAR_CALL_BNF_58300_58700_W400,1,0.949870243002957
A3_primary_100,logistic_baseline,2026-06-29,9092,1727,BULL_PUT_BNF_57300_56900_W400,1,0.9167822034951795
A3_primary_100,logistic_baseline,2026-06-29,9084,1728,BULL_PUT_BNF_57200_56800_W400,1,0.9255764545712554
A3_primary_100,logistic_baseline,2026-06-29,9077,1729,BEAR_CALL_BNF_58200_58600_W400,1,0.9491403019556272
A3_primary_100,logistic_baseline,2026-07-01,10430,1817,BEAR_CALL_BNF_58100_58500_W400,0,0.4408250825862513
A3_primary_100,logistic_baseline,2026-07-01,10420,1818,BEAR_CALL_BNF_58000_58600_W600,0,0.4230063380640608
A3_primary_100,logistic_baseline,2026-07-01,10410,1819,BEAR_CALL_BNF_58000_58500_W500,0,0.4403178742841755
A3_primary_100,logistic_baseline,2026-07-01,10400,1820,BEAR_CALL_BNF_58100_58500_W400,0,0.46688283985799334
A3_primary_100,logistic_baseline,2026-07-01,10390,1821,BEAR_CALL_BNF_58200_58700_W500,0,0.464322931279777
A3_primary_100,logistic_baseline,2026-07-01,10380,1822,BEAR_CALL_BNF_58200_58600_W400,0,0.4793778397235904
A3_primary_100,logistic_baseline,2026-07-01,10370,1823,BEAR_CALL_BNF_58100_58600_W500,0,0.46269494396986066
A3_primary_100,logistic_baseline,2026-07-01,10360,1824,BEAR_CALL_BNF_58200_58600_W400,0,0.4870474395315414
A3_primary_100,logistic_baseline,2026-07-01,10350,1825,BEAR_CALL_BNF_58100_58500_W400,0,0.4821017295438563
A3_primary_100,logistic_baseline,2026-07-01,10340,1826,BEAR_CALL_BNF_58200_58700_W500,0,0.47438746258312053
A3_primary_100,logistic_baseline,2026-07-01,10330,1827,BEAR_CALL_BNF_58200_58800_W600,0,0.46763872381423055
A3_primary_100,logistic_baseline,2026-07-01,10320,1828,BEAR_CALL_BNF_58300_58900_W600,0,0.4686500111809551
A3_primary_100,logistic_baseline,2026-07-01,10310,1829,BEAR_CALL_BNF_58300_58900_W600,0,0.4672616622983332
A3_primary_100,logistic_baseline,2026-07-01,10300,1830,BEAR_CALL_BNF_58300_58900_W600,0,0.46886159714038583
A3_primary_100,logistic_baseline,2026-07-01,10290,1831,BEAR_CALL_BNF_58300_58900_W600,0,0.4725107338476448
A3_primary_100,logistic_baseline,2026-07-01,10280,1832,BEAR_CALL_BNF_58200_58600_W400,0,0.4966844118884227
A3_primary_100,logistic_baseline,2026-07-01,10270,1833,BEAR_CALL_BNF_58200_58600_W400,0,0.5037119518211723
A3_primary_100,logistic_baseline,2026-07-01,10260,1834,BEAR_CALL_BNF_58200_58600_W400,0,0.4862421245381906
A3_primary_100,logistic_baseline,2026-07-01,10250,1835,BEAR_CALL_BNF_58200_58600_W400,0,0.4900379746069217
A3_primary_100,logistic_baseline,2026-07-01,10240,1836,BEAR_CALL_BNF_58200_58800_W600,0,0.46672606970915614
A3_primary_100,logistic_baseline,2026-07-01,10230,1837,BEAR_CALL_BNF_58300_58900_W600,0,0.4713532019030936
A3_primary_100,logistic_baseline,2026-07-01,10220,1838,BEAR_CALL_BNF_58300_58900_W600,0,0.4720474243975146
A3_primary_100,logistic_baseline,2026-07-01,10210,1839,BEAR_CALL_BNF_58400_59000_W600,0,0.4858290469404395
A3_primary_100,logistic_baseline,2026-07-01,10200,1840,BEAR_CALL_BNF_58400_59000_W600,0,0.47908958147670755
A3_primary_100,logistic_baseline,2026-07-01,10190,1841,BEAR_CALL_BNF_58400_58800_W400,0,0.5101504406553151
A3_primary_100,logistic_baseline,2026-07-01,10180,1842,BEAR_CALL_BNF_58400_58800_W400,0,0.5145926657344135
A3_primary_100,logistic_baseline,2026-07-01,10170,1843,BEAR_CALL_BNF_58300_58900_W600,0,0.4836108624494668
A3_primary_100,logistic_baseline,2026-07-01,10160,1847,BEAR_CALL_BNF_58300_58800_W500,0,0.11181823151829678
A3_primary_100,logistic_baseline,2026-07-01,10150,1848,BEAR_CALL_BNF_58400_58900_W500,0,0.5012745834814424
A3_primary_100,logistic_baseline,2026-07-01,10140,1849,BEAR_CALL_BNF_58400_59000_W600,0,0.49489546923260974
A3_primary_100,logistic_baseline,2026-07-01,10130,1850,BEAR_CALL_BNF_58400_59000_W600,0,0.4795217174291532
A3_primary_100,logistic_baseline,2026-07-01,10120,1851,BEAR_CALL_BNF_58500_59000_W500,0,0.49797674279414345
A3_primary_100,logistic_baseline,2026-07-01,10110,1852,BEAR_CALL_BNF_58500_59000_W500,0,0.5022517770039806
A3_primary_100,logistic_baseline,2026-07-01,10100,1853,BEAR_CALL_BNF_58500_59000_W500,0,0.500960496479995
A3_primary_100,logistic_baseline,2026-07-01,10090,1854,BEAR_CALL_BNF_58500_59000_W500,0,0.504453028769349
A3_primary_100,logistic_baseline,2026-07-01,10080,1855,BEAR_CALL_BNF_58500_59000_W500,0,0.49925180843021866
A3_primary_100,logistic_baseline,2026-07-01,10070,1856,BEAR_CALL_BNF_58500_59000_W500,1,0.5001586886236988
A3_primary_100,logistic_baseline,2026-07-01,10060,1857,BEAR_CALL_BNF_58500_59100_W600,1,0.49211511878046227
A3_primary_100,logistic_baseline,2026-07-01,10050,1860,BEAR_CALL_BNF_58500_59000_W500,1,0.5038642911621714
A3_primary_100,logistic_baseline,2026-07-01,10040,1861,BEAR_CALL_BNF_58500_59000_W500,1,0.5026510262792309
A3_primary_100,logistic_baseline,2026-07-01,10030,1862,BEAR_CALL_BNF_58500_59000_W500,0,0.508407634700291
A3_primary_100,logistic_baseline,2026-07-01,10020,1863,BEAR_CALL_BNF_58500_59000_W500,0,0.5084804111357328
A3_primary_100,logistic_baseline,2026-07-01,10010,1864,BEAR_CALL_BNF_58500_59000_W500,0,0.5046243459932106
A3_primary_100,logistic_baseline,2026-07-01,10000,1865,BEAR_CALL_BNF_58500_59000_W500,0,0.5061578339852265
A3_primary_100,logistic_baseline,2026-07-01,9990,1866,BEAR_CALL_BNF_58500_59000_W500,0,0.5009715220054551
A3_primary_100,logistic_baseline,2026-07-01,9980,1867,BEAR_CALL_BNF_58400_59000_W600,0,0.48487140784376836
A3_primary_100,logistic_baseline,2026-07-01,9970,1868,BEAR_CALL_BNF_58500_59000_W500,0,0.5025923517720104
A3_primary_100,logistic_baseline,2026-07-01,9960,1869,BEAR_CALL_BNF_58500_59100_W600,0,0.48902617602462284
A3_primary_100,logistic_baseline,2026-07-01,9950,1870,BEAR_CALL_BNF_58500_59000_W500,0,0.5058815864510746
A3_primary_100,logistic_baseline,2026-07-01,9940,1871,BEAR_CALL_BNF_58500_59000_W500,0,0.5062064330732912
A3_primary_100,logistic_baseline,2026-07-01,9930,1872,BEAR_CALL_BNF_58500_59000_W500,0,0.5063396187982959
A3_primary_100,logistic_baseline,2026-07-01,9920,1894,BEAR_CALL_BNF_58400_59000_W600,0,0.4975666758242883
A3_primary_100,logistic_baseline,2026-07-01,9910,1895,BEAR_CALL_BNF_58500_59000_W500,0,0.5194846494209622
A3_primary_100,logistic_baseline,2026-07-01,9900,1896,BEAR_CALL_BNF_58600_59000_W400,1,0.5344946633672215
A3_primary_100,logistic_baseline,2026-07-01,9890,1897,BEAR_CALL_BNF_58600_59000_W400,1,0.5429049357200681
A3_primary_100,logistic_baseline,2026-07-01,9880,1898,BEAR_CALL_BNF_58500_59000_W500,0,0.5242349994040519
A3_primary_100,logistic_baseline,2026-07-01,9870,1899,BEAR_CALL_BNF_58500_59000_W500,1,0.5239750369774422
A3_primary_100,logistic_baseline,2026-07-01,9860,1900,BEAR_CALL_BNF_58500_59000_W500,0,0.5218899338715444
A3_primary_100,logistic_baseline,2026-07-02,11055,1907,BEAR_CALL_BNF_58700_59200_W500,1,0.2073279810551676
A3_primary_100,logistic_baseline,2026-07-02,11045,1908,BEAR_CALL_BNF_58600_59200_W600,1,0.14492957115241037
A3_primary_100,logistic_baseline,2026-07-02,11035,1909,BEAR_CALL_BNF_58700_59200_W500,1,0.19984166781994406
A3_primary_100,logistic_baseline,2026-07-02,11025,1910,BEAR_PUT_NF_24000_24150_W150,0,0.14832511789418315
A3_primary_100,logistic_baseline,2026-07-02,11015,1911,BEAR_PUT_NF_24000_24150_W150,0,0.1535720994939
A3_primary_100,logistic_baseline,2026-07-02,11004,1912,BEAR_PUT_NF_23950_24150_W200,0,0.11436499540562921
A3_primary_100,logistic_baseline,2026-07-02,10989,1913,BEAR_CALL_BNF_58700_59200_W500,1,0.19793834642844177
A3_primary_100,logistic_baseline,2026-07-02,10981,1914,BEAR_PUT_NF_24000_24100_W100,0,0.19393578303194903
A3_primary_100,logistic_baseline,2026-07-02,10979,1915,BEAR_PUT_NF_23950_24100_W150,0,0.14813314915176035
A3_primary_100,logistic_baseline,2026-07-02,10973,1916,BEAR_PUT_BNF_57700_58100_W400,1,0.22129418238012127
A3_primary_100,logistic_baseline,2026-07-02,10965,1917,BEAR_PUT_NF_23900_24100_W200,0,0.11274816183749344
A3_primary_100,logistic_baseline,2026-07-02,10955,1918,BEAR_CALL_BNF_58600_59000_W400,1,0.2597369322342544
A3_primary_100,logistic_baseline,2026-07-02,10945,1919,BEAR_CALL_BNF_58600_59000_W400,1,0.2563473664287894
A3_primary_100,logistic_baseline,2026-07-02,10935,1920,BEAR_CALL_BNF_58600_59000_W400,1,0.2618640428165414
A3_primary_100,logistic_baseline,2026-07-02,10925,1921,BEAR_CALL_BNF_58700_59200_W500,1,0.22094909548520208
A3_primary_100,logistic_baseline,2026-07-02,10915,1922,BEAR_CALL_BNF_58700_59200_W500,1,0.2205042623950752
A3_primary_100,logistic_baseline,2026-07-02,10905,1923,BEAR_CALL_BNF_58700_59200_W500,1,0.2262424775753871
A3_primary_100,logistic_baseline,2026-07-02,10900,1924,BULL_PUT_BNF_57700_57300_W400,0,0.13481926087969762
A3_primary_100,logistic_baseline,2026-07-02,10895,1925,BEAR_CALL_BNF_58600_59000_W400,1,0.2646633811070913
A3_primary_100,logistic_baseline,2026-07-02,10885,1926,BEAR_CALL_BNF_58600_59200_W600,0,0.1708638183803437
A3_primary_100,logistic_baseline,2026-07-02,10875,1927,BEAR_CALL_BNF_58600_59100_W500,0,0.22060831746428242
A3_primary_100,logistic_baseline,2026-07-02,10865,1928,BEAR_CALL_BNF_58600_59000_W400,0,0.2749364216631008
A3_primary_100,logistic_baseline,2026-07-02,10855,1929,BEAR_CALL_BNF_58500_59100_W600,0,0.16046592124812686
A3_primary_100,logistic_baseline,2026-07-02,10845,1930,BEAR_CALL_BNF_58600_59000_W400,0,0.2742130785116485
A3_primary_100,logistic_baseline,2026-07-02,10835,1931,BEAR_CALL_BNF_58500_58900_W400,0,0.2602736218527323
A3_primary_100,logistic_baseline,2026-07-02,10825,1932,BEAR_CALL_BNF_58500_59000_W500,0,0.21609246723483844
A3_primary_100,logistic_baseline,2026-07-02,10815,1933,BEAR_CALL_BNF_58500_59000_W500,0,0.2183965631390548
A3_primary_100,logistic_baseline,2026-07-02,10810,1934,BULL_PUT_BNF_57600_57200_W400,1,0.13074673748306548
A3_primary_100,logistic_baseline,2026-07-02,10800,1935,BEAR_CALL_BNF_58500_59000_W500,0,0.21336142313858497
A3_primary_100,logistic_baseline,2026-07-02,10790,1936,BEAR_CALL_BNF_58500_59000_W500,0,0.037526334096497346
A3_primary_100,logistic_baseline,2026-07-02,10780,1937,BEAR_CALL_BNF_58500_59000_W500,0,0.2137938059899108
A3_primary_100,logistic_baseline,2026-07-02,10770,1938,BEAR_CALL_BNF_58500_59000_W500,0,0.21464604442310742
A3_primary_100,logistic_baseline,2026-07-02,10760,1939,BEAR_CALL_BNF_58500_59000_W500,0,0.21718094600059287
A3_primary_100,logistic_baseline,2026-07-02,10750,1940,BEAR_CALL_BNF_58500_59000_W500,0,0.21561477837497686
A3_primary_100,logistic_baseline,2026-07-02,10740,1941,BEAR_CALL_BNF_58600_59100_W500,0,0.2356967804503898
A3_primary_100,logistic_baseline,2026-07-02,10730,1942,BEAR_CALL_BNF_58600_59000_W400,0,0.2846155799495205
A3_primary_100,logistic_baseline,2026-07-02,10725,1943,BULL_PUT_BNF_57700_57300_W400,0,0.14430636514504094
A3_primary_100,logistic_baseline,2026-07-02,10715,1944,BEAR_CALL_BNF_58600_59000_W400,1,0.2763376019054364
A3_primary_100,logistic_baseline,2026-07-02,10710,1945,BULL_PUT_BNF_57700_57300_W400,0,0.147905525437213
A3_primary_100,logistic_baseline,2026-07-02,10700,1946,BEAR_CALL_BNF_58600_59000_W400,0,0.285723822977762
A3_primary_100,logistic_baseline,2026-07-02,10690,1947,BEAR_CALL_BNF_58600_59100_W500,0,0.23331819452931835
A3_primary_100,logistic_baseline,2026-07-02,10680,1948,BEAR_CALL_BNF_58600_59000_W400,0,0.2897143125548526
A3_primary_100,logistic_baseline,2026-07-02,10675,1949,BULL_PUT_BNF_57600_57200_W400,0,0.14507450096543575
A3_primary_100,logistic_baseline,2026-07-02,10665,1950,BEAR_CALL_BNF_58600_59200_W600,0,0.19285791015158452
A3_primary_100,logistic_baseline,2026-07-02,10655,1951,BEAR_CALL_BNF_58600_59000_W400,0,0.28783371209533737
A3_primary_100,logistic_baseline,2026-07-02,10645,1952,BEAR_CALL_BNF_58600_59000_W400,0,0.2883668050176812
A3_primary_100,logistic_baseline,2026-07-02,10635,1953,BEAR_CALL_BNF_58600_59000_W400,0,0.2883926324086391
A3_primary_100,logistic_baseline,2026-07-02,10625,1954,BEAR_CALL_BNF_58600_59000_W400,1,0.2872710541835868
A3_primary_100,logistic_baseline,2026-07-02,10620,1956,BULL_PUT_BNF_57600_57200_W400,0,0.14425427755421646
A3_primary_100,logistic_baseline,2026-07-02,10610,1957,BEAR_CALL_BNF_58600_59000_W400,0,0.2981351949482374
A3_primary_100,logistic_baseline,2026-07-02,10605,1958,BEAR_CALL_BNF_58500_59000_W500,0,0.22205826462644424
A3_primary_100,logistic_baseline,2026-07-02,10595,1959,BEAR_CALL_BNF_58500_59000_W500,0,0.22687971340153495
A3_primary_100,logistic_baseline,2026-07-02,10585,1960,BEAR_CALL_BNF_58500_59000_W500,0,0.2273934363103324
A3_primary_100,logistic_baseline,2026-07-02,10575,1961,BEAR_CALL_BNF_58500_59000_W500,0,0.23194493421312593
A3_primary_100,logistic_baseline,2026-07-02,10565,1962,BEAR_CALL_BNF_58500_59100_W600,0,0.18280802309133326
A3_primary_100,logistic_baseline,2026-07-02,10560,1963,BULL_PUT_BNF_57600_57200_W400,0,0.15057302137169473
A3_primary_100,logistic_baseline,2026-07-02,10550,1964,BEAR_CALL_BNF_58500_59000_W500,0,0.22450169818885837
A3_primary_100,logistic_baseline,2026-07-02,10540,1965,BEAR_CALL_BNF_58400_58800_W400,0,0.28726642119558554
A3_primary_100,logistic_baseline,2026-07-02,10535,1966,BEAR_CALL_BNF_58400_59000_W600,0,0.17032324549882508
A3_primary_100,logistic_baseline,2026-07-02,10530,1967,BEAR_CALL_BNF_58400_59000_W600,0,0.1690245535152353
A3_primary_100,logistic_baseline,2026-07-02,10520,1968,BEAR_CALL_BNF_58400_59000_W600,0,0.17549004289976297
A3_primary_100,logistic_baseline,2026-07-02,10510,1969,BEAR_CALL_BNF_58400_59000_W600,0,0.1784233125620444
A3_primary_100,logistic_baseline,2026-07-02,10505,1970,BEAR_CALL_BNF_58500_59000_W500,0,0.22648153125438225
A3_primary_100,logistic_baseline,2026-07-02,10495,1971,BEAR_CALL_BNF_58500_59000_W500,0,0.2317378332782922
A3_primary_100,logistic_baseline,2026-07-02,10490,1972,BEAR_CALL_BNF_58500_59000_W500,0,0.22319423594802473
A3_primary_100,logistic_baseline,2026-07-02,10485,1973,BEAR_CALL_BNF_58500_59000_W500,0,0.2241519776780803
A3_primary_100,logistic_baseline,2026-07-02,10475,1974,BEAR_CALL_BNF_58600_59000_W400,0,0.3082009089201569
A3_primary_100,logistic_baseline,2026-07-02,10470,1975,BULL_PUT_BNF_57600_57200_W400,0,0.1607832808219853
A3_primary_100,logistic_baseline,2026-07-02,10465,1976,BULL_PUT_BNF_57600_57200_W400,0,0.16123479806090477
A3_primary_100,logistic_baseline,2026-07-02,10460,1977,BEAR_CALL_BNF_58500_59000_W500,0,0.23233754185075092
A3_primary_100,logistic_baseline,2026-07-02,10450,1978,BEAR_CALL_BNF_58500_59000_W500,0,0.24694761666673803
A3_primary_100,logistic_baseline,2026-07-02,10440,1979,BEAR_CALL_BNF_58500_59000_W500,0,0.24140943146793187
A3_primary_100,logistic_baseline,2026-07-03,11415,1984,BULL_PUT_BNF_57600_57200_W400,0,0.1110844029799772
A3_primary_100,logistic_baseline,2026-07-03,11405,1985,BEAR_CALL_BNF_58600_59000_W400,1,0.22285869554798898
A3_primary_100,logistic_baseline,2026-07-03,11395,1986,BEAR_CALL_BNF_58600_59000_W400,1,0.22127102348501881
A3_primary_100,logistic_baseline,2026-07-03,11390,1992,BEAR_CALL_BNF_58600_59000_W400,1,0.22219238370045083
A3_primary_100,logistic_baseline,2026-07-03,11385,1993,BULL_PUT_BNF_57600_57200_W400,0,0.11224008139888225
A3_primary_100,logistic_baseline,2026-07-03,11375,1994,BEAR_CALL_BNF_58600_59000_W400,1,0.226338179115897
A3_primary_100,logistic_baseline,2026-07-03,11370,1995,BULL_PUT_BNF_57700_57300_W400,0,0.10875209122422598
A3_primary_100,logistic_baseline,2026-07-03,11365,1996,BEAR_CALL_BNF_58600_59000_W400,1,0.22017448847528645
A3_primary_100,logistic_baseline,2026-07-03,11355,1997,BEAR_CALL_BNF_58600_59000_W400,1,0.22496610624333452
A3_primary_100,logistic_baseline,2026-07-03,11350,1998,BEAR_CALL_BNF_58600_59000_W400,1,0.22783691005757817
A3_primary_100,logistic_baseline,2026-07-03,11345,1999,BULL_PUT_BNF_57600_57200_W400,0,0.11444948893666523
A3_primary_100,logistic_baseline,2026-07-03,11335,2000,BEAR_CALL_BNF_58600_59000_W400,1,0.22648375510905233
A3_primary_100,logistic_baseline,2026-07-03,11330,2001,BEAR_CALL_BNF_58500_59000_W500,1,0.17170341340492729
A3_primary_100,logistic_baseline,2026-07-03,11325,2002,BEAR_CALL_BNF_58500_59000_W500,1,0.1674449410949728
A3_primary_100,logistic_baseline,2026-07-03,11320,2003,BEAR_CALL_BNF_58500_59000_W500,1,0.16595497876523918
A3_primary_100,logistic_baseline,2026-07-03,11315,2004,BULL_PUT_BNF_57500_57100_W400,0,0.11685954865533896
A3_primary_100,logistic_baseline,2026-07-03,11310,2005,BULL_PUT_BNF_57500_57100_W400,0,0.11179205697662274
A3_primary_100,logistic_baseline,2026-07-03,11305,2006,BEAR_CALL_BNF_58400_59000_W600,1,0.12769613063887736
A3_primary_100,logistic_baseline,2026-07-03,11300,2007,BEAR_CALL_BNF_58400_59000_W600,1,0.12726538160347362
A3_primary_100,logistic_baseline,2026-07-03,11290,2008,BEAR_CALL_BNF_58500_59000_W500,1,0.17499823941106435
A3_primary_100,logistic_baseline,2026-07-03,11280,2009,BEAR_CALL_BNF_58500_59000_W500,1,0.17654510413813468
A3_primary_100,logistic_baseline,2026-07-03,11275,2010,BEAR_CALL_BNF_58500_59000_W500,1,0.1742041474019011
A3_primary_100,logistic_baseline,2026-07-03,11270,2011,BULL_PUT_BNF_57600_57200_W400,0,0.11475065331070547
A3_primary_100,logistic_baseline,2026-07-03,11265,2012,BULL_PUT_BNF_57600_57200_W400,0,0.11363068897029709
A3_primary_100,logistic_baseline,2026-07-03,11260,2013,BEAR_CALL_BNF_58500_59000_W500,1,0.17292028653286365
A3_primary_100,logistic_baseline,2026-07-03,11255,2014,BEAR_CALL_BNF_58500_59000_W500,1,0.1764163496055202
A3_primary_100,logistic_baseline,2026-07-03,11250,2015,BEAR_CALL_BNF_58500_59000_W500,1,0.17681219679749466
A3_primary_100,logistic_baseline,2026-07-03,11245,2016,BEAR_CALL_BNF_58500_59000_W500,1,0.17506157600107466
A3_primary_100,logistic_baseline,2026-07-03,11240,2017,BEAR_CALL_BNF_58500_59000_W500,1,0.1728152672332835
A3_primary_100,logistic_baseline,2026-07-03,11230,2018,BEAR_CALL_BNF_58500_59000_W500,1,0.17888796379687552
A3_primary_100,logistic_baseline,2026-07-03,11225,2019,BEAR_CALL_BNF_58500_59000_W500,1,0.1741181376940862
A3_primary_100,logistic_baseline,2026-07-03,11220,2020,BULL_PUT_BNF_57500_57100_W400,0,0.11766925647183311
A3_primary_100,logistic_baseline,2026-07-03,11215,2021,BULL_PUT_BNF_57500_57100_W400,0,0.11882444599481859
A3_primary_100,logistic_baseline,2026-07-03,11210,2022,BULL_PUT_BNF_57500_57100_W400,0,0.11716638390234291
A3_primary_100,logistic_baseline,2026-07-03,11205,2023,BULL_PUT_BNF_57500_57100_W400,0,0.11703511185713904
A3_primary_100,logistic_baseline,2026-07-03,11200,2024,BULL_PUT_BNF_57500_57100_W400,0,0.11515440070955263
A3_primary_100,logistic_baseline,2026-07-03,11195,2025,BEAR_CALL_BNF_58400_58900_W500,1,0.17131896391531326
A3_primary_100,logistic_baseline,2026-07-03,11190,2026,BULL_PUT_BNF_57400_57000_W400,1,0.11518303382950669
A3_primary_100,logistic_baseline,2026-07-03,11185,2027,BULL_PUT_BNF_57400_57000_W400,1,0.11181382375420741
A3_primary_100,logistic_baseline,2026-07-03,11180,2028,BULL_PUT_BNF_57400_57000_W400,1,0.11244268629011686
A3_primary_100,logistic_baseline,2026-07-03,11175,2029,BULL_PUT_BNF_57400_57000_W400,1,0.11401513974086244
A3_primary_100,logistic_baseline,2026-07-03,11170,2030,BULL_PUT_BNF_57400_57000_W400,1,0.11518054703157933
A3_primary_100,logistic_baseline,2026-07-03,11165,2031,BULL_PUT_BNF_57400_57000_W400,1,0.11519251853007789
A3_primary_100,logistic_baseline,2026-07-03,11160,2032,BEAR_CALL_BNF_58300_58700_W400,0,0.2234871357870367
A3_primary_100,logistic_baseline,2026-07-03,11155,2033,BEAR_CALL_BNF_58300_58700_W400,0,0.21963624335565227
A3_primary_100,logistic_baseline,2026-07-03,11150,2034,BULL_PUT_BNF_57400_57000_W400,1,0.11408972744965544
A3_primary_100,logistic_baseline,2026-07-03,11145,2035,BULL_PUT_BNF_57400_57000_W400,1,0.11552914143622957
A3_primary_100,logistic_baseline,2026-07-03,11140,2036,BULL_PUT_BNF_57400_57000_W400,1,0.1146632614203877
A3_primary_100,logistic_baseline,2026-07-03,11135,2037,BULL_PUT_BNF_57400_57000_W400,1,0.11211570271041556
A3_primary_100,logistic_baseline,2026-07-03,11130,2038,BEAR_CALL_BNF_58300_58700_W400,0,0.22362943771416335
A3_primary_100,logistic_baseline,2026-07-03,11125,2039,BULL_PUT_BNF_57400_57000_W400,1,0.11337351181253677
A3_primary_100,logistic_baseline,2026-07-03,11115,2040,BEAR_CALL_BNF_58400_59000_W600,0,0.14168498751947886
A3_primary_100,logistic_baseline,2026-07-03,11110,2041,BULL_PUT_BNF_57400_57000_W400,1,0.11116562969013322
A3_primary_100,logistic_baseline,2026-07-03,11105,2042,BULL_PUT_BNF_57400_57000_W400,1,0.11400320939806374
A3_primary_100,logistic_baseline,2026-07-03,11100,2043,BEAR_CALL_BNF_58400_58900_W500,0,0.18496493061130195
A3_primary_100,logistic_baseline,2026-07-03,11090,2044,BEAR_CALL_BNF_58400_59000_W600,0,0.14493810203660157
A3_primary_100,logistic_baseline,2026-07-03,11085,2045,BEAR_CALL_BNF_58400_58900_W500,0,0.18307175155864405
A3_primary_100,logistic_baseline,2026-07-03,11080,2046,BEAR_CALL_BNF_58400_59000_W600,0,0.14471620667367105
A3_primary_100,logistic_baseline,2026-07-03,11075,2047,BEAR_CALL_BNF_58400_59000_W600,0,0.1436823248223827
A3_primary_100,logistic_baseline,2026-07-03,11070,2048,BEAR_CALL_BNF_58400_59000_W600,0,0.1409308260555293
A3_primary_100,logistic_baseline,2026-07-03,11065,2049,BULL_PUT_BNF_57500_57100_W400,0,0.11666616765190534
A3_primary_100,logistic_baseline,2026-07-07,11925,2136,BULL_PUT_BNF_58000_57600_W400,0,0.7034547604896328
A3_primary_100,logistic_baseline,2026-07-07,11920,2137,BULL_PUT_BNF_58000_57600_W400,0,0.7036266449315258
A3_primary_100,logistic_baseline,2026-07-07,11910,2138,BULL_PUT_BNF_57900_57500_W400,0,0.6917888327206445
A3_primary_100,logistic_baseline,2026-07-07,11900,2139,BULL_PUT_BNF_58000_57600_W400,0,0.6762244779099934
A3_primary_100,logistic_baseline,2026-07-07,11890,2140,BEAR_CALL_BNF_58900_59300_W400,1,0.8495919223673967
A3_primary_100,logistic_baseline,2026-07-07,11880,2141,BEAR_CALL_BNF_58900_59300_W400,1,0.850707911677361
A3_primary_100,logistic_baseline,2026-07-07,11865,2142,BEAR_CALL_BNF_58900_59300_W400,1,0.8561876650777841
A3_primary_100,logistic_baseline,2026-07-07,11855,2143,BEAR_CALL_BNF_58900_59300_W400,1,0.8546618938393854
A3_primary_100,logistic_baseline,2026-07-07,11845,2144,BEAR_CALL_BNF_58900_59300_W400,1,0.8498233595886605
A3_primary_100,logistic_baseline,2026-07-07,11830,2145,BEAR_CALL_BNF_58900_59300_W400,1,0.8560689655190856
A3_primary_100,logistic_baseline,2026-07-07,11815,2146,BEAR_CALL_BNF_58900_59300_W400,1,0.8562643416788928
A3_primary_100,logistic_baseline,2026-07-07,11810,2147,BULL_PUT_BNF_58000_57600_W400,0,0.7021852209986622
A3_primary_100,logistic_baseline,2026-07-07,11795,2148,BEAR_CALL_BNF_58900_59300_W400,1,0.8584658684507277
A3_primary_100,logistic_baseline,2026-07-07,11780,2149,BEAR_CALL_BNF_58900_59300_W400,1,0.8574217203730695
A3_primary_100,logistic_baseline,2026-07-07,11765,2150,BEAR_CALL_BNF_58900_59300_W400,1,0.8590624799059111
A3_primary_100,logistic_baseline,2026-07-07,11755,2151,BEAR_CALL_BNF_58900_59300_W400,1,0.8614061123687914
A3_primary_100,logistic_baseline,2026-07-07,11745,2152,BULL_PUT_BNF_58000_57600_W400,0,0.7043605193567992
A3_primary_100,logistic_baseline,2026-07-07,11735,2153,BEAR_CALL_BNF_58900_59300_W400,1,0.8590208055709166
A3_primary_100,logistic_baseline,2026-07-07,11725,2154,BULL_PUT_BNF_58000_57600_W400,0,0.7048515384583788
A3_primary_100,logistic_baseline,2026-07-07,11715,2155,BULL_PUT_BNF_58000_57600_W400,0,0.7020869192288285
A3_primary_100,logistic_baseline,2026-07-07,11705,2156,BULL_PUT_BNF_58000_57600_W400,0,0.7043219188942159
A3_primary_100,logistic_baseline,2026-07-07,11695,2157,BEAR_CALL_BNF_58900_59300_W400,1,0.8628235367418905
A3_primary_100,logistic_baseline,2026-07-07,11685,2158,BEAR_CALL_BNF_58900_59300_W400,1,0.8633171579673414
A3_primary_100,logistic_baseline,2026-07-07,11675,2159,BULL_PUT_BNF_57900_57500_W400,0,0.7233492149644265
A3_primary_100,logistic_baseline,2026-07-07,11665,2160,BEAR_CALL_BNF_58900_59300_W400,1,0.8666773665155642
A3_primary_100,logistic_baseline,2026-07-07,11655,2161,BEAR_CALL_BNF_58900_59300_W400,1,0.8610152797073501
A3_primary_100,logistic_baseline,2026-07-07,11645,2162,BEAR_CALL_BNF_58900_59300_W400,1,0.8594417600049432
A3_primary_100,logistic_baseline,2026-07-07,11635,2163,BEAR_CALL_BNF_58900_59300_W400,1,0.8553357161016389
A3_primary_100,logistic_baseline,2026-07-07,11625,2164,BEAR_CALL_BNF_58900_59300_W400,1,0.8578432722201956
A3_primary_100,logistic_baseline,2026-07-07,11615,2165,BEAR_CALL_BNF_58900_59300_W400,1,0.8590382152052063
A3_primary_100,logistic_baseline,2026-07-07,11610,2166,BULL_PUT_BNF_58000_57600_W400,0,0.7141375836062746
A3_primary_100,logistic_baseline,2026-07-07,11605,2167,BULL_PUT_BNF_58000_57600_W400,0,0.7138527746062463
A3_primary_100,logistic_baseline,2026-07-07,11600,2168,BULL_PUT_BNF_58000_57600_W400,0,0.7093644964264086
A3_primary_100,logistic_baseline,2026-07-07,11595,2169,BULL_PUT_BNF_58000_57600_W400,0,0.7142449426041356
A3_primary_100,logistic_baseline,2026-07-07,11580,2170,BEAR_CALL_BNF_58900_59300_W400,1,0.8658267422026739
A3_primary_100,logistic_baseline,2026-07-07,11570,2171,BULL_PUT_BNF_57900_57500_W400,0,0.7258194576251682
A3_primary_100,logistic_baseline,2026-07-07,11560,2172,BULL_PUT_BNF_58000_57600_W400,0,0.703585395282562
A3_primary_100,logistic_baseline,2026-07-07,11545,2173,BEAR_CALL_BNF_58900_59300_W400,1,0.8686071431619905
A3_primary_100,logistic_baseline,2026-07-07,11535,2174,BEAR_CALL_BNF_58800_59200_W400,1,0.8659261345494684
A3_primary_100,logistic_baseline,2026-07-07,11525,2175,BEAR_CALL_BNF_58800_59200_W400,1,0.8646007962204124
A3_primary_100,logistic_baseline,2026-07-07,11515,2176,BEAR_CALL_BNF_58800_59200_W400,1,0.8683840288781431
A3_primary_100,logistic_baseline,2026-07-07,11510,2177,BEAR_CALL_BNF_58800_59200_W400,1,0.8665645998366016
A3_primary_100,logistic_baseline,2026-07-07,11505,2178,BEAR_CALL_BNF_58800_59200_W400,1,0.8674946710251972
A3_primary_100,logistic_baseline,2026-07-07,11500,2179,BEAR_CALL_BNF_58800_59200_W400,1,0.860547422888284
A3_primary_100,logistic_baseline,2026-07-07,11495,2180,BULL_PUT_BNF_57800_57400_W400,0,0.7427211471723623
A3_primary_100,logistic_baseline,2026-07-07,11490,2181,BEAR_CALL_BNF_58700_59100_W400,1,0.8559262683156742
A3_primary_100,logistic_baseline,2026-07-07,11485,2182,BEAR_CALL_BNF_58700_59100_W400,1,0.8608470682398341
A3_primary_100,logistic_baseline,2026-07-07,11480,2183,BEAR_CALL_BNF_58700_59100_W400,0,0.8591395562253515
A3_primary_100,logistic_baseline,2026-07-07,11475,2184,BULL_PUT_BNF_57800_57400_W400,0,0.7297677033575611
A3_primary_100,logistic_baseline,2026-07-07,11470,2185,BULL_PUT_BNF_57800_57400_W400,0,0.7201489359068984
A3_primary_100,logistic_baseline,2026-07-07,11465,2186,BULL_PUT_BNF_57800_57400_W400,0,0.7189134847644281
A3_primary_100,logistic_baseline,2026-07-07,11460,2187,BULL_PUT_BNF_57800_57400_W400,0,0.7372352087504687
A3_primary_100,logistic_baseline,2026-07-07,11450,2188,BULL_PUT_BNF_58000_57600_W400,0,0.6831776632200818
A3_primary_100,logistic_baseline,2026-07-07,11440,2189,BEAR_CALL_BNF_58700_59100_W400,1,0.8652001581875958
A3_primary_100,logistic_baseline,2026-07-07,11430,2190,BULL_PUT_BNF_58000_57600_W400,0,0.6932507571006288
A3_primary_100,logistic_baseline,2026-07-07,11425,2191,BULL_PUT_BNF_57800_57400_W400,0,0.7394164029986977
A3_primary_100,logistic_baseline,2026-07-07,11420,2192,BEAR_CALL_BNF_58800_59200_W400,1,0.8779048747526296
A3_primary_100,logistic_baseline,2026-07-08,12026,2213,BEAR_PUT_BNF_57100_57700_W600,1,0.16680611592333472
A3_primary_100,logistic_baseline,2026-07-08,12024,2214,BEAR_PUT_BNF_56800_57800_W1000,1,0.023540379556168438
A3_primary_100,logistic_baseline,2026-07-08,12023,2215,BEAR_PUT_BNF_57000_57800_W800,1,0.06624078744458159
A3_primary_100,logistic_baseline,2026-07-08,12021,2217,BEAR_PUT_BNF_57100_57900_W800,1,0.0702523683493123
A3_primary_100,logistic_baseline,2026-07-08,12019,2218,BEAR_PUT_BNF_56900_57900_W1000,1,0.02568199484261396
A3_primary_100,logistic_baseline,2026-07-08,12018,2219,BEAR_PUT_BNF_57200_57800_W600,1,0.1787981360623314
A3_primary_100,logistic_baseline,2026-07-08,12014,2226,BEAR_PUT_BNF_57400_58000_W600,1,0.19222032560459026
A3_primary_100,logistic_baseline,2026-07-08,12011,2227,BEAR_PUT_BNF_57400_58000_W600,1,0.19471576852067765
A3_primary_100,logistic_baseline,2026-07-08,12008,2228,BEAR_PUT_BNF_57400_58000_W600,1,0.19305823250628174
A3_primary_100,logistic_baseline,2026-07-08,12007,2264,BEAR_PUT_BNF_57000_57600_W600,1,0.14406868248696958
A3_primary_100,logistic_baseline,2026-07-08,12005,2265,BEAR_PUT_BNF_56600_57400_W800,1,0.04278067201368889
A3_primary_100,logistic_baseline,2026-07-08,12003,2266,BEAR_PUT_BNF_56400_57200_W800,1,0.030948209077736457
A3_primary_100,logistic_baseline,2026-07-08,12000,2267,BEAR_PUT_NF_23700_24000_W300,1,0.052846040095613125
A3_primary_100,logistic_baseline,2026-07-08,11997,2268,BEAR_PUT_NF_23750_23850_W100,1,0.1865729066638597
A3_primary_100,logistic_baseline,2026-07-08,11989,2269,BEAR_PUT_NF_23600_23900_W300,0,0.03581580865487991
A3_primary_100,logistic_baseline,2026-07-08,11983,2270,BEAR_PUT_NF_23650_23900_W250,1,0.06109949517722907
A3_primary_100,logistic_baseline,2026-07-08,11974,2271,BEAR_PUT_NF_23600_23900_W300,1,0.03727301159548541
A3_primary_100,logistic_baseline,2026-07-08,11969,2272,BEAR_PUT_NF_23600_23850_W250,0,0.6564535065700582
A3_primary_100,logistic_baseline,2026-07-08,11959,2273,BEAR_PUT_NF_23600_23900_W300,1,0.5513049759362012
A3_primary_100,logistic_baseline,2026-07-08,11950,2276,BEAR_PUT_NF_23550_23850_W300,0,0.03606707306878634
A3_primary_100,logistic_baseline,2026-07-08,11942,2277,BEAR_PUT_NF_23600_23800_W200,0,0.7457642372236846
A3_primary_100,logistic_baseline,2026-07-08,11930,2278,BEAR_PUT_NF_23450_23850_W400,0,0.29387029713071866
A3_primary_100,logistic_baseline,2026-07-09,12027,2288,BULL_CALL_NF_24400_24000_W400,0,0.028855297009275072
A3_primary_100,logistic_baseline,2026-07-13,12031,2498,BEAR_CALL_BNF_58500_59000_W500,1,0.63966489790498
A3_primary_100,logistic_baseline,2026-07-14,12056,2518,BEAR_PUT_BNF_56500_57500_W1000,0,0.14916475617298
A3_primary_100,logistic_baseline,2026-07-14,12050,2529,BEAR_PUT_BNF_56600_57600_W1000,1,0.16050721768295784
A3_primary_100,logistic_baseline,2026-07-14,12045,2580,BEAR_PUT_BNF_56700_57500_W800,1,0.2564285362151944
A3_primary_100,logistic_baseline,2026-07-14,12038,2581,BEAR_PUT_BNF_56500_57500_W1000,1,0.15468727854714048
A3_primary_100,logistic_baseline,2026-07-14,12033,2582,BEAR_PUT_BNF_56500_57500_W1000,0,0.15448701301981774
A3_primary_100,logistic_baseline,2026-07-16,12103,2659,BEAR_PUT_NF_23900_24150_W250,1,0.1630897350107342
A3_primary_100,logistic_baseline,2026-07-16,12092,2660,BEAR_PUT_NF_23850_24150_W300,1,0.11843458350152133
A3_primary_100,logistic_baseline,2026-07-16,12086,2661,BEAR_PUT_NF_23950_24100_W150,1,0.2687847201188086
A3_primary_100,logistic_baseline,2026-07-16,12078,2662,BEAR_PUT_NF_23900_24100_W200,1,0.20626300459674204
A3_primary_100,logistic_baseline,2026-07-16,12073,2678,BEAR_PUT_NF_24050_24150_W100,1,0.34604190051931893
A3_primary_100,logistic_baseline,2026-07-16,12068,2679,BEAR_PUT_NF_24050_24150_W100,1,0.3464956652529743
A3_primary_100,logistic_baseline,2026-07-16,12063,2680,BEAR_PUT_NF_24000_24150_W150,1,0.27505460716324365
A3_primary_100,logistic_baseline,2026-07-17,12207,2736,BEAR_PUT_NF_24000_24200_W200,0,0.2519966483469065
A3_primary_100,logistic_baseline,2026-07-17,12198,2737,BEAR_PUT_NF_24000_24200_W200,0,0.2547725463508092
A3_primary_100,logistic_baseline,2026-07-17,12189,2738,BEAR_PUT_NF_24000_24200_W200,0,0.25173553274016536
A3_primary_100,logistic_baseline,2026-07-17,12178,2739,BEAR_PUT_NF_23950_24250_W300,0,0.1490412123129849
A3_primary_100,logistic_baseline,2026-07-17,12167,2740,BEAR_PUT_NF_23950_24250_W300,0,0.14420601021600107
A3_primary_100,logistic_baseline,2026-07-17,12154,2746,BEAR_PUT_NF_24000_24300_W300,0,0.13792647846061937
A3_primary_100,logistic_baseline,2026-07-17,12145,2747,BEAR_PUT_NF_24050_24250_W200,0,0.23851061569655368
A3_primary_100,logistic_baseline,2026-07-17,12133,2748,BEAR_PUT_NF_24000_24300_W300,0,0.134630983638226
A3_primary_100,logistic_baseline,2026-07-17,12121,2749,BEAR_PUT_NF_24000_24300_W300,0,0.13274889415713978
A3_primary_100,logistic_baseline,2026-07-17,12112,2750,BEAR_PUT_NF_24050_24250_W200,0,0.238103405919801
A3_primary_100,logistic_baseline,2026-07-20,12220,2821,BEAR_PUT_NF_24050_24250_W200,0,0.623746265283289
A3_primary_100,logistic_baseline,2026-07-20,12216,2822,BEAR_PUT_BNF_57000_57800_W800,0,0.434333939173119
A3_primary_100,logistic_baseline,2026-07-21,12246,2879,BEAR_PUT_NF_24150_24250_W100,1,0.6491967573887581
A3_primary_100,logistic_baseline,2026-07-21,12241,2880,BEAR_PUT_BNF_57500_58100_W600,1,0.44714519988538864
A3_primary_100,logistic_baseline,2026-07-21,12236,2881,BEAR_PUT_NF_24100_24250_W150,1,0.5592920272988555
A3_primary_100,logistic_baseline,2026-07-21,12231,2882,BEAR_PUT_NF_24100_24250_W150,1,0.5664221495004637
A3_primary_100,logistic_baseline,2026-07-21,12226,2883,BEAR_PUT_NF_24150_24250_W100,1,0.6626866546311316
A3_primary_100,logistic_baseline,2026-07-22,12259,2954,BEAR_PUT_NF_23800_24100_W300,1,0.2734654803169917
A3_primary_100,logistic_baseline,2026-07-22,12253,2955,BEAR_PUT_NF_23800_24050_W250,1,0.34447350106458313
A3_primary_100,logistic_baseline,2026-07-22,12252,2956,BEAR_PUT_BNF_56800_57300_W500,1,0.44234139548903795
A3_primary_100,logistic_baseline,2026-07-23,12062,3029,BEAR_PUT_NF_23750_23950_W200,1,0.3056157293641217
A4_primary_secondary_100,logistic_baseline,2026-06-03,2169,329,BEAR_CALL_NF_23400_23550_W150,0,3.3678140288523994e-07
A4_primary_secondary_100,logistic_baseline,2026-06-03,2073,335,BEAR_CALL_NF_23400_23550_W150,0,2.425275889377445e-07
A4_primary_secondary_100,logistic_baseline,2026-06-03,1183,380,BEAR_PUT_NF_23150_23300_W150,0,1.0103117045075885e-06
A4_primary_secondary_100,logistic_baseline,2026-06-03,964,391,BEAR_CALL_NF_23550_23700_W150,1,0.0001599368143832288
A4_primary_secondary_100,logistic_baseline,2026-06-03,949,392,BEAR_CALL_NF_23550_23700_W150,1,0.00030315553583118383
A4_primary_secondary_100,logistic_baseline,2026-06-03,934,393,BEAR_CALL_NF_23600_23750_W150,1,0.0028501031732415054
A4_primary_secondary_100,logistic_baseline,2026-06-03,919,394,BEAR_CALL_NF_23550_23700_W150,1,0.00029033561155907705
A4_primary_secondary_100,logistic_baseline,2026-06-03,904,395,BEAR_CALL_NF_23550_23700_W150,1,0.000664386576584868
A4_primary_secondary_100,logistic_baseline,2026-06-03,884,396,BEAR_CALL_NF_23600_23750_W150,1,0.009034795725709734
A4_primary_secondary_100,logistic_baseline,2026-06-03,869,397,BEAR_CALL_NF_23600_23750_W150,1,0.0021166606362462547
A4_primary_secondary_100,logistic_baseline,2026-06-03,854,398,BEAR_CALL_NF_23600_23750_W150,1,0.0042954562786612464
A4_primary_secondary_100,logistic_baseline,2026-06-03,839,399,BEAR_CALL_NF_23600_23750_W150,1,0.009370967047779129
A4_primary_secondary_100,logistic_baseline,2026-06-03,824,400,BEAR_CALL_NF_23550_23700_W150,1,0.00024413657166391347
A4_primary_secondary_100,logistic_baseline,2026-06-03,804,401,BEAR_CALL_NF_23550_23700_W150,1,0.0004277932970599006
A4_primary_secondary_100,logistic_baseline,2026-06-03,789,402,BEAR_CALL_NF_23550_23700_W150,1,0.000109081711933224
A4_primary_secondary_100,logistic_baseline,2026-06-03,779,403,BEAR_CALL_NF_23550_23700_W150,1,0.00025345079307685653
A4_primary_secondary_100,logistic_baseline,2026-06-03,764,404,BEAR_CALL_NF_23550_23700_W150,1,0.00014291098145961643
A4_primary_secondary_100,logistic_baseline,2026-06-04,2973,413,BEAR_PUT_NF_23150_23400_W250,0,0.9943106307362763
A4_primary_secondary_100,logistic_baseline,2026-06-04,2962,414,BEAR_PUT_BNF_53200_54200_W1000,0,0.9999175862054726
A4_primary_secondary_100,logistic_baseline,2026-06-04,2954,415,BEAR_PUT_NF_23200_23400_W200,0,0.9486180422039941
A4_primary_secondary_100,logistic_baseline,2026-06-04,2934,416,BEAR_PUT_NF_23150_23450_W300,0,0.9997894640151821
A4_primary_secondary_100,logistic_baseline,2026-06-04,2925,417,BEAR_PUT_NF_23150_23450_W300,0,0.9996364732697229
A4_primary_secondary_100,logistic_baseline,2026-06-04,2769,424,BEAR_PUT_NF_23100_23400_W300,0,0.9998345624638166
A4_primary_secondary_100,logistic_baseline,2026-06-04,2757,425,BEAR_PUT_NF_23100_23400_W300,0,0.9998036162230992
A4_primary_secondary_100,logistic_baseline,2026-06-04,2743,426,BEAR_PUT_BNF_53400_54200_W800,0,0.9972148292845487
A4_primary_secondary_100,logistic_baseline,2026-06-04,2733,427,BEAR_PUT_NF_23150_23450_W300,0,0.9997769170658204
A4_primary_secondary_100,logistic_baseline,2026-06-04,2725,428,BEAR_PUT_NF_23150_23450_W300,0,0.9997172956628827
A4_primary_secondary_100,logistic_baseline,2026-06-04,2721,429,BEAR_PUT_BNF_53400_54400_W1000,0,0.9998934732737684
A4_primary_secondary_100,logistic_baseline,2026-06-04,2712,430,BEAR_PUT_BNF_53300_54300_W1000,0,0.9998912892526647
A4_primary_secondary_100,logistic_baseline,2026-06-04,2444,457,BEAR_PUT_BNF_53100_54100_W1000,0,0.9997635369991485
A4_primary_secondary_100,logistic_baseline,2026-06-04,2442,458,BEAR_PUT_BNF_53100_54100_W1000,0,0.9997286476210371
A4_primary_secondary_100,logistic_baseline,2026-06-04,2441,459,BEAR_PUT_NF_23150_23350_W200,0,0.8883838136656801
A4_primary_secondary_100,logistic_baseline,2026-06-04,2439,460,BEAR_PUT_BNF_53100_54100_W1000,0,0.9997862184093679
A4_primary_secondary_100,logistic_baseline,2026-06-04,2387,471,BULL_PUT_BNF_54000_53600_W400,1,0.9789939975227587
A4_primary_secondary_100,logistic_baseline,2026-06-04,2382,472,BULL_PUT_BNF_54000_53600_W400,0,0.97275407168919
A4_primary_secondary_100,logistic_baseline,2026-06-04,2377,473,BULL_PUT_BNF_54000_53600_W400,0,0.9761647990725568
A4_primary_secondary_100,logistic_baseline,2026-06-04,2372,474,BULL_PUT_BNF_54000_53600_W400,0,0.9691272597428167
A4_primary_secondary_100,logistic_baseline,2026-06-04,2367,476,BULL_PUT_BNF_54000_53600_W400,1,0.9777599609462615
A4_primary_secondary_100,logistic_baseline,2026-06-04,2362,478,BULL_PUT_BNF_54000_53600_W400,0,0.9822952973074767
A4_primary_secondary_100,logistic_baseline,2026-06-04,2357,479,BULL_PUT_BNF_54000_53600_W400,0,0.9841716541638624
A4_primary_secondary_100,logistic_baseline,2026-06-04,2352,480,BULL_PUT_BNF_54000_53600_W400,0,0.9843765315570057
A4_primary_secondary_100,logistic_baseline,2026-06-04,2347,481,BULL_PUT_BNF_54000_53600_W400,0,0.9871235703634893
A4_primary_secondary_100,logistic_baseline,2026-06-05,3428,497,BEAR_PUT_BNF_53900_54700_W800,1,0.007696066400336756
A4_primary_secondary_100,logistic_baseline,2026-06-05,3422,498,BEAR_PUT_BNF_53800_54600_W800,1,0.007502821662003487
A4_primary_secondary_100,logistic_baseline,2026-06-05,3416,499,BEAR_PUT_NF_23200_23450_W250,1,0.026908140126810982
A4_primary_secondary_100,logistic_baseline,2026-06-05,3414,500,BEAR_PUT_NF_23200_23350_W150,0,0.001004599702874007
A4_primary_secondary_100,logistic_baseline,2026-06-05,3413,501,BEAR_PUT_BNF_53300_54300_W1000,0,0.0262890605195845
A4_primary_secondary_100,logistic_baseline,2026-06-05,3410,502,BEAR_PUT_BNF_53600_54400_W800,0,0.003557467479125825
A4_primary_secondary_100,logistic_baseline,2026-06-05,3406,503,BEAR_PUT_NF_23150_23400_W250,0,0.013788931249986062
A4_primary_secondary_100,logistic_baseline,2026-06-05,3404,504,BEAR_PUT_BNF_53700_54500_W800,0,0.004441313754945091
A4_primary_secondary_100,logistic_baseline,2026-06-05,3397,505,BEAR_PUT_NF_23250_23500_W250,1,0.029452746634637202
A4_primary_secondary_100,logistic_baseline,2026-06-05,3391,506,BEAR_PUT_BNF_54000_54800_W800,1,0.006394801846723779
A4_primary_secondary_100,logistic_baseline,2026-06-05,3385,507,BEAR_PUT_NF_23250_23450_W200,1,0.007673904713671322
A4_primary_secondary_100,logistic_baseline,2026-06-05,3381,508,BEAR_PUT_BNF_53800_54600_W800,1,0.00453648031273769
A4_primary_secondary_100,logistic_baseline,2026-06-05,3373,509,BEAR_PUT_NF_23200_23450_W250,1,0.01963215235671012
A4_primary_secondary_100,logistic_baseline,2026-06-05,3368,510,BEAR_PUT_BNF_53800_54600_W800,1,0.005427615739521533
A4_primary_secondary_100,logistic_baseline,2026-06-05,3366,511,BEAR_PUT_NF_23250_23400_W150,1,0.0014924269247863968
A4_primary_secondary_100,logistic_baseline,2026-06-05,3362,512,BEAR_PUT_BNF_53800_54600_W800,1,0.007010145387811307
A4_primary_secondary_100,logistic_baseline,2026-06-05,3279,523,BEAR_PUT_BNF_53500_54500_W1000,0,0.048930069532672926
A4_primary_secondary_100,logistic_baseline,2026-06-05,3180,534,BEAR_PUT_BNF_53200_54200_W1000,0,0.0161507433458644
A4_primary_secondary_100,logistic_baseline,2026-06-05,3179,535,BEAR_PUT_NF_23100_23300_W200,0,0.0018327934875785924
A4_primary_secondary_100,logistic_baseline,2026-06-05,3130,542,BULL_PUT_BNF_54000_53600_W400,1,0.4055692587411469
A4_primary_secondary_100,logistic_baseline,2026-06-05,3126,543,BEAR_PUT_BNF_53400_54400_W1000,0,0.03710719819863397
A4_primary_secondary_100,logistic_baseline,2026-06-05,3122,544,BEAR_PUT_BNF_53500_54300_W800,0,0.0036400907370805063
A4_primary_secondary_100,logistic_baseline,2026-06-05,3120,545,BEAR_PUT_NF_23150_23350_W200,0,0.0031254996099906026
A4_primary_secondary_100,logistic_baseline,2026-06-05,3118,546,BEAR_PUT_BNF_53900_54500_W600,1,0.0011558124665499564
A4_primary_secondary_100,logistic_baseline,2026-06-05,3112,547,BEAR_PUT_NF_23150_23400_W250,0,0.036692278314119704
A4_primary_secondary_100,logistic_baseline,2026-06-05,3111,548,BEAR_PUT_BNF_53700_54500_W800,0,0.004859271924040311
A4_primary_secondary_100,logistic_baseline,2026-06-05,3108,549,BEAR_PUT_NF_23150_23350_W200,0,0.004705905197470147
A4_primary_secondary_100,logistic_baseline,2026-06-05,3106,550,BEAR_PUT_BNF_53700_54500_W800,0,0.004728918341309853
A4_primary_secondary_100,logistic_baseline,2026-06-05,3104,551,BEAR_PUT_BNF_53700_54500_W800,0,0.0070872669860564405
A4_primary_secondary_100,logistic_baseline,2026-06-05,3100,554,BEAR_PUT_BNF_53700_54500_W800,0,0.007246896651863111
A4_primary_secondary_100,logistic_baseline,2026-06-08,4855,578,BEAR_PUT_NF_22950_23200_W250,1,0.9549933323509898
A4_primary_secondary_100,logistic_baseline,2026-06-08,3854,612,BEAR_CALL_NF_23300_23450_W150,1,0.8791254818521331
A4_primary_secondary_100,logistic_baseline,2026-06-08,3836,613,BEAR_CALL_NF_23300_23450_W150,1,0.8884594626779947
A4_primary_secondary_100,logistic_baseline,2026-06-08,3819,614,BEAR_CALL_NF_23300_23450_W150,1,0.8623776368587965
A4_primary_secondary_100,logistic_baseline,2026-06-08,3803,615,BEAR_CALL_NF_23300_23450_W150,1,0.8646874299858868
A4_primary_secondary_100,logistic_baseline,2026-06-08,3785,616,BEAR_CALL_NF_23350_23500_W150,1,0.8545103549860371
A4_primary_secondary_100,logistic_baseline,2026-06-08,3772,617,BEAR_CALL_NF_23300_23450_W150,1,0.8727968956346746
A4_primary_secondary_100,logistic_baseline,2026-06-08,3760,618,BEAR_CALL_NF_23350_23500_W150,1,0.890703257478582
A4_primary_secondary_100,logistic_baseline,2026-06-08,3742,619,BEAR_CALL_NF_23350_23500_W150,1,0.8862044874407836
A4_primary_secondary_100,logistic_baseline,2026-06-08,3729,620,BULL_PUT_NF_23000_22850_W150,0,0.9941350374532726
A4_primary_secondary_100,logistic_baseline,2026-06-08,3716,621,BEAR_CALL_NF_23300_23450_W150,1,0.903636440322887
A4_primary_secondary_100,logistic_baseline,2026-06-08,3700,622,BEAR_CALL_NF_23250_23400_W150,0,0.8772393097617016
A4_primary_secondary_100,logistic_baseline,2026-06-08,3689,623,BEAR_CALL_NF_23300_23450_W150,0,0.8806560406983476
A4_primary_secondary_100,logistic_baseline,2026-06-08,3677,624,BEAR_CALL_NF_23300_23450_W150,0,0.8767126759628031
A4_primary_secondary_100,logistic_baseline,2026-06-08,3661,625,BEAR_CALL_NF_23250_23400_W150,0,0.9010376899326038
A4_primary_secondary_100,logistic_baseline,2026-06-08,3651,626,BEAR_PUT_NF_22950_23100_W150,0,0.9249216928157988
A4_primary_secondary_100,logistic_baseline,2026-06-09,5511,654,BEAR_PUT_BNF_53500_54500_W1000,0,0.11501058118126681
A4_primary_secondary_100,logistic_baseline,2026-06-09,5509,655,BEAR_PUT_BNF_53600_54600_W1000,0,0.1670062749943393
A4_primary_secondary_100,logistic_baseline,2026-06-09,5507,656,BEAR_PUT_BNF_53600_54600_W1000,0,0.129878972665757
A4_primary_secondary_100,logistic_baseline,2026-06-09,5502,659,BEAR_PUT_NF_23000_23200_W200,0,0.1839724015421167
A4_primary_secondary_100,logistic_baseline,2026-06-09,5498,660,BEAR_PUT_NF_23050_23200_W150,0,0.45161160104084525
A4_primary_secondary_100,logistic_baseline,2026-06-09,5493,661,BULL_PUT_BNF_54500_54100_W400,1,0.7581320449828809
A4_primary_secondary_100,logistic_baseline,2026-06-09,5489,662,BEAR_PUT_NF_23100_23200_W100,0,0.6410856136916832
A4_primary_secondary_100,logistic_baseline,2026-06-09,5485,663,BEAR_PUT_NF_23050_23200_W150,0,0.3859601887932224
A4_primary_secondary_100,logistic_baseline,2026-06-09,5475,664,BEAR_CALL_BNF_55300_55800_W500,0,0.6127882879501014
A4_primary_secondary_100,logistic_baseline,2026-06-09,5470,665,BULL_PUT_BNF_54500_54100_W400,1,0.7126976312116803
A4_primary_secondary_100,logistic_baseline,2026-06-09,5465,666,BULL_PUT_BNF_54500_54100_W400,1,0.7316964700791545
A4_primary_secondary_100,logistic_baseline,2026-06-09,5460,667,BULL_PUT_BNF_54500_54100_W400,1,0.7375505897613218
A4_primary_secondary_100,logistic_baseline,2026-06-09,5454,668,BEAR_PUT_BNF_54000_55000_W1000,0,0.17294079240374957
A4_primary_secondary_100,logistic_baseline,2026-06-09,5449,670,BULL_PUT_BNF_54500_54100_W400,1,0.7627192861409752
A4_primary_secondary_100,logistic_baseline,2026-06-09,5444,673,BULL_PUT_BNF_54500_54100_W400,1,0.7454866710979322
A4_primary_secondary_100,logistic_baseline,2026-06-09,5439,685,BULL_PUT_BNF_54600_54200_W400,1,0.753683789929147
A4_primary_secondary_100,logistic_baseline,2026-06-12,5524,876,BEAR_PUT_NF_23150_23350_W200,0,0.5634328007065107
A4_primary_secondary_100,logistic_baseline,2026-06-12,5518,877,BEAR_PUT_NF_23150_23350_W200,0,0.5767824623149843
A4_primary_secondary_100,logistic_baseline,2026-06-12,5513,928,BULL_PUT_NF_23450_23300_W150,1,0.9536460424775856
A4_primary_secondary_100,logistic_baseline,2026-06-15,5607,1000,BEAR_CALL_NF_24000_24150_W150,1,0.5044302200226392
A4_primary_secondary_100,logistic_baseline,2026-06-15,5602,1001,BEAR_CALL_NF_24050_24200_W150,1,0.5326444721229081
A4_primary_secondary_100,logistic_baseline,2026-06-15,5597,1002,BEAR_CALL_NF_24050_24200_W150,1,0.5382507605448561
A4_primary_secondary_100,logistic_baseline,2026-06-15,5592,1003,BEAR_CALL_NF_24050_24200_W150,1,0.5354014197786994
A4_primary_secondary_100,logistic_baseline,2026-06-15,5587,1004,BEAR_CALL_NF_24050_24200_W150,1,0.5300117453169535
A4_primary_secondary_100,logistic_baseline,2026-06-15,5582,1005,BEAR_CALL_NF_24050_24200_W150,1,0.5350242114152848
A4_primary_secondary_100,logistic_baseline,2026-06-15,5577,1006,BULL_PUT_NF_23800_23650_W150,0,0.7256239779835267
A4_primary_secondary_100,logistic_baseline,2026-06-15,5572,1007,BULL_PUT_NF_23750_23600_W150,0,0.7405144881075497
A4_primary_secondary_100,logistic_baseline,2026-06-15,5567,1008,BULL_PUT_NF_23750_23600_W150,0,0.7411034901374278
A4_primary_secondary_100,logistic_baseline,2026-06-15,5562,1009,BULL_PUT_NF_23750_23600_W150,0,0.719378854838772
A4_primary_secondary_100,logistic_baseline,2026-06-15,5557,1010,BULL_PUT_NF_23750_23600_W150,0,0.7259080572343473
A4_primary_secondary_100,logistic_baseline,2026-06-15,5552,1011,BEAR_CALL_NF_24000_24150_W150,1,0.5083105189639973
A4_primary_secondary_100,logistic_baseline,2026-06-15,5547,1012,BEAR_CALL_NF_24000_24150_W150,1,0.5076412399068414
A4_primary_secondary_100,logistic_baseline,2026-06-15,5542,1013,BEAR_CALL_NF_24000_24150_W150,0,0.5008366305112489
A4_primary_secondary_100,logistic_baseline,2026-06-15,5537,1014,BEAR_CALL_NF_24000_24150_W150,1,0.4878065480139641
A4_primary_secondary_100,logistic_baseline,2026-06-15,5533,1015,BEAR_CALL_NF_24000_24150_W150,1,0.49244786544603375
A4_primary_secondary_100,logistic_baseline,2026-06-15,5924,938,BEAR_CALL_NF_24100_24250_W150,1,0.5738759102349918
A4_primary_secondary_100,logistic_baseline,2026-06-15,5918,939,BEAR_CALL_NF_24100_24250_W150,1,0.5500063472317257
A4_primary_secondary_100,logistic_baseline,2026-06-15,5912,940,BEAR_CALL_NF_24100_24250_W150,1,0.5516052770597044
A4_primary_secondary_100,logistic_baseline,2026-06-15,5906,941,BEAR_CALL_NF_24100_24250_W150,1,0.5444136286462556
A4_primary_secondary_100,logistic_baseline,2026-06-15,5899,942,BEAR_PUT_NF_23750_23950_W200,1,0.15686234912025304
A4_primary_secondary_100,logistic_baseline,2026-06-15,5892,943,BEAR_CALL_NF_24100_24250_W150,1,0.5376609689164713
A4_primary_secondary_100,logistic_baseline,2026-06-17,6044,1105,BEAR_PUT_BNF_56500_57500_W1000,0,0.29408646920206283
A4_primary_secondary_100,logistic_baseline,2026-06-17,6034,1106,BEAR_PUT_NF_23800_24100_W300,0,0.39559430721355204
A4_primary_secondary_100,logistic_baseline,2026-06-17,6030,1107,BEAR_PUT_BNF_56500_57500_W1000,0,0.2967134104964402
A4_primary_secondary_100,logistic_baseline,2026-06-17,6026,1108,BEAR_PUT_NF_23800_24100_W300,0,0.40622930918798145
A4_primary_secondary_100,logistic_baseline,2026-06-17,6022,1109,BEAR_PUT_NF_23800_24100_W300,0,0.4040211347724853
A4_primary_secondary_100,logistic_baseline,2026-06-22,6888,1393,BEAR_CALL_NF_24250_24400_W150,1,0.8671980043673452
A4_primary_secondary_100,logistic_baseline,2026-06-22,6877,1394,BULL_PUT_NF_24000_23850_W150,0,0.9288757188398884
A4_primary_secondary_100,logistic_baseline,2026-06-22,6865,1395,BULL_PUT_NF_24000_23850_W150,0,0.9293025942537193
A4_primary_secondary_100,logistic_baseline,2026-06-22,6854,1396,BEAR_CALL_NF_24250_24400_W150,1,0.8654079322380822
A4_primary_secondary_100,logistic_baseline,2026-06-22,6842,1397,BEAR_CALL_NF_24250_24400_W150,1,0.8605671940974707
A4_primary_secondary_100,logistic_baseline,2026-06-22,6830,1398,BULL_PUT_NF_24000_23850_W150,0,0.9305158026473308
A4_primary_secondary_100,logistic_baseline,2026-06-22,6819,1399,BEAR_CALL_NF_24250_24400_W150,1,0.8620684518938677
A4_primary_secondary_100,logistic_baseline,2026-06-22,6817,1400,BEAR_CALL_NF_24250_24400_W150,1,0.8619060878777828
A4_primary_secondary_100,logistic_baseline,2026-06-22,6815,1401,BEAR_CALL_NF_24250_24400_W150,1,0.8669835472203754
A4_primary_secondary_100,logistic_baseline,2026-06-22,6813,1402,BEAR_CALL_NF_24250_24400_W150,1,0.865581918830107
A4_primary_secondary_100,logistic_baseline,2026-06-22,6811,1403,BEAR_CALL_NF_24250_24400_W150,1,0.865746302713583
A4_primary_secondary_100,logistic_baseline,2026-06-22,6809,1404,BULL_PUT_NF_24000_23850_W150,1,0.9236915433815129
A4_primary_secondary_100,logistic_baseline,2026-06-22,6808,1405,BULL_PUT_NF_24000_23850_W150,1,0.9258264456458283
A4_primary_secondary_100,logistic_baseline,2026-06-22,6805,1406,BEAR_CALL_NF_24200_24350_W150,0,0.8533430477009236
A4_primary_secondary_100,logistic_baseline,2026-06-23,8657,1411,BEAR_CALL_BNF_58400_58800_W400,1,0.6647221460118544
A4_primary_secondary_100,logistic_baseline,2026-06-23,8653,1441,BEAR_PUT_NF_23900_24100_W200,1,0.2079629345665936
A4_primary_secondary_100,logistic_baseline,2026-06-23,8650,1442,BEAR_PUT_BNF_57200_57600_W400,1,0.38774563844043164
A4_primary_secondary_100,logistic_baseline,2026-06-23,8648,1443,BEAR_PUT_BNF_57300_57600_W300,1,0.4538275102536156
A4_primary_secondary_100,logistic_baseline,2026-06-23,8642,1444,BEAR_PUT_NF_23900_24000_W100,1,0.5829473581408293
A4_primary_secondary_100,logistic_baseline,2026-06-23,8636,1445,BEAR_PUT_BNF_57100_57500_W400,1,0.3477367627123171
A4_primary_secondary_100,logistic_baseline,2026-06-23,8629,1446,BEAR_PUT_BNF_57100_57500_W400,1,0.33951087182378226
A4_primary_secondary_100,logistic_baseline,2026-06-23,8623,1447,BEAR_PUT_BNF_57100_57500_W400,1,0.3290306492579938
A4_primary_secondary_100,logistic_baseline,2026-06-23,8618,1448,BEAR_CALL_BNF_58000_58400_W400,1,0.5808767554731548
A4_primary_secondary_100,logistic_baseline,2026-06-23,8609,1449,BEAR_CALL_BNF_57900_58300_W400,1,0.49875244677259045
A4_primary_secondary_100,logistic_baseline,2026-06-23,8595,1450,BEAR_CALL_BNF_57900_58300_W400,1,0.5512457327401337
A4_primary_secondary_100,logistic_baseline,2026-06-23,8581,1451,BEAR_CALL_BNF_57900_58300_W400,1,0.5506064290911408
A4_primary_secondary_100,logistic_baseline,2026-06-23,8567,1452,BEAR_CALL_BNF_57900_58300_W400,1,0.5506601716108208
A4_primary_secondary_100,logistic_baseline,2026-06-23,8553,1453,BEAR_CALL_BNF_57900_58300_W400,1,0.5333585184557204
A4_primary_secondary_100,logistic_baseline,2026-06-23,8544,1454,BEAR_CALL_BNF_58000_58400_W400,1,0.5655189854468075
A4_primary_secondary_100,logistic_baseline,2026-06-23,8535,1455,BEAR_CALL_BNF_58000_58400_W400,1,0.5636040059668614
A4_primary_secondary_100,logistic_baseline,2026-06-23,8526,1456,BEAR_CALL_BNF_57900_58300_W400,1,0.5401060756408481
A4_primary_secondary_100,logistic_baseline,2026-06-23,8517,1457,BEAR_CALL_BNF_57900_58300_W400,1,0.5274777583880446
A4_primary_secondary_100,logistic_baseline,2026-06-23,8508,1458,BEAR_CALL_BNF_57900_58300_W400,1,0.5305281120042058
A4_primary_secondary_100,logistic_baseline,2026-06-23,8499,1459,BEAR_CALL_BNF_57900_58300_W400,1,0.5243803382562303
A4_primary_secondary_100,logistic_baseline,2026-06-23,8490,1460,BEAR_CALL_BNF_58000_58400_W400,1,0.5480765229902336
A4_primary_secondary_100,logistic_baseline,2026-06-23,8476,1461,BEAR_CALL_BNF_57900_58300_W400,1,0.5301257702872526
A4_primary_secondary_100,logistic_baseline,2026-06-23,8462,1462,BEAR_CALL_BNF_57900_58300_W400,1,0.533201584276337
A4_primary_secondary_100,logistic_baseline,2026-06-23,8453,1463,BEAR_CALL_BNF_58000_58400_W400,1,0.5403629147256157
A4_primary_secondary_100,logistic_baseline,2026-06-23,8439,1464,BEAR_CALL_BNF_57900_58300_W400,1,0.5333873382353692
A4_primary_secondary_100,logistic_baseline,2026-06-23,8425,1465,BEAR_CALL_BNF_57900_58300_W400,1,0.530828127404294
A4_primary_secondary_100,logistic_baseline,2026-06-23,8411,1466,BEAR_CALL_BNF_57900_58300_W400,1,0.5255816143351227
A4_primary_secondary_100,logistic_baseline,2026-06-23,8402,1467,BEAR_CALL_BNF_57900_58300_W400,1,0.5046495457075593
A4_primary_secondary_100,logistic_baseline,2026-06-23,8393,1468,BEAR_CALL_BNF_57800_58200_W400,1,0.48139927580888336
A4_primary_secondary_100,logistic_baseline,2026-06-23,8384,1469,BEAR_CALL_BNF_57800_58200_W400,1,0.47609685824924397
A4_primary_secondary_100,logistic_baseline,2026-06-23,8374,1470,BEAR_CALL_BNF_57800_58200_W400,1,0.4836791129018925
A4_primary_secondary_100,logistic_baseline,2026-06-23,8364,1471,BEAR_CALL_BNF_57800_58200_W400,1,0.48223892545537284
A4_primary_secondary_100,logistic_baseline,2026-06-23,8355,1472,BEAR_CALL_BNF_57800_58200_W400,1,0.496999380381863
A4_primary_secondary_100,logistic_baseline,2026-06-23,8346,1473,BEAR_CALL_BNF_57800_58200_W400,1,0.5130611823962127
A4_primary_secondary_100,logistic_baseline,2026-06-23,8337,1474,BEAR_CALL_BNF_57800_58200_W400,1,0.4959559035763096
A4_primary_secondary_100,logistic_baseline,2026-06-23,8327,1475,BEAR_CALL_BNF_57800_58200_W400,1,0.4893577362423632
A4_primary_secondary_100,logistic_baseline,2026-06-23,8318,1476,BEAR_CALL_BNF_57800_58200_W400,1,0.5223642745314635
A4_primary_secondary_100,logistic_baseline,2026-06-23,8309,1477,BEAR_CALL_BNF_57800_58200_W400,1,0.4937460490403994
A4_primary_secondary_100,logistic_baseline,2026-06-23,8300,1478,BEAR_CALL_BNF_57900_58300_W400,1,0.5282819934693728
A4_primary_secondary_100,logistic_baseline,2026-06-23,8291,1479,BEAR_CALL_BNF_57800_58200_W400,1,0.5189145235366643
A4_primary_secondary_100,logistic_baseline,2026-06-23,8282,1480,BEAR_CALL_BNF_57900_58300_W400,1,0.526507282412106
A4_primary_secondary_100,logistic_baseline,2026-06-23,8273,1482,BEAR_CALL_BNF_57800_58200_W400,1,0.5261995774136125
A4_primary_secondary_100,logistic_baseline,2026-06-23,8264,1483,BEAR_CALL_BNF_57800_58200_W400,1,0.5275701623959874
A4_primary_secondary_100,logistic_baseline,2026-06-23,8255,1484,BEAR_CALL_BNF_57900_58300_W400,1,0.5627230476460952
A4_primary_secondary_100,logistic_baseline,2026-06-23,8246,1485,BEAR_CALL_BNF_57900_58300_W400,1,0.5652101388892784
A4_primary_secondary_100,logistic_baseline,2026-06-23,8237,1486,BEAR_CALL_BNF_57900_58300_W400,1,0.5703996061102837
A4_primary_secondary_100,logistic_baseline,2026-06-23,8228,1487,BEAR_CALL_BNF_57900_58300_W400,1,0.5626438667680334
A4_primary_secondary_100,logistic_baseline,2026-06-23,8212,1488,BEAR_PUT_NF_23650_23850_W200,0,0.06976914787225705
A4_primary_secondary_100,logistic_baseline,2026-06-23,8198,1489,BEAR_PUT_NF_23650_23850_W200,1,0.05659187423862317
A4_primary_secondary_100,logistic_baseline,2026-06-23,8181,1490,BEAR_PUT_NF_23600_23850_W250,0,0.02452108318539372
A4_primary_secondary_100,logistic_baseline,2026-06-23,8167,1491,BEAR_CALL_BNF_57500_57900_W400,0,0.47705845365114363
A4_primary_secondary_100,logistic_baseline,2026-06-23,8153,1492,BEAR_CALL_BNF_57500_57900_W400,0,0.4569545667896659
A4_primary_secondary_100,logistic_baseline,2026-06-24,9066,1496,BEAR_PUT_NF_23700_23850_W150,0,0.5632589262778704
A4_primary_secondary_100,logistic_baseline,2026-06-24,9055,1497,BEAR_PUT_NF_23700_23850_W150,0,0.5672362593840233
A4_primary_secondary_100,logistic_baseline,2026-06-24,9044,1498,BEAR_PUT_NF_23650_23900_W250,0,0.379470145902283
A4_primary_secondary_100,logistic_baseline,2026-06-24,9034,1499,BEAR_PUT_NF_23700_23850_W150,0,0.5994021477093141
A4_primary_secondary_100,logistic_baseline,2026-06-24,9022,1500,BEAR_PUT_NF_23600_23900_W300,0,0.2445058294402656
A4_primary_secondary_100,logistic_baseline,2026-06-24,9013,1501,BEAR_CALL_BNF_58000_58400_W400,0,0.6852227060783848
A4_primary_secondary_100,logistic_baseline,2026-06-24,9006,1502,BEAR_PUT_BNF_56800_57400_W600,0,0.2864412345834532
A4_primary_secondary_100,logistic_baseline,2026-06-24,8993,1503,BEAR_PUT_NF_23550_23850_W300,0,0.2541630787938621
A4_primary_secondary_100,logistic_baseline,2026-06-24,8983,1504,BEAR_PUT_NF_23600_23850_W250,0,0.37233928677603106
A4_primary_secondary_100,logistic_baseline,2026-06-24,8973,1505,BEAR_PUT_NF_23650_23900_W250,0,0.38498856603968074
A4_primary_secondary_100,logistic_baseline,2026-06-24,8965,1506,BEAR_PUT_NF_23700_23900_W200,0,0.5084736121386589
A4_primary_secondary_100,logistic_baseline,2026-06-24,8953,1507,BEAR_PUT_NF_23700_23900_W200,0,0.4847062965650949
A4_primary_secondary_100,logistic_baseline,2026-06-24,8944,1508,BEAR_PUT_NF_23700_23900_W200,0,0.4926455351920969
A4_primary_secondary_100,logistic_baseline,2026-06-24,8936,1509,BEAR_PUT_NF_23750_23950_W200,0,0.5508809867366374
A4_primary_secondary_100,logistic_baseline,2026-06-24,8927,1510,BEAR_CALL_BNF_58200_58600_W400,0,0.6999407303968561
A4_primary_secondary_100,logistic_baseline,2026-06-24,8918,1511,BEAR_CALL_BNF_58200_58600_W400,0,0.6992381744023181
A4_primary_secondary_100,logistic_baseline,2026-06-24,8909,1512,BEAR_CALL_BNF_58200_58600_W400,0,0.7024329607630352
A4_primary_secondary_100,logistic_baseline,2026-06-24,8900,1513,BEAR_CALL_BNF_58200_58600_W400,0,0.7028239207834726
A4_primary_secondary_100,logistic_baseline,2026-06-24,8891,1514,BEAR_CALL_BNF_58200_58600_W400,0,0.7099537705279204
A4_primary_secondary_100,logistic_baseline,2026-06-24,8882,1515,BEAR_CALL_BNF_58200_58600_W400,0,0.7062291796621113
A4_primary_secondary_100,logistic_baseline,2026-06-24,8873,1516,BEAR_CALL_BNF_58200_58600_W400,0,0.7047037423912009
A4_primary_secondary_100,logistic_baseline,2026-06-24,8865,1517,BEAR_CALL_BNF_58300_58700_W400,0,0.7223927968767982
A4_primary_secondary_100,logistic_baseline,2026-06-24,8853,1518,BEAR_PUT_NF_23750_24000_W250,0,0.4208373447050973
A4_primary_secondary_100,logistic_baseline,2026-06-24,8843,1519,BEAR_PUT_NF_23750_24000_W250,0,0.43592647923625566
A4_primary_secondary_100,logistic_baseline,2026-06-24,8833,1520,BEAR_PUT_NF_23800_23950_W150,0,0.6312117649618052
A4_primary_secondary_100,logistic_baseline,2026-06-24,8820,1521,BEAR_PUT_NF_23700_24000_W300,0,0.29027911773365955
A4_primary_secondary_100,logistic_baseline,2026-06-24,8811,1522,BEAR_CALL_BNF_58400_58800_W400,0,0.7166877371643787
A4_primary_secondary_100,logistic_baseline,2026-06-24,8802,1523,BEAR_CALL_BNF_58400_58800_W400,0,0.7204639841497856
A4_primary_secondary_100,logistic_baseline,2026-06-24,8794,1524,BEAR_CALL_BNF_58500_58900_W400,0,0.7207606977683947
A4_primary_secondary_100,logistic_baseline,2026-06-24,8785,1525,BEAR_CALL_BNF_58500_58900_W400,0,0.7402170895102168
A4_primary_secondary_100,logistic_baseline,2026-06-24,8777,1526,BEAR_CALL_BNF_58600_59000_W400,1,0.7247225722382908
A4_primary_secondary_100,logistic_baseline,2026-06-24,8769,1527,BEAR_CALL_BNF_58600_59000_W400,1,0.71926625936145
A4_primary_secondary_100,logistic_baseline,2026-06-24,8761,1528,BEAR_CALL_BNF_58600_59000_W400,1,0.7153642038150362
A4_primary_secondary_100,logistic_baseline,2026-06-24,8753,1529,BEAR_CALL_BNF_58600_59000_W400,1,0.7172005113371793
A4_primary_secondary_100,logistic_baseline,2026-06-24,8744,1530,BEAR_CALL_BNF_58600_59000_W400,0,0.711783541250254
A4_primary_secondary_100,logistic_baseline,2026-06-24,8735,1531,BEAR_CALL_BNF_58500_58900_W400,0,0.7101662132044595
A4_primary_secondary_100,logistic_baseline,2026-06-24,8727,1532,BEAR_CALL_BNF_58600_59000_W400,1,0.7057322781051047
A4_primary_secondary_100,logistic_baseline,2026-06-24,8718,1533,BEAR_CALL_BNF_58600_59000_W400,1,0.714027850310677
A4_primary_secondary_100,logistic_baseline,2026-06-24,8710,1534,BEAR_CALL_BNF_58600_59000_W400,0,0.708200790052106
A4_primary_secondary_100,logistic_baseline,2026-06-24,8701,1538,BEAR_CALL_BNF_58500_58900_W400,0,0.7156120720484968
A4_primary_secondary_100,logistic_baseline,2026-06-24,8692,1539,BEAR_CALL_BNF_58500_58900_W400,0,0.7184792042159645
A4_primary_secondary_100,logistic_baseline,2026-06-24,8683,1541,BEAR_CALL_BNF_58500_58900_W400,0,0.7170894006268314
A4_primary_secondary_100,logistic_baseline,2026-06-24,8674,1542,BEAR_CALL_BNF_58500_58900_W400,0,0.731159502977727
A4_primary_secondary_100,logistic_baseline,2026-06-24,8666,1551,BEAR_CALL_BNF_58700_59100_W400,1,0.7354589851798216
A4_primary_secondary_100,logistic_baseline,2026-06-29,9689,1668,BULL_PUT_NF_24000_23850_W150,0,0.8531808826558067
A4_primary_secondary_100,logistic_baseline,2026-06-29,9674,1669,BULL_PUT_NF_24000_23850_W150,0,0.8421486813303625
A4_primary_secondary_100,logistic_baseline,2026-06-29,9649,1671,BULL_PUT_NF_24000_23850_W150,0,0.8545945031027986
A4_primary_secondary_100,logistic_baseline,2026-06-29,9433,1692,BEAR_CALL_NF_24100_24250_W150,1,0.6914738162697677
A4_primary_secondary_100,logistic_baseline,2026-06-29,9419,1693,BEAR_CALL_NF_24100_24250_W150,1,0.680353059280655
A4_primary_secondary_100,logistic_baseline,2026-06-29,9405,1694,BEAR_CALL_NF_24100_24250_W150,1,0.6874362353157981
A4_primary_secondary_100,logistic_baseline,2026-06-29,9391,1695,BEAR_CALL_NF_24100_24250_W150,1,0.6776815870264764
A4_primary_secondary_100,logistic_baseline,2026-06-29,9376,1696,BEAR_CALL_NF_24100_24250_W150,1,0.6574473990426646
A4_primary_secondary_100,logistic_baseline,2026-06-29,9363,1697,BEAR_CALL_NF_24100_24250_W150,1,0.6460223041765373
A4_primary_secondary_100,logistic_baseline,2026-06-29,9344,1698,BEAR_CALL_NF_24100_24250_W150,1,0.6489858034905894
A4_primary_secondary_100,logistic_baseline,2026-06-29,9325,1699,BEAR_CALL_NF_24100_24250_W150,1,0.6643659346335398
A4_primary_secondary_100,logistic_baseline,2026-06-29,9144,1716,BULL_PUT_BNF_57400_57000_W400,0,0.4716448106239604
A4_primary_secondary_100,logistic_baseline,2026-06-29,9139,1717,BULL_PUT_BNF_57400_57000_W400,0,0.4753274884802571
A4_primary_secondary_100,logistic_baseline,2026-06-29,9134,1718,BULL_PUT_BNF_57400_57000_W400,0,0.4667324900783331
A4_primary_secondary_100,logistic_baseline,2026-06-29,9129,1719,BEAR_CALL_BNF_58400_58800_W400,1,0.31520499660639417
A4_primary_secondary_100,logistic_baseline,2026-06-29,9124,1720,BULL_PUT_BNF_57400_57000_W400,0,0.46560626990002324
A4_primary_secondary_100,logistic_baseline,2026-06-29,9120,1721,BULL_PUT_BNF_57400_57000_W400,0,0.4618467616726929
A4_primary_secondary_100,logistic_baseline,2026-06-29,9116,1722,BULL_PUT_BNF_57400_57000_W400,0,0.4802942493293707
A4_primary_secondary_100,logistic_baseline,2026-06-29,9112,1723,BEAR_CALL_BNF_58400_58800_W400,1,0.3175232963765385
A4_primary_secondary_100,logistic_baseline,2026-06-29,9108,1724,BULL_PUT_BNF_57400_57000_W400,0,0.4927116670611544
A4_primary_secondary_100,logistic_baseline,2026-06-29,9103,1725,BULL_PUT_BNF_57400_57000_W400,0,0.5028064968409104
A4_primary_secondary_100,logistic_baseline,2026-06-29,9097,1726,BEAR_CALL_BNF_58300_58700_W400,1,0.32713519796658125
A4_primary_secondary_100,logistic_baseline,2026-06-29,9092,1727,BULL_PUT_BNF_57300_56900_W400,1,0.47697879032449003
A4_primary_secondary_100,logistic_baseline,2026-06-29,9084,1728,BULL_PUT_BNF_57200_56800_W400,1,0.5042626411096135
A4_primary_secondary_100,logistic_baseline,2026-06-29,9077,1729,BEAR_CALL_BNF_58200_58600_W400,1,0.3861276701222589
A4_primary_secondary_100,logistic_baseline,2026-07-01,10430,1817,BEAR_CALL_BNF_58100_58500_W400,0,0.4152138573545318
A4_primary_secondary_100,logistic_baseline,2026-07-01,10420,1818,BEAR_CALL_BNF_58000_58600_W600,0,0.46305339415704416
A4_primary_secondary_100,logistic_baseline,2026-07-01,10410,1819,BEAR_CALL_BNF_58000_58500_W500,0,0.45126514900289
A4_primary_secondary_100,logistic_baseline,2026-07-01,10400,1820,BEAR_CALL_BNF_58100_58500_W400,0,0.4477725969006249
A4_primary_secondary_100,logistic_baseline,2026-07-01,10390,1821,BEAR_CALL_BNF_58200_58700_W500,0,0.47705025799770656
A4_primary_secondary_100,logistic_baseline,2026-07-01,10380,1822,BEAR_CALL_BNF_58200_58600_W400,0,0.4621937353297755
A4_primary_secondary_100,logistic_baseline,2026-07-01,10370,1823,BEAR_CALL_BNF_58100_58600_W500,0,0.47943128107823757
A4_primary_secondary_100,logistic_baseline,2026-07-01,10360,1824,BEAR_CALL_BNF_58200_58600_W400,0,0.47283755525252863
A4_primary_secondary_100,logistic_baseline,2026-07-01,10350,1825,BEAR_CALL_BNF_58100_58500_W400,0,0.46906251100295554
A4_primary_secondary_100,logistic_baseline,2026-07-01,10340,1826,BEAR_CALL_BNF_58200_58700_W500,0,0.491868220237544
A4_primary_secondary_100,logistic_baseline,2026-07-01,10330,1827,BEAR_CALL_BNF_58200_58800_W600,0,0.5192327086075628
A4_primary_secondary_100,logistic_baseline,2026-07-01,10320,1828,BEAR_CALL_BNF_58300_58900_W600,0,0.5217876834114611
A4_primary_secondary_100,logistic_baseline,2026-07-01,10310,1829,BEAR_CALL_BNF_58300_58900_W600,0,0.5197296026723139
A4_primary_secondary_100,logistic_baseline,2026-07-01,10300,1830,BEAR_CALL_BNF_58300_58900_W600,0,0.521045502005945
A4_primary_secondary_100,logistic_baseline,2026-07-01,10290,1831,BEAR_CALL_BNF_58300_58900_W600,0,0.5239898527663935
A4_primary_secondary_100,logistic_baseline,2026-07-01,10280,1832,BEAR_CALL_BNF_58200_58600_W400,0,0.4871117728175417
A4_primary_secondary_100,logistic_baseline,2026-07-01,10270,1833,BEAR_CALL_BNF_58200_58600_W400,0,0.4950550561294335
A4_primary_secondary_100,logistic_baseline,2026-07-01,10260,1834,BEAR_CALL_BNF_58200_58600_W400,0,0.473074761214799
A4_primary_secondary_100,logistic_baseline,2026-07-01,10250,1835,BEAR_CALL_BNF_58200_58600_W400,0,0.4784923487671571
A4_primary_secondary_100,logistic_baseline,2026-07-01,10240,1836,BEAR_CALL_BNF_58200_58800_W600,0,0.5168697539815812
A4_primary_secondary_100,logistic_baseline,2026-07-01,10230,1837,BEAR_CALL_BNF_58300_58900_W600,0,0.5212022221399316
A4_primary_secondary_100,logistic_baseline,2026-07-01,10220,1838,BEAR_CALL_BNF_58300_58900_W600,0,0.5234712296953524
A4_primary_secondary_100,logistic_baseline,2026-07-01,10210,1839,BEAR_CALL_BNF_58400_59000_W600,0,0.5394835281599838
A4_primary_secondary_100,logistic_baseline,2026-07-01,10200,1840,BEAR_CALL_BNF_58400_59000_W600,0,0.5310658700792689
A4_primary_secondary_100,logistic_baseline,2026-07-01,10190,1841,BEAR_CALL_BNF_58400_58800_W400,0,0.4996994496880733
A4_primary_secondary_100,logistic_baseline,2026-07-01,10180,1842,BEAR_CALL_BNF_58400_58800_W400,0,0.5081170967087926
A4_primary_secondary_100,logistic_baseline,2026-07-01,10170,1843,BEAR_CALL_BNF_58300_58900_W600,0,0.5384147629724652
A4_primary_secondary_100,logistic_baseline,2026-07-01,10160,1847,BEAR_CALL_BNF_58300_58800_W500,0,0.40699572256076355
A4_primary_secondary_100,logistic_baseline,2026-07-01,10150,1848,BEAR_CALL_BNF_58400_58900_W500,0,0.5236996261727225
A4_primary_secondary_100,logistic_baseline,2026-07-01,10140,1849,BEAR_CALL_BNF_58400_59000_W600,0,0.5506066955163944
A4_primary_secondary_100,logistic_baseline,2026-07-01,10130,1850,BEAR_CALL_BNF_58400_59000_W600,0,0.5297312350434331
A4_primary_secondary_100,logistic_baseline,2026-07-01,10120,1851,BEAR_CALL_BNF_58500_59000_W500,0,0.5169768002393051
A4_primary_secondary_100,logistic_baseline,2026-07-01,10110,1852,BEAR_CALL_BNF_58500_59000_W500,0,0.5221894844621079
A4_primary_secondary_100,logistic_baseline,2026-07-01,10100,1853,BEAR_CALL_BNF_58500_59000_W500,0,0.5201029953700831
A4_primary_secondary_100,logistic_baseline,2026-07-01,10090,1854,BEAR_CALL_BNF_58500_59000_W500,0,0.5260630743448771
A4_primary_secondary_100,logistic_baseline,2026-07-01,10080,1855,BEAR_CALL_BNF_58500_59000_W500,0,0.5184205760223463
A4_primary_secondary_100,logistic_baseline,2026-07-01,10070,1856,BEAR_CALL_BNF_58500_59000_W500,1,0.5207439886920542
A4_primary_secondary_100,logistic_baseline,2026-07-01,10060,1857,BEAR_CALL_BNF_58500_59100_W600,1,0.5441939888739669
A4_primary_secondary_100,logistic_baseline,2026-07-01,10050,1860,BEAR_CALL_BNF_58500_59000_W500,1,0.5260185544374497
A4_primary_secondary_100,logistic_baseline,2026-07-01,10040,1861,BEAR_CALL_BNF_58500_59000_W500,1,0.5243083018303454
A4_primary_secondary_100,logistic_baseline,2026-07-01,10030,1862,BEAR_CALL_BNF_58500_59000_W500,0,0.5309816402773029
A4_primary_secondary_100,logistic_baseline,2026-07-01,10020,1863,BEAR_CALL_BNF_58500_59000_W500,0,0.5309278076841206
A4_primary_secondary_100,logistic_baseline,2026-07-01,10010,1864,BEAR_CALL_BNF_58500_59000_W500,0,0.5257810911386044
A4_primary_secondary_100,logistic_baseline,2026-07-01,10000,1865,BEAR_CALL_BNF_58500_59000_W500,0,0.5272186342324505
A4_primary_secondary_100,logistic_baseline,2026-07-01,9990,1866,BEAR_CALL_BNF_58500_59000_W500,0,0.5200577772682045
A4_primary_secondary_100,logistic_baseline,2026-07-01,9980,1867,BEAR_CALL_BNF_58400_59000_W600,0,0.5358294301107248
A4_primary_secondary_100,logistic_baseline,2026-07-01,9970,1868,BEAR_CALL_BNF_58500_59000_W500,0,0.5214023840772198
A4_primary_secondary_100,logistic_baseline,2026-07-01,9960,1869,BEAR_CALL_BNF_58500_59100_W600,0,0.5375494992304485
A4_primary_secondary_100,logistic_baseline,2026-07-01,9950,1870,BEAR_CALL_BNF_58500_59000_W500,0,0.5268391521919191
A4_primary_secondary_100,logistic_baseline,2026-07-01,9940,1871,BEAR_CALL_BNF_58500_59000_W500,0,0.5263700718686498
A4_primary_secondary_100,logistic_baseline,2026-07-01,9930,1872,BEAR_CALL_BNF_58500_59000_W500,0,0.5262602419815371
A4_primary_secondary_100,logistic_baseline,2026-07-01,9920,1894,BEAR_CALL_BNF_58400_59000_W600,0,0.5499206963488898
A4_primary_secondary_100,logistic_baseline,2026-07-01,9910,1895,BEAR_CALL_BNF_58500_59000_W500,0,0.542044621903666
A4_primary_secondary_100,logistic_baseline,2026-07-01,9900,1896,BEAR_CALL_BNF_58600_59000_W400,1,0.5269181492170192
A4_primary_secondary_100,logistic_baseline,2026-07-01,9890,1897,BEAR_CALL_BNF_58600_59000_W400,1,0.5373895866170486
A4_primary_secondary_100,logistic_baseline,2026-07-01,9880,1898,BEAR_CALL_BNF_58500_59000_W500,0,0.5496705800549788
A4_primary_secondary_100,logistic_baseline,2026-07-01,9870,1899,BEAR_CALL_BNF_58500_59000_W500,1,0.5506255101310947
A4_primary_secondary_100,logistic_baseline,2026-07-01,9860,1900,BEAR_CALL_BNF_58500_59000_W500,0,0.5469276489441144
A4_primary_secondary_100,logistic_baseline,2026-07-02,11055,1907,BEAR_CALL_BNF_58700_59200_W500,1,0.45387501702800725
A4_primary_secondary_100,logistic_baseline,2026-07-02,11045,1908,BEAR_CALL_BNF_58600_59200_W600,1,0.446258114746659
A4_primary_secondary_100,logistic_baseline,2026-07-02,11035,1909,BEAR_CALL_BNF_58700_59200_W500,1,0.45575579097387336
A4_primary_secondary_100,logistic_baseline,2026-07-02,11025,1910,BEAR_PUT_NF_24000_24150_W150,0,0.43454944507442406
A4_primary_secondary_100,logistic_baseline,2026-07-02,11015,1911,BEAR_PUT_NF_24000_24150_W150,0,0.45315517569578095
A4_primary_secondary_100,logistic_baseline,2026-07-02,11004,1912,BEAR_PUT_NF_23950_24150_W200,0,0.35660028688369194
A4_primary_secondary_100,logistic_baseline,2026-07-02,10989,1913,BEAR_CALL_BNF_58700_59200_W500,1,0.46437087476642364
A4_primary_secondary_100,logistic_baseline,2026-07-02,10981,1914,BEAR_PUT_NF_24000_24100_W100,0,0.5203712452766757
A4_primary_secondary_100,logistic_baseline,2026-07-02,10979,1915,BEAR_PUT_NF_23950_24100_W150,0,0.4371289988692322
A4_primary_secondary_100,logistic_baseline,2026-07-02,10973,1916,BEAR_PUT_BNF_57700_58100_W400,1,0.26724758222392986
A4_primary_secondary_100,logistic_baseline,2026-07-02,10965,1917,BEAR_PUT_NF_23900_24100_W200,0,0.35851495863639826
A4_primary_secondary_100,logistic_baseline,2026-07-02,10955,1918,BEAR_CALL_BNF_58600_59000_W400,1,0.46607458390301953
A4_primary_secondary_100,logistic_baseline,2026-07-02,10945,1919,BEAR_CALL_BNF_58600_59000_W400,1,0.46743823250730726
A4_primary_secondary_100,logistic_baseline,2026-07-02,10935,1920,BEAR_CALL_BNF_58600_59000_W400,1,0.4710409318429671
A4_primary_secondary_100,logistic_baseline,2026-07-02,10925,1921,BEAR_CALL_BNF_58700_59200_W500,1,0.48609920336250056
A4_primary_secondary_100,logistic_baseline,2026-07-02,10915,1922,BEAR_CALL_BNF_58700_59200_W500,1,0.48444862484657053
A4_primary_secondary_100,logistic_baseline,2026-07-02,10905,1923,BEAR_CALL_BNF_58700_59200_W500,1,0.4896976439535848
A4_primary_secondary_100,logistic_baseline,2026-07-02,10900,1924,BULL_PUT_BNF_57700_57300_W400,0,0.5950043523540367
A4_primary_secondary_100,logistic_baseline,2026-07-02,10895,1925,BEAR_CALL_BNF_58600_59000_W400,1,0.4772830021942721
A4_primary_secondary_100,logistic_baseline,2026-07-02,10885,1926,BEAR_CALL_BNF_58600_59200_W600,0,0.4895687797644217
A4_primary_secondary_100,logistic_baseline,2026-07-02,10875,1927,BEAR_CALL_BNF_58600_59100_W500,0,0.48377508429271127
A4_primary_secondary_100,logistic_baseline,2026-07-02,10865,1928,BEAR_CALL_BNF_58600_59000_W400,0,0.47646550727654263
A4_primary_secondary_100,logistic_baseline,2026-07-02,10855,1929,BEAR_CALL_BNF_58500_59100_W600,0,0.48276713337252036
A4_primary_secondary_100,logistic_baseline,2026-07-02,10845,1930,BEAR_CALL_BNF_58600_59000_W400,0,0.4749334034861522
A4_primary_secondary_100,logistic_baseline,2026-07-02,10835,1931,BEAR_CALL_BNF_58500_58900_W400,0,0.46363906482856126
A4_primary_secondary_100,logistic_baseline,2026-07-02,10825,1932,BEAR_CALL_BNF_58500_59000_W500,0,0.4682597428139212
A4_primary_secondary_100,logistic_baseline,2026-07-02,10815,1933,BEAR_CALL_BNF_58500_59000_W500,0,0.4843220343435987
A4_primary_secondary_100,logistic_baseline,2026-07-02,10810,1934,BULL_PUT_BNF_57600_57200_W400,1,0.5930485979821462
A4_primary_secondary_100,logistic_baseline,2026-07-02,10800,1935,BEAR_CALL_BNF_58500_59000_W500,0,0.48433361120716584
A4_primary_secondary_100,logistic_baseline,2026-07-02,10790,1936,BEAR_CALL_BNF_58500_59000_W500,0,0.40277022554453906
A4_primary_secondary_100,logistic_baseline,2026-07-02,10780,1937,BEAR_CALL_BNF_58500_59000_W500,0,0.4860389733856849
A4_primary_secondary_100,logistic_baseline,2026-07-02,10770,1938,BEAR_CALL_BNF_58500_59000_W500,0,0.49317302456174733
A4_primary_secondary_100,logistic_baseline,2026-07-02,10760,1939,BEAR_CALL_BNF_58500_59000_W500,0,0.4981820477311829
A4_primary_secondary_100,logistic_baseline,2026-07-02,10750,1940,BEAR_CALL_BNF_58500_59000_W500,0,0.5016815299976972
A4_primary_secondary_100,logistic_baseline,2026-07-02,10740,1941,BEAR_CALL_BNF_58600_59100_W500,0,0.5117746488532567
A4_primary_secondary_100,logistic_baseline,2026-07-02,10730,1942,BEAR_CALL_BNF_58600_59000_W400,0,0.5028336452312805
A4_primary_secondary_100,logistic_baseline,2026-07-02,10725,1943,BULL_PUT_BNF_57700_57300_W400,0,0.618798935196418
A4_primary_secondary_100,logistic_baseline,2026-07-02,10715,1944,BEAR_CALL_BNF_58600_59000_W400,1,0.4997270883058105
A4_primary_secondary_100,logistic_baseline,2026-07-02,10710,1945,BULL_PUT_BNF_57700_57300_W400,0,0.6233862344850509
A4_primary_secondary_100,logistic_baseline,2026-07-02,10700,1946,BEAR_CALL_BNF_58600_59000_W400,0,0.5051432019891569
A4_primary_secondary_100,logistic_baseline,2026-07-02,10690,1947,BEAR_CALL_BNF_58600_59100_W500,0,0.512038962749276
A4_primary_secondary_100,logistic_baseline,2026-07-02,10680,1948,BEAR_CALL_BNF_58600_59000_W400,0,0.5069381489946967
A4_primary_secondary_100,logistic_baseline,2026-07-02,10675,1949,BULL_PUT_BNF_57600_57200_W400,0,0.6233792973134364
A4_primary_secondary_100,logistic_baseline,2026-07-02,10665,1950,BEAR_CALL_BNF_58600_59200_W600,0,0.5212593446816728
A4_primary_secondary_100,logistic_baseline,2026-07-02,10655,1951,BEAR_CALL_BNF_58600_59000_W400,0,0.5057199743022884
A4_primary_secondary_100,logistic_baseline,2026-07-02,10645,1952,BEAR_CALL_BNF_58600_59000_W400,0,0.5073112887740993
A4_primary_secondary_100,logistic_baseline,2026-07-02,10635,1953,BEAR_CALL_BNF_58600_59000_W400,0,0.50996878068168
A4_primary_secondary_100,logistic_baseline,2026-07-02,10625,1954,BEAR_CALL_BNF_58600_59000_W400,1,0.5110605974655713
A4_primary_secondary_100,logistic_baseline,2026-07-02,10620,1956,BULL_PUT_BNF_57600_57200_W400,0,0.622998591881471
A4_primary_secondary_100,logistic_baseline,2026-07-02,10610,1957,BEAR_CALL_BNF_58600_59000_W400,0,0.5151878547597086
A4_primary_secondary_100,logistic_baseline,2026-07-02,10605,1958,BEAR_CALL_BNF_58500_59000_W500,0,0.5126668468309701
A4_primary_secondary_100,logistic_baseline,2026-07-02,10595,1959,BEAR_CALL_BNF_58500_59000_W500,0,0.5174832063081546
A4_primary_secondary_100,logistic_baseline,2026-07-02,10585,1960,BEAR_CALL_BNF_58500_59000_W500,0,0.5177891141509156
A4_primary_secondary_100,logistic_baseline,2026-07-02,10575,1961,BEAR_CALL_BNF_58500_59000_W500,0,0.5214858101063666
A4_primary_secondary_100,logistic_baseline,2026-07-02,10565,1962,BEAR_CALL_BNF_58500_59100_W600,0,0.5234408413193655
A4_primary_secondary_100,logistic_baseline,2026-07-02,10560,1963,BULL_PUT_BNF_57600_57200_W400,0,0.632727611009798
A4_primary_secondary_100,logistic_baseline,2026-07-02,10550,1964,BEAR_CALL_BNF_58500_59000_W500,0,0.5194860191510343
A4_primary_secondary_100,logistic_baseline,2026-07-02,10540,1965,BEAR_CALL_BNF_58400_58800_W400,0,0.5173465713108059
A4_primary_secondary_100,logistic_baseline,2026-07-02,10535,1966,BEAR_CALL_BNF_58400_59000_W600,0,0.522848367298232
A4_primary_secondary_100,logistic_baseline,2026-07-02,10530,1967,BEAR_CALL_BNF_58400_59000_W600,0,0.520809815904048
A4_primary_secondary_100,logistic_baseline,2026-07-02,10520,1968,BEAR_CALL_BNF_58400_59000_W600,0,0.5256007677529176
A4_primary_secondary_100,logistic_baseline,2026-07-02,10510,1969,BEAR_CALL_BNF_58400_59000_W600,0,0.525554489312257
A4_primary_secondary_100,logistic_baseline,2026-07-02,10505,1970,BEAR_CALL_BNF_58500_59000_W500,0,0.5240855228364677
A4_primary_secondary_100,logistic_baseline,2026-07-02,10495,1971,BEAR_CALL_BNF_58500_59000_W500,0,0.526570171632371
A4_primary_secondary_100,logistic_baseline,2026-07-02,10490,1972,BEAR_CALL_BNF_58500_59000_W500,0,0.5257299662209921
A4_primary_secondary_100,logistic_baseline,2026-07-02,10485,1973,BEAR_CALL_BNF_58500_59000_W500,0,0.5302343572715613
A4_primary_secondary_100,logistic_baseline,2026-07-02,10475,1974,BEAR_CALL_BNF_58600_59000_W400,0,0.5336045488940201
A4_primary_secondary_100,logistic_baseline,2026-07-02,10470,1975,BULL_PUT_BNF_57600_57200_W400,0,0.6556268295453034
A4_primary_secondary_100,logistic_baseline,2026-07-02,10465,1976,BULL_PUT_BNF_57600_57200_W400,0,0.6619155808447837
A4_primary_secondary_100,logistic_baseline,2026-07-02,10460,1977,BEAR_CALL_BNF_58500_59000_W500,0,0.5471848579013687
A4_primary_secondary_100,logistic_baseline,2026-07-02,10450,1978,BEAR_CALL_BNF_58500_59000_W500,0,0.5634217745095513
A4_primary_secondary_100,logistic_baseline,2026-07-02,10440,1979,BEAR_CALL_BNF_58500_59000_W500,0,0.561440470584278
A4_primary_secondary_100,logistic_baseline,2026-07-03,11415,1984,BULL_PUT_BNF_57600_57200_W400,0,0.40025481101969557
A4_primary_secondary_100,logistic_baseline,2026-07-03,11405,1985,BEAR_CALL_BNF_58600_59000_W400,1,0.2990328463226584
A4_primary_secondary_100,logistic_baseline,2026-07-03,11395,1986,BEAR_CALL_BNF_58600_59000_W400,1,0.2988925983183579
A4_primary_secondary_100,logistic_baseline,2026-07-03,11390,1992,BEAR_CALL_BNF_58600_59000_W400,1,0.30359462544446897
A4_primary_secondary_100,logistic_baseline,2026-07-03,11385,1993,BULL_PUT_BNF_57600_57200_W400,0,0.4091375026642237
A4_primary_secondary_100,logistic_baseline,2026-07-03,11375,1994,BEAR_CALL_BNF_58600_59000_W400,1,0.3044146851642595
A4_primary_secondary_100,logistic_baseline,2026-07-03,11370,1995,BULL_PUT_BNF_57700_57300_W400,0,0.40388564106841157
A4_primary_secondary_100,logistic_baseline,2026-07-03,11365,1996,BEAR_CALL_BNF_58600_59000_W400,1,0.2994854947706905
A4_primary_secondary_100,logistic_baseline,2026-07-03,11355,1997,BEAR_CALL_BNF_58600_59000_W400,1,0.3040612783965316
A4_primary_secondary_100,logistic_baseline,2026-07-03,11350,1998,BEAR_CALL_BNF_58600_59000_W400,1,0.30846937889534837
A4_primary_secondary_100,logistic_baseline,2026-07-03,11345,1999,BULL_PUT_BNF_57600_57200_W400,0,0.4105777010570829
A4_primary_secondary_100,logistic_baseline,2026-07-03,11335,2000,BEAR_CALL_BNF_58600_59000_W400,1,0.30766052013154416
A4_primary_secondary_100,logistic_baseline,2026-07-03,11330,2001,BEAR_CALL_BNF_58500_59000_W500,1,0.3129633755826529
A4_primary_secondary_100,logistic_baseline,2026-07-03,11325,2002,BEAR_CALL_BNF_58500_59000_W500,1,0.31051755619708926
A4_primary_secondary_100,logistic_baseline,2026-07-03,11320,2003,BEAR_CALL_BNF_58500_59000_W500,1,0.31088588541980633
A4_primary_secondary_100,logistic_baseline,2026-07-03,11315,2004,BULL_PUT_BNF_57500_57100_W400,0,0.4229002864661523
A4_primary_secondary_100,logistic_baseline,2026-07-03,11310,2005,BULL_PUT_BNF_57500_57100_W400,0,0.4179188299958351
A4_primary_secondary_100,logistic_baseline,2026-07-03,11305,2006,BEAR_CALL_BNF_58400_59000_W600,1,0.31705651508602967
A4_primary_secondary_100,logistic_baseline,2026-07-03,11300,2007,BEAR_CALL_BNF_58400_59000_W600,1,0.31602849291335466
A4_primary_secondary_100,logistic_baseline,2026-07-03,11290,2008,BEAR_CALL_BNF_58500_59000_W500,1,0.3165594341152721
A4_primary_secondary_100,logistic_baseline,2026-07-03,11280,2009,BEAR_CALL_BNF_58500_59000_W500,1,0.3180866625424908
A4_primary_secondary_100,logistic_baseline,2026-07-03,11275,2010,BEAR_CALL_BNF_58500_59000_W500,1,0.31822757638511073
A4_primary_secondary_100,logistic_baseline,2026-07-03,11270,2011,BULL_PUT_BNF_57600_57200_W400,0,0.42067070380601296
A4_primary_secondary_100,logistic_baseline,2026-07-03,11265,2012,BULL_PUT_BNF_57600_57200_W400,0,0.4199991944342337
A4_primary_secondary_100,logistic_baseline,2026-07-03,11260,2013,BEAR_CALL_BNF_58500_59000_W500,1,0.317489203000392
A4_primary_secondary_100,logistic_baseline,2026-07-03,11255,2014,BEAR_CALL_BNF_58500_59000_W500,1,0.3193608333244137
A4_primary_secondary_100,logistic_baseline,2026-07-03,11250,2015,BEAR_CALL_BNF_58500_59000_W500,1,0.32004335794929933
A4_primary_secondary_100,logistic_baseline,2026-07-03,11245,2016,BEAR_CALL_BNF_58500_59000_W500,1,0.31897861916557935
A4_primary_secondary_100,logistic_baseline,2026-07-03,11240,2017,BEAR_CALL_BNF_58500_59000_W500,1,0.3174408285944244
A4_primary_secondary_100,logistic_baseline,2026-07-03,11230,2018,BEAR_CALL_BNF_58500_59000_W500,1,0.322157271708419
A4_primary_secondary_100,logistic_baseline,2026-07-03,11225,2019,BEAR_CALL_BNF_58500_59000_W500,1,0.3148789761485847
A4_primary_secondary_100,logistic_baseline,2026-07-03,11220,2020,BULL_PUT_BNF_57500_57100_W400,0,0.4236666984686761
A4_primary_secondary_100,logistic_baseline,2026-07-03,11215,2021,BULL_PUT_BNF_57500_57100_W400,0,0.42431964936193134
A4_primary_secondary_100,logistic_baseline,2026-07-03,11210,2022,BULL_PUT_BNF_57500_57100_W400,0,0.4253095116690635
A4_primary_secondary_100,logistic_baseline,2026-07-03,11205,2023,BULL_PUT_BNF_57500_57100_W400,0,0.42536332753349837
A4_primary_secondary_100,logistic_baseline,2026-07-03,11200,2024,BULL_PUT_BNF_57500_57100_W400,0,0.4241699466072096
A4_primary_secondary_100,logistic_baseline,2026-07-03,11195,2025,BEAR_CALL_BNF_58400_58900_W500,1,0.3211710117400431
A4_primary_secondary_100,logistic_baseline,2026-07-03,11190,2026,BULL_PUT_BNF_57400_57000_W400,1,0.4233888099695796
A4_primary_secondary_100,logistic_baseline,2026-07-03,11185,2027,BULL_PUT_BNF_57400_57000_W400,1,0.4212476434950546
A4_primary_secondary_100,logistic_baseline,2026-07-03,11180,2028,BULL_PUT_BNF_57400_57000_W400,1,0.4210676742486183
A4_primary_secondary_100,logistic_baseline,2026-07-03,11175,2029,BULL_PUT_BNF_57400_57000_W400,1,0.42272142680721164
A4_primary_secondary_100,logistic_baseline,2026-07-03,11170,2030,BULL_PUT_BNF_57400_57000_W400,1,0.4242905903162751
A4_primary_secondary_100,logistic_baseline,2026-07-03,11165,2031,BULL_PUT_BNF_57400_57000_W400,1,0.42546275671829037
A4_primary_secondary_100,logistic_baseline,2026-07-03,11160,2032,BEAR_CALL_BNF_58300_58700_W400,0,0.3148496871264232
A4_primary_secondary_100,logistic_baseline,2026-07-03,11155,2033,BEAR_CALL_BNF_58300_58700_W400,0,0.3146136579696213
A4_primary_secondary_100,logistic_baseline,2026-07-03,11150,2034,BULL_PUT_BNF_57400_57000_W400,1,0.4187107937717121
A4_primary_secondary_100,logistic_baseline,2026-07-03,11145,2035,BULL_PUT_BNF_57400_57000_W400,1,0.42289221706917435
A4_primary_secondary_100,logistic_baseline,2026-07-03,11140,2036,BULL_PUT_BNF_57400_57000_W400,1,0.4221930779240334
A4_primary_secondary_100,logistic_baseline,2026-07-03,11135,2037,BULL_PUT_BNF_57400_57000_W400,1,0.41736255060586314
A4_primary_secondary_100,logistic_baseline,2026-07-03,11130,2038,BEAR_CALL_BNF_58300_58700_W400,0,0.3125297136214609
A4_primary_secondary_100,logistic_baseline,2026-07-03,11125,2039,BULL_PUT_BNF_57400_57000_W400,1,0.41749390631094035
A4_primary_secondary_100,logistic_baseline,2026-07-03,11115,2040,BEAR_CALL_BNF_58400_59000_W600,0,0.3260870735497093
A4_primary_secondary_100,logistic_baseline,2026-07-03,11110,2041,BULL_PUT_BNF_57400_57000_W400,1,0.41430908048163656
A4_primary_secondary_100,logistic_baseline,2026-07-03,11105,2042,BULL_PUT_BNF_57400_57000_W400,1,0.4175014422048975
A4_primary_secondary_100,logistic_baseline,2026-07-03,11100,2043,BEAR_CALL_BNF_58400_58900_W500,0,0.32341559929003183
A4_primary_secondary_100,logistic_baseline,2026-07-03,11090,2044,BEAR_CALL_BNF_58400_59000_W600,0,0.3309473894122015
A4_primary_secondary_100,logistic_baseline,2026-07-03,11085,2045,BEAR_CALL_BNF_58400_58900_W500,0,0.3314621062529626
A4_primary_secondary_100,logistic_baseline,2026-07-03,11080,2046,BEAR_CALL_BNF_58400_59000_W600,0,0.33410121474367094
A4_primary_secondary_100,logistic_baseline,2026-07-03,11075,2047,BEAR_CALL_BNF_58400_59000_W600,0,0.3353815677771613
A4_primary_secondary_100,logistic_baseline,2026-07-03,11070,2048,BEAR_CALL_BNF_58400_59000_W600,0,0.3298710267149644
A4_primary_secondary_100,logistic_baseline,2026-07-03,11065,2049,BULL_PUT_BNF_57500_57100_W400,0,0.42882675613496174
A4_primary_secondary_100,logistic_baseline,2026-07-07,11925,2136,BULL_PUT_BNF_58000_57600_W400,0,0.6026106849458868
A4_primary_secondary_100,logistic_baseline,2026-07-07,11920,2137,BULL_PUT_BNF_58000_57600_W400,0,0.6045224939409566
A4_primary_secondary_100,logistic_baseline,2026-07-07,11910,2138,BULL_PUT_BNF_57900_57500_W400,0,0.597814012628823
A4_primary_secondary_100,logistic_baseline,2026-07-07,11900,2139,BULL_PUT_BNF_58000_57600_W400,0,0.5971947578733766
A4_primary_secondary_100,logistic_baseline,2026-07-07,11890,2140,BEAR_CALL_BNF_58900_59300_W400,1,0.5421088922932374
A4_primary_secondary_100,logistic_baseline,2026-07-07,11880,2141,BEAR_CALL_BNF_58900_59300_W400,1,0.5435808176891498
A4_primary_secondary_100,logistic_baseline,2026-07-07,11865,2142,BEAR_CALL_BNF_58900_59300_W400,1,0.5486344529341052
A4_primary_secondary_100,logistic_baseline,2026-07-07,11855,2143,BEAR_CALL_BNF_58900_59300_W400,1,0.5485147735237994
A4_primary_secondary_100,logistic_baseline,2026-07-07,11845,2144,BEAR_CALL_BNF_58900_59300_W400,1,0.5446312104633104
A4_primary_secondary_100,logistic_baseline,2026-07-07,11830,2145,BEAR_CALL_BNF_58900_59300_W400,1,0.5490912297673569
A4_primary_secondary_100,logistic_baseline,2026-07-07,11815,2146,BEAR_CALL_BNF_58900_59300_W400,1,0.5498029508852629
A4_primary_secondary_100,logistic_baseline,2026-07-07,11810,2147,BULL_PUT_BNF_58000_57600_W400,0,0.6059074313875211
A4_primary_secondary_100,logistic_baseline,2026-07-07,11795,2148,BEAR_CALL_BNF_58900_59300_W400,1,0.5521367000405872
A4_primary_secondary_100,logistic_baseline,2026-07-07,11780,2149,BEAR_CALL_BNF_58900_59300_W400,1,0.5519813070433727
A4_primary_secondary_100,logistic_baseline,2026-07-07,11765,2150,BEAR_CALL_BNF_58900_59300_W400,1,0.5532063636363145
A4_primary_secondary_100,logistic_baseline,2026-07-07,11755,2151,BEAR_CALL_BNF_58900_59300_W400,1,0.556322653765667
A4_primary_secondary_100,logistic_baseline,2026-07-07,11745,2152,BULL_PUT_BNF_58000_57600_W400,0,0.6125941206326851
A4_primary_secondary_100,logistic_baseline,2026-07-07,11735,2153,BEAR_CALL_BNF_58900_59300_W400,1,0.5535412702983541
A4_primary_secondary_100,logistic_baseline,2026-07-07,11725,2154,BULL_PUT_BNF_58000_57600_W400,0,0.6134284226457557
A4_primary_secondary_100,logistic_baseline,2026-07-07,11715,2155,BULL_PUT_BNF_58000_57600_W400,0,0.6139425669299109
A4_primary_secondary_100,logistic_baseline,2026-07-07,11705,2156,BULL_PUT_BNF_58000_57600_W400,0,0.6150078757880394
A4_primary_secondary_100,logistic_baseline,2026-07-07,11695,2157,BEAR_CALL_BNF_58900_59300_W400,1,0.557325902388919
A4_primary_secondary_100,logistic_baseline,2026-07-07,11685,2158,BEAR_CALL_BNF_58900_59300_W400,1,0.5574352617386568
A4_primary_secondary_100,logistic_baseline,2026-07-07,11675,2159,BULL_PUT_BNF_57900_57500_W400,0,0.6174916848958626
A4_primary_secondary_100,logistic_baseline,2026-07-07,11665,2160,BEAR_CALL_BNF_58900_59300_W400,1,0.5590448372116413
A4_primary_secondary_100,logistic_baseline,2026-07-07,11655,2161,BEAR_CALL_BNF_58900_59300_W400,1,0.5529977413018446
A4_primary_secondary_100,logistic_baseline,2026-07-07,11645,2162,BEAR_CALL_BNF_58900_59300_W400,1,0.5511250508947733
A4_primary_secondary_100,logistic_baseline,2026-07-07,11635,2163,BEAR_CALL_BNF_58900_59300_W400,1,0.548272811618196
A4_primary_secondary_100,logistic_baseline,2026-07-07,11625,2164,BEAR_CALL_BNF_58900_59300_W400,1,0.5524953626792211
A4_primary_secondary_100,logistic_baseline,2026-07-07,11615,2165,BEAR_CALL_BNF_58900_59300_W400,1,0.5527254574812029
A4_primary_secondary_100,logistic_baseline,2026-07-07,11610,2166,BULL_PUT_BNF_58000_57600_W400,0,0.6104011203307256
A4_primary_secondary_100,logistic_baseline,2026-07-07,11605,2167,BULL_PUT_BNF_58000_57600_W400,0,0.6103792220324289
A4_primary_secondary_100,logistic_baseline,2026-07-07,11600,2168,BULL_PUT_BNF_58000_57600_W400,0,0.610414771077535
A4_primary_secondary_100,logistic_baseline,2026-07-07,11595,2169,BULL_PUT_BNF_58000_57600_W400,0,0.6120513488571279
A4_primary_secondary_100,logistic_baseline,2026-07-07,11580,2170,BEAR_CALL_BNF_58900_59300_W400,1,0.5594020545207463
A4_primary_secondary_100,logistic_baseline,2026-07-07,11570,2171,BULL_PUT_BNF_57900_57500_W400,0,0.6186304701557355
A4_primary_secondary_100,logistic_baseline,2026-07-07,11560,2172,BULL_PUT_BNF_58000_57600_W400,0,0.6115500177262487
A4_primary_secondary_100,logistic_baseline,2026-07-07,11545,2173,BEAR_CALL_BNF_58900_59300_W400,1,0.560704219336095
A4_primary_secondary_100,logistic_baseline,2026-07-07,11535,2174,BEAR_CALL_BNF_58800_59200_W400,1,0.5636063933385801
A4_primary_secondary_100,logistic_baseline,2026-07-07,11525,2175,BEAR_CALL_BNF_58800_59200_W400,1,0.561545476697005
A4_primary_secondary_100,logistic_baseline,2026-07-07,11515,2176,BEAR_CALL_BNF_58800_59200_W400,1,0.566271808667529
A4_primary_secondary_100,logistic_baseline,2026-07-07,11510,2177,BEAR_CALL_BNF_58800_59200_W400,1,0.5640830954305094
A4_primary_secondary_100,logistic_baseline,2026-07-07,11505,2178,BEAR_CALL_BNF_58800_59200_W400,1,0.5641507215074341
A4_primary_secondary_100,logistic_baseline,2026-07-07,11500,2179,BEAR_CALL_BNF_58800_59200_W400,1,0.5587925649690302
A4_primary_secondary_100,logistic_baseline,2026-07-07,11495,2180,BULL_PUT_BNF_57800_57400_W400,0,0.6301275674966988
A4_primary_secondary_100,logistic_baseline,2026-07-07,11490,2181,BEAR_CALL_BNF_58700_59100_W400,1,0.5592422391561296
A4_primary_secondary_100,logistic_baseline,2026-07-07,11485,2182,BEAR_CALL_BNF_58700_59100_W400,1,0.5626016466236219
A4_primary_secondary_100,logistic_baseline,2026-07-07,11480,2183,BEAR_CALL_BNF_58700_59100_W400,0,0.5594845689177502
A4_primary_secondary_100,logistic_baseline,2026-07-07,11475,2184,BULL_PUT_BNF_57800_57400_W400,0,0.6237027229293879
A4_primary_secondary_100,logistic_baseline,2026-07-07,11470,2185,BULL_PUT_BNF_57800_57400_W400,0,0.6214024354854623
A4_primary_secondary_100,logistic_baseline,2026-07-07,11465,2186,BULL_PUT_BNF_57800_57400_W400,0,0.6197733681311959
A4_primary_secondary_100,logistic_baseline,2026-07-07,11460,2187,BULL_PUT_BNF_57800_57400_W400,0,0.6274867641309483
A4_primary_secondary_100,logistic_baseline,2026-07-07,11450,2188,BULL_PUT_BNF_58000_57600_W400,0,0.6147678439812629
A4_primary_secondary_100,logistic_baseline,2026-07-07,11440,2189,BEAR_CALL_BNF_58700_59100_W400,1,0.567747370566259
A4_primary_secondary_100,logistic_baseline,2026-07-07,11430,2190,BULL_PUT_BNF_58000_57600_W400,0,0.6194732164499952
A4_primary_secondary_100,logistic_baseline,2026-07-07,11425,2191,BULL_PUT_BNF_57800_57400_W400,0,0.6300263825241061
A4_primary_secondary_100,logistic_baseline,2026-07-07,11420,2192,BEAR_CALL_BNF_58800_59200_W400,1,0.5747230088777342
A4_primary_secondary_100,logistic_baseline,2026-07-08,12026,2213,BEAR_PUT_BNF_57100_57700_W600,1,0.12190266454649727
A4_primary_secondary_100,logistic_baseline,2026-07-08,12024,2214,BEAR_PUT_BNF_56800_57800_W1000,1,0.017519018776177224
A4_primary_secondary_100,logistic_baseline,2026-07-08,12023,2215,BEAR_PUT_BNF_57000_57800_W800,1,0.04597380608990993
A4_primary_secondary_100,logistic_baseline,2026-07-08,12021,2217,BEAR_PUT_BNF_57100_57900_W800,1,0.048884878077673964
A4_primary_secondary_100,logistic_baseline,2026-07-08,12019,2218,BEAR_PUT_BNF_56900_57900_W1000,1,0.016859699965393556
A4_primary_secondary_100,logistic_baseline,2026-07-08,12018,2219,BEAR_PUT_BNF_57200_57800_W600,1,0.10874877194186071
A4_primary_secondary_100,logistic_baseline,2026-07-08,12014,2226,BEAR_PUT_BNF_57400_58000_W600,1,0.08578104319003325
A4_primary_secondary_100,logistic_baseline,2026-07-08,12011,2227,BEAR_PUT_BNF_57400_58000_W600,1,0.09231407625498159
A4_primary_secondary_100,logistic_baseline,2026-07-08,12008,2228,BEAR_PUT_BNF_57400_58000_W600,1,0.1012472468001883
A4_primary_secondary_100,logistic_baseline,2026-07-08,12007,2264,BEAR_PUT_BNF_57000_57600_W600,1,0.12608880433997657
A4_primary_secondary_100,logistic_baseline,2026-07-08,12005,2265,BEAR_PUT_BNF_56600_57400_W800,1,0.05039965618801433
A4_primary_secondary_100,logistic_baseline,2026-07-08,12003,2266,BEAR_PUT_BNF_56400_57200_W800,1,0.06838087959795372
A4_primary_secondary_100,logistic_baseline,2026-07-08,12000,2267,BEAR_PUT_NF_23700_24000_W300,1,0.11347882144723147
A4_primary_secondary_100,logistic_baseline,2026-07-08,11997,2268,BEAR_PUT_NF_23750_23850_W100,1,0.5625807632602869
A4_primary_secondary_100,logistic_baseline,2026-07-08,11989,2269,BEAR_PUT_NF_23600_23900_W300,0,0.09976514154871756
A4_primary_secondary_100,logistic_baseline,2026-07-08,11983,2270,BEAR_PUT_NF_23650_23900_W250,1,0.1759908279378748
A4_primary_secondary_100,logistic_baseline,2026-07-08,11974,2271,BEAR_PUT_NF_23600_23900_W300,1,0.0792236066898128
A4_primary_secondary_100,logistic_baseline,2026-07-08,11969,2272,BEAR_PUT_NF_23600_23850_W250,0,0.10193978781757371
A4_primary_secondary_100,logistic_baseline,2026-07-08,11959,2273,BEAR_PUT_NF_23600_23900_W300,1,0.05785599038398432
A4_primary_secondary_100,logistic_baseline,2026-07-08,11950,2276,BEAR_PUT_NF_23550_23850_W300,0,0.08172000487014235
A4_primary_secondary_100,logistic_baseline,2026-07-08,11942,2277,BEAR_PUT_NF_23600_23800_W200,0,0.1865334799046263
A4_primary_secondary_100,logistic_baseline,2026-07-08,11930,2278,BEAR_PUT_NF_23450_23850_W400,0,0.006394999981068977
A4_primary_secondary_100,logistic_baseline,2026-07-09,12027,2288,BULL_CALL_NF_24400_24000_W400,0,0.028269073278971175
A4_primary_secondary_100,logistic_baseline,2026-07-13,12031,2498,BEAR_CALL_BNF_58500_59000_W500,1,0.5190581059035967
A4_primary_secondary_100,logistic_baseline,2026-07-14,12056,2518,BEAR_PUT_BNF_56500_57500_W1000,0,0.050954120313711056
A4_primary_secondary_100,logistic_baseline,2026-07-14,12050,2529,BEAR_PUT_BNF_56600_57600_W1000,1,0.04554463816942168
A4_primary_secondary_100,logistic_baseline,2026-07-14,12045,2580,BEAR_PUT_BNF_56700_57500_W800,1,0.11430938686910012
A4_primary_secondary_100,logistic_baseline,2026-07-14,12038,2581,BEAR_PUT_BNF_56500_57500_W1000,1,0.03619178710098753
A4_primary_secondary_100,logistic_baseline,2026-07-14,12033,2582,BEAR_PUT_BNF_56500_57500_W1000,0,0.048403090290963874
A4_primary_secondary_100,logistic_baseline,2026-07-16,12103,2659,BEAR_PUT_NF_23900_24150_W250,1,0.18594371751122274
A4_primary_secondary_100,logistic_baseline,2026-07-16,12092,2660,BEAR_PUT_NF_23850_24150_W300,1,0.09865903989802732
A4_primary_secondary_100,logistic_baseline,2026-07-16,12086,2661,BEAR_PUT_NF_23950_24100_W150,1,0.4424045745616989
A4_primary_secondary_100,logistic_baseline,2026-07-16,12078,2662,BEAR_PUT_NF_23900_24100_W200,1,0.30909732043827104
A4_primary_secondary_100,logistic_baseline,2026-07-16,12073,2678,BEAR_PUT_NF_24050_24150_W100,1,0.5644339389072328
A4_primary_secondary_100,logistic_baseline,2026-07-16,12068,2679,BEAR_PUT_NF_24050_24150_W100,1,0.5663235092689636
A4_primary_secondary_100,logistic_baseline,2026-07-16,12063,2680,BEAR_PUT_NF_24000_24150_W150,1,0.41048522593165415
A4_primary_secondary_100,logistic_baseline,2026-07-17,12207,2736,BEAR_PUT_NF_24000_24200_W200,0,0.32139737317154704
A4_primary_secondary_100,logistic_baseline,2026-07-17,12198,2737,BEAR_PUT_NF_24000_24200_W200,0,0.3398126202795193
A4_primary_secondary_100,logistic_baseline,2026-07-17,12189,2738,BEAR_PUT_NF_24000_24200_W200,0,0.3199540194047497
A4_primary_secondary_100,logistic_baseline,2026-07-17,12178,2739,BEAR_PUT_NF_23950_24250_W300,0,0.14738106734002027
A4_primary_secondary_100,logistic_baseline,2026-07-17,12167,2740,BEAR_PUT_NF_23950_24250_W300,0,0.1444863249752397
A4_primary_secondary_100,logistic_baseline,2026-07-17,12154,2746,BEAR_PUT_NF_24000_24300_W300,0,0.16065942371949882
A4_primary_secondary_100,logistic_baseline,2026-07-17,12145,2747,BEAR_PUT_NF_24050_24250_W200,0,0.344722884851591
A4_primary_secondary_100,logistic_baseline,2026-07-17,12133,2748,BEAR_PUT_NF_24000_24300_W300,0,0.1542632363599599
A4_primary_secondary_100,logistic_baseline,2026-07-17,12121,2749,BEAR_PUT_NF_24000_24300_W300,0,0.151414103169569
A4_primary_secondary_100,logistic_baseline,2026-07-17,12112,2750,BEAR_PUT_NF_24050_24250_W200,0,0.3423003919375597
A4_primary_secondary_100,logistic_baseline,2026-07-20,12220,2821,BEAR_PUT_NF_24050_24250_W200,0,0.5199079704604908
A4_primary_secondary_100,logistic_baseline,2026-07-20,12216,2822,BEAR_PUT_BNF_57000_57800_W800,0,0.17560079820129257
A4_primary_secondary_100,logistic_baseline,2026-07-21,12246,2879,BEAR_PUT_NF_24150_24250_W100,1,0.5834164822199813
A4_primary_secondary_100,logistic_baseline,2026-07-21,12241,2880,BEAR_PUT_BNF_57500_58100_W600,1,0.1637630353366284
A4_primary_secondary_100,logistic_baseline,2026-07-21,12236,2881,BEAR_PUT_NF_24100_24250_W150,1,0.4074127887564053
A4_primary_secondary_100,logistic_baseline,2026-07-21,12231,2882,BEAR_PUT_NF_24100_24250_W150,1,0.41419231379533406
A4_primary_secondary_100,logistic_baseline,2026-07-21,12226,2883,BEAR_PUT_NF_24150_24250_W100,1,0.5822977868336046
A4_primary_secondary_100,logistic_baseline,2026-07-22,12259,2954,BEAR_PUT_NF_23800_24100_W300,1,0.15222975542762646
A4_primary_secondary_100,logistic_baseline,2026-07-22,12253,2955,BEAR_PUT_NF_23800_24050_W250,1,0.23483459727017472
A4_primary_secondary_100,logistic_baseline,2026-07-22,12252,2956,BEAR_PUT_BNF_56800_57300_W500,1,0.25694253327289074
A4_primary_secondary_100,logistic_baseline,2026-07-23,12062,3029,BEAR_PUT_NF_23750_23950_W200,1,0.42950145532783834
